{"type":"FeatureCollection","features":[{"type":"Feature","geometry":{"type":"MultiPolygon","coordinates":[[[[105.8893,19.33674],[105.88947,19.3375],[105.88891,19.33836],[105.8882,19.33782],[105.88852,19.33696],[105.8893,19.33674]]],[[[105.90637,19.33964],[105.9063,19.34057],[105.90582,19.34091],[105.90514,19.34031],[105.90637,19.33964]]],[[[105.90184,19.34452],[105.90102,19.34704],[105.89659,19.3495],[105.89604,19.34702],[105.89851,19.34345],[105.90184,19.34452]]],[[[105.87599,19.35237],[105.87661,19.35371],[105.8763,19.35523],[105.87527,19.35423],[105.87599,19.35237]]],[[[105.93147,19.35598],[105.93003,19.35731],[105.92781,19.35583],[105.92771,19.3529],[105.92852,19.35026],[105.93259,19.34758],[105.93389,19.34837],[105.93225,19.35131],[105.93435,19.35505],[105.93147,19.35598]]],[[[105.87192,19.35744],[105.87143,19.35941],[105.86981,19.35834],[105.87192,19.35744]]],[[[105.92801,19.35858],[105.92866,19.3596],[105.928,19.36011],[105.92737,19.3593],[105.92801,19.35858]]],[[[105.93096,19.38334],[105.92821,19.38495],[105.92622,19.38517],[105.92377,19.38338],[105.91996,19.38217],[105.91861,19.37998],[105.91647,19.3804],[105.9146,19.38363],[105.91207,19.38289],[105.91119,19.37267],[105.91251,19.36914],[105.91627,19.36677],[105.92175,19.36145],[105.92457,19.35972],[105.92606,19.35991],[105.93015,19.36295],[105.9318,19.36484],[105.9319,19.37192],[105.93565,19.37507],[105.93609,19.37807],[105.934,19.38077],[105.93096,19.38334]]],[[[105.80332,19.2888],[105.80448,19.29368],[105.80547,19.2949],[105.80803,19.29531],[105.8084,19.2966],[105.80742,19.30299],[105.80947,19.3063],[105.81214,19.30915],[105.80557,19.31127],[105.80117,19.31318],[105.80111,19.31489],[105.80956,19.31516],[105.80821,19.32205],[105.81016,19.32247],[105.81201,19.31674],[105.81466,19.317],[105.81841,19.30796],[105.82038,19.30408],[105.82465,19.30363],[105.82592,19.30588],[105.82533,19.31114],[105.82599,19.31417],[105.82566,19.31676],[105.82292,19.32038],[105.82158,19.32445],[105.82199,19.32765],[105.824,19.3325],[105.82411,19.33955],[105.82283,19.34266],[105.82087,19.34329],[105.8196,19.34181],[105.82159,19.34058],[105.81979,19.33693],[105.81558,19.33686],[105.81384,19.33587],[105.81275,19.33206],[105.80979,19.33158],[105.80652,19.33375],[105.80075,19.33881],[105.79449,19.35152],[105.79016,19.36087],[105.78322,19.38675],[105.78241,19.39266],[105.78221,19.39991],[105.78369,19.40363],[105.78678,19.40306],[105.79042,19.40557],[105.79085,19.40769],[105.78958,19.40936],[105.79079,19.41784],[105.79242,19.42255],[105.7946,19.42648],[105.79757,19.42929],[105.8026,19.43145],[105.80416,19.4312],[105.80726,19.42822],[105.80944,19.42801],[105.811,19.42936],[105.81126,19.43186],[105.8102,19.43522],[105.80841,19.4364],[105.80732,19.44222],[105.80484,19.46152],[105.80441,19.47099],[105.80474,19.4817],[105.80379,19.48758],[105.80415,19.49676],[105.80454,19.51904],[105.80657,19.53708],[105.80819,19.54983],[105.8099,19.56106],[105.81269,19.56979],[105.8127,19.57154],[105.81042,19.58077],[105.81748,19.58524],[105.81823,19.59245],[105.82235,19.61573],[105.82724,19.63896],[105.83192,19.65437],[105.83809,19.67298],[105.84441,19.6886],[105.84899,19.69821],[105.8556,19.70986],[105.86307,19.71969],[105.86802,19.72404],[105.87601,19.72959],[105.87765,19.73182],[105.87958,19.72999],[105.88358,19.72864],[105.88591,19.72376],[105.89364,19.7221],[105.89588,19.72326],[105.89845,19.73312],[105.90029,19.73744],[105.90491,19.74492],[105.90754,19.74988],[105.91888,19.76554],[105.92714,19.77554],[105.93145,19.7803],[105.93228,19.78229],[105.92858,19.79022],[105.93268,19.7928],[105.9362,19.79664],[105.93334,19.79875],[105.93133,19.80191],[105.92959,19.81152],[105.92951,19.81781],[105.93109,19.82951],[105.93242,19.83512],[105.93625,19.84738],[105.93871,19.85395],[105.94294,19.86296],[105.9461,19.8691],[105.95229,19.87845],[105.95456,19.8814],[105.96359,19.89153],[105.94702,19.89227],[105.94805,19.899],[105.94806,19.90817],[105.94997,19.91534],[105.95237,19.92147],[105.95638,19.92714],[105.96657,19.93606],[105.97877,19.94264],[105.98473,19.94633],[105.98824,19.948],[105.99397,19.94827],[105.99985,19.95284],[106.00245,19.9574],[106.00474,19.95918],[106.00839,19.96057],[106.01107,19.96067],[106.01736,19.96298],[106.02137,19.9653],[106.02334,19.96576],[106.02248,19.97488],[106.02281,19.98529],[106.02391,19.99047],[106.0276,19.99695],[106.03159,20.00065],[106.03628,20.00208],[106.04312,20.00218],[106.0469,20.00309],[106.05099,20.00554],[106.05266,20.00787],[106.05962,20.01942],[106.0633,20.03027],[106.06406,20.03752],[106.0676,20.04363],[106.0723,20.0528],[106.07381,20.05877],[106.07116,20.06385],[106.06751,20.06594],[106.06051,20.06632],[106.04427,20.06367],[106.03134,20.0611],[106.0223,20.06023],[106.0184,20.06025],[106.00965,20.06674],[106.00307,20.06839],[105.99087,20.06984],[105.96863,20.0672],[105.96033,20.06748],[105.954,20.07027],[105.94793,20.07491],[105.94015,20.08185],[105.93433,20.08786],[105.928,20.09135],[105.9251,20.09596],[105.92342,20.10103],[105.92026,20.10381],[105.90685,20.10756],[105.90368,20.10919],[105.89689,20.11658],[105.89251,20.12075],[105.88665,20.12055],[105.86958,20.12454],[105.86373,20.12825],[105.85766,20.13426],[105.84793,20.14098],[105.8411,20.14285],[105.83474,20.14288],[105.83182,20.14474],[105.83014,20.14935],[105.82698,20.15281],[105.82063,20.15399],[105.8121,20.15725],[105.80333,20.16166],[105.79724,20.1656],[105.79213,20.16931],[105.78701,20.17094],[105.77944,20.17281],[105.77189,20.17699],[105.75846,20.17981],[105.74163,20.18609],[105.73556,20.19394],[105.73045,20.19787],[105.72021,20.20482],[105.71315,20.21083],[105.70177,20.21774],[105.69427,20.22025],[105.69144,20.22255],[105.69148,20.23096],[105.68925,20.23364],[105.68419,20.23519],[105.68034,20.23788],[105.67368,20.24727],[105.67046,20.25321],[105.66743,20.258],[105.65488,20.26779],[105.6474,20.27527],[105.62712,20.28241],[105.61819,20.2834],[105.61455,20.28609],[105.61192,20.28973],[105.61031,20.29298],[105.6079,20.30025],[105.60427,20.3058],[105.5982,20.31232],[105.59353,20.31425],[105.59028,20.31426],[105.57931,20.31315],[105.57485,20.3145],[105.57079,20.31719],[105.56612,20.3172],[105.56226,20.31779],[105.56166,20.31932],[105.5629,20.32371],[105.56189,20.32658],[105.55946,20.3285],[105.55357,20.32928],[105.54951,20.33102],[105.54769,20.33293],[105.5469,20.33828],[105.54834,20.34439],[105.54653,20.34765],[105.54308,20.3511],[105.54169,20.35875],[105.54171,20.36431],[105.53576,20.36994],[105.53109,20.37166],[105.5285,20.37167],[105.5246,20.36973],[105.52147,20.3634],[105.51654,20.36122],[105.50875,20.36076],[105.50098,20.36151],[105.49399,20.36494],[105.48881,20.36789],[105.4826,20.37302],[105.47664,20.37572],[105.46783,20.37624],[105.46057,20.37723],[105.43724,20.38412],[105.42766,20.38756],[105.42429,20.38756],[105.41961,20.38538],[105.41285,20.37954],[105.40895,20.37663],[105.40247,20.37567],[105.39365,20.37666],[105.3737,20.38646],[105.36126,20.39137],[105.34985,20.39139],[105.34078,20.39555],[105.31565,20.41121],[105.30373,20.41757],[105.2905,20.41954],[105.28273,20.42346],[105.27859,20.42908],[105.27574,20.43201],[105.27081,20.43397],[105.25654,20.43521],[105.26305,20.44812],[105.26281,20.4591],[105.26049,20.46495],[105.25167,20.47131],[105.24078,20.47596],[105.23845,20.48133],[105.24261,20.48571],[105.24391,20.4879],[105.24288,20.49034],[105.23692,20.4945],[105.23225,20.49719],[105.2294,20.50085],[105.22473,20.50549],[105.21673,20.50901],[105.20962,20.51591],[105.20488,20.51895],[105.20165,20.51977],[105.19087,20.51836],[105.18117,20.5208],[105.17512,20.51757],[105.16779,20.51778],[105.16241,20.52224],[105.1609,20.52629],[105.16005,20.53358],[105.15811,20.53764],[105.15359,20.54271],[105.14863,20.54494],[105.13763,20.54616],[105.1344,20.5488],[105.13139,20.55488],[105.12708,20.55873],[105.11953,20.56258],[105.11263,20.56401],[105.10832,20.56604],[105.10703,20.56907],[105.10336,20.57232],[105.10013,20.57232],[105.0956,20.5707],[105.08934,20.57192],[105.08524,20.57557],[105.07813,20.578],[105.06799,20.57618],[105.0585,20.57315],[105.05461,20.57031],[105.0531,20.56647],[105.05051,20.56242],[105.04577,20.55958],[105.03168,20.56074],[105.02569,20.56257],[105.02002,20.55979],[105.0188,20.56214],[105.01657,20.564],[105.00971,20.56811],[105.0068,20.57085],[105.00276,20.57368],[105.00051,20.57439],[104.98568,20.57517],[104.98254,20.57256],[104.97993,20.57324],[104.97757,20.57482],[104.97121,20.57561],[104.96739,20.57775],[104.95878,20.58039],[104.96092,20.5898],[104.96089,20.59573],[104.96575,20.59516],[104.96663,20.59632],[104.95802,20.60905],[104.95591,20.61451],[104.95591,20.61683],[104.95767,20.6208],[104.95872,20.62659],[104.95714,20.62957],[104.95222,20.63387],[104.94695,20.64065],[104.94326,20.64363],[104.93289,20.6476],[104.92129,20.65537],[104.90829,20.6638],[104.89827,20.66975],[104.8916,20.67008],[104.88685,20.6709],[104.88422,20.66957],[104.87878,20.66527],[104.87052,20.66311],[104.85858,20.66194],[104.8526,20.66293],[104.85015,20.66161],[104.84699,20.65515],[104.84454,20.65184],[104.84067,20.64985],[104.82505,20.64371],[104.81838,20.63941],[104.8133,20.63324],[104.80853,20.63069],[104.80176,20.62423],[104.79705,20.62026],[104.79884,20.59594],[104.79894,20.58949],[104.79747,20.58659],[104.78532,20.58391],[104.77927,20.58095],[104.77437,20.57801],[104.77246,20.57834],[104.769,20.58044],[104.76325,20.58251],[104.75831,20.58172],[104.74963,20.57777],[104.74243,20.57528],[104.73963,20.57494],[104.73752,20.5756],[104.73541,20.57874],[104.72503,20.59064],[104.72062,20.60122],[104.71763,20.6037],[104.71376,20.60551],[104.69989,20.60516],[104.69603,20.60432],[104.69182,20.60134],[104.68849,20.59819],[104.68533,20.59719],[104.68164,20.59884],[104.68196,20.6129],[104.68125,20.61571],[104.67914,20.61819],[104.67281,20.62265],[104.66139,20.62527],[104.65998,20.62626],[104.65575,20.63155],[104.64607,20.64261],[104.63439,20.65445],[104.62939,20.63772],[104.62796,20.63423],[104.6255,20.63016],[104.61956,20.62511],[104.61196,20.62258],[104.6054,20.6154],[104.60295,20.60998],[104.60069,20.60784],[104.59741,20.60764],[104.59329,20.60937],[104.58836,20.61033],[104.58117,20.61051],[104.57459,20.60894],[104.56514,20.60872],[104.55651,20.60754],[104.54892,20.60346],[104.5401,20.59956],[104.53642,20.59297],[104.53356,20.58638],[104.53092,20.57805],[104.52416,20.57203],[104.52315,20.56525],[104.52379,20.55925],[104.52503,20.55499],[104.52298,20.55247],[104.51909,20.55014],[104.51293,20.54993],[104.50431,20.54545],[104.49918,20.54544],[104.49446,20.54387],[104.48648,20.53456],[104.47585,20.52078],[104.46908,20.51689],[104.45493,20.51317],[104.44015,20.50963],[104.43503,20.50613],[104.42848,20.50011],[104.42172,20.49505],[104.41455,20.49174],[104.40285,20.49073],[104.39258,20.4905],[104.38643,20.4899],[104.38541,20.48796],[104.38524,20.47867],[104.37623,20.47186],[104.37379,20.4672],[104.37484,20.46237],[104.37897,20.45503],[104.37939,20.45212],[104.37613,20.44592],[104.37717,20.44379],[104.38046,20.44283],[104.38559,20.44266],[104.39094,20.43939],[104.40061,20.43439],[104.41299,20.42733],[104.4103,20.42164],[104.4054,20.41408],[104.40382,20.39858],[104.40385,20.39045],[104.40654,20.38562],[104.41209,20.38235],[104.4197,20.37889],[104.43344,20.37874],[104.44411,20.37897],[104.44801,20.3784],[104.45315,20.3759],[104.45829,20.37282],[104.46876,20.37111],[104.47697,20.37249],[104.48475,20.37697],[104.49171,20.38163],[104.4958,20.38494],[104.50873,20.38555],[104.51385,20.38886],[104.52163,20.39314],[104.5251,20.39799],[104.52508,20.40709],[104.52649,20.41309],[104.52895,20.41387],[104.5384,20.411],[104.54641,20.40966],[104.55133,20.4118],[104.56261,20.41609],[104.57369,20.41631],[104.58416,20.41595],[104.59441,20.41772],[104.60323,20.42025],[104.61122,20.42589],[104.61572,20.43229],[104.61653,20.43906],[104.61241,20.44486],[104.61302,20.44719],[104.61834,20.45262],[104.62223,20.45863],[104.63247,20.4662],[104.64252,20.47126],[104.65463,20.47264],[104.66264,20.47188],[104.66819,20.46976],[104.66841,20.46453],[104.66143,20.46026],[104.66144,20.45697],[104.66515,20.45175],[104.67784,20.44538],[104.68257,20.44045],[104.68607,20.4363],[104.69347,20.43021],[104.698,20.42383],[104.70705,20.41272],[104.71105,20.41108],[104.7164,20.4078],[104.71599,20.40566],[104.71261,20.40169],[104.70902,20.39975],[104.70092,20.39944],[104.69384,20.39972],[104.68716,20.4029],[104.68378,20.4029],[104.68009,20.40028],[104.67415,20.39514],[104.66165,20.38718],[104.65129,20.38193],[104.64709,20.38115],[104.64074,20.37503],[104.62814,20.3693],[104.62302,20.36667],[104.61841,20.36269],[104.61421,20.35813],[104.61423,20.3531],[104.61516,20.34855],[104.61754,20.33956],[104.61706,20.3261],[104.61473,20.3138],[104.61342,20.30489],[104.61451,20.30111],[104.62156,20.30038],[104.61774,20.29622],[104.61632,20.29358],[104.60999,20.27762],[104.60849,20.27565],[104.60804,20.27323],[104.60929,20.25658],[104.61178,20.24516],[104.61753,20.23898],[104.62308,20.23396],[104.63006,20.22971],[104.63948,20.23399],[104.64378,20.23555],[104.65157,20.23479],[104.66203,20.23288],[104.66635,20.22824],[104.66862,20.22108],[104.67354,20.21877],[104.68318,20.21743],[104.69384,20.21357],[104.70861,20.2074],[104.71887,20.20394],[104.73117,20.20183],[104.7531,20.2005],[104.77176,20.19898],[104.78652,20.1928],[104.79985,20.18314],[104.81626,20.17173],[104.82119,20.16593],[104.82775,20.15916],[104.83595,20.15433],[104.84108,20.15162],[104.85358,20.14602],[104.86444,20.14564],[104.87735,20.14565],[104.89558,20.14857],[104.91217,20.15438],[104.92139,20.16],[104.92569,20.15942],[104.92775,20.15575],[104.92713,20.15342],[104.92263,20.15032],[104.92119,20.14664],[104.9212,20.14277],[104.92448,20.13696],[104.93062,20.13232],[104.94005,20.12439],[104.94825,20.11974],[104.95562,20.1151],[104.95931,20.11181],[104.96075,20.10425],[104.96484,20.10135],[104.97713,20.09787],[104.98779,20.09574],[104.98512,20.09148],[104.97837,20.0847],[104.97366,20.07793],[104.97263,20.06902],[104.96936,20.06283],[104.96403,20.05934],[104.95707,20.05276],[104.93926,20.04307],[104.9323,20.03648],[104.91941,20.02041],[104.91594,20.01228],[104.91135,20],[104.91274,19.99785],[104.91683,19.99833],[104.91868,19.99732],[104.92289,19.99171],[104.92609,19.99045],[104.93494,19.99009],[104.93836,19.99062],[104.94319,19.99004],[104.94767,19.99125],[104.95242,19.99315],[104.95752,19.99422],[104.95929,19.99366],[104.96217,19.9897],[104.96276,19.98706],[104.96291,19.97969],[104.96466,19.97689],[104.96856,19.97615],[104.97453,19.97756],[104.97773,19.97598],[104.98165,19.97249],[104.98537,19.97006],[104.99723,19.96324],[104.99886,19.96038],[104.99819,19.95721],[105.00154,19.95341],[105.00407,19.95409],[105.01089,19.95464],[105.0159,19.95391],[105.03687,19.94244],[105.0443,19.9368],[105.05041,19.93425],[105.06157,19.93349],[105.07025,19.93589],[105.07427,19.93617],[105.08411,19.93761],[105.09221,19.93837],[105.10195,19.93735],[105.1107,19.93479],[105.11886,19.93068],[105.12376,19.9273],[105.1327,19.92284],[105.13543,19.92459],[105.14326,19.92173],[105.1451,19.92153],[105.15062,19.92318],[105.15738,19.92265],[105.1601,19.92071],[105.16611,19.91966],[105.17028,19.91579],[105.1717,19.91261],[105.17192,19.91],[105.18052,19.88064],[105.18471,19.87112],[105.18581,19.86491],[105.18434,19.86154],[105.1783,19.85906],[105.17327,19.85756],[105.15256,19.8549],[105.14753,19.85244],[105.14507,19.84762],[105.14416,19.84091],[105.13968,19.83558],[105.13572,19.82978],[105.12865,19.82519],[105.12908,19.81277],[105.12693,19.80448],[105.12741,19.79767],[105.13114,19.77617],[105.13312,19.77009],[105.13347,19.74639],[105.13392,19.74137],[105.14081,19.73708],[105.14715,19.73181],[105.14921,19.72829],[105.15345,19.72439],[105.15739,19.72496],[105.16025,19.72344],[105.16045,19.72175],[105.15906,19.7176],[105.15218,19.71108],[105.15195,19.70883],[105.15897,19.7013],[105.1621,19.69947],[105.16201,19.6914],[105.1627,19.68774],[105.16534,19.68467],[105.17196,19.6814],[105.17905,19.6803],[105.19377,19.67279],[105.20197,19.66683],[105.20862,19.66272],[105.2135,19.65751],[105.22245,19.65044],[105.2265,19.65001],[105.23082,19.64791],[105.23387,19.64723],[105.2369,19.65091],[105.23958,19.65684],[105.24323,19.65835],[105.24649,19.65649],[105.25147,19.64963],[105.25521,19.64534],[105.26062,19.63164],[105.26688,19.61783],[105.26846,19.6133],[105.27206,19.60856],[105.27535,19.60732],[105.27843,19.60505],[105.27953,19.59835],[105.27957,19.59572],[105.27808,19.59355],[105.27228,19.59042],[105.27168,19.58871],[105.27443,19.58789],[105.27738,19.58338],[105.27678,19.57841],[105.27878,19.57684],[105.27996,19.57145],[105.27906,19.56545],[105.27631,19.56272],[105.27475,19.56273],[105.27085,19.55945],[105.27014,19.55561],[105.27045,19.55202],[105.27151,19.5482],[105.27005,19.54387],[105.26986,19.53956],[105.2672,19.53091],[105.26724,19.52803],[105.27172,19.51891],[105.27203,19.51741],[105.26923,19.5105],[105.26975,19.50836],[105.27365,19.5078],[105.27748,19.50593],[105.27793,19.5033],[105.27589,19.49895],[105.27491,19.49494],[105.27581,19.4937],[105.27994,19.49417],[105.28444,19.49362],[105.28662,19.49244],[105.28864,19.48884],[105.2893,19.48393],[105.29154,19.47585],[105.29454,19.4785],[105.29674,19.48167],[105.29557,19.48607],[105.30126,19.48955],[105.305,19.48941],[105.3067,19.49047],[105.30711,19.49329],[105.30672,19.49873],[105.3108,19.50242],[105.31381,19.50642],[105.31925,19.50754],[105.323,19.5106],[105.32375,19.51336],[105.32383,19.51937],[105.33024,19.52361],[105.33085,19.52505],[105.32977,19.52794],[105.33039,19.53057],[105.33243,19.53435],[105.33726,19.53806],[105.34176,19.53946],[105.35035,19.53932],[105.3534,19.53732],[105.35714,19.53196],[105.35919,19.53007],[105.35998,19.52778],[105.36415,19.52446],[105.36786,19.51905],[105.36931,19.51217],[105.36805,19.50468],[105.36502,19.50014],[105.37145,19.49338],[105.37499,19.48921],[105.37694,19.48499],[105.38176,19.47954],[105.38191,19.47708],[105.38483,19.47309],[105.38878,19.46906],[105.39036,19.46494],[105.38779,19.46281],[105.38722,19.46026],[105.3889,19.45628],[105.39286,19.45466],[105.39316,19.45158],[105.39486,19.45091],[105.39753,19.45252],[105.40077,19.45071],[105.40216,19.45118],[105.40814,19.45841],[105.4156,19.45749],[105.42701,19.45738],[105.42942,19.45467],[105.43266,19.45367],[105.43692,19.4503],[105.44333,19.44299],[105.44734,19.44368],[105.45276,19.44576],[105.46068,19.45447],[105.46353,19.45709],[105.4661,19.45712],[105.47099,19.45373],[105.47785,19.45022],[105.48648,19.45118],[105.49008,19.45409],[105.49244,19.45858],[105.49897,19.4628],[105.50651,19.46483],[105.52099,19.46513],[105.52448,19.46361],[105.53192,19.45785],[105.53386,19.45515],[105.53585,19.44842],[105.5418,19.43578],[105.54355,19.4332],[105.55267,19.4236],[105.55523,19.42028],[105.56055,19.41463],[105.56474,19.40724],[105.56624,19.40366],[105.56841,19.40097],[105.5736,19.39789],[105.5782,19.39431],[105.58082,19.39104],[105.58115,19.3891],[105.57988,19.38429],[105.58,19.3821],[105.58841,19.37147],[105.59435,19.37067],[105.59699,19.37166],[105.60042,19.37127],[105.60489,19.36938],[105.60765,19.3695],[105.6099,19.37087],[105.61296,19.3773],[105.61549,19.38089],[105.61874,19.38322],[105.62486,19.38139],[105.6261,19.37977],[105.62978,19.36912],[105.63106,19.36722],[105.63296,19.36676],[105.6365,19.36798],[105.6396,19.35953],[105.64106,19.35829],[105.64087,19.3547],[105.6439,19.35343],[105.65156,19.35346],[105.6521,19.34874],[105.6535,19.3451],[105.65534,19.34324],[105.65901,19.34373],[105.662,19.34334],[105.66602,19.34113],[105.66531,19.33526],[105.66318,19.32802],[105.66216,19.32064],[105.66245,19.31532],[105.67103,19.32076],[105.67518,19.31956],[105.68303,19.30451],[105.68456,19.3028],[105.68729,19.30225],[105.69252,19.30403],[105.69981,19.30486],[105.70846,19.30468],[105.71118,19.30509],[105.716,19.30725],[105.7235,19.31169],[105.72254,19.31477],[105.72737,19.31534],[105.72935,19.31633],[105.73783,19.32204],[105.74097,19.3214],[105.74196,19.31356],[105.74436,19.30706],[105.74702,19.30412],[105.74873,19.30452],[105.75173,19.30714],[105.75456,19.30659],[105.75675,19.30366],[105.76165,19.29546],[105.7654,19.29377],[105.7698,19.29305],[105.77148,19.29357],[105.77285,19.29569],[105.77719,19.2975],[105.78778,19.29914],[105.7982,19.30254],[105.79924,19.302],[105.80053,19.29684],[105.80332,19.2888]]]]},"properties":{"name":"Thanh Hoá","fullName":"Tỉnh Thanh Hoá","code":"38"}},{"type":"Feature","geometry":{"type":"MultiPolygon","coordinates":[[[[105.78003,18.80225],[105.78041,18.80459],[105.776,18.80685],[105.77484,18.80258],[105.77318,18.80242],[105.771,18.80403],[105.76788,18.80136],[105.7702,18.79707],[105.77178,18.79708],[105.7738,18.80006],[105.77616,18.79999],[105.78003,18.80225]]],[[[104.91868,19.99732],[104.91756,19.995],[104.90969,19.98666],[104.90828,19.98317],[104.90678,19.97556],[104.90136,19.96719],[104.89369,19.95982],[104.8877,19.9554],[104.87521,19.95153],[104.86871,19.94888],[104.86039,19.94471],[104.85038,19.93537],[104.84557,19.93144],[104.84114,19.9213],[104.84075,19.91855],[104.84261,19.9155],[104.84658,19.91307],[104.84686,19.91091],[104.8445,19.90736],[104.84387,19.90532],[104.84298,19.89672],[104.8411,19.8914],[104.84048,19.88812],[104.84376,19.88162],[104.84668,19.87664],[104.8478,19.87296],[104.84746,19.8702],[104.84579,19.86718],[104.84273,19.86383],[104.83967,19.86206],[104.8355,19.86054],[104.83321,19.8587],[104.8324,19.85621],[104.83252,19.85345],[104.83412,19.852],[104.84059,19.84965],[104.8447,19.84768],[104.84679,19.8444],[104.847,19.84197],[104.84533,19.83843],[104.83901,19.83317],[104.83609,19.82916],[104.83456,19.82463],[104.83346,19.81642],[104.83416,19.81393],[104.83715,19.8075],[104.83681,19.80356],[104.83563,19.79968],[104.83286,19.79469],[104.82911,19.79075],[104.82501,19.78766],[104.82077,19.78627],[104.81521,19.78561],[104.80964,19.78758],[104.80318,19.78757],[104.80081,19.78855],[104.79789,19.79091],[104.79594,19.79124],[104.79323,19.79025],[104.78774,19.78729],[104.78322,19.78531],[104.77545,19.77848],[104.76857,19.77656],[104.7637,19.77682],[104.76224,19.77557],[104.76287,19.7734],[104.76656,19.76678],[104.76545,19.76435],[104.75844,19.7602],[104.75691,19.75784],[104.75643,19.75298],[104.75324,19.7512],[104.7474,19.75132],[104.74059,19.75033],[104.73684,19.75039],[104.73078,19.75642],[104.72876,19.75727],[104.72431,19.75654],[104.71836,19.75259],[104.70751,19.74332],[104.69905,19.73556],[104.69503,19.72741],[104.69302,19.72517],[104.68732,19.72444],[104.68323,19.72187],[104.68052,19.71694],[104.67602,19.71149],[104.672,19.70813],[104.66651,19.70504],[104.66193,19.70306],[104.66131,19.70089],[104.66613,19.69151],[104.6691,19.68673],[104.66829,19.68397],[104.66406,19.68179],[104.66309,19.68041],[104.66324,19.67673],[104.65852,19.67371],[104.65833,19.66948],[104.65993,19.66326],[104.65961,19.66109],[104.65748,19.65984],[104.65149,19.65909],[104.64533,19.65299],[104.64567,19.6491],[104.64932,19.64208],[104.65033,19.63633],[104.64667,19.62818],[104.64491,19.62556],[104.64245,19.62381],[104.63743,19.62285],[104.63367,19.62326],[104.62845,19.62812],[104.62458,19.62912],[104.61873,19.62894],[104.61703,19.62935],[104.61248,19.63334],[104.61019,19.63415],[104.60727,19.63408],[104.60213,19.63229],[104.59894,19.63071],[104.59561,19.63077],[104.58998,19.63161],[104.58254,19.62981],[104.57722,19.62741],[104.57243,19.62192],[104.57001,19.61709],[104.56697,19.61468],[104.5633,19.6139],[104.5594,19.61164],[104.55537,19.61262],[104.55175,19.6157],[104.54653,19.61943],[104.54424,19.61981],[104.54209,19.61902],[104.53745,19.61422],[104.53523,19.61329],[104.53141,19.61282],[104.52676,19.61347],[104.5246,19.61444],[104.52007,19.61857],[104.51346,19.62197],[104.50707,19.62234],[104.50561,19.62326],[104.50435,19.62673],[104.50315,19.63303],[104.49689,19.63768],[104.49434,19.64244],[104.49247,19.65139],[104.48913,19.65481],[104.48655,19.65557],[104.47953,19.65634],[104.47613,19.65593],[104.46916,19.6516],[104.46593,19.65],[104.46069,19.64977],[104.45683,19.65095],[104.44875,19.65664],[104.44354,19.65872],[104.44276,19.66056],[104.44567,19.66543],[104.44596,19.67011],[104.4446,19.67245],[104.44251,19.67349],[104.43605,19.6736],[104.42926,19.67266],[104.42688,19.67285],[104.42493,19.67409],[104.42095,19.68038],[104.4201,19.68314],[104.42147,19.68879],[104.42147,19.69056],[104.41972,19.69305],[104.4193,19.69541],[104.42085,19.69921],[104.42076,19.70218],[104.41634,19.70683],[104.41397,19.70774],[104.40737,19.70726],[104.40397,19.70626],[104.4021,19.70468],[104.401,19.70001],[104.39787,19.69833],[104.3937,19.69864],[104.39007,19.7],[104.38569,19.69987],[104.38183,19.69712],[104.3789,19.69641],[104.37232,19.69673],[104.36843,19.69655],[104.3651,19.69549],[104.35997,19.69259],[104.35287,19.69368],[104.34982,19.69303],[104.34567,19.69121],[104.34105,19.68725],[104.33909,19.68123],[104.33481,19.67674],[104.32188,19.67075],[104.31832,19.66831],[104.31685,19.67107],[104.31743,19.67485],[104.31983,19.67963],[104.32093,19.68303],[104.32062,19.68518],[104.31872,19.68795],[104.31482,19.69116],[104.30616,19.6969],[104.30165,19.69846],[104.29808,19.6984],[104.2865,19.69513],[104.27831,19.69589],[104.26854,19.69754],[104.26591,19.69921],[104.26401,19.70139],[104.2599,19.70375],[104.25307,19.70386],[104.24856,19.70576],[104.23618,19.70821],[104.23112,19.70775],[104.22614,19.70652],[104.21982,19.70626],[104.213,19.70491],[104.20814,19.70294],[104.20333,19.69975],[104.19957,19.6945],[104.1974,19.69362],[104.1852,19.69549],[104.17975,19.69408],[104.17578,19.69049],[104.17295,19.69008],[104.17042,19.69156],[104.16278,19.69745],[104.1594,19.69651],[104.15698,19.69147],[104.15524,19.68355],[104.15608,19.67398],[104.15572,19.6724],[104.15267,19.66894],[104.1487,19.66672],[104.14405,19.66563],[104.13676,19.66291],[104.13319,19.66231],[104.12992,19.66335],[104.12586,19.6632],[104.11613,19.6613],[104.1097,19.66108],[104.10609,19.66154],[104.10367,19.66386],[104.09533,19.66637],[104.09086,19.66642],[104.08451,19.6718],[104.08042,19.6766],[104.07532,19.68066],[104.07246,19.68211],[104.06919,19.68113],[104.06914,19.67885],[104.07015,19.67611],[104.07017,19.6726],[104.06857,19.667],[104.06678,19.66337],[104.0643,19.65986],[104.05955,19.65663],[104.0558,19.65313],[104.05567,19.65197],[104.05768,19.64759],[104.06302,19.64473],[104.06514,19.64286],[104.06699,19.63864],[104.06731,19.63645],[104.06331,19.6324],[104.06039,19.62706],[104.05926,19.62149],[104.05959,19.61967],[104.06201,19.61496],[104.06424,19.61181],[104.06852,19.60745],[104.07178,19.60277],[104.07416,19.59856],[104.082,19.58651],[104.0856,19.58229],[104.09174,19.57969],[104.09757,19.5765],[104.10495,19.57125],[104.10692,19.56871],[104.10445,19.56647],[104.10364,19.56459],[104.10318,19.55545],[104.1048,19.55061],[104.10351,19.5485],[104.10412,19.54675],[104.10807,19.54201],[104.10756,19.53923],[104.10792,19.53366],[104.10725,19.5305],[104.10498,19.52634],[104.10201,19.52447],[104.10591,19.51824],[104.1096,19.51722],[104.11099,19.51586],[104.11112,19.51318],[104.11354,19.51033],[104.11644,19.50905],[104.12154,19.50428],[104.12087,19.50226],[104.11574,19.50017],[104.11582,19.49742],[104.11321,19.49205],[104.11021,19.4905],[104.10539,19.48993],[104.09971,19.49175],[104.09666,19.49346],[104.0925,19.49041],[104.09074,19.48995],[104.0891,19.48599],[104.08654,19.48394],[104.0838,19.48073],[104.08343,19.47878],[104.08452,19.47597],[104.08344,19.47288],[104.08433,19.46794],[104.07983,19.46742],[104.07759,19.46427],[104.0754,19.46382],[104.07372,19.46084],[104.07008,19.45725],[104.06356,19.45361],[104.06487,19.45241],[104.07316,19.45098],[104.0739,19.44812],[104.07289,19.44552],[104.07129,19.43852],[104.07089,19.42407],[104.07041,19.42147],[104.06875,19.41828],[104.06546,19.41824],[104.06143,19.41735],[104.05671,19.41861],[104.05246,19.41915],[104.05148,19.42019],[104.04985,19.426],[104.04749,19.42638],[104.0416,19.42235],[104.03463,19.42048],[104.03124,19.41659],[104.02961,19.41596],[104.02258,19.41703],[104.02108,19.41652],[104.01906,19.40995],[104.01708,19.40785],[104.01421,19.40828],[104.01255,19.40375],[104.00874,19.40295],[104.00342,19.40368],[104.00176,19.40463],[103.99588,19.40614],[103.99282,19.40651],[103.99012,19.40567],[103.98817,19.40167],[103.98578,19.3999],[103.98267,19.40028],[103.97443,19.39942],[103.97312,19.39824],[103.97225,19.39495],[103.96901,19.39201],[103.96467,19.39157],[103.96247,19.39002],[103.95989,19.38616],[103.95612,19.38534],[103.95565,19.38271],[103.95821,19.38161],[103.95897,19.37591],[103.95752,19.37254],[103.95753,19.3702],[103.95449,19.36548],[103.95123,19.36556],[103.95055,19.36368],[103.95124,19.35949],[103.95009,19.35821],[103.94657,19.3572],[103.93238,19.34725],[103.92918,19.34524],[103.92542,19.34388],[103.91899,19.34342],[103.91741,19.34271],[103.91624,19.33884],[103.91444,19.33548],[103.91233,19.33381],[103.90765,19.33132],[103.90457,19.33064],[103.89755,19.33184],[103.89283,19.33165],[103.88844,19.3296],[103.88611,19.32769],[103.88235,19.32682],[103.8808,19.32295],[103.87502,19.32056],[103.87346,19.31761],[103.87364,19.3152],[103.87285,19.31183],[103.87414,19.3067],[103.87992,19.30565],[103.88207,19.30431],[103.88254,19.30236],[103.88534,19.30102],[103.88863,19.30205],[103.88984,19.30349],[103.89072,19.30702],[103.893,19.30831],[103.89811,19.30981],[103.90507,19.3065],[103.91145,19.30455],[103.91409,19.30334],[103.91675,19.30044],[103.91503,19.29732],[103.91984,19.29262],[103.92218,19.28639],[103.9352,19.27537],[103.94361,19.26869],[103.95603,19.25577],[103.9601,19.25211],[103.96305,19.25102],[103.96993,19.24666],[103.97497,19.24458],[103.97911,19.24498],[103.98808,19.24082],[103.99286,19.239],[103.99651,19.23183],[104.00079,19.23017],[104.00192,19.23144],[104.00808,19.23465],[104.01335,19.23566],[104.0174,19.23745],[104.02674,19.23799],[104.03504,19.2407],[104.04195,19.24123],[104.04634,19.24394],[104.04933,19.24202],[104.05093,19.2437],[104.05404,19.24289],[104.05808,19.2406],[104.06324,19.24516],[104.06836,19.24785],[104.07037,19.2471],[104.0716,19.2444],[104.07437,19.24215],[104.07583,19.23949],[104.0807,19.23765],[104.0824,19.23459],[104.08497,19.23443],[104.09214,19.23025],[104.09394,19.22577],[104.09712,19.22032],[104.09945,19.21866],[104.09939,19.21596],[104.10147,19.21301],[104.10282,19.21612],[104.11087,19.22444],[104.11221,19.22282],[104.11438,19.22279],[104.11879,19.21799],[104.12208,19.21343],[104.12346,19.20997],[104.12825,19.20524],[104.1352,19.20594],[104.13965,19.20432],[104.14232,19.20251],[104.14929,19.20055],[104.15723,19.19995],[104.16284,19.1999],[104.17093,19.19798],[104.17546,19.19787],[104.17975,19.19891],[104.18491,19.1936],[104.18685,19.18953],[104.19028,19.18439],[104.19273,19.18151],[104.19351,19.17419],[104.19507,19.17208],[104.19645,19.16541],[104.19903,19.16222],[104.20679,19.16079],[104.21199,19.16111],[104.22262,19.1578],[104.22435,19.15411],[104.22462,19.14911],[104.21811,19.14328],[104.21733,19.14143],[104.21741,19.13714],[104.21589,19.13573],[104.21748,19.13302],[104.21752,19.13135],[104.2155,19.12721],[104.21154,19.12431],[104.21233,19.12126],[104.22362,19.11574],[104.23213,19.11289],[104.23516,19.11442],[104.23969,19.11528],[104.2469,19.11248],[104.24843,19.1111],[104.25719,19.11655],[104.26255,19.11719],[104.26898,19.12024],[104.27113,19.12069],[104.27939,19.1209],[104.28427,19.11852],[104.28845,19.11779],[104.29375,19.11316],[104.29834,19.1144],[104.30031,19.1121],[104.30411,19.10032],[104.30345,19.09606],[104.30841,19.0902],[104.31131,19.08875],[104.31258,19.08934],[104.31566,19.08808],[104.33399,19.07861],[104.35344,19.07241],[104.36491,19.07459],[104.36865,19.07291],[104.37338,19.0696],[104.37698,19.06543],[104.38171,19.06212],[104.38606,19.06103],[104.38867,19.06103],[104.3968,19.05897],[104.40162,19.05557],[104.40209,19.05246],[104.39964,19.04428],[104.39956,19.04013],[104.40218,19.03744],[104.41174,19.03069],[104.42429,19.01629],[104.42096,19.00842],[104.42321,19.00594],[104.42795,19.00576],[104.43331,19.00007],[104.44047,18.99529],[104.44702,18.98651],[104.45223,18.98619],[104.45506,18.98917],[104.46088,18.99189],[104.46782,18.98921],[104.47334,18.9929],[104.47465,18.99838],[104.47965,19.00436],[104.48472,19.00455],[104.49609,19.00296],[104.50121,18.99915],[104.50405,18.99275],[104.50918,18.98434],[104.51141,18.98242],[104.5184,18.98127],[104.52655,18.98543],[104.53029,18.98432],[104.5398,18.97711],[104.5422,18.9735],[104.54357,18.96619],[104.54222,18.95992],[104.54347,18.95665],[104.54759,18.95093],[104.55498,18.94327],[104.55999,18.94039],[104.56358,18.93446],[104.56338,18.93176],[104.56698,18.92439],[104.57062,18.91896],[104.57592,18.91247],[104.57658,18.90934],[104.57669,18.90417],[104.57759,18.90263],[104.58494,18.90465],[104.58699,18.90486],[104.5914,18.90275],[104.59863,18.89797],[104.60663,18.89468],[104.61767,18.89273],[104.62628,18.88882],[104.62696,18.88536],[104.62542,18.88012],[104.63438,18.87091],[104.63594,18.87007],[104.64027,18.8699],[104.64475,18.86914],[104.65255,18.86609],[104.66076,18.85852],[104.66393,18.85656],[104.66788,18.85314],[104.66832,18.84962],[104.66764,18.84844],[104.67216,18.84188],[104.6755,18.83839],[104.6837,18.83656],[104.68871,18.8362],[104.69362,18.83969],[104.69692,18.84127],[104.70114,18.84047],[104.70321,18.83755],[104.70761,18.83765],[104.70955,18.83999],[104.71277,18.84141],[104.71331,18.83887],[104.71281,18.83652],[104.71294,18.83088],[104.71597,18.82934],[104.71786,18.82296],[104.7228,18.81894],[104.72681,18.81841],[104.73191,18.81693],[104.73476,18.81404],[104.73483,18.80855],[104.73653,18.80261],[104.73768,18.80151],[104.74498,18.80209],[104.7504,18.79955],[104.7573,18.79714],[104.76457,18.79844],[104.77303,18.80209],[104.7753,18.80271],[104.78279,18.803],[104.78484,18.79888],[104.78579,18.79577],[104.78829,18.79061],[104.79333,18.78494],[104.79805,18.78338],[104.80329,18.78312],[104.81971,18.78468],[104.83116,18.78647],[104.83937,18.7864],[104.84566,18.7834],[104.84749,18.78151],[104.84929,18.77814],[104.85524,18.77564],[104.85849,18.77949],[104.86186,18.78225],[104.86777,18.78208],[104.87221,18.78683],[104.89159,18.78553],[104.89939,18.78757],[104.90657,18.78741],[104.90835,18.78845],[104.90901,18.79093],[104.91191,18.79167],[104.91816,18.78552],[104.91917,18.78687],[104.92163,18.7873],[104.92308,18.7861],[104.92415,18.78178],[104.92525,18.78046],[104.93299,18.77612],[104.93636,18.77456],[104.93718,18.77138],[104.9366,18.7645],[104.93478,18.7599],[104.93571,18.7558],[104.93674,18.75535],[104.93882,18.75039],[104.93933,18.74763],[104.93945,18.74166],[104.94071,18.73955],[104.95009,18.74107],[104.95669,18.74052],[104.96046,18.74233],[104.96611,18.74369],[104.97008,18.74281],[104.98025,18.73979],[104.9813,18.73992],[104.98407,18.74377],[104.98763,18.74545],[104.99122,18.74426],[104.99225,18.74231],[104.99771,18.73818],[105.00423,18.74172],[105.00787,18.74285],[105.0148,18.74372],[105.01877,18.74668],[105.01456,18.73746],[105.01554,18.73473],[105.01752,18.73184],[105.02844,18.72917],[105.03326,18.72925],[105.03406,18.72728],[105.03688,18.72535],[105.04136,18.72587],[105.0495,18.73005],[105.05099,18.72941],[105.05735,18.72479],[105.05654,18.72186],[105.05133,18.71573],[105.04823,18.7082],[105.05106,18.70728],[105.06457,18.70906],[105.06636,18.7086],[105.07131,18.70447],[105.0783,18.70741],[105.08621,18.70833],[105.09189,18.7058],[105.10356,18.7041],[105.10664,18.7092],[105.11222,18.71426],[105.11402,18.71471],[105.12104,18.71249],[105.12527,18.71434],[105.13031,18.71584],[105.13217,18.71533],[105.13604,18.70705],[105.13875,18.70496],[105.14364,18.70251],[105.1392,18.69939],[105.13528,18.69001],[105.13277,18.68844],[105.13833,18.68106],[105.14023,18.67942],[105.14592,18.67766],[105.14897,18.67971],[105.15038,18.67962],[105.15303,18.67745],[105.15956,18.67079],[105.16211,18.66525],[105.16554,18.65941],[105.16683,18.65822],[105.17031,18.65797],[105.17314,18.6595],[105.17929,18.65886],[105.1824,18.65688],[105.1838,18.65332],[105.18707,18.64783],[105.18824,18.64731],[105.19346,18.64912],[105.19515,18.64632],[105.19726,18.64025],[105.19603,18.63809],[105.19178,18.63587],[105.18976,18.63077],[105.18929,18.62597],[105.18999,18.62319],[105.19175,18.62082],[105.19052,18.60945],[105.18981,18.60542],[105.18681,18.60338],[105.19299,18.60217],[105.20811,18.59997],[105.21497,18.59814],[105.22061,18.59444],[105.22511,18.5892],[105.22891,18.58931],[105.23213,18.59337],[105.23478,18.59839],[105.23932,18.60449],[105.24914,18.61092],[105.25957,18.61654],[105.26836,18.62058],[105.27437,18.62277],[105.27929,18.6233],[105.28452,18.62318],[105.28856,18.62217],[105.29524,18.619],[105.29808,18.61683],[105.30095,18.61351],[105.30413,18.60866],[105.30601,18.60751],[105.31467,18.60559],[105.32392,18.60305],[105.3298,18.59938],[105.33467,18.59589],[105.35786,18.58419],[105.36392,18.58196],[105.37439,18.58104],[105.37841,18.58105],[105.39418,18.58252],[105.40359,18.58618],[105.40809,18.58767],[105.41311,18.5884],[105.41945,18.58829],[105.42638,18.58894],[105.43279,18.59036],[105.43609,18.59232],[105.44041,18.59995],[105.44531,18.6023],[105.45254,18.60344],[105.46617,18.60658],[105.47178,18.60865],[105.47376,18.61079],[105.47451,18.6145],[105.47648,18.61527],[105.48363,18.61382],[105.48801,18.61205],[105.4917,18.6116],[105.49793,18.61191],[105.50266,18.61124],[105.50935,18.60362],[105.5116,18.60048],[105.51557,18.58883],[105.51896,18.58302],[105.52213,18.57912],[105.52631,18.57198],[105.53077,18.56359],[105.53393,18.55979],[105.53729,18.55657],[105.54276,18.55356],[105.54547,18.55369],[105.54847,18.55516],[105.55026,18.55691],[105.55429,18.55929],[105.56278,18.56136],[105.57042,18.56078],[105.57294,18.55985],[105.57838,18.55952],[105.58129,18.55994],[105.58466,18.56333],[105.58882,18.57371],[105.59189,18.57347],[105.59667,18.57759],[105.59981,18.57668],[105.60518,18.57793],[105.61352,18.57827],[105.61618,18.57401],[105.61952,18.57048],[105.62388,18.56911],[105.62747,18.57023],[105.6302,18.57196],[105.6467,18.57906],[105.66412,18.5853],[105.66758,18.58525],[105.67224,18.58301],[105.67542,18.57984],[105.67809,18.58034],[105.6813,18.58298],[105.6852,18.59046],[105.68764,18.59705],[105.68745,18.60641],[105.68788,18.62019],[105.68897,18.62865],[105.69064,18.63223],[105.69501,18.63479],[105.70239,18.63634],[105.70467,18.64035],[105.70604,18.6458],[105.70908,18.6511],[105.71014,18.65495],[105.71079,18.66051],[105.71251,18.66594],[105.71673,18.67065],[105.71981,18.67243],[105.72621,18.67402],[105.72922,18.67353],[105.73905,18.66984],[105.742,18.66906],[105.75009,18.66844],[105.75748,18.67056],[105.76396,18.67298],[105.76699,18.67626],[105.76791,18.68028],[105.76687,18.68459],[105.76132,18.69522],[105.75686,18.70184],[105.75462,18.70616],[105.75285,18.71377],[105.75003,18.72239],[105.74615,18.73044],[105.74211,18.73763],[105.74078,18.74308],[105.7408,18.74753],[105.74308,18.75197],[105.74792,18.75625],[105.75501,18.76024],[105.7609,18.76294],[105.76407,18.76508],[105.76616,18.76779],[105.76364,18.76944],[105.7572,18.77184],[105.75219,18.77443],[105.74919,18.77657],[105.7404,18.7862],[105.73439,18.79227],[105.728,18.79991],[105.72303,18.80799],[105.71962,18.81456],[105.71797,18.82065],[105.71647,18.82305],[105.71399,18.82957],[105.71446,18.83264],[105.71763,18.83578],[105.71401,18.84055],[105.71305,18.84477],[105.71411,18.84728],[105.7173,18.84843],[105.71688,18.85105],[105.71488,18.85242],[105.71007,18.84967],[105.70459,18.85425],[105.70125,18.8553],[105.69964,18.8593],[105.69962,18.86384],[105.6986,18.86456],[105.69308,18.8647],[105.69193,18.86654],[105.68901,18.87503],[105.68393,18.87738],[105.68155,18.87776],[105.67865,18.87469],[105.67629,18.87588],[105.6724,18.88158],[105.66807,18.88067],[105.66518,18.88119],[105.66385,18.88262],[105.66176,18.88846],[105.65891,18.89062],[105.65703,18.8894],[105.65525,18.88682],[105.65325,18.88582],[105.65125,18.88639],[105.64804,18.88854],[105.64854,18.89203],[105.64111,18.8961],[105.63734,18.89682],[105.63472,18.89934],[105.63239,18.90526],[105.62702,18.92189],[105.62372,18.93335],[105.62051,18.94703],[105.61779,18.9641],[105.61651,18.9777],[105.61504,18.98429],[105.61695,18.99274],[105.61774,19.0122],[105.61924,19.02322],[105.62272,19.03405],[105.62483,19.03989],[105.62725,19.04538],[105.63509,19.06137],[105.64257,19.07412],[105.64673,19.08004],[105.65165,19.0856],[105.65708,19.0907],[105.66372,19.0952],[105.67186,19.09897],[105.67356,19.09929],[105.67511,19.09721],[105.68036,19.09479],[105.68376,19.09218],[105.68587,19.08901],[105.68616,19.08542],[105.68959,19.0834],[105.69077,19.08348],[105.69288,19.08793],[105.69675,19.08932],[105.69847,19.08874],[105.70057,19.09216],[105.7052,19.09526],[105.7088,19.09683],[105.70972,19.09829],[105.70993,19.10339],[105.71288,19.10457],[105.71416,19.10418],[105.71528,19.09919],[105.71646,19.09867],[105.72018,19.10232],[105.72454,19.10392],[105.72886,19.10278],[105.73207,19.10408],[105.73485,19.10393],[105.73607,19.10577],[105.73577,19.10752],[105.73367,19.10796],[105.72907,19.11644],[105.72815,19.12179],[105.7273,19.13297],[105.72758,19.14855],[105.72889,19.15729],[105.72876,19.16395],[105.73067,19.16729],[105.73082,19.16925],[105.72902,19.17126],[105.72849,19.17547],[105.72866,19.18235],[105.72926,19.18912],[105.73084,19.20037],[105.7325,19.20859],[105.73446,19.21613],[105.73731,19.22263],[105.73928,19.2224],[105.74304,19.2274],[105.74606,19.23016],[105.74832,19.2312],[105.75341,19.2309],[105.75401,19.23315],[105.75575,19.23369],[105.75575,19.22739],[105.7567,19.22621],[105.75954,19.22937],[105.76411,19.22911],[105.76498,19.23214],[105.76861,19.2349],[105.76938,19.24162],[105.77256,19.25823],[105.77458,19.26503],[105.77671,19.26978],[105.78089,19.27533],[105.78454,19.27717],[105.78792,19.27731],[105.78841,19.27456],[105.79151,19.27305],[105.79365,19.27361],[105.79792,19.27665],[105.80039,19.27697],[105.8017,19.27529],[105.80423,19.27526],[105.80308,19.27772],[105.79977,19.27934],[105.79973,19.28278],[105.80094,19.28701],[105.80332,19.2888],[105.80053,19.29684],[105.79924,19.302],[105.7982,19.30254],[105.78778,19.29914],[105.77719,19.2975],[105.77285,19.29569],[105.77148,19.29357],[105.7698,19.29305],[105.7654,19.29377],[105.76165,19.29546],[105.75675,19.30366],[105.75456,19.30659],[105.75173,19.30714],[105.74873,19.30452],[105.74702,19.30412],[105.74436,19.30706],[105.74196,19.31356],[105.74097,19.3214],[105.73783,19.32204],[105.72935,19.31633],[105.72737,19.31534],[105.72254,19.31477],[105.7235,19.31169],[105.716,19.30725],[105.71118,19.30509],[105.70846,19.30468],[105.69981,19.30486],[105.69252,19.30403],[105.68729,19.30225],[105.68456,19.3028],[105.68303,19.30451],[105.67518,19.31956],[105.67103,19.32076],[105.66245,19.31532],[105.66216,19.32064],[105.66318,19.32802],[105.66531,19.33526],[105.66602,19.34113],[105.662,19.34334],[105.65901,19.34373],[105.65534,19.34324],[105.6535,19.3451],[105.6521,19.34874],[105.65156,19.35346],[105.6439,19.35343],[105.64087,19.3547],[105.64106,19.35829],[105.6396,19.35953],[105.6365,19.36798],[105.63296,19.36676],[105.63106,19.36722],[105.62978,19.36912],[105.6261,19.37977],[105.62486,19.38139],[105.61874,19.38322],[105.61549,19.38089],[105.61296,19.3773],[105.6099,19.37087],[105.60765,19.3695],[105.60489,19.36938],[105.60042,19.37127],[105.59699,19.37166],[105.59435,19.37067],[105.58841,19.37147],[105.58,19.3821],[105.57988,19.38429],[105.58115,19.3891],[105.58082,19.39104],[105.5782,19.39431],[105.5736,19.39789],[105.56841,19.40097],[105.56624,19.40366],[105.56474,19.40724],[105.56055,19.41463],[105.55523,19.42028],[105.55267,19.4236],[105.54355,19.4332],[105.5418,19.43578],[105.53585,19.44842],[105.53386,19.45515],[105.53192,19.45785],[105.52448,19.46361],[105.52099,19.46513],[105.50651,19.46483],[105.49897,19.4628],[105.49244,19.45858],[105.49008,19.45409],[105.48648,19.45118],[105.47785,19.45022],[105.47099,19.45373],[105.4661,19.45712],[105.46353,19.45709],[105.46068,19.45447],[105.45276,19.44576],[105.44734,19.44368],[105.44333,19.44299],[105.43692,19.4503],[105.43266,19.45367],[105.42942,19.45467],[105.42701,19.45738],[105.4156,19.45749],[105.40814,19.45841],[105.40216,19.45118],[105.40077,19.45071],[105.39753,19.45252],[105.39486,19.45091],[105.39316,19.45158],[105.39286,19.45466],[105.3889,19.45628],[105.38722,19.46026],[105.38779,19.46281],[105.39036,19.46494],[105.38878,19.46906],[105.38483,19.47309],[105.38191,19.47708],[105.38176,19.47954],[105.37694,19.48499],[105.37499,19.48921],[105.37145,19.49338],[105.36502,19.50014],[105.36805,19.50468],[105.36931,19.51217],[105.36786,19.51905],[105.36415,19.52446],[105.35998,19.52778],[105.35919,19.53007],[105.35714,19.53196],[105.3534,19.53732],[105.35035,19.53932],[105.34176,19.53946],[105.33726,19.53806],[105.33243,19.53435],[105.33039,19.53057],[105.32977,19.52794],[105.33085,19.52505],[105.33024,19.52361],[105.32383,19.51937],[105.32375,19.51336],[105.323,19.5106],[105.31925,19.50754],[105.31381,19.50642],[105.3108,19.50242],[105.30672,19.49873],[105.30711,19.49329],[105.3067,19.49047],[105.305,19.48941],[105.30126,19.48955],[105.29557,19.48607],[105.29674,19.48167],[105.29454,19.4785],[105.29154,19.47585],[105.2893,19.48393],[105.28864,19.48884],[105.28662,19.49244],[105.28444,19.49362],[105.27994,19.49417],[105.27581,19.4937],[105.27491,19.49494],[105.27589,19.49895],[105.27793,19.5033],[105.27748,19.50593],[105.27365,19.5078],[105.26975,19.50836],[105.26923,19.5105],[105.27203,19.51741],[105.27172,19.51891],[105.26724,19.52803],[105.2672,19.53091],[105.26986,19.53956],[105.27005,19.54387],[105.27151,19.5482],[105.27045,19.55202],[105.27014,19.55561],[105.27085,19.55945],[105.27475,19.56273],[105.27631,19.56272],[105.27906,19.56545],[105.27996,19.57145],[105.27878,19.57684],[105.27678,19.57841],[105.27738,19.58338],[105.27443,19.58789],[105.27168,19.58871],[105.27228,19.59042],[105.27808,19.59355],[105.27957,19.59572],[105.27953,19.59835],[105.27843,19.60505],[105.27535,19.60732],[105.27206,19.60856],[105.26846,19.6133],[105.26688,19.61783],[105.26062,19.63164],[105.25521,19.64534],[105.25147,19.64963],[105.24649,19.65649],[105.24323,19.65835],[105.23958,19.65684],[105.2369,19.65091],[105.23387,19.64723],[105.23082,19.64791],[105.2265,19.65001],[105.22245,19.65044],[105.2135,19.65751],[105.20862,19.66272],[105.20197,19.66683],[105.19377,19.67279],[105.17905,19.6803],[105.17196,19.6814],[105.16534,19.68467],[105.1627,19.68774],[105.16201,19.6914],[105.1621,19.69947],[105.15897,19.7013],[105.15195,19.70883],[105.15218,19.71108],[105.15906,19.7176],[105.16045,19.72175],[105.16025,19.72344],[105.15739,19.72496],[105.15345,19.72439],[105.14921,19.72829],[105.14715,19.73181],[105.14081,19.73708],[105.13392,19.74137],[105.13347,19.74639],[105.13312,19.77009],[105.13114,19.77617],[105.12741,19.79767],[105.12693,19.80448],[105.12908,19.81277],[105.12865,19.82519],[105.13572,19.82978],[105.13968,19.83558],[105.14416,19.84091],[105.14507,19.84762],[105.14753,19.85244],[105.15256,19.8549],[105.17327,19.85756],[105.1783,19.85906],[105.18434,19.86154],[105.18581,19.86491],[105.18471,19.87112],[105.18052,19.88064],[105.17192,19.91],[105.1717,19.91261],[105.17028,19.91579],[105.16611,19.91966],[105.1601,19.92071],[105.15738,19.92265],[105.15062,19.92318],[105.1451,19.92153],[105.14326,19.92173],[105.13543,19.92459],[105.1327,19.92284],[105.12376,19.9273],[105.11886,19.93068],[105.1107,19.93479],[105.10195,19.93735],[105.09221,19.93837],[105.08411,19.93761],[105.07427,19.93617],[105.07025,19.93589],[105.06157,19.93349],[105.05041,19.93425],[105.0443,19.9368],[105.03687,19.94244],[105.0159,19.95391],[105.01089,19.95464],[105.00407,19.95409],[105.00154,19.95341],[104.99819,19.95721],[104.99886,19.96038],[104.99723,19.96324],[104.98537,19.97006],[104.98165,19.97249],[104.97773,19.97598],[104.97453,19.97756],[104.96856,19.97615],[104.96466,19.97689],[104.96291,19.97969],[104.96276,19.98706],[104.96217,19.9897],[104.95929,19.99366],[104.95752,19.99422],[104.95242,19.99315],[104.94767,19.99125],[104.94319,19.99004],[104.93836,19.99062],[104.93494,19.99009],[104.92609,19.99045],[104.92289,19.99171],[104.91868,19.99732]]]]},"properties":{"name":"Nghệ An","fullName":"Tỉnh Nghệ An","code":"40"}},{"type":"Feature","geometry":{"type":"MultiPolygon","coordinates":[[[[105.96355,18.79113],[105.9643,18.79601],[105.96272,18.7983],[105.95743,18.80236],[105.95683,18.8033],[105.95079,18.80561],[105.95716,18.79486],[105.96219,18.79132],[105.96355,18.79113]]],[[[105.18681,18.60338],[105.18122,18.60347],[105.17026,18.60794],[105.16587,18.61248],[105.1576,18.61426],[105.15543,18.61129],[105.15005,18.60678],[105.13739,18.59734],[105.13328,18.59301],[105.13294,18.59092],[105.13447,18.58641],[105.13481,18.58327],[105.13357,18.57921],[105.13253,18.57047],[105.13762,18.56524],[105.13781,18.56253],[105.13394,18.56082],[105.13078,18.56029],[105.12628,18.55677],[105.12581,18.55497],[105.12732,18.55019],[105.12429,18.54596],[105.11966,18.54208],[105.11592,18.54102],[105.11415,18.53976],[105.11314,18.53262],[105.11408,18.52803],[105.11776,18.52451],[105.11644,18.52171],[105.11351,18.52036],[105.11058,18.51442],[105.10868,18.50793],[105.1084,18.50378],[105.10972,18.50062],[105.11067,18.49632],[105.11025,18.4901],[105.10798,18.48604],[105.10731,18.48325],[105.10594,18.47232],[105.10638,18.46751],[105.10392,18.45868],[105.10412,18.45349],[105.10222,18.44982],[105.10219,18.44746],[105.10519,18.44042],[105.10854,18.43526],[105.11695,18.43259],[105.11777,18.42644],[105.11889,18.42193],[105.12196,18.41891],[105.12781,18.41641],[105.13301,18.41669],[105.13465,18.41734],[105.13773,18.42094],[105.13854,18.42073],[105.13831,18.41554],[105.13608,18.4131],[105.13643,18.40931],[105.13928,18.40795],[105.14527,18.40407],[105.14601,18.39691],[105.14822,18.39155],[105.15094,18.38905],[105.15614,18.38804],[105.16235,18.38787],[105.16446,18.38846],[105.16611,18.39302],[105.17045,18.39309],[105.17846,18.39047],[105.18207,18.388],[105.18283,18.38557],[105.17973,18.37933],[105.17808,18.37425],[105.17815,18.36988],[105.18327,18.36269],[105.1872,18.35253],[105.18779,18.3467],[105.18554,18.341],[105.18246,18.33086],[105.18253,18.32589],[105.19234,18.31901],[105.19938,18.31685],[105.20597,18.3157],[105.20769,18.31448],[105.21421,18.30788],[105.21552,18.30481],[105.22304,18.30476],[105.22768,18.30393],[105.23061,18.30192],[105.23893,18.29791],[105.24123,18.29723],[105.247,18.2852],[105.25148,18.27753],[105.2547,18.27373],[105.25619,18.2695],[105.25581,18.26686],[105.25416,18.26571],[105.25456,18.25987],[105.26247,18.26011],[105.26989,18.26082],[105.27131,18.25974],[105.2731,18.25544],[105.27542,18.25522],[105.27917,18.25887],[105.27975,18.26192],[105.28397,18.26094],[105.28591,18.25886],[105.2861,18.2568],[105.29108,18.25599],[105.29333,18.25642],[105.29609,18.25283],[105.29406,18.24753],[105.2942,18.24223],[105.29816,18.23655],[105.30026,18.23914],[105.30109,18.24244],[105.3044,18.25031],[105.30494,18.25489],[105.30322,18.25797],[105.30867,18.26734],[105.30931,18.26696],[105.32061,18.26575],[105.32795,18.26331],[105.32906,18.25407],[105.32649,18.2434],[105.32315,18.23629],[105.32152,18.22937],[105.32211,18.22428],[105.32293,18.22263],[105.32398,18.21286],[105.32366,18.20988],[105.31893,18.20459],[105.3181,18.2015],[105.324,18.19555],[105.32742,18.19339],[105.33553,18.19231],[105.33635,18.18944],[105.33529,18.18326],[105.3448,18.1837],[105.34929,18.18519],[105.35071,18.18436],[105.3549,18.17995],[105.35729,18.17658],[105.36087,18.16877],[105.36165,18.16547],[105.36541,18.16199],[105.37396,18.16123],[105.37599,18.16723],[105.37974,18.17045],[105.38203,18.17132],[105.383,18.16923],[105.38724,18.16353],[105.39107,18.1603],[105.39448,18.15983],[105.39821,18.1616],[105.40233,18.16016],[105.4027,18.15772],[105.40695,18.1552],[105.40832,18.1553],[105.41048,18.15778],[105.4132,18.16759],[105.41224,18.17225],[105.41322,18.1754],[105.41758,18.18319],[105.4201,18.18507],[105.42597,18.18403],[105.42971,18.17973],[105.43548,18.18091],[105.43705,18.18201],[105.43981,18.18785],[105.44442,18.19438],[105.4451,18.1986],[105.44444,18.2009],[105.44129,18.20176],[105.44017,18.20391],[105.44237,18.20547],[105.45403,18.20388],[105.4571,18.20588],[105.4597,18.20527],[105.4696,18.19991],[105.47873,18.19693],[105.48112,18.19794],[105.48473,18.20187],[105.48966,18.20359],[105.49188,18.2014],[105.49078,18.19735],[105.48779,18.19476],[105.4855,18.18723],[105.48525,18.18233],[105.48731,18.17705],[105.49005,18.17686],[105.4917,18.178],[105.49616,18.18773],[105.49668,18.18954],[105.49862,18.19052],[105.5,18.1888],[105.50305,18.18116],[105.50352,18.17519],[105.5094,18.15778],[105.51081,18.15014],[105.50886,18.1477],[105.50507,18.14683],[105.5024,18.1415],[105.50135,18.13451],[105.50185,18.13021],[105.5046,18.12482],[105.50832,18.12167],[105.51092,18.12333],[105.51292,18.12575],[105.51947,18.12705],[105.52269,18.12513],[105.53381,18.11309],[105.53758,18.10711],[105.53778,18.10584],[105.53778,18.08424],[105.5384,18.08331],[105.5422,18.08205],[105.55539,18.08142],[105.56221,18.08327],[105.56481,18.08521],[105.5696,18.08226],[105.57272,18.07221],[105.57047,18.06719],[105.57167,18.06363],[105.57373,18.06239],[105.57889,18.063],[105.58006,18.05894],[105.58074,18.04935],[105.58389,18.04406],[105.58338,18.03989],[105.58007,18.0333],[105.57781,18.02773],[105.57923,18.02372],[105.58043,18.01696],[105.58009,18.01474],[105.5828,18.01167],[105.58512,18.01235],[105.59226,18.01008],[105.59276,18.00557],[105.59684,18.00304],[105.59751,18.00608],[105.60239,18.00992],[105.61097,18.01295],[105.61356,18.01187],[105.61535,18.00736],[105.61901,18.00256],[105.62709,17.99536],[105.63114,17.99291],[105.63384,17.993],[105.63809,17.9946],[105.64034,17.99475],[105.64176,17.99356],[105.65523,17.99429],[105.66897,17.99424],[105.69484,17.99345],[105.70346,17.99341],[105.70459,17.9939],[105.7193,18.00718],[105.71999,18.0096],[105.71821,18.01781],[105.71818,18.02046],[105.71988,18.02428],[105.72778,18.03398],[105.72985,18.03564],[105.73658,18.03752],[105.74852,18.035],[105.75268,18.02894],[105.75654,18.0269],[105.76434,18.02559],[105.76884,18.02401],[105.77394,18.01856],[105.77664,18.01831],[105.78278,18.02351],[105.78601,18.0257],[105.79202,18.02648],[105.80839,18.02727],[105.80878,18.0286],[105.80592,18.03241],[105.80655,18.03352],[105.81005,18.03514],[105.8147,18.0385],[105.81707,18.03772],[105.81821,18.03562],[105.82329,18.03333],[105.82716,18.03295],[105.83165,18.03804],[105.83303,18.04291],[105.83121,18.04626],[105.82933,18.04747],[105.82396,18.04898],[105.81774,18.05199],[105.81115,18.05397],[105.81909,18.06016],[105.82558,18.06449],[105.82859,18.0658],[105.83383,18.06681],[105.85176,18.0685],[105.86715,18.06732],[105.87084,18.06846],[105.87903,18.07839],[105.88618,18.08554],[105.89251,18.09048],[105.89609,18.09091],[105.90471,18.0899],[105.9113,18.08734],[105.91316,18.08577],[105.91663,18.08144],[105.92123,18.08514],[105.92988,18.09008],[105.93275,18.08836],[105.9341,18.08437],[105.94598,18.0702],[105.94837,18.06575],[105.9479,18.06032],[105.94984,18.05882],[105.95233,18.05903],[105.95653,18.06043],[105.96088,18.06041],[105.96374,18.05757],[105.96601,18.05667],[105.97059,18.06036],[105.97395,18.06398],[105.979,18.06516],[105.98541,18.06361],[105.99182,18.05706],[105.99433,18.05203],[106.00547,18.04338],[106.00829,18.04006],[106.01419,18.03511],[106.01509,18.02984],[106.01929,18.02613],[106.02512,18.02519],[106.03249,18.02584],[106.04034,18.02704],[106.04454,18.02673],[106.04598,18.02533],[106.05418,18.01215],[106.05619,18.00978],[106.06116,18.00517],[106.06508,18],[106.07213,17.99398],[106.07568,17.98964],[106.07534,17.98887],[106.06947,17.98623],[106.06492,17.98275],[106.05658,17.97521],[106.04879,17.96912],[106.04553,17.96501],[106.04727,17.96241],[106.04683,17.95712],[106.04367,17.94771],[106.06084,17.94007],[106.07768,17.9347],[106.09447,17.93219],[106.1402,17.92062],[106.16353,17.91722],[106.1728,17.91658],[106.17828,17.92022],[106.18302,17.9229],[106.18777,17.92366],[106.19179,17.92225],[106.19367,17.91921],[106.19589,17.91758],[106.19804,17.91763],[106.19978,17.91915],[106.20529,17.92536],[106.20765,17.92668],[106.21716,17.92904],[106.22283,17.93009],[106.23889,17.92893],[106.24236,17.92793],[106.25391,17.921],[106.25633,17.919],[106.25998,17.91437],[106.26333,17.91567],[106.26658,17.91929],[106.27027,17.92087],[106.27289,17.92075],[106.27732,17.91802],[106.2812,17.92011],[106.28269,17.92236],[106.28325,17.92694],[106.28231,17.92929],[106.27928,17.93239],[106.27939,17.93565],[106.28256,17.94055],[106.29179,17.94729],[106.30095,17.96031],[106.30594,17.96347],[106.31349,17.96442],[106.32034,17.9634],[106.32192,17.96402],[106.32618,17.97664],[106.32793,17.98047],[106.33034,17.98318],[106.33696,17.99228],[106.33874,17.99236],[106.35884,17.99026],[106.38244,17.98564],[106.39204,17.98227],[106.4166,17.97582],[106.43367,17.97306],[106.44193,17.96968],[106.44223,17.9562],[106.44256,17.95319],[106.4441,17.95203],[106.44962,17.95135],[106.45654,17.95493],[106.46504,17.95696],[106.46819,17.95718],[106.47316,17.95631],[106.47726,17.95463],[106.47909,17.95486],[106.49092,17.96075],[106.49413,17.9616],[106.50302,17.96264],[106.50408,17.96363],[106.5,17.96532],[106.49271,17.96571],[106.49089,17.96895],[106.48284,17.98064],[106.47984,17.98606],[106.47904,17.98854],[106.4771,17.98947],[106.47359,17.99313],[106.47169,17.99726],[106.47033,17.99851],[106.46768,17.99892],[106.45978,18.00961],[106.45286,18.02068],[106.44949,18.02804],[106.45706,18.03165],[106.45082,18.05633],[106.43782,18.04955],[106.43493,18.05743],[106.43148,18.0648],[106.43008,18.0701],[106.42687,18.07926],[106.42311,18.08546],[106.41891,18.09111],[106.41861,18.09278],[106.42052,18.09572],[106.42085,18.0976],[106.42007,18.10339],[106.4213,18.10721],[106.42839,18.1147],[106.43159,18.1188],[106.43298,18.1221],[106.43151,18.12336],[106.4224,18.12176],[106.41945,18.12272],[106.41968,18.12595],[106.41558,18.12608],[106.40975,18.12195],[106.40814,18.11934],[106.40596,18.11231],[106.40621,18.10817],[106.40533,18.10202],[106.40235,18.10026],[106.39692,18.09945],[106.38925,18.10005],[106.38163,18.10252],[106.37803,18.10474],[106.3769,18.10676],[106.37407,18.10566],[106.37136,18.10621],[106.36745,18.10878],[106.36188,18.10949],[106.35481,18.11177],[106.35383,18.11372],[106.35062,18.11709],[106.34136,18.12474],[106.33726,18.12781],[106.32778,18.13579],[106.29384,18.16625],[106.29048,18.16948],[106.2856,18.17533],[106.27634,18.18439],[106.27323,18.18837],[106.26312,18.20034],[106.25058,18.21411],[106.24975,18.21563],[106.24742,18.21658],[106.23761,18.21835],[106.23384,18.21664],[106.22854,18.22063],[106.22606,18.22415],[106.21928,18.22551],[106.21178,18.2337],[106.20812,18.23409],[106.20526,18.23548],[106.19725,18.2423],[106.18933,18.24814],[106.18735,18.2501],[106.17478,18.25949],[106.16251,18.26602],[106.15591,18.26764],[106.14886,18.2684],[106.14,18.26845],[106.12272,18.2668],[106.11353,18.26868],[106.11115,18.27137],[106.10897,18.27237],[106.10355,18.27367],[106.09871,18.27574],[106.09193,18.28121],[106.09134,18.28218],[106.08639,18.28469],[106.08176,18.28855],[106.06903,18.29969],[106.0557,18.31268],[106.04679,18.32089],[106.04392,18.32441],[106.02356,18.34609],[106.01348,18.35748],[106.00567,18.36683],[105.98368,18.39285],[105.97164,18.40853],[105.95964,18.42567],[105.95144,18.43808],[105.94247,18.45343],[105.93797,18.46178],[105.9375,18.46582],[105.94015,18.46794],[105.9417,18.47033],[105.9412,18.47215],[105.93926,18.47296],[105.93724,18.47136],[105.936,18.46839],[105.93414,18.46743],[105.93025,18.46118],[105.93018,18.45821],[105.92745,18.45329],[105.92598,18.45158],[105.92085,18.45212],[105.92022,18.45601],[105.9175,18.46094],[105.91177,18.46756],[105.8971,18.48521],[105.89222,18.49145],[105.88438,18.50308],[105.88088,18.50761],[105.8694,18.52433],[105.86589,18.52897],[105.86264,18.52874],[105.86072,18.53038],[105.85604,18.53713],[105.85469,18.54086],[105.8552,18.54427],[105.85463,18.54554],[105.8471,18.55752],[105.84333,18.56449],[105.84007,18.56948],[105.83578,18.57721],[105.83274,18.58343],[105.82914,18.58994],[105.82683,18.59485],[105.82484,18.59793],[105.81533,18.61859],[105.80881,18.63426],[105.80156,18.65436],[105.79678,18.66971],[105.7946,18.67794],[105.79022,18.69759],[105.78989,18.70129],[105.78655,18.71914],[105.78456,18.72564],[105.78307,18.73222],[105.78061,18.74108],[105.77821,18.74829],[105.77619,18.75616],[105.77485,18.76],[105.76869,18.76615],[105.76616,18.76779],[105.76407,18.76508],[105.7609,18.76294],[105.75501,18.76024],[105.74792,18.75625],[105.74308,18.75197],[105.7408,18.74753],[105.74078,18.74308],[105.74211,18.73763],[105.74615,18.73044],[105.75003,18.72239],[105.75285,18.71377],[105.75462,18.70616],[105.75686,18.70184],[105.76132,18.69522],[105.76687,18.68459],[105.76791,18.68028],[105.76699,18.67626],[105.76396,18.67298],[105.75748,18.67056],[105.75009,18.66844],[105.742,18.66906],[105.73905,18.66984],[105.72922,18.67353],[105.72621,18.67402],[105.71981,18.67243],[105.71673,18.67065],[105.71251,18.66594],[105.71079,18.66051],[105.71014,18.65495],[105.70908,18.6511],[105.70604,18.6458],[105.70467,18.64035],[105.70239,18.63634],[105.69501,18.63479],[105.69064,18.63223],[105.68897,18.62865],[105.68788,18.62019],[105.68745,18.60641],[105.68764,18.59705],[105.6852,18.59046],[105.6813,18.58298],[105.67809,18.58034],[105.67542,18.57984],[105.67224,18.58301],[105.66758,18.58525],[105.66412,18.5853],[105.6467,18.57906],[105.6302,18.57196],[105.62747,18.57023],[105.62388,18.56911],[105.61952,18.57048],[105.61618,18.57401],[105.61352,18.57827],[105.60518,18.57793],[105.59981,18.57668],[105.59667,18.57759],[105.59189,18.57347],[105.58882,18.57371],[105.58466,18.56333],[105.58129,18.55994],[105.57838,18.55952],[105.57294,18.55985],[105.57042,18.56078],[105.56278,18.56136],[105.55429,18.55929],[105.55026,18.55691],[105.54847,18.55516],[105.54547,18.55369],[105.54276,18.55356],[105.53729,18.55657],[105.53393,18.55979],[105.53077,18.56359],[105.52631,18.57198],[105.52213,18.57912],[105.51896,18.58302],[105.51557,18.58883],[105.5116,18.60048],[105.50935,18.60362],[105.50266,18.61124],[105.49793,18.61191],[105.4917,18.6116],[105.48801,18.61205],[105.48363,18.61382],[105.47648,18.61527],[105.47451,18.6145],[105.47376,18.61079],[105.47178,18.60865],[105.46617,18.60658],[105.45254,18.60344],[105.44531,18.6023],[105.44041,18.59995],[105.43609,18.59232],[105.43279,18.59036],[105.42638,18.58894],[105.41945,18.58829],[105.41311,18.5884],[105.40809,18.58767],[105.40359,18.58618],[105.39418,18.58252],[105.37841,18.58105],[105.37439,18.58104],[105.36392,18.58196],[105.35786,18.58419],[105.33467,18.59589],[105.3298,18.59938],[105.32392,18.60305],[105.31467,18.60559],[105.30601,18.60751],[105.30413,18.60866],[105.30095,18.61351],[105.29808,18.61683],[105.29524,18.619],[105.28856,18.62217],[105.28452,18.62318],[105.27929,18.6233],[105.27437,18.62277],[105.26836,18.62058],[105.25957,18.61654],[105.24914,18.61092],[105.23932,18.60449],[105.23478,18.59839],[105.23213,18.59337],[105.22891,18.58931],[105.22511,18.5892],[105.22061,18.59444],[105.21497,18.59814],[105.20811,18.59997],[105.19299,18.60217],[105.18681,18.60338]]],[[[106.45687,18.10147],[106.46048,18.10213],[106.46243,18.1033],[106.46144,18.10766],[106.45877,18.10712],[106.45275,18.1042],[106.4505,18.10207],[106.45051,18.10065],[106.45687,18.10147]]]]},"properties":{"name":"Hà Tĩnh","fullName":"Tỉnh Hà Tĩnh","code":"42"}},{"type":"Feature","geometry":{"type":"Polygon","coordinates":[[[108.19216,16.21115],[108.18536,16.21372],[108.18208,16.21407],[108.17862,16.21352],[108.16984,16.20995],[108.16809,16.20964],[108.16474,16.21103],[108.15115,16.21938],[108.14804,16.22094],[108.1446,16.22114],[108.14252,16.21875],[108.14073,16.21454],[108.13835,16.21463],[108.13388,16.21637],[108.12785,16.21716],[108.12326,16.21674],[108.1191,16.21404],[108.1158,16.2141],[108.10935,16.21903],[108.10376,16.21999],[108.09762,16.22445],[108.09199,16.22917],[108.08566,16.23285],[108.08284,16.23722],[108.07024,16.2551],[108.06104,16.26889],[108.05777,16.27288],[108.05471,16.27864],[108.04787,16.28912],[108.03906,16.30338],[108.03538,16.3107],[108.03561,16.31324],[108.03962,16.31493],[108.04027,16.31696],[108.03496,16.3275],[108.03204,16.33262],[108.03178,16.33652],[108.02719,16.3375],[108.02524,16.3387],[108.02247,16.34167],[108.02157,16.34419],[108.0191,16.34492],[108.01687,16.34375],[108.0149,16.33996],[108.01591,16.33564],[108.01836,16.33355],[108.02011,16.33084],[108.02007,16.32124],[108.01701,16.31861],[108.01102,16.3154],[108.00456,16.31353],[108.00142,16.31327],[107.99688,16.3138],[107.98257,16.31619],[107.97645,16.31782],[107.97333,16.32058],[107.96793,16.32314],[107.96216,16.32803],[107.95851,16.33183],[107.95412,16.3374],[107.95289,16.33983],[107.95298,16.34552],[107.95016,16.34398],[107.94515,16.34814],[107.94338,16.34749],[107.94337,16.34324],[107.94099,16.34105],[107.93856,16.34095],[107.93259,16.34193],[107.9304,16.34452],[107.92637,16.34795],[107.92515,16.35081],[107.92209,16.35324],[107.91957,16.35432],[107.91414,16.35947],[107.9031,16.36857],[107.90103,16.36714],[107.89768,16.36781],[107.89194,16.37201],[107.88355,16.37878],[107.88049,16.3817],[107.85563,16.40283],[107.84997,16.40828],[107.83646,16.42012],[107.8302,16.42584],[107.82288,16.43208],[107.81474,16.43986],[107.80574,16.44746],[107.80036,16.45263],[107.79492,16.45709],[107.77989,16.46984],[107.77285,16.47549],[107.74697,16.49544],[107.74123,16.5],[107.72826,16.5095],[107.71218,16.52262],[107.69867,16.53186],[107.68648,16.54072],[107.68156,16.54306],[107.67315,16.54877],[107.66085,16.55639],[107.65822,16.55633],[107.6537,16.55885],[107.65016,16.56144],[107.63501,16.56875],[107.62981,16.57221],[107.61151,16.57976],[107.60949,16.58134],[107.59425,16.58849],[107.58704,16.59251],[107.57239,16.60219],[107.56948,16.60438],[107.55315,16.61575],[107.54869,16.6187],[107.53702,16.62711],[107.51227,16.64524],[107.5,16.65441],[107.48985,16.66253],[107.4814,16.66955],[107.47852,16.67164],[107.45869,16.68766],[107.44682,16.69605],[107.43525,16.70512],[107.42599,16.71268],[107.4202,16.71776],[107.40414,16.73041],[107.39504,16.73673],[107.38566,16.74376],[107.38274,16.74126],[107.36796,16.73487],[107.35603,16.71357],[107.35296,16.7102],[107.35003,16.70912],[107.35549,16.70396],[107.35554,16.69877],[107.351,16.6981],[107.34799,16.69654],[107.34307,16.6926],[107.33796,16.68667],[107.33356,16.67969],[107.33259,16.67684],[107.32334,16.67213],[107.32224,16.6701],[107.32431,16.66929],[107.3264,16.67005],[107.32963,16.6689],[107.32909,16.66731],[107.32592,16.66577],[107.32174,16.66629],[107.3165,16.6629],[107.31714,16.6605],[107.32166,16.65555],[107.32314,16.65538],[107.32654,16.65162],[107.32749,16.64852],[107.3267,16.64333],[107.32428,16.64378],[107.32322,16.64551],[107.32321,16.64956],[107.32154,16.65261],[107.31953,16.65391],[107.31572,16.65289],[107.31189,16.6482],[107.3047,16.64151],[107.30535,16.63925],[107.30721,16.63717],[107.31039,16.63657],[107.31143,16.63747],[107.31113,16.64208],[107.31389,16.64093],[107.31398,16.63916],[107.30996,16.63042],[107.30853,16.62663],[107.30943,16.62526],[107.31683,16.62239],[107.3204,16.61908],[107.32147,16.61559],[107.3265,16.60929],[107.32305,16.60599],[107.32729,16.60345],[107.3296,16.60331],[107.33214,16.60094],[107.33137,16.59937],[107.32506,16.60008],[107.32274,16.59846],[107.32195,16.59495],[107.32456,16.58962],[107.32341,16.58669],[107.31742,16.58325],[107.31119,16.58034],[107.30202,16.58635],[107.30095,16.58737],[107.2752,16.57138],[107.26905,16.56656],[107.26498,16.57008],[107.25679,16.57318],[107.25185,16.57649],[107.24791,16.58018],[107.2452,16.58687],[107.24216,16.58722],[107.24015,16.58584],[107.22847,16.58185],[107.22132,16.58028],[107.2132,16.57929],[107.20614,16.57979],[107.20165,16.58393],[107.20076,16.58408],[107.18474,16.58074],[107.17,16.57946],[107.16465,16.57803],[107.14921,16.57559],[107.13607,16.57127],[107.12703,16.56663],[107.12432,16.56408],[107.12303,16.5618],[107.12075,16.55589],[107.11925,16.55454],[107.11056,16.55288],[107.09998,16.55261],[107.0934,16.55126],[107.08409,16.54702],[107.07663,16.54579],[107.06917,16.54503],[107.06443,16.54585],[107.0607,16.54548],[107.05934,16.54355],[107.05913,16.53714],[107.05858,16.53371],[107.05366,16.52524],[107.05786,16.51977],[107.06397,16.51276],[107.07863,16.50646],[107.082,16.50517],[107.09024,16.50328],[107.09263,16.50227],[107.09388,16.50026],[107.096,16.49475],[107.09762,16.49411],[107.10114,16.49587],[107.10391,16.49561],[107.12099,16.48504],[107.1238,16.48128],[107.12779,16.47263],[107.13064,16.46816],[107.13364,16.45874],[107.13303,16.45484],[107.12939,16.45044],[107.13095,16.44757],[107.13569,16.44513],[107.13601,16.44219],[107.1372,16.44046],[107.14162,16.43813],[107.14616,16.43821],[107.14661,16.43467],[107.1442,16.43256],[107.14241,16.42914],[107.14302,16.42597],[107.14433,16.42401],[107.14318,16.42091],[107.13967,16.41889],[107.13888,16.41621],[107.14083,16.41437],[107.14146,16.4118],[107.13933,16.40848],[107.14072,16.40395],[107.14429,16.39951],[107.15102,16.3918],[107.15073,16.39003],[107.14642,16.38746],[107.13929,16.38953],[107.1378,16.3906],[107.12938,16.38613],[107.12607,16.38371],[107.12181,16.38671],[107.11245,16.3864],[107.10817,16.38737],[107.10293,16.39406],[107.09737,16.39877],[107.09383,16.40478],[107.09212,16.40308],[107.09347,16.40071],[107.09243,16.3993],[107.08593,16.40338],[107.08114,16.40382],[107.07678,16.40167],[107.07361,16.40327],[107.07052,16.40407],[107.06536,16.40732],[107.06228,16.41179],[107.05945,16.4106],[107.0567,16.40828],[107.05625,16.40637],[107.05712,16.40366],[107.05445,16.40142],[107.0572,16.39705],[107.05591,16.39004],[107.05796,16.38801],[107.05798,16.38625],[107.05249,16.38224],[107.04853,16.38318],[107.04374,16.38126],[107.03796,16.37174],[107.03607,16.37085],[107.03423,16.36775],[107.03299,16.36316],[107.03286,16.35819],[107.03764,16.35751],[107.03933,16.35315],[107.03925,16.35051],[107.04559,16.34987],[107.04887,16.35081],[107.05147,16.34715],[107.05465,16.34884],[107.05865,16.3484],[107.05972,16.34903],[107.06122,16.33901],[107.06163,16.33317],[107.06717,16.32892],[107.07366,16.32552],[107.07878,16.32222],[107.08037,16.31974],[107.08056,16.31681],[107.07954,16.31343],[107.08168,16.31353],[107.08593,16.31237],[107.0938,16.3067],[107.14564,16.27074],[107.14553,16.27015],[107.14937,16.26421],[107.15362,16.2587],[107.15266,16.24721],[107.15161,16.24337],[107.14929,16.24099],[107.1499,16.23591],[107.15341,16.23361],[107.15308,16.2314],[107.14973,16.2266],[107.14562,16.22283],[107.14424,16.22036],[107.14265,16.21524],[107.14585,16.20848],[107.14709,16.20191],[107.14734,16.19062],[107.15168,16.18623],[107.1543,16.18237],[107.15643,16.17174],[107.15786,16.16991],[107.16473,16.1671],[107.16738,16.16713],[107.17149,16.16387],[107.17383,16.15952],[107.17992,16.1549],[107.18345,16.15316],[107.19158,16.14706],[107.19309,16.14564],[107.19799,16.14508],[107.20478,16.1469],[107.21034,16.14415],[107.2213,16.14011],[107.22641,16.14386],[107.23386,16.14704],[107.23721,16.14804],[107.24224,16.14824],[107.245,16.1465],[107.24568,16.14338],[107.24822,16.14018],[107.25206,16.13737],[107.26024,16.13815],[107.26162,16.13703],[107.26446,16.1267],[107.26646,16.12179],[107.27,16.11749],[107.27602,16.11711],[107.27943,16.1185],[107.28328,16.11724],[107.28924,16.11065],[107.29221,16.10359],[107.29746,16.09681],[107.30226,16.08897],[107.30887,16.07978],[107.31335,16.0747],[107.31796,16.07096],[107.32271,16.07105],[107.32756,16.06577],[107.32815,16.06118],[107.33242,16.05606],[107.33716,16.05641],[107.34097,16.05875],[107.3422,16.06088],[107.3472,16.0634],[107.35305,16.06367],[107.36117,16.06215],[107.36373,16.06201],[107.36821,16.06455],[107.36979,16.06702],[107.37214,16.07222],[107.3755,16.07433],[107.37793,16.07336],[107.38418,16.06714],[107.38868,16.06368],[107.39442,16.06401],[107.39928,16.06548],[107.40171,16.07894],[107.4052,16.08332],[107.40738,16.08514],[107.41095,16.08528],[107.41533,16.0829],[107.41984,16.07935],[107.42486,16.07909],[107.42972,16.08004],[107.43761,16.08323],[107.44163,16.08391],[107.44421,16.08737],[107.44469,16.09107],[107.44771,16.09079],[107.45012,16.08935],[107.45478,16.08429],[107.45573,16.08274],[107.45943,16.07408],[107.45867,16.07221],[107.4511,16.06581],[107.44923,16.0639],[107.44465,16.05533],[107.44528,16.04259],[107.44809,16.03869],[107.45203,16.03796],[107.4554,16.03454],[107.45612,16.03308],[107.45987,16.02927],[107.46296,16.02854],[107.46587,16.02638],[107.46804,16.02846],[107.47112,16.03284],[107.47373,16.03578],[107.47647,16.03648],[107.48219,16.03643],[107.48432,16.04053],[107.48694,16.04192],[107.49308,16.04067],[107.49517,16.03923],[107.49678,16.03647],[107.4994,16.03527],[107.50281,16.02997],[107.50378,16.02502],[107.50507,16.02225],[107.51052,16.01732],[107.51704,16.01555],[107.52026,16.01706],[107.52365,16.01735],[107.52741,16.0165],[107.53389,16.01411],[107.54165,16.01186],[107.546,16.0117],[107.5476,16.01228],[107.54909,16.01568],[107.5528,16.0158],[107.557,16.02059],[107.55836,16.02336],[107.55738,16.02699],[107.5587,16.032],[107.55583,16.03419],[107.55476,16.03695],[107.55081,16.04293],[107.55128,16.04524],[107.5611,16.052],[107.56978,16.05622],[107.57276,16.05548],[107.57699,16.05577],[107.58586,16.05763],[107.59929,16.05843],[107.60365,16.06052],[107.61753,16.06495],[107.61947,16.06307],[107.62303,16.05664],[107.62405,16.05061],[107.62275,16.04668],[107.6186,16.0405],[107.61818,16.03552],[107.61991,16.03266],[107.62428,16.03283],[107.6289,16.03197],[107.63448,16.03018],[107.64462,16.02436],[107.64872,16.02106],[107.65133,16.02034],[107.65974,16.02014],[107.66257,16.01914],[107.66622,16.01511],[107.66883,16.01353],[107.67025,16.01166],[107.67175,16.00713],[107.67428,16.00555],[107.67473,16.00116],[107.6757,16.00001],[107.68129,15.99836],[107.68692,15.99756],[107.69055,15.99655],[107.69717,15.99615],[107.70546,15.99733],[107.70727,15.99947],[107.71463,16.00272],[107.71857,16.00547],[107.72222,16.00893],[107.72459,16.01339],[107.72637,16.02052],[107.72614,16.02283],[107.72435,16.02671],[107.72405,16.02945],[107.72479,16.03111],[107.72769,16.03356],[107.73582,16.03877],[107.74369,16.0433],[107.748,16.0446],[107.7521,16.04511],[107.75575,16.04439],[107.75909,16.05001],[107.76839,16.05326],[107.76884,16.05657],[107.77248,16.06025],[107.77367,16.06306],[107.77329,16.06644],[107.77463,16.06637],[107.77814,16.06379],[107.78424,16.06804],[107.78662,16.06775],[107.794,16.06351],[107.79908,16.0616],[107.80415,16.05522],[107.80626,16.05423],[107.81069,16.05388],[107.81389,16.05453],[107.81683,16.05843],[107.81994,16.06724],[107.82123,16.07468],[107.82102,16.08056],[107.82196,16.08398],[107.82515,16.08953],[107.83314,16.09918],[107.84443,16.10719],[107.85398,16.11453],[107.85432,16.1191],[107.85339,16.1236],[107.85421,16.12845],[107.85779,16.13488],[107.85766,16.13752],[107.85518,16.13992],[107.85716,16.1494],[107.8574,16.15555],[107.85864,16.1566],[107.86855,16.15832],[107.8713,16.15937],[107.87258,16.1608],[107.87386,16.16421],[107.87404,16.16873],[107.87306,16.17276],[107.87048,16.17899],[107.86584,16.18297],[107.86634,16.18586],[107.8731,16.18843],[107.87541,16.1901],[107.87333,16.1962],[107.87485,16.19847],[107.88081,16.20069],[107.88558,16.20163],[107.88846,16.20716],[107.89367,16.20671],[107.90054,16.21062],[107.90737,16.21602],[107.9089,16.21648],[107.91233,16.21516],[107.91521,16.21038],[107.92753,16.19904],[107.93173,16.19705],[107.93563,16.19604],[107.94196,16.19555],[107.94898,16.19129],[107.95385,16.19024],[107.95962,16.19272],[107.96618,16.19435],[107.97116,16.20016],[107.97414,16.20141],[107.97684,16.20338],[107.97819,16.20799],[107.98078,16.21054],[107.98643,16.21478],[107.98814,16.21436],[107.99152,16.2111],[108.00334,16.20553],[108.00692,16.20198],[108.0095,16.19794],[108.01149,16.19593],[108.01457,16.19516],[108.0247,16.1942],[108.03067,16.19266],[108.04159,16.18874],[108.04533,16.18675],[108.05496,16.18071],[108.05887,16.18056],[108.06189,16.18457],[108.06342,16.18501],[108.06826,16.18347],[108.08,16.18385],[108.08504,16.18322],[108.08978,16.1814],[108.09193,16.18213],[108.09307,16.18458],[108.09818,16.18773],[108.10351,16.1871],[108.10896,16.18385],[108.11304,16.18259],[108.12017,16.18325],[108.1262,16.18677],[108.13736,16.19474],[108.14259,16.19993],[108.14827,16.20162],[108.1521,16.20126],[108.1539,16.20201],[108.15582,16.20628],[108.15689,16.20716],[108.15973,16.207],[108.16926,16.20405],[108.1733,16.20525],[108.17909,16.20785],[108.18671,16.20911],[108.19216,16.21115]]]},"properties":{"name":"Huế","fullName":"Thành phố Huế","code":"46"}},{"type":"Feature","geometry":{"type":"MultiPolygon","coordinates":[[[[108.69578,15.81265],[108.69629,15.81486],[108.69097,15.8189],[108.68964,15.81845],[108.68874,15.81237],[108.69578,15.81265]]],[[[108.541,15.90483],[108.53992,15.9056],[108.53904,15.90953],[108.53984,15.91208],[108.5382,15.91274],[108.53436,15.9115],[108.53068,15.90801],[108.53105,15.90415],[108.53398,15.90307],[108.53825,15.90483],[108.541,15.90483]]],[[[108.47786,15.93939],[108.48093,15.94269],[108.48281,15.94707],[108.48309,15.94935],[108.48028,15.94964],[108.47825,15.94872],[108.47494,15.94517],[108.47656,15.94001],[108.47786,15.93939]]],[[[108.44594,15.96865],[108.45029,15.97587],[108.45022,15.97868],[108.44789,15.98085],[108.44596,15.97815],[108.4412,15.97351],[108.44093,15.9718],[108.44462,15.96891],[108.44594,15.96865]]],[[[108.52326,15.96136],[108.51377,15.96443],[108.51084,15.9662],[108.50874,15.96845],[108.50779,15.97135],[108.50869,15.97478],[108.50406,15.97912],[108.50138,15.98074],[108.49573,15.9763],[108.49206,15.97502],[108.48955,15.97097],[108.48797,15.96949],[108.48339,15.96844],[108.48172,15.96683],[108.48422,15.96399],[108.48579,15.96373],[108.4885,15.9616],[108.491,15.95734],[108.49359,15.9578],[108.49558,15.96056],[108.49805,15.96115],[108.50414,15.95897],[108.50564,15.95717],[108.50667,15.94993],[108.5089,15.94272],[108.51101,15.94039],[108.51578,15.93991],[108.51766,15.9392],[108.52136,15.93421],[108.52701,15.93189],[108.53121,15.92505],[108.53367,15.92324],[108.53797,15.924],[108.5382,15.92497],[108.53529,15.93056],[108.53617,15.93439],[108.53758,15.93693],[108.5348,15.94656],[108.53482,15.95143],[108.53675,15.95607],[108.53679,15.95752],[108.53371,15.95928],[108.53081,15.95962],[108.52326,15.96136]]],[[[107.46587,16.02638],[107.46166,16.01561],[107.45434,16.00663],[107.45353,16],[107.45074,15.99489],[107.44842,15.99188],[107.44478,15.99112],[107.44284,15.98777],[107.44403,15.98084],[107.44232,15.97894],[107.44034,15.97524],[107.43699,15.96748],[107.4331,15.96182],[107.43115,15.95636],[107.42949,15.94805],[107.428,15.94275],[107.42652,15.93993],[107.42696,15.93429],[107.42578,15.93098],[107.42134,15.92753],[107.41963,15.92754],[107.41672,15.92386],[107.41439,15.91479],[107.41348,15.91318],[107.40861,15.91181],[107.40754,15.91095],[107.40533,15.90553],[107.40296,15.90149],[107.39725,15.89533],[107.39067,15.89364],[107.38587,15.89077],[107.38279,15.8883],[107.37844,15.89003],[107.37281,15.89647],[107.36898,15.8989],[107.36269,15.89688],[107.36291,15.89389],[107.36,15.89262],[107.34873,15.89456],[107.34544,15.89453],[107.33905,15.89161],[107.33353,15.89015],[107.32453,15.88977],[107.3181,15.88652],[107.31401,15.88339],[107.30969,15.87406],[107.30774,15.87148],[107.30113,15.86734],[107.29727,15.86994],[107.28978,15.86636],[107.28708,15.86391],[107.28579,15.8618],[107.2812,15.85877],[107.2763,15.85922],[107.27529,15.86187],[107.27379,15.86259],[107.2706,15.86061],[107.26958,15.85881],[107.26978,15.85494],[107.26775,15.85215],[107.26226,15.85097],[107.25916,15.8512],[107.25405,15.84818],[107.24903,15.84273],[107.24819,15.84088],[107.24578,15.83953],[107.23919,15.84177],[107.23322,15.84467],[107.23166,15.84465],[107.23047,15.84152],[107.22839,15.83941],[107.22454,15.8372],[107.22246,15.83694],[107.21952,15.83223],[107.21522,15.83019],[107.21285,15.82999],[107.20883,15.82783],[107.20941,15.82624],[107.21276,15.82518],[107.21418,15.82387],[107.21875,15.81574],[107.22421,15.80681],[107.22467,15.80257],[107.22382,15.80177],[107.22543,15.79275],[107.22734,15.78651],[107.22565,15.78434],[107.2237,15.78381],[107.22093,15.78177],[107.21775,15.7783],[107.21624,15.76834],[107.21606,15.76469],[107.21502,15.76074],[107.20992,15.75856],[107.20921,15.75557],[107.20991,15.74957],[107.21241,15.74037],[107.21635,15.74054],[107.21954,15.74255],[107.22449,15.74385],[107.23339,15.74475],[107.24127,15.74631],[107.24599,15.746],[107.24805,15.74478],[107.2523,15.73975],[107.25174,15.73612],[107.24874,15.73322],[107.24749,15.72683],[107.25005,15.72319],[107.26278,15.72139],[107.26499,15.71914],[107.26397,15.71286],[107.26909,15.70862],[107.27152,15.70857],[107.27457,15.70081],[107.27337,15.69407],[107.2715,15.68956],[107.27182,15.68673],[107.27467,15.68456],[107.27276,15.67942],[107.26566,15.66926],[107.26326,15.66387],[107.26307,15.65594],[107.26526,15.65486],[107.27332,15.65431],[107.27528,15.64853],[107.27356,15.64401],[107.27373,15.63623],[107.28369,15.6273],[107.28652,15.6257],[107.29045,15.6243],[107.30357,15.62593],[107.31299,15.62668],[107.3185,15.62609],[107.3291,15.6242],[107.33392,15.6225],[107.33577,15.61959],[107.34069,15.61496],[107.34114,15.60985],[107.34052,15.60692],[107.34332,15.60408],[107.34628,15.6031],[107.34874,15.60013],[107.35169,15.59266],[107.35113,15.58923],[107.34779,15.58799],[107.34398,15.58518],[107.34093,15.57877],[107.34489,15.5742],[107.35011,15.57148],[107.35618,15.57197],[107.35819,15.57323],[107.36308,15.57003],[107.36327,15.5604],[107.36161,15.55743],[107.36388,15.54777],[107.36663,15.5431],[107.36817,15.54249],[107.37039,15.53886],[107.37249,15.53259],[107.37308,15.52891],[107.3723,15.52612],[107.37295,15.52264],[107.37516,15.52028],[107.37841,15.51045],[107.3779,15.5041],[107.37986,15.49478],[107.3829,15.49415],[107.38655,15.49579],[107.39397,15.49503],[107.39807,15.4936],[107.40529,15.49512],[107.41092,15.49496],[107.42397,15.49183],[107.42805,15.49124],[107.43007,15.49308],[107.42965,15.49764],[107.42824,15.5002],[107.42998,15.50288],[107.43184,15.50392],[107.43561,15.50446],[107.44582,15.50407],[107.44882,15.50478],[107.45266,15.50434],[107.45639,15.50207],[107.46376,15.50026],[107.4717,15.49671],[107.47884,15.49272],[107.48037,15.48932],[107.47971,15.48433],[107.47582,15.48267],[107.47571,15.47966],[107.47897,15.47834],[107.4835,15.47947],[107.48918,15.48009],[107.49288,15.47973],[107.50095,15.4764],[107.51049,15.47472],[107.51206,15.47349],[107.51433,15.46565],[107.51825,15.46044],[107.52065,15.45462],[107.52047,15.44957],[107.52157,15.44642],[107.52504,15.4426],[107.52454,15.43802],[107.51878,15.42693],[107.51736,15.42353],[107.51647,15.41954],[107.51672,15.41715],[107.5286,15.40686],[107.52981,15.40638],[107.53811,15.40648],[107.54621,15.40449],[107.54904,15.40136],[107.55398,15.39827],[107.55934,15.39552],[107.56343,15.39585],[107.57106,15.39897],[107.58764,15.41381],[107.59076,15.41439],[107.59436,15.41431],[107.59804,15.41573],[107.5995,15.41728],[107.60018,15.42035],[107.60153,15.42239],[107.60664,15.42166],[107.60815,15.41954],[107.61788,15.41851],[107.62216,15.4141],[107.62839,15.41705],[107.63131,15.41764],[107.635,15.41685],[107.63727,15.41414],[107.63906,15.40978],[107.64362,15.40465],[107.65367,15.39617],[107.65866,15.38849],[107.65937,15.384],[107.65837,15.37804],[107.65847,15.37385],[107.66282,15.35338],[107.66661,15.34807],[107.67148,15.34398],[107.67771,15.33733],[107.6856,15.32842],[107.69204,15.31779],[107.69593,15.31466],[107.69908,15.31287],[107.70129,15.31072],[107.70612,15.30402],[107.72841,15.30921],[107.72826,15.30602],[107.72682,15.30472],[107.72638,15.30237],[107.72756,15.29771],[107.72583,15.29183],[107.72664,15.28535],[107.7296,15.2657],[107.73141,15.25516],[107.73406,15.24542],[107.73554,15.24217],[107.73632,15.23757],[107.73455,15.23241],[107.74031,15.23155],[107.74792,15.23163],[107.75104,15.23343],[107.75555,15.23848],[107.7614,15.23733],[107.76637,15.23551],[107.76993,15.2336],[107.77011,15.22829],[107.7726,15.22463],[107.77842,15.22012],[107.78339,15.21913],[107.78605,15.21972],[107.78894,15.21943],[107.7951,15.21793],[107.80259,15.21426],[107.81008,15.21204],[107.81312,15.21226],[107.81466,15.2135],[107.81499,15.21601],[107.81829,15.2169],[107.82577,15.21035],[107.83062,15.20911],[107.83369,15.20946],[107.83593,15.20825],[107.83798,15.20966],[107.84644,15.20808],[107.84903,15.20848],[107.85264,15.21086],[107.86573,15.21142],[107.86949,15.21127],[107.87172,15.21015],[107.87741,15.20276],[107.87786,15.2003],[107.87938,15.19831],[107.88248,15.19766],[107.88772,15.19494],[107.88974,15.19546],[107.89384,15.19974],[107.89648,15.20333],[107.89722,15.2056],[107.90172,15.20746],[107.90434,15.20716],[107.90867,15.20765],[107.91149,15.20854],[107.91283,15.21315],[107.91876,15.21132],[107.92443,15.21088],[107.92769,15.20998],[107.92933,15.20781],[107.92982,15.2044],[107.93214,15.20004],[107.93174,15.19627],[107.9348,15.19257],[107.94435,15.18921],[107.94801,15.18464],[107.94857,15.17634],[107.95804,15.17409],[107.96345,15.17087],[107.96836,15.16924],[107.98001,15.16747],[107.98261,15.16317],[107.98584,15.15963],[107.98823,15.15861],[107.99475,15.15806],[107.99728,15.15704],[107.99861,15.15179],[108.00233,15.1445],[108.00254,15.14211],[107.99896,15.13509],[107.99917,15.13114],[107.99707,15.13011],[107.99679,15.12657],[107.99853,15.12389],[108.00127,15.12291],[108.00043,15.11995],[107.99614,15.11804],[107.99213,15.11214],[107.98984,15.10595],[107.98785,15.10272],[107.9857,15.10087],[107.9868,15.09763],[107.98581,15.0958],[107.98212,15.09368],[107.98156,15.0904],[107.97816,15.08726],[107.97644,15.08294],[107.97707,15.08063],[107.97367,15.07568],[107.97457,15.07328],[107.97427,15.07095],[107.97048,15.06856],[107.96236,15.06639],[107.95287,15.0586],[107.94814,15.05427],[107.94874,15.0529],[107.95444,15.04722],[107.95695,15.04559],[107.95751,15.04395],[107.95702,15.04054],[107.95534,15.03791],[107.95771,15.03487],[107.95974,15.03045],[107.96128,15.02952],[107.9635,15.0225],[107.9679,15.01717],[107.97519,15.0113],[107.97722,15.01083],[107.97922,15.01212],[107.98088,15.01143],[107.98165,15.00747],[107.98634,15.00169],[107.98845,15.0002],[107.9909,15.00054],[107.99321,15.00197],[107.99672,15.0019],[107.99885,15.00322],[108.00136,15.00333],[108.00557,15.0013],[108.00688,14.99986],[108.00904,14.99964],[108.0146,15.00258],[108.01762,15.00265],[108.02451,14.99885],[108.0418,14.99463],[108.04486,14.99306],[108.04807,14.99002],[108.0576,14.97591],[108.06164,14.97273],[108.06485,14.9717],[108.07416,14.96967],[108.07728,14.96799],[108.08008,14.96502],[108.08271,14.95925],[108.08595,14.95639],[108.08962,14.9545],[108.09666,14.95329],[108.101,14.95329],[108.10707,14.95408],[108.11422,14.95889],[108.12153,14.96134],[108.14283,14.96076],[108.14799,14.9633],[108.15859,14.97332],[108.16,14.97527],[108.1593,14.97828],[108.15779,14.98063],[108.15612,14.9909],[108.15439,14.99705],[108.15015,15.00207],[108.14947,15.00502],[108.15003,15.01059],[108.14789,15.01908],[108.14905,15.0258],[108.14994,15.02868],[108.14994,15.03444],[108.14861,15.03977],[108.1458,15.04481],[108.14565,15.04755],[108.14654,15.04927],[108.15117,15.05307],[108.15489,15.05549],[108.15836,15.06109],[108.16,15.06198],[108.16621,15.06193],[108.17025,15.06285],[108.17382,15.06153],[108.18186,15.05694],[108.18725,15.05231],[108.18995,15.04889],[108.19232,15.04249],[108.19346,15.04214],[108.19698,15.04428],[108.20033,15.04347],[108.20403,15.04102],[108.20699,15.03684],[108.21113,15.03381],[108.22002,15.03136],[108.22289,15.03117],[108.22965,15.03293],[108.23679,15.0331],[108.23979,15.03656],[108.24116,15.04185],[108.23926,15.04522],[108.23627,15.04792],[108.23586,15.0504],[108.23721,15.05342],[108.23984,15.06272],[108.23991,15.0668],[108.23846,15.07073],[108.23433,15.07673],[108.23392,15.07932],[108.2421,15.08338],[108.24993,15.08631],[108.25456,15.09057],[108.25789,15.0979],[108.25754,15.10556],[108.25632,15.11147],[108.25514,15.11467],[108.25613,15.11862],[108.25896,15.12242],[108.26162,15.125],[108.26474,15.12714],[108.27229,15.13079],[108.27322,15.13352],[108.27751,15.14257],[108.284,15.15457],[108.28637,15.15967],[108.29222,15.16833],[108.29485,15.17058],[108.3015,15.17261],[108.30455,15.17514],[108.29815,15.18306],[108.29829,15.18499],[108.30026,15.18629],[108.3016,15.1896],[108.30092,15.1933],[108.29722,15.19536],[108.29176,15.19616],[108.29022,15.19737],[108.28954,15.20058],[108.29028,15.20219],[108.29469,15.20496],[108.30292,15.21138],[108.30635,15.2224],[108.30475,15.22623],[108.30237,15.22793],[108.29426,15.22926],[108.28934,15.22941],[108.28711,15.22875],[108.28568,15.23062],[108.28657,15.23273],[108.28598,15.23532],[108.28276,15.23732],[108.27968,15.24376],[108.28116,15.2459],[108.2854,15.24625],[108.28861,15.24754],[108.29083,15.25229],[108.29313,15.2551],[108.29869,15.25783],[108.30084,15.25977],[108.3028,15.26473],[108.30413,15.26994],[108.30359,15.27421],[108.30169,15.27818],[108.29797,15.28019],[108.2979,15.2819],[108.29913,15.28688],[108.30213,15.28799],[108.30342,15.28934],[108.30877,15.29204],[108.31205,15.29703],[108.31534,15.30086],[108.31782,15.30231],[108.32152,15.30256],[108.33332,15.29984],[108.35328,15.29746],[108.35895,15.29633],[108.36264,15.29642],[108.36591,15.29861],[108.38,15.30432],[108.38633,15.30229],[108.39004,15.29999],[108.39207,15.29989],[108.3979,15.30095],[108.4008,15.30197],[108.40155,15.30321],[108.40185,15.30953],[108.40553,15.31119],[108.41206,15.3084],[108.41487,15.30844],[108.42451,15.31673],[108.42557,15.31878],[108.4267,15.32358],[108.42849,15.32623],[108.43133,15.32712],[108.43263,15.32623],[108.43385,15.32261],[108.43445,15.31578],[108.43557,15.31363],[108.43769,15.31276],[108.44936,15.31101],[108.46103,15.3106],[108.46915,15.31135],[108.47449,15.31134],[108.47799,15.30943],[108.48252,15.30919],[108.48507,15.31019],[108.48946,15.31309],[108.4937,15.31645],[108.49487,15.31835],[108.49645,15.32329],[108.4973,15.32438],[108.5027,15.32664],[108.50543,15.32661],[108.51168,15.32396],[108.51791,15.32366],[108.52396,15.32138],[108.52478,15.32163],[108.53136,15.32861],[108.53577,15.33157],[108.54461,15.33606],[108.55088,15.33712],[108.55483,15.33562],[108.56021,15.33601],[108.56465,15.33821],[108.57262,15.34305],[108.57726,15.3462],[108.58106,15.34586],[108.58534,15.34411],[108.58912,15.34782],[108.59142,15.3476],[108.59387,15.34594],[108.59877,15.34686],[108.60048,15.34858],[108.60205,15.35225],[108.6068,15.35404],[108.60969,15.35403],[108.6129,15.3549],[108.62017,15.35823],[108.62784,15.35929],[108.63665,15.36622],[108.64234,15.36849],[108.65682,15.3694],[108.66238,15.36902],[108.66608,15.36673],[108.66918,15.3666],[108.67475,15.36923],[108.67982,15.36873],[108.69009,15.36978],[108.6969,15.37264],[108.70135,15.37334],[108.70766,15.37176],[108.71357,15.37224],[108.71784,15.37434],[108.71937,15.37571],[108.73407,15.39425],[108.737,15.39866],[108.73065,15.40341],[108.71304,15.42102],[108.69767,15.4372],[108.69443,15.44185],[108.69371,15.44496],[108.69609,15.45301],[108.69799,15.45713],[108.69834,15.46195],[108.69569,15.46906],[108.69075,15.47875],[108.68767,15.48586],[108.68446,15.48697],[108.68223,15.4854],[108.68243,15.48371],[108.68068,15.47865],[108.67644,15.48102],[108.67361,15.4839],[108.67186,15.48848],[108.67185,15.49347],[108.6729,15.49819],[108.67524,15.50545],[108.6763,15.50666],[108.67921,15.50652],[108.67986,15.50879],[108.67841,15.51077],[108.67277,15.51627],[108.67123,15.51547],[108.67338,15.50932],[108.67194,15.50474],[108.6685,15.50133],[108.6658,15.5],[108.6609,15.49879],[108.64903,15.49912],[108.64469,15.5],[108.63652,15.50325],[108.63202,15.50555],[108.62778,15.50829],[108.62103,15.51199],[108.61358,15.518],[108.60558,15.52628],[108.59541,15.53798],[108.58851,15.54693],[108.58445,15.5518],[108.57895,15.55608],[108.5757,15.55966],[108.56537,15.57356],[108.56198,15.57864],[108.55825,15.58247],[108.55232,15.59036],[108.54778,15.59884],[108.5428,15.60557],[108.53482,15.61323],[108.52419,15.62814],[108.51979,15.63525],[108.51445,15.64232],[108.5104,15.64924],[108.50278,15.66026],[108.50115,15.66346],[108.48769,15.68427],[108.47827,15.69945],[108.4625,15.72396],[108.45308,15.73885],[108.44157,15.75765],[108.44042,15.75909],[108.43636,15.76666],[108.43005,15.77728],[108.42226,15.79136],[108.41665,15.80356],[108.41312,15.81206],[108.40858,15.82502],[108.40654,15.83389],[108.40282,15.84814],[108.40154,15.8548],[108.4011,15.86578],[108.40242,15.86986],[108.40216,15.87178],[108.3983,15.87289],[108.39292,15.87144],[108.39096,15.87586],[108.39041,15.87915],[108.38771,15.88305],[108.38095,15.88949],[108.36719,15.89787],[108.35209,15.90607],[108.33065,15.91989],[108.32097,15.92774],[108.30735,15.94083],[108.30135,15.94753],[108.29222,15.9595],[108.28739,15.9673],[108.27839,15.98302],[108.26964,16],[108.26878,16.00243],[108.26288,16.01487],[108.25558,16.03114],[108.25106,16.04077],[108.24722,16.05199],[108.24533,16.06017],[108.24457,16.06711],[108.24449,16.07553],[108.2468,16.08675],[108.25123,16.09727],[108.25394,16.10051],[108.25739,16.10261],[108.26183,16.10218],[108.26681,16.09829],[108.27237,16.09806],[108.27749,16.09932],[108.28665,16.10544],[108.29032,16.10646],[108.29359,16.10641],[108.29753,16.10557],[108.30109,16.098],[108.30356,16.09688],[108.30698,16.09824],[108.30834,16.10019],[108.30765,16.1041],[108.30761,16.10794],[108.31173,16.11347],[108.31698,16.11558],[108.33562,16.11995],[108.33492,16.12268],[108.32734,16.13308],[108.32329,16.13933],[108.32068,16.14212],[108.31634,16.14469],[108.31356,16.1445],[108.3118,16.14315],[108.30882,16.1314],[108.30785,16.12611],[108.30553,16.124],[108.30377,16.12394],[108.29831,16.12653],[108.2913,16.13428],[108.28884,16.13605],[108.28412,16.13801],[108.28139,16.13826],[108.27631,16.13659],[108.27316,16.13422],[108.26968,16.13563],[108.26719,16.13915],[108.26186,16.14473],[108.26044,16.14678],[108.25866,16.15115],[108.2546,16.15385],[108.24719,16.15612],[108.2418,16.15231],[108.23513,16.14945],[108.23228,16.14763],[108.23062,16.1455],[108.22626,16.13719],[108.21901,16.12909],[108.21369,16.12566],[108.21244,16.12203],[108.21395,16.11899],[108.21608,16.11767],[108.21731,16.12016],[108.21984,16.12063],[108.23403,16.11389],[108.23839,16.11289],[108.23985,16.1117],[108.24059,16.10735],[108.24033,16.10443],[108.23547,16.09403],[108.23275,16.09579],[108.2341,16.09977],[108.2325,16.10406],[108.22786,16.10323],[108.22684,16.1044],[108.22565,16.10996],[108.22358,16.10996],[108.22149,16.10801],[108.22217,16.10209],[108.22215,16.09765],[108.21591,16.09444],[108.21385,16.09662],[108.20731,16.08892],[108.20567,16.08618],[108.20406,16.08064],[108.20279,16.07829],[108.20013,16.07531],[108.19752,16.0743],[108.19319,16.07402],[108.18517,16.07501],[108.17706,16.07736],[108.16795,16.08125],[108.15783,16.08703],[108.15102,16.09179],[108.14625,16.09565],[108.14123,16.10068],[108.13033,16.11338],[108.12699,16.12098],[108.12568,16.12249],[108.12244,16.1288],[108.12108,16.13331],[108.12196,16.13988],[108.12476,16.14357],[108.12933,16.1422],[108.13397,16.14261],[108.13672,16.14589],[108.13688,16.14864],[108.13532,16.15125],[108.13476,16.15842],[108.13556,16.16172],[108.13861,16.16516],[108.14069,16.16606],[108.14356,16.16576],[108.14737,16.16173],[108.1507,16.16196],[108.15204,16.16354],[108.15098,16.16958],[108.15106,16.17412],[108.15237,16.18757],[108.15429,16.19027],[108.15745,16.19234],[108.16454,16.19451],[108.17263,16.19609],[108.17453,16.19907],[108.17788,16.20117],[108.18331,16.20161],[108.18923,16.2011],[108.19145,16.20228],[108.19216,16.21115],[108.18671,16.20911],[108.17909,16.20785],[108.1733,16.20525],[108.16926,16.20405],[108.15973,16.207],[108.15689,16.20716],[108.15582,16.20628],[108.1539,16.20201],[108.1521,16.20126],[108.14827,16.20162],[108.14259,16.19993],[108.13736,16.19474],[108.1262,16.18677],[108.12017,16.18325],[108.11304,16.18259],[108.10896,16.18385],[108.10351,16.1871],[108.09818,16.18773],[108.09307,16.18458],[108.09193,16.18213],[108.08978,16.1814],[108.08504,16.18322],[108.08,16.18385],[108.06826,16.18347],[108.06342,16.18501],[108.06189,16.18457],[108.05887,16.18056],[108.05496,16.18071],[108.04533,16.18675],[108.04159,16.18874],[108.03067,16.19266],[108.0247,16.1942],[108.01457,16.19516],[108.01149,16.19593],[108.0095,16.19794],[108.00692,16.20198],[108.00334,16.20553],[107.99152,16.2111],[107.98814,16.21436],[107.98643,16.21478],[107.98078,16.21054],[107.97819,16.20799],[107.97684,16.20338],[107.97414,16.20141],[107.97116,16.20016],[107.96618,16.19435],[107.95962,16.19272],[107.95385,16.19024],[107.94898,16.19129],[107.94196,16.19555],[107.93563,16.19604],[107.93173,16.19705],[107.92753,16.19904],[107.91521,16.21038],[107.91233,16.21516],[107.9089,16.21648],[107.90737,16.21602],[107.90054,16.21062],[107.89367,16.20671],[107.88846,16.20716],[107.88558,16.20163],[107.88081,16.20069],[107.87485,16.19847],[107.87333,16.1962],[107.87541,16.1901],[107.8731,16.18843],[107.86634,16.18586],[107.86584,16.18297],[107.87048,16.17899],[107.87306,16.17276],[107.87404,16.16873],[107.87386,16.16421],[107.87258,16.1608],[107.8713,16.15937],[107.86855,16.15832],[107.85864,16.1566],[107.8574,16.15555],[107.85716,16.1494],[107.85518,16.13992],[107.85766,16.13752],[107.85779,16.13488],[107.85421,16.12845],[107.85339,16.1236],[107.85432,16.1191],[107.85398,16.11453],[107.84443,16.10719],[107.83314,16.09918],[107.82515,16.08953],[107.82196,16.08398],[107.82102,16.08056],[107.82123,16.07468],[107.81994,16.06724],[107.81683,16.05843],[107.81389,16.05453],[107.81069,16.05388],[107.80626,16.05423],[107.80415,16.05522],[107.79908,16.0616],[107.794,16.06351],[107.78662,16.06775],[107.78424,16.06804],[107.77814,16.06379],[107.77463,16.06637],[107.77329,16.06644],[107.77367,16.06306],[107.77248,16.06025],[107.76884,16.05657],[107.76839,16.05326],[107.75909,16.05001],[107.75575,16.04439],[107.7521,16.04511],[107.748,16.0446],[107.74369,16.0433],[107.73582,16.03877],[107.72769,16.03356],[107.72479,16.03111],[107.72405,16.02945],[107.72435,16.02671],[107.72614,16.02283],[107.72637,16.02052],[107.72459,16.01339],[107.72222,16.00893],[107.71857,16.00547],[107.71463,16.00272],[107.70727,15.99947],[107.70546,15.99733],[107.69717,15.99615],[107.69055,15.99655],[107.68692,15.99756],[107.68129,15.99836],[107.6757,16.00001],[107.67473,16.00116],[107.67428,16.00555],[107.67175,16.00713],[107.67025,16.01166],[107.66883,16.01353],[107.66622,16.01511],[107.66257,16.01914],[107.65974,16.02014],[107.65133,16.02034],[107.64872,16.02106],[107.64462,16.02436],[107.63448,16.03018],[107.6289,16.03197],[107.62428,16.03283],[107.61991,16.03266],[107.61818,16.03552],[107.6186,16.0405],[107.62275,16.04668],[107.62405,16.05061],[107.62303,16.05664],[107.61947,16.06307],[107.61753,16.06495],[107.60365,16.06052],[107.59929,16.05843],[107.58586,16.05763],[107.57699,16.05577],[107.57276,16.05548],[107.56978,16.05622],[107.5611,16.052],[107.55128,16.04524],[107.55081,16.04293],[107.55476,16.03695],[107.55583,16.03419],[107.5587,16.032],[107.55738,16.02699],[107.55836,16.02336],[107.557,16.02059],[107.5528,16.0158],[107.54909,16.01568],[107.5476,16.01228],[107.546,16.0117],[107.54165,16.01186],[107.53389,16.01411],[107.52741,16.0165],[107.52365,16.01735],[107.52026,16.01706],[107.51704,16.01555],[107.51052,16.01732],[107.50507,16.02225],[107.50378,16.02502],[107.50281,16.02997],[107.4994,16.03527],[107.49678,16.03647],[107.49517,16.03923],[107.49308,16.04067],[107.48694,16.04192],[107.48432,16.04053],[107.48219,16.03643],[107.47647,16.03648],[107.47373,16.03578],[107.47112,16.03284],[107.46804,16.02846],[107.46587,16.02638]]],[[[108.20613,16.21313],[108.20728,16.21517],[108.20863,16.22083],[108.2075,16.22375],[108.20449,16.22614],[108.20229,16.22671],[108.19806,16.22162],[108.19819,16.21836],[108.19704,16.21533],[108.19864,16.21269],[108.20077,16.21318],[108.20469,16.21103],[108.20613,16.21313]]],[[[112.24152,15.694],[112.25254,15.69583],[112.2709,15.70777],[112.27825,15.72246],[112.27733,15.7344],[112.26998,15.7399],[112.2608,15.73899],[112.24519,15.73348],[112.22591,15.71512],[112.22407,15.70043],[112.23142,15.69308],[112.24152,15.694]]],[[[111.21592,15.78243],[111.21007,15.78312],[111.20249,15.78105],[111.19629,15.78174],[111.18941,15.78312],[111.18528,15.78174],[111.18528,15.77623],[111.18803,15.76866],[111.19182,15.76763],[111.19834,15.76672],[111.20731,15.76797],[111.21144,15.76659],[111.21523,15.76831],[111.21626,15.77141],[111.22005,15.77485],[111.22074,15.77967],[111.21592,15.78243]]],[[[111.22315,15.79069],[111.22418,15.79482],[111.22143,15.7993],[111.21799,15.80205],[111.21179,15.80205],[111.20766,15.80033],[111.20525,15.79758],[111.20548,15.79263],[111.20869,15.79035],[111.2173,15.78966],[111.22315,15.79069]]],[[[112.44526,16.02947],[112.4407,16.03404],[112.43862,16.03674],[112.43883,16.04047],[112.43676,16.04441],[112.43468,16.04462],[112.43427,16.04255],[112.4353,16.03674],[112.43738,16.03197],[112.44215,16.02699],[112.44537,16.02601],[112.44526,16.02947]]],[[[111.81779,16.03584],[111.84831,16.04092],[111.8517,16.05788],[111.84661,16.07314],[111.79745,16.07823],[111.77202,16.07145],[111.76693,16.0528],[111.76523,16.03245],[111.78219,16.03076],[111.81779,16.03584]]],[[[112.54002,16.00187],[112.60105,16.01204],[112.63327,16.03407],[112.63666,16.05442],[112.6214,16.06798],[112.60784,16.06968],[112.57732,16.0646],[112.49425,16.04595],[112.47899,16.03748],[112.46712,16.02391],[112.46881,16.00866],[112.48916,16.00018],[112.54002,16.00187]]],[[[111.56432,16.18781],[111.57236,16.20567],[111.59738,16.22086],[111.63132,16.24497],[111.63456,16.2461],[111.63311,16.25301],[111.62953,16.26015],[111.6215,16.26283],[111.6127,16.26284],[111.60814,16.26027],[111.60292,16.25453],[111.59457,16.25349],[111.59144,16.24566],[111.58727,16.23888],[111.57579,16.23731],[111.57161,16.22845],[111.56796,16.22323],[111.55753,16.21488],[111.55179,16.2081],[111.54396,16.20236],[111.5377,16.19506],[111.53718,16.18932],[111.53948,16.1833],[111.54083,16.17158],[111.55178,16.16532],[111.56117,16.16479],[111.57317,16.16323],[111.581,16.16271],[111.58987,16.16427],[111.59248,16.15905],[111.60396,16.16009],[111.61283,16.16166],[111.62117,16.15957],[111.629,16.16479],[111.64413,16.17209],[111.66135,16.17887],[111.6697,16.18357],[111.68013,16.182],[111.69109,16.18617],[111.70413,16.18409],[111.71241,16.18167],[111.71795,16.19316],[111.71748,16.20029],[111.71349,16.2012],[111.67865,16.20567],[111.65186,16.19852],[111.62863,16.1887],[111.6063,16.17977],[111.57683,16.17888],[111.56432,16.18781]]],[[[111.69892,16.28635],[111.68275,16.28635],[111.67149,16.28402],[111.67062,16.27355],[111.67419,16.26104],[111.67548,16.25905],[111.70724,16.26283],[111.72778,16.25747],[111.76619,16.2521],[111.78763,16.24585],[111.79924,16.23602],[111.79655,16.22173],[111.78316,16.2128],[111.75993,16.20119],[111.74117,16.19494],[111.73839,16.19557],[111.73671,16.19137],[111.73939,16.1869],[111.74448,16.18204],[111.74848,16.18304],[111.75683,16.18408],[111.7657,16.18721],[111.77196,16.18825],[111.77665,16.18564],[111.785,16.1893],[111.79596,16.19608],[111.80535,16.19608],[111.80953,16.20182],[111.81683,16.20808],[111.82309,16.21851],[111.82466,16.22268],[111.82205,16.23051],[111.82257,16.23521],[111.82257,16.24408],[111.81684,16.25086],[111.80588,16.25817],[111.80066,16.25973],[111.79336,16.26756],[111.78553,16.27695],[111.77353,16.28008],[111.75266,16.28165],[111.72605,16.28113],[111.71249,16.27957],[111.69892,16.28635]]],[[[112.41626,16.28767],[112.41521,16.2895],[112.41325,16.29003],[112.41246,16.28623],[112.40958,16.28479],[112.39335,16.28113],[112.38799,16.28034],[112.38406,16.27877],[112.38419,16.27773],[112.38745,16.2758],[112.38864,16.27341],[112.39139,16.27184],[112.39309,16.27223],[112.40003,16.27773],[112.40225,16.27786],[112.40696,16.27642],[112.40932,16.27668],[112.41338,16.28008],[112.41586,16.28309],[112.42332,16.28649],[112.42202,16.28819],[112.41626,16.28767]]],[[[112.37634,16.29186],[112.37909,16.2933],[112.37922,16.29474],[112.37647,16.29736],[112.37032,16.30024],[112.36757,16.30024],[112.36469,16.2988],[112.36364,16.2971],[112.36181,16.2916],[112.36024,16.29095],[112.35762,16.29409],[112.35605,16.29448],[112.35173,16.29357],[112.35042,16.29239],[112.34872,16.28872],[112.34702,16.2865],[112.34571,16.2865],[112.34283,16.28872],[112.34008,16.28859],[112.33249,16.28637],[112.33197,16.28454],[112.33328,16.28035],[112.33616,16.27551],[112.33747,16.27446],[112.34113,16.27564],[112.3444,16.27851],[112.3499,16.28022],[112.35396,16.28048],[112.3571,16.28179],[112.36089,16.28545],[112.37634,16.29186]]],[[[112.52392,16.29512],[112.5235,16.30551],[112.52159,16.30763],[112.51777,16.30678],[112.51502,16.30445],[112.50145,16.30021],[112.49763,16.29682],[112.49403,16.29534],[112.48597,16.29322],[112.47983,16.29004],[112.47919,16.28707],[112.48309,16.27829],[112.48788,16.27626],[112.49382,16.27584],[112.49827,16.27774],[112.50039,16.28029],[112.50442,16.28347],[112.50823,16.28114],[112.51226,16.28029],[112.51501,16.28198],[112.5165,16.2841],[112.51586,16.29131],[112.51798,16.29279],[112.52116,16.29046],[112.52265,16.29194],[112.52392,16.29512]]],[[[112.01929,16.36964],[112.01574,16.37141],[112.01264,16.37407],[112.00799,16.37429],[112.00179,16.37163],[112.00046,16.36875],[111.99824,16.36676],[111.99581,16.36809],[111.99271,16.37119],[111.99027,16.37119],[111.98651,16.36964],[111.98318,16.36632],[111.97875,16.36056],[111.97189,16.35901],[111.96679,16.35702],[111.96494,16.35545],[111.96361,16.35147],[111.96295,16.34583],[111.96096,16.34052],[111.95897,16.33389],[111.95911,16.32751],[111.96125,16.32468],[111.96657,16.32247],[111.97033,16.32247],[111.9741,16.32424],[111.97654,16.32645],[111.97786,16.32955],[111.98052,16.33],[111.98584,16.3249],[111.98916,16.32534],[111.99226,16.32778],[111.99514,16.32867],[112.00046,16.32401],[112.00356,16.32446],[112.00688,16.32689],[112.01109,16.32822],[112.01397,16.32734],[112.01529,16.3249],[112.01839,16.32313],[112.0226,16.32357],[112.02548,16.32667],[112.02881,16.33176],[112.03124,16.33221],[112.03323,16.3311],[112.03523,16.3249],[112.03944,16.32357],[112.0432,16.32423],[112.04697,16.32689],[112.05007,16.32844],[112.05317,16.32556],[112.05605,16.32423],[112.06203,16.32445],[112.06712,16.32755],[112.0813,16.3404],[112.08462,16.34394],[112.08484,16.34682],[112.07997,16.35103],[112.07665,16.35191],[112.07399,16.35347],[112.07222,16.36033],[112.07,16.3621],[112.06602,16.36321],[112.06181,16.36232],[112.05871,16.3641],[112.05716,16.36764],[112.05517,16.37008],[112.05096,16.37008],[112.04697,16.36919],[112.04387,16.36631],[112.04077,16.3672],[112.03568,16.37097],[112.03058,16.37362],[112.02748,16.37362],[112.02482,16.37207],[112.02216,16.36919],[112.01929,16.36964]]],[[[112.50391,16.34097],[112.5074,16.34585],[112.51619,16.34767],[112.51758,16.34948],[112.51814,16.35325],[112.518,16.35897],[112.50935,16.35771],[112.50335,16.35269],[112.48954,16.34781],[112.48717,16.34655],[112.48675,16.34502],[112.49568,16.34041],[112.50112,16.33985],[112.50391,16.34097]]],[[[112.51159,16.37683],[112.51005,16.37892],[112.50573,16.37948],[112.50071,16.37934],[112.49833,16.37878],[112.49568,16.37529],[112.49401,16.37404],[112.48899,16.3746],[112.4862,16.37404],[112.48215,16.37041],[112.48075,16.3679],[112.4795,16.36092],[112.48131,16.35953],[112.4848,16.36023],[112.48759,16.36148],[112.49722,16.3626],[112.50029,16.36427],[112.50461,16.3658],[112.51242,16.36762],[112.51424,16.36845],[112.51424,16.37041],[112.51159,16.37683]]],[[[112.66624,16.37598],[112.66664,16.3806],[112.66583,16.39206],[112.66403,16.39408],[112.6596,16.39428],[112.65719,16.39327],[112.65779,16.39026],[112.66061,16.38442],[112.66322,16.37698],[112.66463,16.37517],[112.66624,16.37598]]],[[[111.52852,16.43485],[111.51024,16.43889],[111.50376,16.44116],[111.50101,16.44084],[111.50166,16.43485],[111.50603,16.43161],[111.50862,16.43097],[111.51315,16.43097],[111.51638,16.43016],[111.51832,16.42579],[111.52124,16.4253],[111.52609,16.42563],[111.53062,16.42805],[111.53353,16.42498],[111.5379,16.4232],[111.5413,16.42417],[111.54421,16.42902],[111.54178,16.43032],[111.52852,16.43485]]],[[[112.6413,16.35989],[112.65055,16.36492],[112.65115,16.36874],[112.65397,16.40252],[112.65276,16.40494],[112.63828,16.40635],[112.63426,16.40595],[112.63074,16.40407],[112.62944,16.39971],[112.62984,16.39589],[112.62702,16.38966],[112.62783,16.38704],[112.62782,16.38201],[112.62963,16.37859],[112.63426,16.37115],[112.63305,16.36572],[112.63446,16.36291],[112.63868,16.35909],[112.6413,16.35989]]],[[[111.51493,16.45669],[111.51299,16.45847],[111.50587,16.45879],[111.50263,16.45685],[111.50081,16.45338],[111.50231,16.452],[111.51461,16.45022],[111.52561,16.44763],[111.53224,16.44456],[111.54082,16.44326],[111.54502,16.44326],[111.54648,16.44472],[111.54486,16.45086],[111.5426,16.45362],[111.53985,16.45523],[111.53645,16.45475],[111.53273,16.45265],[111.52868,16.45588],[111.52528,16.45653],[111.5214,16.45621],[111.51978,16.45475],[111.51671,16.45426],[111.51493,16.45669]]],[[[111.6112,16.44859],[111.6044,16.45248],[111.59696,16.45766],[111.59291,16.46121],[111.58628,16.46558],[111.58143,16.46736],[111.57771,16.47125],[111.57593,16.474],[111.57221,16.47594],[111.5701,16.47529],[111.57043,16.46494],[111.57188,16.45992],[111.57431,16.45636],[111.57965,16.45507],[111.58094,16.45377],[111.58191,16.44892],[111.5845,16.44665],[111.58757,16.44584],[111.59194,16.44698],[111.59777,16.44762],[111.60181,16.44714],[111.60408,16.44617],[111.60586,16.44293],[111.60974,16.44018],[111.61556,16.43824],[111.61815,16.43872],[111.61993,16.44147],[111.61686,16.44325],[111.6112,16.44859]]],[[[112.56046,16.43612],[112.56167,16.44336],[112.56106,16.44597],[112.55865,16.44637],[112.55704,16.44436],[112.55061,16.44316],[112.54276,16.43733],[112.5325,16.43331],[112.52949,16.43049],[112.52426,16.42788],[112.51963,16.42687],[112.51621,16.42406],[112.51561,16.42204],[112.52003,16.41682],[112.52808,16.4134],[112.5325,16.4136],[112.53773,16.42164],[112.53994,16.42285],[112.54115,16.42063],[112.54517,16.42043],[112.5494,16.42305],[112.55101,16.42586],[112.55402,16.43431],[112.55624,16.4319],[112.55885,16.4325],[112.56046,16.43612]]],[[[111.61858,16.45852],[111.6201,16.45943],[111.62058,16.46882],[111.61864,16.47496],[111.61298,16.47675],[111.6099,16.48532],[111.60651,16.48759],[111.60343,16.48823],[111.59712,16.48613],[111.5968,16.48257],[111.60602,16.47286],[111.61282,16.46526],[111.61702,16.45846],[111.61858,16.45852]]],[[[112.66162,16.4343],[112.66524,16.44315],[112.66463,16.44757],[112.66303,16.4526],[112.659,16.45441],[112.65317,16.45461],[112.65015,16.45341],[112.64695,16.45131],[112.64714,16.44818],[112.65116,16.44476],[112.65317,16.44154],[112.65357,16.43812],[112.65981,16.4343],[112.66162,16.4343]]],[[[111.59421,16.49098],[111.59664,16.49341],[111.59534,16.49519],[111.59081,16.49568],[111.58871,16.49471],[111.58936,16.49179],[111.59162,16.49082],[111.59421,16.49098]]],[[[112.51924,16.49022],[112.51803,16.49243],[112.51542,16.49444],[112.5124,16.49967],[112.50999,16.5053],[112.50717,16.50551],[112.50476,16.50048],[112.50375,16.49646],[112.50556,16.49304],[112.50999,16.49163],[112.51542,16.48881],[112.51823,16.48821],[112.51924,16.49022]]],[[[112.57555,16.47614],[112.57897,16.47714],[112.58057,16.48036],[112.58279,16.48277],[112.59164,16.4876],[112.59405,16.49665],[112.59184,16.50107],[112.58943,16.50228],[112.58581,16.50308],[112.58259,16.50208],[112.57615,16.49685],[112.57032,16.49363],[112.56589,16.49022],[112.56328,16.4868],[112.56529,16.48378],[112.56549,16.48076],[112.5665,16.47795],[112.57032,16.47533],[112.57555,16.47614]]],[[[112.54076,16.49987],[112.54257,16.50731],[112.54277,16.51013],[112.54116,16.51174],[112.53834,16.51274],[112.53674,16.51455],[112.53714,16.52219],[112.53533,16.52421],[112.5303,16.52642],[112.52427,16.52682],[112.51944,16.52481],[112.51763,16.523],[112.51763,16.52119],[112.52045,16.51858],[112.52547,16.51234],[112.52929,16.50611],[112.53231,16.49967],[112.53492,16.49746],[112.53673,16.49686],[112.54076,16.49987]]],[[[111.74826,16.55057],[111.74273,16.55564],[111.73583,16.5561],[111.73075,16.55317],[111.73076,16.54597],[111.73536,16.53538],[111.73997,16.52386],[111.74043,16.51649],[111.74641,16.50268],[111.75148,16.49208],[111.75148,16.48425],[111.74917,16.47781],[111.7395,16.46537],[111.72753,16.45202],[111.72292,16.44557],[111.72476,16.4382],[111.73167,16.43866],[111.73858,16.44234],[111.74411,16.45248],[111.75009,16.4534],[111.75562,16.45892],[111.75746,16.46399],[111.76115,16.46767],[111.76483,16.4755],[111.76299,16.48057],[111.76668,16.48563],[111.7699,16.49576],[111.77082,16.51188],[111.77635,16.52063],[111.77819,16.52616],[111.77451,16.52985],[111.77313,16.53768],[111.77267,16.54228],[111.76622,16.54735],[111.75563,16.54735],[111.74826,16.55057]]],[[[111.66785,16.56881],[111.6691,16.58329],[111.6686,16.58578],[111.66336,16.58753],[111.65986,16.58703],[111.65487,16.58504],[111.64988,16.57655],[111.64114,16.57081],[111.64064,16.56781],[111.64189,16.56432],[111.64538,16.56182],[111.64888,16.56182],[111.65312,16.55408],[111.65587,16.55358],[111.66061,16.55483],[111.66422,16.55729],[111.66785,16.56881]]],[[[111.70205,16.55932],[111.7058,16.56007],[111.70904,16.56206],[111.71079,16.56556],[111.71129,16.5688],[111.70879,16.57579],[111.71129,16.58104],[111.71079,16.58478],[111.7073,16.58803],[111.7028,16.58977],[111.70006,16.58928],[111.69931,16.58553],[111.69706,16.56256],[111.69747,16.55873],[111.70205,16.55932]]],[[[112.7124,16.55977],[112.71305,16.56239],[112.71131,16.5687],[112.7137,16.57914],[112.71066,16.59111],[112.71131,16.59698],[112.71175,16.6046],[112.71022,16.61178],[112.7087,16.61482],[112.70413,16.61504],[112.69913,16.61352],[112.69478,16.61134],[112.69282,16.6059],[112.69303,16.60242],[112.69586,16.59959],[112.69869,16.59568],[112.69869,16.59459],[112.69412,16.59002],[112.6939,16.58632],[112.69564,16.58327],[112.70152,16.5811],[112.70087,16.57892],[112.69717,16.57784],[112.69521,16.57392],[112.69673,16.56761],[112.69847,16.5626],[112.7013,16.56021],[112.71,16.55847],[112.7124,16.55977]]],[[[112.70849,16.64246],[112.70239,16.64398],[112.69761,16.64724],[112.69434,16.65007],[112.68782,16.65268],[112.68281,16.65551],[112.67999,16.6566],[112.67824,16.65312],[112.67803,16.64855],[112.6789,16.64529],[112.68695,16.64181],[112.69173,16.64224],[112.695,16.64159],[112.69783,16.63789],[112.70065,16.63571],[112.70457,16.63462],[112.70805,16.63484],[112.70979,16.63353],[112.71305,16.6294],[112.71741,16.62657],[112.7248,16.62744],[112.7272,16.62962],[112.72676,16.63158],[112.72219,16.63419],[112.71806,16.63723],[112.70849,16.64246]]],[[[112.71478,16.65744],[112.71626,16.66604],[112.71478,16.67464],[112.70885,16.67897],[112.69403,16.67473],[112.697,16.66468],[112.70589,16.65604],[112.71478,16.65744]]],[[[112.72089,16.68249],[112.71981,16.68532],[112.71719,16.68793],[112.71023,16.68858],[112.70827,16.69076],[112.70588,16.69555],[112.70414,16.6975],[112.69761,16.69859],[112.69326,16.69816],[112.68826,16.69642],[112.6863,16.69468],[112.68913,16.69207],[112.69283,16.6912],[112.69957,16.68815],[112.70088,16.68554],[112.70719,16.68249],[112.71349,16.68031],[112.72242,16.67531],[112.72764,16.67161],[112.73438,16.66791],[112.7359,16.6703],[112.73351,16.67618],[112.7296,16.68053],[112.72677,16.68118],[112.72307,16.68118],[112.72089,16.68249]]],[[[112.22685,16.73777],[112.22763,16.73971],[112.21907,16.74847],[112.20799,16.76033],[112.20468,16.76266],[112.2008,16.75877],[112.19963,16.75508],[112.19963,16.75061],[112.2006,16.74827],[112.20468,16.74691],[112.21227,16.74613],[112.21363,16.7403],[112.21538,16.73777],[112.21829,16.73699],[112.22685,16.73777]]],[[[112.27015,16.75062],[112.27817,16.7541],[112.28191,16.76024],[112.28378,16.76746],[112.28111,16.77654],[112.24477,16.79418],[112.23434,16.79445],[112.229,16.79231],[112.22339,16.78483],[112.22312,16.77949],[112.22392,16.77388],[112.22846,16.76933],[112.2477,16.7565],[112.26133,16.75009],[112.27015,16.75062]]],[[[112.30486,16.81204],[112.31128,16.81963],[112.31646,16.83146],[112.31997,16.84008],[112.32563,16.84467],[112.32914,16.84898],[112.33129,16.85303],[112.33076,16.8595],[112.32968,16.86462],[112.31943,16.8711],[112.31053,16.8684],[112.29085,16.84359],[112.29219,16.84088],[112.29165,16.8382],[112.29489,16.83119],[112.29219,16.82741],[112.29381,16.8169],[112.29704,16.81285],[112.3019,16.8115],[112.30486,16.81204]]],[[[112.36449,16.82626],[112.36769,16.83037],[112.37021,16.83449],[112.37044,16.83837],[112.36952,16.84112],[112.36541,16.84363],[112.36335,16.84775],[112.36244,16.85529],[112.36015,16.85918],[112.35718,16.86124],[112.3565,16.86444],[112.35718,16.86924],[112.35558,16.87404],[112.35193,16.87953],[112.34964,16.87815],[112.34941,16.87175],[112.35055,16.86855],[112.35055,16.86558],[112.34918,16.86101],[112.35055,16.85621],[112.35421,16.85209],[112.35489,16.84752],[112.35467,16.84386],[112.35878,16.83769],[112.35878,16.83312],[112.35786,16.82854],[112.36038,16.82443],[112.36449,16.82626]]],[[[112.2264,16.88917],[112.22236,16.89295],[112.21292,16.89915],[112.20537,16.90185],[112.19809,16.90643],[112.19189,16.91075],[112.18838,16.91264],[112.18488,16.91129],[112.18191,16.90374],[112.18137,16.89942],[112.18569,16.89511],[112.19162,16.89268],[112.19404,16.89106],[112.19593,16.88378],[112.19755,16.88189],[112.20186,16.88216],[112.20995,16.88459],[112.21265,16.88297],[112.21912,16.8765],[112.22397,16.87515],[112.22883,16.87515],[112.23368,16.87623],[112.23723,16.88113],[112.2264,16.88917]]],[[[112.32159,16.90211],[112.32483,16.90238],[112.32429,16.90507],[112.30487,16.92098],[112.29867,16.92557],[112.29733,16.92503],[112.29706,16.9226],[112.29801,16.91398],[112.30191,16.90939],[112.30595,16.90777],[112.30838,16.9075],[112.30919,16.90211],[112.31377,16.90157],[112.32159,16.90211]]],[[[112.23935,16.928],[112.23908,16.9307],[112.20915,16.93879],[112.20699,16.93879],[112.20672,16.93582],[112.20861,16.93043],[112.21832,16.92719],[112.22775,16.92612],[112.23746,16.92557],[112.23935,16.928]]],[[[112.33588,16.91181],[112.33777,16.9199],[112.33562,16.92206],[112.33535,16.92557],[112.33697,16.93473],[112.3367,16.93878],[112.33184,16.94067],[112.32726,16.9404],[112.32321,16.93905],[112.32025,16.93743],[112.3224,16.93123],[112.32591,16.92422],[112.32591,16.91559],[112.33215,16.90816],[112.33588,16.91181]]],[[[112.28465,16.93609],[112.28519,16.93878],[112.28169,16.95604],[112.27926,16.95604],[112.2771,16.95469],[112.27117,16.94607],[112.27123,16.94274],[112.27441,16.93717],[112.27818,16.93474],[112.28196,16.93366],[112.28465,16.93609]]],[[[112.23268,16.99777],[112.22901,16.9985],[112.22292,16.99773],[112.21608,16.99615],[112.20872,16.99773],[112.20557,16.99721],[112.20031,16.99353],[112.19611,16.99195],[112.19032,16.99037],[112.18664,16.98407],[112.18454,16.97776],[112.17928,16.97566],[112.17455,16.97093],[112.17455,16.96462],[112.18296,16.95726],[112.19637,16.95313],[112.21983,16.94968],[112.22497,16.95445],[112.22901,16.95665],[112.23415,16.95518],[112.24149,16.95518],[112.24296,16.95885],[112.2481,16.95922],[112.25544,16.96105],[112.25911,16.96619],[112.26609,16.96619],[112.27233,16.96913],[112.2716,16.97317],[112.26499,16.975],[112.25911,16.97757],[112.25985,16.98161],[112.26315,16.98638],[112.26646,16.98859],[112.26609,16.99189],[112.26132,16.9952],[112.25434,16.99593],[112.247,16.9963],[112.24113,16.99299],[112.23709,16.99299],[112.23268,16.99777]]],[[[111.53957,17.08659],[111.54015,17.09363],[111.53786,17.09477],[111.51407,17.08278],[111.5154,17.08069],[111.52225,17.07783],[111.52416,17.07859],[111.5293,17.08564],[111.53482,17.08373],[111.5371,17.0843],[111.53957,17.08659]]],[[[111.49599,17.10848],[111.49446,17.10962],[111.48723,17.1121],[111.48381,17.11039],[111.48209,17.10772],[111.47943,17.10734],[111.47714,17.10829],[111.47429,17.10734],[111.46839,17.1043],[111.46572,17.10144],[111.46458,17.0982],[111.4621,17.09573],[111.4562,17.09402],[111.45182,17.09192],[111.44973,17.08869],[111.44668,17.07118],[111.44821,17.06737],[111.45049,17.06585],[111.45753,17.06527],[111.49408,17.09877],[111.4958,17.10125],[111.49599,17.10848]]],[[[111.53577,17.11742],[111.53368,17.11971],[111.52625,17.12028],[111.52054,17.1159],[111.5154,17.11704],[111.50512,17.11229],[111.5055,17.10962],[111.51445,17.11],[111.53653,17.11285],[111.53729,17.11419],[111.53577,17.11742]]]]},"properties":{"name":"Đà Nẵng","fullName":"Thành phố Đà Nẵng","code":"48"}},{"type":"Feature","geometry":{"type":"MultiPolygon","coordinates":[[[[109.12195,15.3918],[109.11678,15.39256],[109.10938,15.39265],[109.10314,15.39137],[109.09831,15.39091],[109.09676,15.38989],[109.09477,15.38613],[109.0919,15.38423],[109.0941,15.3805],[109.09496,15.37681],[109.09593,15.37571],[109.09899,15.37656],[109.10882,15.37384],[109.1166,15.37058],[109.11868,15.37027],[109.12237,15.37099],[109.12465,15.3724],[109.12799,15.37566],[109.13388,15.37819],[109.13828,15.37809],[109.13917,15.37995],[109.1381,15.38272],[109.1397,15.38505],[109.14197,15.38501],[109.14231,15.38717],[109.13932,15.38919],[109.13705,15.38915],[109.12992,15.39014],[109.12605,15.39192],[109.12195,15.3918]]],[[[107.62216,15.4141],[107.61309,15.40392],[107.61217,15.39787],[107.61114,15.39453],[107.60512,15.39252],[107.60033,15.38817],[107.59606,15.38517],[107.59497,15.38283],[107.59637,15.37946],[107.59864,15.37706],[107.60003,15.37684],[107.60444,15.37175],[107.60712,15.36789],[107.60402,15.36384],[107.60353,15.36162],[107.60327,15.35199],[107.60648,15.34324],[107.60826,15.33627],[107.60931,15.33527],[107.61564,15.33159],[107.62498,15.33213],[107.62721,15.32698],[107.63267,15.32057],[107.632,15.31433],[107.6284,15.31144],[107.6224,15.31135],[107.6176,15.29537],[107.61499,15.2924],[107.61364,15.2895],[107.61416,15.28501],[107.61455,15.27654],[107.61829,15.26771],[107.6187,15.26367],[107.61792,15.25755],[107.61763,15.24672],[107.62173,15.24147],[107.62198,15.23688],[107.62295,15.2332],[107.62566,15.23166],[107.62934,15.23264],[107.63171,15.23188],[107.62925,15.22932],[107.62501,15.22777],[107.62044,15.22702],[107.61853,15.22732],[107.61728,15.22437],[107.6173,15.22051],[107.61987,15.21791],[107.62004,15.21569],[107.61821,15.21302],[107.61603,15.21434],[107.61371,15.21404],[107.60927,15.2123],[107.60191,15.20623],[107.60051,15.2054],[107.59777,15.20693],[107.59656,15.21003],[107.59304,15.21219],[107.59139,15.2111],[107.59115,15.20899],[107.59217,15.2073],[107.58789,15.20394],[107.58238,15.20201],[107.58182,15.19718],[107.58645,15.19754],[107.59455,15.19104],[107.59847,15.18658],[107.60156,15.18246],[107.60986,15.16897],[107.61123,15.16466],[107.61458,15.15706],[107.61897,15.15302],[107.6216,15.1527],[107.62413,15.15118],[107.62451,15.14976],[107.62177,15.14767],[107.62136,15.14452],[107.62371,15.14199],[107.62215,15.13836],[107.61994,15.13579],[107.61524,15.13361],[107.61149,15.13312],[107.60614,15.134],[107.60665,15.13056],[107.60899,15.12675],[107.61215,15.12449],[107.61749,15.11863],[107.62041,15.11272],[107.62113,15.11034],[107.62091,15.10621],[107.61983,15.10542],[107.61534,15.10539],[107.60885,15.10073],[107.60688,15.09859],[107.59676,15.09012],[107.59843,15.08566],[107.60208,15.07791],[107.60722,15.0704],[107.61061,15.06766],[107.6136,15.0639],[107.61836,15.05479],[107.61896,15.05189],[107.61391,15.04684],[107.61247,15.04667],[107.60169,15.04889],[107.59525,15.05135],[107.59113,15.04991],[107.59215,15.0465],[107.58832,15.04107],[107.58589,15.0365],[107.5864,15.03162],[107.58549,15.02987],[107.5777,15.02949],[107.57496,15.03076],[107.57338,15.03354],[107.57027,15.03587],[107.56768,15.03692],[107.56531,15.03564],[107.56163,15.03727],[107.55899,15.04026],[107.55412,15.04403],[107.5498,15.04631],[107.54234,15.04957],[107.53781,15.05047],[107.53173,15.04491],[107.52741,15.04175],[107.51997,15.03962],[107.51783,15.03794],[107.51676,15.03551],[107.51299,15.03084],[107.50742,15.02782],[107.49879,15.02262],[107.49401,15.02101],[107.49096,15.02432],[107.48888,15.02478],[107.4794,15.02367],[107.47277,15.02139],[107.471,15.02011],[107.46783,15.0136],[107.46659,15.00632],[107.46816,14.99939],[107.4735,14.99427],[107.47624,14.9927],[107.47451,14.98817],[107.46741,14.98795],[107.46761,14.98481],[107.47112,14.97917],[107.47418,14.97564],[107.4764,14.97515],[107.47921,14.97306],[107.47976,14.97126],[107.47875,14.96691],[107.47644,14.9615],[107.47691,14.95818],[107.48104,14.95282],[107.48923,14.94467],[107.49655,14.94387],[107.49981,14.93617],[107.50342,14.93155],[107.5094,14.93057],[107.51475,14.9318],[107.52441,14.93032],[107.52807,14.92928],[107.5284,14.92704],[107.52792,14.92275],[107.52913,14.91971],[107.53288,14.91673],[107.53709,14.91023],[107.538,14.90939],[107.54544,14.90538],[107.55127,14.90295],[107.55944,14.90382],[107.56677,14.89827],[107.569,14.8947],[107.57214,14.89262],[107.57469,14.89428],[107.58098,14.89399],[107.58403,14.89181],[107.58361,14.8876],[107.58569,14.87883],[107.58812,14.87554],[107.58871,14.86845],[107.58846,14.86632],[107.57824,14.85846],[107.57278,14.85526],[107.56933,14.854],[107.56455,14.85014],[107.56395,14.84517],[107.559,14.83924],[107.55212,14.83484],[107.54878,14.83423],[107.54425,14.83192],[107.53961,14.82824],[107.53903,14.82689],[107.53899,14.822],[107.53599,14.81957],[107.52991,14.81707],[107.52371,14.81507],[107.52123,14.81488],[107.52045,14.81259],[107.52223,14.80756],[107.52066,14.80447],[107.51641,14.80308],[107.50927,14.7976],[107.50676,14.79424],[107.50371,14.78646],[107.50725,14.78489],[107.51218,14.78631],[107.51346,14.78609],[107.51509,14.78084],[107.52023,14.77756],[107.52331,14.77723],[107.52504,14.77551],[107.52874,14.77026],[107.53086,14.76613],[107.53198,14.76191],[107.5372,14.75478],[107.53975,14.75194],[107.53555,14.74169],[107.53053,14.73767],[107.52407,14.73516],[107.52111,14.73086],[107.52079,14.72707],[107.52139,14.72447],[107.52423,14.72402],[107.52872,14.72427],[107.53324,14.72559],[107.53944,14.72327],[107.54664,14.72193],[107.55175,14.72256],[107.55446,14.72227],[107.55505,14.71935],[107.55359,14.71343],[107.55396,14.71071],[107.55705,14.70672],[107.55759,14.70271],[107.5578,14.695],[107.55607,14.68935],[107.55382,14.68492],[107.5486,14.68052],[107.54784,14.67692],[107.54864,14.67174],[107.55115,14.66973],[107.5513,14.66503],[107.54911,14.66396],[107.54631,14.65977],[107.54753,14.65475],[107.54985,14.65105],[107.54961,14.64814],[107.54669,14.64612],[107.54469,14.64573],[107.54103,14.6399],[107.53748,14.63223],[107.53842,14.62054],[107.54171,14.61724],[107.54259,14.61145],[107.54057,14.60786],[107.53367,14.60144],[107.53103,14.60015],[107.52285,14.59911],[107.52021,14.59354],[107.52029,14.59176],[107.51589,14.58817],[107.51454,14.58634],[107.51989,14.58175],[107.5218,14.57536],[107.52118,14.57079],[107.52126,14.56643],[107.52307,14.56259],[107.52809,14.55947],[107.53003,14.55723],[107.52985,14.55439],[107.52489,14.54366],[107.52475,14.53716],[107.52152,14.53216],[107.52091,14.52647],[107.51968,14.52133],[107.51647,14.51615],[107.5114,14.51281],[107.5086,14.51217],[107.5059,14.5107],[107.50543,14.50935],[107.50878,14.5039],[107.50983,14.49863],[107.50412,14.48889],[107.50224,14.48092],[107.50047,14.47033],[107.49781,14.46732],[107.49773,14.46541],[107.50081,14.4619],[107.5007,14.45718],[107.4965,14.44383],[107.4947,14.4398],[107.49247,14.43612],[107.4906,14.43483],[107.48785,14.43034],[107.48804,14.41402],[107.48702,14.40885],[107.48244,14.40478],[107.47912,14.40456],[107.4757,14.40595],[107.47412,14.40759],[107.469,14.4082],[107.46732,14.40636],[107.46474,14.4057],[107.45813,14.40753],[107.45628,14.41076],[107.45495,14.41563],[107.4549,14.42048],[107.45417,14.42165],[107.4466,14.42714],[107.44354,14.42609],[107.43678,14.42165],[107.43075,14.41698],[107.42612,14.41399],[107.42431,14.41142],[107.42213,14.40369],[107.42227,14.40139],[107.42697,14.39768],[107.43052,14.38902],[107.43159,14.38204],[107.42314,14.37549],[107.42012,14.37219],[107.41826,14.36833],[107.41424,14.36416],[107.40986,14.36239],[107.40872,14.35892],[107.40846,14.35527],[107.40682,14.34986],[107.40439,14.34587],[107.39962,14.34076],[107.39867,14.33489],[107.39466,14.33086],[107.39136,14.32841],[107.38937,14.32822],[107.38877,14.32594],[107.3889,14.31971],[107.39154,14.3147],[107.39508,14.30971],[107.39875,14.30549],[107.40304,14.30354],[107.40537,14.29838],[107.40372,14.28917],[107.40712,14.2784],[107.40722,14.27014],[107.4064,14.26231],[107.40416,14.26126],[107.40209,14.25921],[107.39987,14.25571],[107.39754,14.24999],[107.3993,14.24626],[107.40194,14.24308],[107.40432,14.23861],[107.40437,14.2347],[107.39596,14.22787],[107.39368,14.2239],[107.39344,14.21791],[107.39077,14.21041],[107.38696,14.21136],[107.38404,14.2053],[107.38173,14.19846],[107.37968,14.18945],[107.37572,14.18129],[107.37294,14.17978],[107.3684,14.18095],[107.36376,14.17789],[107.35671,14.1712],[107.36053,14.16401],[107.35982,14.16132],[107.35586,14.15757],[107.35391,14.15699],[107.35058,14.15431],[107.35123,14.15029],[107.34037,14.13556],[107.33851,14.13399],[107.33571,14.12757],[107.3341,14.11821],[107.33425,14.11358],[107.33274,14.10913],[107.33127,14.10681],[107.33213,14.10285],[107.33762,14.0981],[107.34973,14.09265],[107.35283,14.09237],[107.35514,14.09075],[107.35692,14.08774],[107.35928,14.08605],[107.36487,14.08573],[107.37674,14.08267],[107.38002,14.08088],[107.38159,14.07658],[107.38154,14.07455],[107.37953,14.06792],[107.37612,14.06525],[107.36744,14.06759],[107.36394,14.06578],[107.36286,14.06137],[107.36319,14.04741],[107.36407,14.0428],[107.36407,14.03685],[107.36256,14.03324],[107.35739,14.0302],[107.35478,14.0282],[107.35562,14.02047],[107.3591,14.01655],[107.36372,14.01405],[107.37095,14.00579],[107.38164,13.99185],[107.38852,13.99106],[107.39292,13.99308],[107.39513,13.99299],[107.40171,13.99004],[107.40501,13.99069],[107.40736,13.99263],[107.41144,13.99389],[107.41894,13.99525],[107.42298,13.99848],[107.42553,13.99977],[107.42701,13.99931],[107.42945,13.99488],[107.43462,13.99796],[107.44003,13.99873],[107.44187,13.99827],[107.44254,13.99625],[107.44297,13.99102],[107.44452,13.98746],[107.44705,13.98474],[107.45127,13.98158],[107.45309,13.97652],[107.45274,13.95816],[107.45146,13.94536],[107.45161,13.93346],[107.45617,13.92352],[107.45607,13.92471],[107.4584,13.92921],[107.46086,13.9318],[107.46518,13.93536],[107.46766,13.93905],[107.46792,13.9431],[107.46777,13.95198],[107.46841,13.95401],[107.47046,13.95604],[107.47503,13.95894],[107.48753,13.96528],[107.49392,13.96899],[107.50487,13.97659],[107.51133,13.9829],[107.51652,13.98966],[107.51858,13.99533],[107.51946,14.00495],[107.52057,14.01243],[107.52354,14.01785],[107.52989,14.02257],[107.53567,14.02474],[107.5485,14.02552],[107.56364,14.02529],[107.58702,14.02607],[107.59084,14.02642],[107.5957,14.02903],[107.59689,14.03113],[107.59709,14.03801],[107.59838,14.04399],[107.60014,14.0491],[107.60315,14.05257],[107.60837,14.06115],[107.61123,14.06478],[107.61535,14.06484],[107.61798,14.06278],[107.62355,14.05746],[107.62643,14.05575],[107.63188,14.05553],[107.63475,14.05693],[107.63999,14.06085],[107.64519,14.06564],[107.64812,14.07089],[107.65022,14.07774],[107.6535,14.08423],[107.65411,14.08689],[107.65252,14.09103],[107.6502,14.09462],[107.64925,14.09724],[107.6495,14.09982],[107.65316,14.10505],[107.65483,14.1082],[107.65754,14.12183],[107.66067,14.13411],[107.66176,14.13934],[107.6619,14.1422],[107.66115,14.14764],[107.65877,14.1582],[107.65807,14.16283],[107.65825,14.16585],[107.66057,14.17005],[107.66682,14.17574],[107.66966,14.1791],[107.67164,14.18246],[107.67578,14.1916],[107.67875,14.20342],[107.68316,14.21461],[107.6847,14.21718],[107.6873,14.21858],[107.69537,14.21875],[107.70554,14.21738],[107.71861,14.21604],[107.724,14.21502],[107.72969,14.21347],[107.73542,14.21138],[107.74631,14.20688],[107.74982,14.20585],[107.75336,14.20558],[107.75634,14.2061],[107.75919,14.20758],[107.76233,14.21047],[107.76553,14.21425],[107.77396,14.22197],[107.77896,14.22366],[107.78138,14.22383],[107.79479,14.22148],[107.79834,14.21959],[107.80358,14.21524],[107.80776,14.21389],[107.81575,14.21578],[107.81815,14.2185],[107.81914,14.22266],[107.82065,14.22494],[107.82426,14.22852],[107.82654,14.23215],[107.83184,14.23494],[107.83372,14.23741],[107.8368,14.24486],[107.83692,14.25394],[107.83607,14.26253],[107.84144,14.27065],[107.846,14.27635],[107.87018,14.27743],[107.87224,14.27865],[107.87371,14.2821],[107.87554,14.28339],[107.879,14.28346],[107.89026,14.28247],[107.8935,14.28153],[107.89887,14.27766],[107.9102,14.26748],[107.9229,14.25361],[107.92982,14.24385],[107.93264,14.24222],[107.9394,14.24128],[107.94431,14.24377],[107.94773,14.24247],[107.95194,14.23663],[107.95411,14.23294],[107.95638,14.23035],[107.9584,14.22929],[107.96272,14.23069],[107.97176,14.23881],[107.97695,14.24188],[107.98012,14.24423],[107.98901,14.24603],[107.99677,14.246],[108.00701,14.24147],[108.01104,14.24152],[108.01502,14.24551],[108.02055,14.25424],[108.0237,14.25979],[108.02884,14.26733],[108.03637,14.27726],[108.03999,14.27809],[108.04282,14.27734],[108.05586,14.26727],[108.05867,14.26809],[108.06216,14.27876],[108.07535,14.31096],[108.08398,14.31588],[108.0855,14.31785],[108.08621,14.3234],[108.08519,14.32562],[108.07904,14.32794],[108.07666,14.33045],[108.07626,14.33258],[108.07833,14.33484],[108.08172,14.33529],[108.09567,14.33576],[108.10161,14.33844],[108.10686,14.34223],[108.1095,14.34469],[108.11046,14.3486],[108.1068,14.35341],[108.10717,14.35507],[108.10992,14.35891],[108.11266,14.36411],[108.1146,14.36472],[108.11782,14.36305],[108.12192,14.35949],[108.12428,14.35806],[108.13026,14.35707],[108.13653,14.35743],[108.13779,14.36055],[108.14111,14.36056],[108.14713,14.36138],[108.14762,14.35972],[108.14532,14.35699],[108.14178,14.35558],[108.14092,14.3544],[108.14344,14.35117],[108.14427,14.34885],[108.14757,14.34975],[108.15228,14.35022],[108.15505,14.35645],[108.15907,14.36345],[108.16435,14.36633],[108.17133,14.36838],[108.18168,14.36982],[108.18844,14.37166],[108.19224,14.3731],[108.20239,14.38318],[108.21148,14.38915],[108.22538,14.39283],[108.23621,14.39509],[108.24192,14.39673],[108.2453,14.39673],[108.24889,14.39508],[108.25374,14.39219],[108.26156,14.3893],[108.27169,14.38826],[108.28945,14.39132],[108.29452,14.39379],[108.29516,14.39626],[108.29453,14.39935],[108.29263,14.40285],[108.29179,14.40676],[108.29243,14.41067],[108.2937,14.41397],[108.29646,14.41891],[108.29921,14.4224],[108.30365,14.42466],[108.30788,14.42878],[108.31206,14.43496],[108.31849,14.44047],[108.32061,14.44342],[108.32165,14.44826],[108.32276,14.45618],[108.32477,14.45908],[108.32751,14.46013],[108.32964,14.46196],[108.33996,14.47349],[108.36203,14.49649],[108.37734,14.51209],[108.38094,14.51682],[108.3818,14.52177],[108.38109,14.52656],[108.3784,14.53061],[108.37221,14.53643],[108.37053,14.54162],[108.37058,14.54506],[108.36988,14.55061],[108.36725,14.55627],[108.36421,14.56031],[108.36065,14.56229],[108.3576,14.56562],[108.35643,14.56915],[108.35548,14.5759],[108.35547,14.57983],[108.35712,14.5843],[108.3599,14.58573],[108.36525,14.58521],[108.36704,14.59231],[108.3687,14.59574],[108.37202,14.60067],[108.37396,14.6018],[108.38232,14.59867],[108.38525,14.59967],[108.38684,14.60248],[108.39198,14.604],[108.39519,14.60429],[108.39688,14.60366],[108.39936,14.60091],[108.40446,14.59415],[108.41135,14.58394],[108.4165,14.57467],[108.42395,14.56806],[108.43281,14.56097],[108.44218,14.55739],[108.45346,14.55426],[108.45778,14.55349],[108.47298,14.54859],[108.4777,14.54688],[108.48303,14.54588],[108.49166,14.54496],[108.50652,14.54651],[108.50964,14.54836],[108.51195,14.5525],[108.5142,14.55348],[108.5253,14.557],[108.5273,14.55849],[108.52776,14.5607],[108.52907,14.57553],[108.53079,14.58014],[108.53215,14.5812],[108.53812,14.58251],[108.54023,14.58731],[108.54514,14.59038],[108.54703,14.58659],[108.54961,14.58627],[108.55656,14.5867],[108.55933,14.58644],[108.56129,14.58531],[108.56327,14.58229],[108.568,14.58062],[108.57025,14.57915],[108.57118,14.57503],[108.57273,14.57327],[108.58764,14.5674],[108.59145,14.56662],[108.594,14.56455],[108.59354,14.56084],[108.59536,14.55653],[108.59441,14.55084],[108.59482,14.54738],[108.59858,14.54347],[108.60116,14.53956],[108.60459,14.53548],[108.60619,14.53481],[108.60835,14.53589],[108.61149,14.53504],[108.61328,14.53539],[108.61629,14.53815],[108.61588,14.54256],[108.61716,14.54458],[108.61999,14.54375],[108.62209,14.54409],[108.62643,14.54643],[108.6262,14.55077],[108.62677,14.55231],[108.62915,14.55344],[108.63123,14.55315],[108.63713,14.55027],[108.63913,14.54875],[108.64067,14.54998],[108.64048,14.55609],[108.63832,14.56613],[108.63867,14.56688],[108.64912,14.57113],[108.66004,14.57816],[108.66574,14.58067],[108.67324,14.58296],[108.67499,14.58551],[108.67431,14.59142],[108.67763,14.5953],[108.68168,14.59554],[108.68647,14.59395],[108.68909,14.59432],[108.6942,14.59707],[108.69689,14.59947],[108.69894,14.60316],[108.70056,14.60772],[108.69994,14.61337],[108.70249,14.61564],[108.70448,14.61544],[108.70598,14.61396],[108.70678,14.60982],[108.70904,14.60615],[108.71333,14.60245],[108.72618,14.59515],[108.73173,14.5914],[108.73417,14.59037],[108.73738,14.59073],[108.74129,14.59308],[108.74566,14.59376],[108.75031,14.59354],[108.7553,14.59436],[108.75782,14.59659],[108.76022,14.60034],[108.76091,14.60456],[108.75954,14.6129],[108.76022,14.61879],[108.76104,14.62165],[108.76393,14.62705],[108.76184,14.65086],[108.76014,14.66005],[108.76007,14.66265],[108.75805,14.66588],[108.75785,14.66794],[108.76017,14.67038],[108.76561,14.67802],[108.76857,14.67869],[108.77235,14.677],[108.77658,14.67409],[108.78496,14.67088],[108.79675,14.67012],[108.81069,14.67206],[108.81315,14.67297],[108.82597,14.67904],[108.82875,14.68236],[108.83277,14.69122],[108.83639,14.69508],[108.84015,14.6941],[108.84215,14.69105],[108.84428,14.68499],[108.84546,14.6834],[108.8502,14.6846],[108.84992,14.68878],[108.85045,14.69166],[108.85319,14.69294],[108.86491,14.69257],[108.86932,14.69158],[108.87286,14.69001],[108.87654,14.68692],[108.88225,14.68456],[108.88703,14.68409],[108.88852,14.68455],[108.89058,14.68691],[108.89539,14.6877],[108.90013,14.68774],[108.90379,14.68883],[108.90422,14.69081],[108.90603,14.69311],[108.9184,14.69711],[108.92343,14.70025],[108.92555,14.70366],[108.92759,14.7022],[108.92589,14.69952],[108.93731,14.69652],[108.94076,14.69131],[108.94235,14.69009],[108.9476,14.68932],[108.94861,14.68634],[108.95307,14.68467],[108.95544,14.68502],[108.95786,14.6874],[108.96641,14.68241],[108.97317,14.67435],[108.97518,14.67278],[108.97866,14.67225],[108.98631,14.673],[108.9925,14.67484],[108.99557,14.67116],[109.00008,14.66972],[109.00607,14.6715],[109.00747,14.67139],[109.0144,14.66712],[109.01556,14.66546],[109.01571,14.66243],[109.02023,14.65932],[109.02196,14.65742],[109.02717,14.64764],[109.03064,14.64903],[109.03261,14.6488],[109.03612,14.64487],[109.03519,14.64283],[109.0405,14.63688],[109.04339,14.6314],[109.04389,14.62869],[109.04071,14.6249],[109.04422,14.62006],[109.04447,14.61707],[109.04315,14.61399],[109.043,14.61147],[109.04665,14.6075],[109.05409,14.60934],[109.05581,14.60372],[109.05872,14.5921],[109.06359,14.5924],[109.06636,14.59037],[109.06891,14.58537],[109.07138,14.58367],[109.07739,14.58155],[109.08078,14.57875],[109.08043,14.58183],[109.07726,14.58471],[109.07328,14.59538],[109.07114,14.60515],[109.07095,14.60801],[109.0699,14.61079],[109.06732,14.63343],[109.0647,14.64167],[109.0637,14.64858],[109.06332,14.65558],[109.06384,14.66104],[109.06481,14.66346],[109.06748,14.66746],[109.06884,14.67383],[109.06654,14.67828],[109.06936,14.67927],[109.07094,14.6779],[109.07129,14.67488],[109.07311,14.67032],[109.07116,14.66802],[109.07353,14.66657],[109.0761,14.66674],[109.08013,14.66876],[109.08191,14.67396],[109.08053,14.67918],[109.07849,14.68141],[109.07469,14.6868],[109.07208,14.69286],[109.07198,14.69649],[109.075,14.69838],[109.07594,14.70026],[109.07595,14.70311],[109.07348,14.70884],[109.06727,14.71453],[109.06031,14.7257],[109.04843,14.74346],[109.04631,14.74561],[109.04028,14.75508],[109.03321,14.76436],[109.03002,14.77024],[109.02537,14.77754],[109.02263,14.78113],[109.01696,14.79208],[109.01501,14.79501],[109.00245,14.8162],[108.99898,14.81973],[108.99849,14.82975],[108.99738,14.83143],[108.99571,14.83118],[108.99408,14.83502],[108.98667,14.84851],[108.96231,14.89837],[108.96194,14.89978],[108.95471,14.91607],[108.94053,14.95022],[108.9329,14.97024],[108.92889,14.98151],[108.91933,15.00994],[108.91626,15.02112],[108.9122,15.0351],[108.90318,15.07248],[108.90143,15.0794],[108.90049,15.08609],[108.90086,15.09603],[108.9017,15.09835],[108.89959,15.10942],[108.89761,15.11789],[108.89618,15.12675],[108.89576,15.15023],[108.89672,15.15111],[108.89637,15.15425],[108.89331,15.16868],[108.89273,15.17372],[108.8925,15.18514],[108.89299,15.19018],[108.8942,15.19511],[108.89703,15.20019],[108.90189,15.20467],[108.90825,15.20722],[108.91102,15.20709],[108.9136,15.20549],[108.91507,15.20204],[108.91603,15.20174],[108.92055,15.20488],[108.91999,15.20638],[108.91347,15.21212],[108.91422,15.21459],[108.91876,15.21543],[108.92073,15.21521],[108.92435,15.21188],[108.928,15.2125],[108.93151,15.21568],[108.9335,15.21852],[108.93476,15.22162],[108.93544,15.2261],[108.93896,15.229],[108.93886,15.23176],[108.94029,15.2341],[108.93853,15.24304],[108.93394,15.24824],[108.93198,15.24717],[108.92837,15.24767],[108.92507,15.24971],[108.92252,15.24653],[108.92006,15.24492],[108.91372,15.24606],[108.91032,15.24756],[108.90415,15.25111],[108.89666,15.25824],[108.89194,15.26348],[108.88506,15.27222],[108.875,15.28629],[108.87392,15.28882],[108.87021,15.29484],[108.86829,15.29898],[108.8677,15.30227],[108.86834,15.30435],[108.87216,15.31113],[108.8785,15.31862],[108.87886,15.32413],[108.88037,15.32669],[108.87896,15.32964],[108.86614,15.33238],[108.86358,15.33541],[108.86183,15.33988],[108.86146,15.34323],[108.86391,15.34702],[108.86691,15.34889],[108.86818,15.35191],[108.86389,15.35262],[108.86083,15.35114],[108.85859,15.3482],[108.85654,15.3479],[108.84839,15.34971],[108.84597,15.35152],[108.83919,15.35836],[108.83392,15.36553],[108.82589,15.37758],[108.82521,15.38248],[108.82618,15.38541],[108.82781,15.38749],[108.83022,15.39335],[108.8297,15.39856],[108.8263,15.39873],[108.82252,15.40366],[108.82252,15.40649],[108.82019,15.40776],[108.82018,15.41301],[108.82551,15.41612],[108.82608,15.4176],[108.82294,15.42021],[108.81821,15.41922],[108.81317,15.4136],[108.81156,15.413],[108.80534,15.41479],[108.80051,15.4187],[108.79724,15.42249],[108.79495,15.42431],[108.79391,15.42165],[108.79376,15.41803],[108.79462,15.41606],[108.79984,15.41181],[108.80109,15.40972],[108.80357,15.40887],[108.80547,15.41013],[108.80637,15.40824],[108.80549,15.40302],[108.8011,15.39762],[108.79755,15.40222],[108.79569,15.40088],[108.79314,15.40086],[108.79318,15.39522],[108.78691,15.39523],[108.78658,15.39314],[108.7787,15.39303],[108.77614,15.39259],[108.7753,15.38988],[108.77006,15.38752],[108.76905,15.3895],[108.76541,15.38856],[108.76013,15.38858],[108.75408,15.38994],[108.74816,15.39229],[108.74301,15.39482],[108.737,15.39866],[108.73407,15.39425],[108.71937,15.37571],[108.71784,15.37434],[108.71357,15.37224],[108.70766,15.37176],[108.70135,15.37334],[108.6969,15.37264],[108.69009,15.36978],[108.67982,15.36873],[108.67475,15.36923],[108.66918,15.3666],[108.66608,15.36673],[108.66238,15.36902],[108.65682,15.3694],[108.64234,15.36849],[108.63665,15.36622],[108.62784,15.35929],[108.62017,15.35823],[108.6129,15.3549],[108.60969,15.35403],[108.6068,15.35404],[108.60205,15.35225],[108.60048,15.34858],[108.59877,15.34686],[108.59387,15.34594],[108.59142,15.3476],[108.58912,15.34782],[108.58534,15.34411],[108.58106,15.34586],[108.57726,15.3462],[108.57262,15.34305],[108.56465,15.33821],[108.56021,15.33601],[108.55483,15.33562],[108.55088,15.33712],[108.54461,15.33606],[108.53577,15.33157],[108.53136,15.32861],[108.52478,15.32163],[108.52396,15.32138],[108.51791,15.32366],[108.51168,15.32396],[108.50543,15.32661],[108.5027,15.32664],[108.4973,15.32438],[108.49645,15.32329],[108.49487,15.31835],[108.4937,15.31645],[108.48946,15.31309],[108.48507,15.31019],[108.48252,15.30919],[108.47799,15.30943],[108.47449,15.31134],[108.46915,15.31135],[108.46103,15.3106],[108.44936,15.31101],[108.43769,15.31276],[108.43557,15.31363],[108.43445,15.31578],[108.43385,15.32261],[108.43263,15.32623],[108.43133,15.32712],[108.42849,15.32623],[108.4267,15.32358],[108.42557,15.31878],[108.42451,15.31673],[108.41487,15.30844],[108.41206,15.3084],[108.40553,15.31119],[108.40185,15.30953],[108.40155,15.30321],[108.4008,15.30197],[108.3979,15.30095],[108.39207,15.29989],[108.39004,15.29999],[108.38633,15.30229],[108.38,15.30432],[108.36591,15.29861],[108.36264,15.29642],[108.35895,15.29633],[108.35328,15.29746],[108.33332,15.29984],[108.32152,15.30256],[108.31782,15.30231],[108.31534,15.30086],[108.31205,15.29703],[108.30877,15.29204],[108.30342,15.28934],[108.30213,15.28799],[108.29913,15.28688],[108.2979,15.2819],[108.29797,15.28019],[108.30169,15.27818],[108.30359,15.27421],[108.30413,15.26994],[108.3028,15.26473],[108.30084,15.25977],[108.29869,15.25783],[108.29313,15.2551],[108.29083,15.25229],[108.28861,15.24754],[108.2854,15.24625],[108.28116,15.2459],[108.27968,15.24376],[108.28276,15.23732],[108.28598,15.23532],[108.28657,15.23273],[108.28568,15.23062],[108.28711,15.22875],[108.28934,15.22941],[108.29426,15.22926],[108.30237,15.22793],[108.30475,15.22623],[108.30635,15.2224],[108.30292,15.21138],[108.29469,15.20496],[108.29028,15.20219],[108.28954,15.20058],[108.29022,15.19737],[108.29176,15.19616],[108.29722,15.19536],[108.30092,15.1933],[108.3016,15.1896],[108.30026,15.18629],[108.29829,15.18499],[108.29815,15.18306],[108.30455,15.17514],[108.3015,15.17261],[108.29485,15.17058],[108.29222,15.16833],[108.28637,15.15967],[108.284,15.15457],[108.27751,15.14257],[108.27322,15.13352],[108.27229,15.13079],[108.26474,15.12714],[108.26162,15.125],[108.25896,15.12242],[108.25613,15.11862],[108.25514,15.11467],[108.25632,15.11147],[108.25754,15.10556],[108.25789,15.0979],[108.25456,15.09057],[108.24993,15.08631],[108.2421,15.08338],[108.23392,15.07932],[108.23433,15.07673],[108.23846,15.07073],[108.23991,15.0668],[108.23984,15.06272],[108.23721,15.05342],[108.23586,15.0504],[108.23627,15.04792],[108.23926,15.04522],[108.24116,15.04185],[108.23979,15.03656],[108.23679,15.0331],[108.22965,15.03293],[108.22289,15.03117],[108.22002,15.03136],[108.21113,15.03381],[108.20699,15.03684],[108.20403,15.04102],[108.20033,15.04347],[108.19698,15.04428],[108.19346,15.04214],[108.19232,15.04249],[108.18995,15.04889],[108.18725,15.05231],[108.18186,15.05694],[108.17382,15.06153],[108.17025,15.06285],[108.16621,15.06193],[108.16,15.06198],[108.15836,15.06109],[108.15489,15.05549],[108.15117,15.05307],[108.14654,15.04927],[108.14565,15.04755],[108.1458,15.04481],[108.14861,15.03977],[108.14994,15.03444],[108.14994,15.02868],[108.14905,15.0258],[108.14789,15.01908],[108.15003,15.01059],[108.14947,15.00502],[108.15015,15.00207],[108.15439,14.99705],[108.15612,14.9909],[108.15779,14.98063],[108.1593,14.97828],[108.16,14.97527],[108.15859,14.97332],[108.14799,14.9633],[108.14283,14.96076],[108.12153,14.96134],[108.11422,14.95889],[108.10707,14.95408],[108.101,14.95329],[108.09666,14.95329],[108.08962,14.9545],[108.08595,14.95639],[108.08271,14.95925],[108.08008,14.96502],[108.07728,14.96799],[108.07416,14.96967],[108.06485,14.9717],[108.06164,14.97273],[108.0576,14.97591],[108.04807,14.99002],[108.04486,14.99306],[108.0418,14.99463],[108.02451,14.99885],[108.01762,15.00265],[108.0146,15.00258],[108.00904,14.99964],[108.00688,14.99986],[108.00557,15.0013],[108.00136,15.00333],[107.99885,15.00322],[107.99672,15.0019],[107.99321,15.00197],[107.9909,15.00054],[107.98845,15.0002],[107.98634,15.00169],[107.98165,15.00747],[107.98088,15.01143],[107.97922,15.01212],[107.97722,15.01083],[107.97519,15.0113],[107.9679,15.01717],[107.9635,15.0225],[107.96128,15.02952],[107.95974,15.03045],[107.95771,15.03487],[107.95534,15.03791],[107.95702,15.04054],[107.95751,15.04395],[107.95695,15.04559],[107.95444,15.04722],[107.94874,15.0529],[107.94814,15.05427],[107.95287,15.0586],[107.96236,15.06639],[107.97048,15.06856],[107.97427,15.07095],[107.97457,15.07328],[107.97367,15.07568],[107.97707,15.08063],[107.97644,15.08294],[107.97816,15.08726],[107.98156,15.0904],[107.98212,15.09368],[107.98581,15.0958],[107.9868,15.09763],[107.9857,15.10087],[107.98785,15.10272],[107.98984,15.10595],[107.99213,15.11214],[107.99614,15.11804],[108.00043,15.11995],[108.00127,15.12291],[107.99853,15.12389],[107.99679,15.12657],[107.99707,15.13011],[107.99917,15.13114],[107.99896,15.13509],[108.00254,15.14211],[108.00233,15.1445],[107.99861,15.15179],[107.99728,15.15704],[107.99475,15.15806],[107.98823,15.15861],[107.98584,15.15963],[107.98261,15.16317],[107.98001,15.16747],[107.96836,15.16924],[107.96345,15.17087],[107.95804,15.17409],[107.94857,15.17634],[107.94801,15.18464],[107.94435,15.18921],[107.9348,15.19257],[107.93174,15.19627],[107.93214,15.20004],[107.92982,15.2044],[107.92933,15.20781],[107.92769,15.20998],[107.92443,15.21088],[107.91876,15.21132],[107.91283,15.21315],[107.91149,15.20854],[107.90867,15.20765],[107.90434,15.20716],[107.90172,15.20746],[107.89722,15.2056],[107.89648,15.20333],[107.89384,15.19974],[107.88974,15.19546],[107.88772,15.19494],[107.88248,15.19766],[107.87938,15.19831],[107.87786,15.2003],[107.87741,15.20276],[107.87172,15.21015],[107.86949,15.21127],[107.86573,15.21142],[107.85264,15.21086],[107.84903,15.20848],[107.84644,15.20808],[107.83798,15.20966],[107.83593,15.20825],[107.83369,15.20946],[107.83062,15.20911],[107.82577,15.21035],[107.81829,15.2169],[107.81499,15.21601],[107.81466,15.2135],[107.81312,15.21226],[107.81008,15.21204],[107.80259,15.21426],[107.7951,15.21793],[107.78894,15.21943],[107.78605,15.21972],[107.78339,15.21913],[107.77842,15.22012],[107.7726,15.22463],[107.77011,15.22829],[107.76993,15.2336],[107.76637,15.23551],[107.7614,15.23733],[107.75555,15.23848],[107.75104,15.23343],[107.74792,15.23163],[107.74031,15.23155],[107.73455,15.23241],[107.73632,15.23757],[107.73554,15.24217],[107.73406,15.24542],[107.73141,15.25516],[107.7296,15.2657],[107.72664,15.28535],[107.72583,15.29183],[107.72756,15.29771],[107.72638,15.30237],[107.72682,15.30472],[107.72826,15.30602],[107.72841,15.30921],[107.70612,15.30402],[107.70129,15.31072],[107.69908,15.31287],[107.69593,15.31466],[107.69204,15.31779],[107.6856,15.32842],[107.67771,15.33733],[107.67148,15.34398],[107.66661,15.34807],[107.66282,15.35338],[107.65847,15.37385],[107.65837,15.37804],[107.65937,15.384],[107.65866,15.38849],[107.65367,15.39617],[107.64362,15.40465],[107.63906,15.40978],[107.63727,15.41414],[107.635,15.41685],[107.63131,15.41764],[107.62839,15.41705],[107.62216,15.4141]]],[[[109.07871,15.42695],[109.08232,15.4273],[109.08412,15.42832],[109.08492,15.43229],[109.08061,15.43333],[109.07708,15.43187],[109.0759,15.42809],[109.07871,15.42695]]]]},"properties":{"name":"Quảng Ngãi","fullName":"Tỉnh Quảng Ngãi","code":"51"}},{"type":"Feature","geometry":{"type":"Polygon","coordinates":[[[107.45617,13.92352],[107.46314,13.92262],[107.4672,13.9226],[107.47064,13.92115],[107.47129,13.9178],[107.4691,13.91011],[107.46954,13.90598],[107.4685,13.90056],[107.46907,13.8936],[107.4681,13.89077],[107.46011,13.88342],[107.45638,13.8808],[107.45422,13.87759],[107.45241,13.87269],[107.45391,13.86888],[107.45555,13.86698],[107.46288,13.86323],[107.46944,13.85913],[107.47156,13.85558],[107.46954,13.85],[107.46331,13.83917],[107.4612,13.83695],[107.45563,13.83272],[107.45309,13.82698],[107.45426,13.82376],[107.45867,13.81975],[107.45973,13.81769],[107.45722,13.80751],[107.45338,13.80335],[107.44834,13.79488],[107.47168,13.77847],[107.48323,13.77685],[107.49963,13.76766],[107.51034,13.76145],[107.52428,13.75025],[107.53079,13.74521],[107.54886,13.69299],[107.56779,13.66512],[107.57001,13.62377],[107.6158,13.52956],[107.62444,13.42118],[107.62917,13.36169],[107.60836,13.3137],[107.60503,13.30556],[107.61316,13.309],[107.61347,13.31168],[107.61459,13.31303],[107.61908,13.31497],[107.63129,13.31926],[107.64268,13.32402],[107.64656,13.32636],[107.64763,13.32817],[107.65045,13.33658],[107.65279,13.34245],[107.65405,13.34456],[107.65739,13.3482],[107.66145,13.35151],[107.66771,13.35554],[107.67825,13.36182],[107.69413,13.37337],[107.6959,13.37433],[107.70264,13.37639],[107.70767,13.37142],[107.71398,13.36922],[107.71817,13.36824],[107.73045,13.36674],[107.7447,13.36472],[107.75118,13.36461],[107.76015,13.36585],[107.76587,13.36718],[107.77228,13.3706],[107.78207,13.37681],[107.78872,13.38156],[107.7931,13.38555],[107.79532,13.38898],[107.79668,13.39259],[107.79968,13.39428],[107.80253,13.39503],[107.80911,13.39518],[107.81344,13.39438],[107.81772,13.39445],[107.82595,13.39647],[107.83117,13.39835],[107.8371,13.40156],[107.84966,13.39054],[107.8578,13.39177],[107.87221,13.39443],[107.87486,13.39434],[107.88173,13.38972],[107.88583,13.38794],[107.88927,13.38704],[107.89322,13.38757],[107.89831,13.38894],[107.90619,13.38965],[107.91558,13.38798],[107.91889,13.38691],[107.92446,13.383],[107.92941,13.37815],[107.93235,13.37678],[107.94462,13.38341],[107.94751,13.38404],[107.95118,13.38379],[107.95756,13.38161],[107.962,13.38098],[107.9696,13.38213],[107.97901,13.38492],[107.97973,13.38559],[107.97846,13.39015],[107.98014,13.39338],[107.98163,13.39374],[107.98747,13.39316],[107.99476,13.39169],[107.99659,13.39048],[107.99783,13.3882],[108.00625,13.38233],[108.00859,13.38274],[108.01408,13.38523],[108.01829,13.38829],[108.02772,13.39922],[108.04089,13.40806],[108.05035,13.41318],[108.05386,13.41337],[108.06105,13.41274],[108.06761,13.4102],[108.06886,13.4039],[108.07104,13.40163],[108.07358,13.40109],[108.07884,13.40211],[108.08464,13.40753],[108.08852,13.40948],[108.0996,13.41152],[108.10971,13.41776],[108.11186,13.4174],[108.12235,13.41084],[108.1352,13.40846],[108.14253,13.4075],[108.14655,13.40451],[108.15114,13.40177],[108.15787,13.4005],[108.16114,13.39888],[108.16368,13.3952],[108.1651,13.39408],[108.17055,13.39213],[108.17344,13.39047],[108.17567,13.38763],[108.17607,13.38553],[108.18243,13.38213],[108.19509,13.37824],[108.20081,13.37464],[108.20353,13.37458],[108.20708,13.37757],[108.21067,13.37048],[108.21214,13.36992],[108.21887,13.37275],[108.22199,13.37353],[108.23052,13.37422],[108.23556,13.37413],[108.23724,13.37317],[108.23936,13.37049],[108.24141,13.36951],[108.24683,13.36957],[108.25748,13.3712],[108.26164,13.37376],[108.27405,13.36617],[108.27629,13.36325],[108.28116,13.36158],[108.28665,13.35461],[108.28798,13.35362],[108.29406,13.35264],[108.30016,13.35075],[108.3092,13.34754],[108.32512,13.34402],[108.33218,13.34051],[108.34039,13.34002],[108.34376,13.34034],[108.34523,13.33964],[108.34506,13.3331],[108.34975,13.33157],[108.35201,13.32921],[108.35248,13.32207],[108.35362,13.31813],[108.35523,13.31636],[108.36145,13.31313],[108.36517,13.31002],[108.36926,13.30527],[108.36835,13.29881],[108.36879,13.29356],[108.36992,13.29042],[108.37176,13.28313],[108.37128,13.27337],[108.37235,13.26879],[108.37517,13.26566],[108.38427,13.25921],[108.38718,13.25783],[108.39327,13.25631],[108.39725,13.25703],[108.40074,13.25969],[108.40373,13.26068],[108.4074,13.2572],[108.40693,13.25568],[108.40791,13.25039],[108.41277,13.24423],[108.41608,13.23881],[108.418,13.23202],[108.41882,13.22779],[108.41778,13.22414],[108.41547,13.22098],[108.41704,13.21337],[108.41964,13.2069],[108.42301,13.19761],[108.4244,13.19499],[108.42951,13.18755],[108.43446,13.18279],[108.44505,13.17454],[108.45073,13.17058],[108.45998,13.16291],[108.46118,13.16043],[108.46204,13.15279],[108.46369,13.1442],[108.4649,13.14001],[108.46395,13.1377],[108.45869,13.13485],[108.45678,13.13231],[108.4557,13.12906],[108.45992,13.12073],[108.46277,13.11831],[108.47676,13.11494],[108.48607,13.11191],[108.48822,13.11003],[108.49977,13.08776],[108.50932,13.07814],[108.51832,13.06671],[108.51854,13.06423],[108.51105,13.0523],[108.50933,13.0468],[108.51003,13.04179],[108.5125,13.03877],[108.52565,13.035],[108.531,13.03421],[108.53927,13.03183],[108.55462,13.02579],[108.56151,13.02214],[108.56642,13.02055],[108.57176,13.025],[108.57619,13.02913],[108.57973,13.02992],[108.58991,13.03028],[108.59123,13.02945],[108.59693,13.02365],[108.59883,13.01925],[108.60154,13.01692],[108.60734,13.0149],[108.61535,13.01085],[108.62315,13.009],[108.63029,13.01121],[108.63673,13.0117],[108.64025,13.01059],[108.6451,13.00747],[108.64998,13.00264],[108.65336,13.00109],[108.65657,13.00098],[108.66184,13.00317],[108.66543,13.00344],[108.66933,13.00244],[108.67209,13.00002],[108.67319,12.99723],[108.67946,12.99922],[108.68069,13.00206],[108.68383,13.00477],[108.68738,13.0099],[108.69128,13.01764],[108.71067,13.01825],[108.71731,13.02014],[108.74368,13.03027],[108.74753,13.03184],[108.75229,13.03555],[108.75367,13.03731],[108.75374,13.03936],[108.74977,13.07727],[108.74926,13.07907],[108.75203,13.08357],[108.75189,13.08563],[108.747,13.0892],[108.74644,13.09339],[108.75339,13.10173],[108.7556,13.10155],[108.75539,13.10398],[108.75624,13.10781],[108.75853,13.11319],[108.75973,13.12056],[108.75912,13.12352],[108.75773,13.12542],[108.75831,13.13135],[108.76025,13.13465],[108.76215,13.1353],[108.76892,13.13631],[108.7724,13.13725],[108.77491,13.13873],[108.77363,13.14604],[108.77544,13.14815],[108.78017,13.14804],[108.78873,13.14543],[108.79196,13.14217],[108.795,13.14324],[108.79561,13.15058],[108.79697,13.15224],[108.80594,13.15456],[108.81179,13.15848],[108.81484,13.15835],[108.81867,13.15629],[108.82173,13.15572],[108.82385,13.15693],[108.82608,13.16338],[108.82821,13.16399],[108.83408,13.16301],[108.8388,13.16395],[108.84015,13.16605],[108.84094,13.17262],[108.84407,13.17983],[108.85101,13.19019],[108.8528,13.19499],[108.85247,13.19737],[108.84878,13.20108],[108.84707,13.2039],[108.84705,13.20615],[108.84817,13.20856],[108.85043,13.21017],[108.84901,13.21543],[108.84773,13.2182],[108.85085,13.22035],[108.8556,13.22476],[108.86231,13.22603],[108.86367,13.2268],[108.86607,13.23189],[108.86903,13.25155],[108.86894,13.25458],[108.86696,13.25925],[108.86687,13.26356],[108.86858,13.27001],[108.87068,13.2809],[108.87034,13.28436],[108.8691,13.2865],[108.8664,13.28851],[108.8592,13.28833],[108.85745,13.28932],[108.85275,13.29568],[108.84964,13.3006],[108.84763,13.30506],[108.83958,13.32167],[108.83463,13.32845],[108.82627,13.33934],[108.81875,13.34788],[108.81269,13.35319],[108.80902,13.35721],[108.80688,13.36164],[108.80584,13.36861],[108.80317,13.38118],[108.80335,13.38527],[108.80532,13.39497],[108.80467,13.4067],[108.8038,13.41649],[108.80241,13.42788],[108.80336,13.431],[108.80356,13.43578],[108.80006,13.44436],[108.79488,13.44957],[108.78923,13.45311],[108.78822,13.45716],[108.78988,13.4622],[108.79303,13.46557],[108.79345,13.47251],[108.79127,13.47534],[108.78763,13.47093],[108.78394,13.46918],[108.77232,13.46754],[108.76561,13.4649],[108.76307,13.46478],[108.75915,13.46599],[108.75475,13.46595],[108.75124,13.46516],[108.74891,13.4637],[108.74504,13.45936],[108.74222,13.45829],[108.73999,13.45828],[108.73564,13.45957],[108.72945,13.46253],[108.72548,13.46364],[108.71401,13.46362],[108.71272,13.46469],[108.71139,13.46946],[108.71277,13.47204],[108.71091,13.47567],[108.70403,13.47943],[108.70274,13.48105],[108.70307,13.48841],[108.70613,13.49622],[108.71199,13.51711],[108.71316,13.51954],[108.72211,13.5205],[108.72566,13.5215],[108.72857,13.52441],[108.73101,13.52867],[108.73241,13.54398],[108.73437,13.55006],[108.73977,13.55792],[108.74346,13.55646],[108.74553,13.55665],[108.74582,13.56547],[108.7465,13.56741],[108.75224,13.56547],[108.75708,13.56336],[108.76521,13.56235],[108.76668,13.563],[108.76914,13.56736],[108.77283,13.57145],[108.77845,13.57434],[108.78468,13.57828],[108.78956,13.57892],[108.80213,13.57827],[108.81119,13.57805],[108.81262,13.5774],[108.81676,13.57156],[108.8182,13.57035],[108.82358,13.56745],[108.82534,13.56605],[108.83505,13.56483],[108.84009,13.56502],[108.84714,13.56794],[108.84871,13.57008],[108.85343,13.56434],[108.854,13.56294],[108.85525,13.55161],[108.85707,13.54718],[108.86572,13.53607],[108.886,13.5381],[108.89128,13.53926],[108.8916,13.54117],[108.8936,13.5422],[108.90096,13.53945],[108.90395,13.53983],[108.90504,13.54228],[108.91508,13.54237],[108.9187,13.54202],[108.92944,13.53648],[108.94201,13.52799],[108.94685,13.52776],[108.96854,13.52722],[108.97357,13.52942],[108.9835,13.52965],[108.9894,13.52824],[108.99804,13.52369],[109.00543,13.52439],[109.00958,13.52574],[109.01554,13.5283],[109.02017,13.52977],[109.02347,13.53027],[109.0262,13.53148],[109.0285,13.53392],[109.03048,13.53724],[109.03242,13.54334],[109.03499,13.5462],[109.03837,13.54867],[109.0432,13.55797],[109.04992,13.56859],[109.05363,13.56996],[109.06106,13.56963],[109.08253,13.56814],[109.0932,13.57421],[109.09746,13.58019],[109.10144,13.58452],[109.10964,13.58841],[109.11317,13.58565],[109.11595,13.58583],[109.11655,13.58754],[109.11241,13.59252],[109.11175,13.59533],[109.11231,13.59837],[109.1143,13.61681],[109.11613,13.61912],[109.11996,13.62044],[109.12411,13.62077],[109.12493,13.62472],[109.12362,13.62854],[109.11719,13.63797],[109.11891,13.64408],[109.1204,13.64537],[109.12447,13.64481],[109.13551,13.63634],[109.1415,13.63256],[109.14358,13.63189],[109.14703,13.63263],[109.15038,13.63454],[109.15143,13.63682],[109.15182,13.64558],[109.15143,13.64951],[109.14902,13.65644],[109.15348,13.66439],[109.15495,13.67098],[109.15427,13.67862],[109.15544,13.67958],[109.16167,13.67913],[109.16365,13.6796],[109.16654,13.68186],[109.17157,13.68309],[109.17748,13.68346],[109.18068,13.68501],[109.1845,13.68981],[109.18883,13.69458],[109.19047,13.69524],[109.2001,13.69558],[109.20173,13.69455],[109.20216,13.69031],[109.20323,13.6869],[109.20562,13.68255],[109.20982,13.68032],[109.21252,13.68076],[109.21429,13.68262],[109.21698,13.68249],[109.22837,13.67708],[109.22981,13.67571],[109.231,13.67258],[109.23246,13.67563],[109.23239,13.67917],[109.23109,13.68344],[109.22623,13.69047],[109.22522,13.69303],[109.22144,13.70704],[109.22059,13.71369],[109.21692,13.71602],[109.21606,13.71744],[109.21596,13.72419],[109.21808,13.73357],[109.21738,13.73812],[109.2134,13.74681],[109.21313,13.749],[109.21521,13.75396],[109.21748,13.75793],[109.22054,13.76148],[109.22503,13.76584],[109.22846,13.76833],[109.23391,13.77146],[109.23758,13.77246],[109.24076,13.77237],[109.2455,13.77125],[109.24874,13.7689],[109.25148,13.76542],[109.24909,13.76337],[109.24943,13.76187],[109.25178,13.76035],[109.25867,13.75869],[109.26694,13.75888],[109.27391,13.76286],[109.2784,13.76357],[109.28083,13.76211],[109.28532,13.75529],[109.28785,13.75744],[109.2902,13.76967],[109.29122,13.78039],[109.28814,13.79125],[109.28509,13.79932],[109.28406,13.80433],[109.28505,13.81076],[109.28757,13.81757],[109.29012,13.82076],[109.29394,13.82348],[109.29629,13.82813],[109.29687,13.83282],[109.29666,13.83987],[109.29597,13.84436],[109.29401,13.84763],[109.29056,13.85096],[109.29083,13.85375],[109.29208,13.85738],[109.29206,13.86031],[109.29054,13.87355],[109.29138,13.87688],[109.29277,13.87835],[109.29583,13.8788],[109.2946,13.8854],[109.29287,13.88835],[109.29276,13.89536],[109.29111,13.89624],[109.28846,13.89258],[109.28744,13.88933],[109.28471,13.88763],[109.28159,13.88785],[109.27801,13.88922],[109.27356,13.89265],[109.26547,13.90103],[109.25924,13.90933],[109.25489,13.91583],[109.24847,13.9271],[109.24428,13.93586],[109.24138,13.944],[109.2403,13.94909],[109.24046,13.95571],[109.2419,13.95755],[109.24646,13.96002],[109.25232,13.95968],[109.25722,13.96282],[109.25797,13.96528],[109.25379,13.96771],[109.2517,13.96952],[109.24793,13.97769],[109.24726,13.98188],[109.24829,13.98593],[109.25329,13.98614],[109.25521,13.98999],[109.2544,13.9928],[109.25185,13.99573],[109.24953,13.99657],[109.2478,13.9985],[109.24588,14.00386],[109.24496,14.00806],[109.24548,14.0109],[109.24853,14.01318],[109.2514,14.01681],[109.25175,14.01861],[109.25097,14.02231],[109.24944,14.02379],[109.24598,14.02525],[109.24332,14.02848],[109.23845,14.03589],[109.22748,14.05485],[109.22353,14.06204],[109.21819,14.07249],[109.21496,14.07928],[109.2088,14.0933],[109.2059,14.10132],[109.20423,14.10682],[109.20297,14.11514],[109.20323,14.11906],[109.20463,14.12372],[109.20791,14.12943],[109.21234,14.12806],[109.21752,14.12739],[109.21966,14.12822],[109.2239,14.13334],[109.22584,14.13753],[109.22444,14.14039],[109.21957,14.14008],[109.21735,14.14132],[109.21479,14.14458],[109.20263,14.16237],[109.19622,14.1736],[109.18947,14.18738],[109.18213,14.20289],[109.18008,14.20974],[109.17909,14.2192],[109.17933,14.22328],[109.18105,14.22735],[109.18308,14.22974],[109.18725,14.23046],[109.1898,14.22834],[109.19227,14.22826],[109.1948,14.23177],[109.19521,14.23529],[109.19194,14.245],[109.18874,14.25167],[109.18326,14.26055],[109.17798,14.26968],[109.17724,14.27276],[109.17717,14.27647],[109.1786,14.27824],[109.18201,14.27894],[109.18451,14.28066],[109.18471,14.28252],[109.18313,14.28404],[109.18072,14.28473],[109.1772,14.2874],[109.15897,14.31154],[109.14155,14.33643],[109.13225,14.35143],[109.12145,14.37167],[109.11987,14.37608],[109.1191,14.38154],[109.12133,14.3838],[109.12155,14.38679],[109.12071,14.3888],[109.12206,14.391],[109.12382,14.3913],[109.12603,14.39443],[109.12327,14.40045],[109.12026,14.40238],[109.11566,14.4152],[109.11341,14.42072],[109.11295,14.42309],[109.11335,14.42673],[109.11629,14.43508],[109.12195,14.44274],[109.12155,14.44764],[109.11319,14.45984],[109.10106,14.48084],[109.09952,14.48216],[109.09464,14.4814],[109.09147,14.48563],[109.09084,14.49118],[109.08924,14.49569],[109.08222,14.51356],[109.07735,14.528],[109.07021,14.5468],[109.06883,14.55006],[109.06569,14.56132],[109.06472,14.56687],[109.06469,14.57014],[109.06643,14.57541],[109.06936,14.57845],[109.07331,14.57781],[109.07855,14.57938],[109.08078,14.57875],[109.07739,14.58155],[109.07138,14.58367],[109.06891,14.58537],[109.06636,14.59037],[109.06359,14.5924],[109.05872,14.5921],[109.05581,14.60372],[109.05409,14.60934],[109.04665,14.6075],[109.043,14.61147],[109.04315,14.61399],[109.04447,14.61707],[109.04422,14.62006],[109.04071,14.6249],[109.04389,14.62869],[109.04339,14.6314],[109.0405,14.63688],[109.03519,14.64283],[109.03612,14.64487],[109.03261,14.6488],[109.03064,14.64903],[109.02717,14.64764],[109.02196,14.65742],[109.02023,14.65932],[109.01571,14.66243],[109.01556,14.66546],[109.0144,14.66712],[109.00747,14.67139],[109.00607,14.6715],[109.00008,14.66972],[108.99557,14.67116],[108.9925,14.67484],[108.98631,14.673],[108.97866,14.67225],[108.97518,14.67278],[108.97317,14.67435],[108.96641,14.68241],[108.95786,14.6874],[108.95544,14.68502],[108.95307,14.68467],[108.94861,14.68634],[108.9476,14.68932],[108.94235,14.69009],[108.94076,14.69131],[108.93731,14.69652],[108.92589,14.69952],[108.92759,14.7022],[108.92555,14.70366],[108.92343,14.70025],[108.9184,14.69711],[108.90603,14.69311],[108.90422,14.69081],[108.90379,14.68883],[108.90013,14.68774],[108.89539,14.6877],[108.89058,14.68691],[108.88852,14.68455],[108.88703,14.68409],[108.88225,14.68456],[108.87654,14.68692],[108.87286,14.69001],[108.86932,14.69158],[108.86491,14.69257],[108.85319,14.69294],[108.85045,14.69166],[108.84992,14.68878],[108.8502,14.6846],[108.84546,14.6834],[108.84428,14.68499],[108.84215,14.69105],[108.84015,14.6941],[108.83639,14.69508],[108.83277,14.69122],[108.82875,14.68236],[108.82597,14.67904],[108.81315,14.67297],[108.81069,14.67206],[108.79675,14.67012],[108.78496,14.67088],[108.77658,14.67409],[108.77235,14.677],[108.76857,14.67869],[108.76561,14.67802],[108.76017,14.67038],[108.75785,14.66794],[108.75805,14.66588],[108.76007,14.66265],[108.76014,14.66005],[108.76184,14.65086],[108.76393,14.62705],[108.76104,14.62165],[108.76022,14.61879],[108.75954,14.6129],[108.76091,14.60456],[108.76022,14.60034],[108.75782,14.59659],[108.7553,14.59436],[108.75031,14.59354],[108.74566,14.59376],[108.74129,14.59308],[108.73738,14.59073],[108.73417,14.59037],[108.73173,14.5914],[108.72618,14.59515],[108.71333,14.60245],[108.70904,14.60615],[108.70678,14.60982],[108.70598,14.61396],[108.70448,14.61544],[108.70249,14.61564],[108.69994,14.61337],[108.70056,14.60772],[108.69894,14.60316],[108.69689,14.59947],[108.6942,14.59707],[108.68909,14.59432],[108.68647,14.59395],[108.68168,14.59554],[108.67763,14.5953],[108.67431,14.59142],[108.67499,14.58551],[108.67324,14.58296],[108.66574,14.58067],[108.66004,14.57816],[108.64912,14.57113],[108.63867,14.56688],[108.63832,14.56613],[108.64048,14.55609],[108.64067,14.54998],[108.63913,14.54875],[108.63713,14.55027],[108.63123,14.55315],[108.62915,14.55344],[108.62677,14.55231],[108.6262,14.55077],[108.62643,14.54643],[108.62209,14.54409],[108.61999,14.54375],[108.61716,14.54458],[108.61588,14.54256],[108.61629,14.53815],[108.61328,14.53539],[108.61149,14.53504],[108.60835,14.53589],[108.60619,14.53481],[108.60459,14.53548],[108.60116,14.53956],[108.59858,14.54347],[108.59482,14.54738],[108.59441,14.55084],[108.59536,14.55653],[108.59354,14.56084],[108.594,14.56455],[108.59145,14.56662],[108.58764,14.5674],[108.57273,14.57327],[108.57118,14.57503],[108.57025,14.57915],[108.568,14.58062],[108.56327,14.58229],[108.56129,14.58531],[108.55933,14.58644],[108.55656,14.5867],[108.54961,14.58627],[108.54703,14.58659],[108.54514,14.59038],[108.54023,14.58731],[108.53812,14.58251],[108.53215,14.5812],[108.53079,14.58014],[108.52907,14.57553],[108.52776,14.5607],[108.5273,14.55849],[108.5253,14.557],[108.5142,14.55348],[108.51195,14.5525],[108.50964,14.54836],[108.50652,14.54651],[108.49166,14.54496],[108.48303,14.54588],[108.4777,14.54688],[108.47298,14.54859],[108.45778,14.55349],[108.45346,14.55426],[108.44218,14.55739],[108.43281,14.56097],[108.42395,14.56806],[108.4165,14.57467],[108.41135,14.58394],[108.40446,14.59415],[108.39936,14.60091],[108.39688,14.60366],[108.39519,14.60429],[108.39198,14.604],[108.38684,14.60248],[108.38525,14.59967],[108.38232,14.59867],[108.37396,14.6018],[108.37202,14.60067],[108.3687,14.59574],[108.36704,14.59231],[108.36525,14.58521],[108.3599,14.58573],[108.35712,14.5843],[108.35547,14.57983],[108.35548,14.5759],[108.35643,14.56915],[108.3576,14.56562],[108.36065,14.56229],[108.36421,14.56031],[108.36725,14.55627],[108.36988,14.55061],[108.37058,14.54506],[108.37053,14.54162],[108.37221,14.53643],[108.3784,14.53061],[108.38109,14.52656],[108.3818,14.52177],[108.38094,14.51682],[108.37734,14.51209],[108.36203,14.49649],[108.33996,14.47349],[108.32964,14.46196],[108.32751,14.46013],[108.32477,14.45908],[108.32276,14.45618],[108.32165,14.44826],[108.32061,14.44342],[108.31849,14.44047],[108.31206,14.43496],[108.30788,14.42878],[108.30365,14.42466],[108.29921,14.4224],[108.29646,14.41891],[108.2937,14.41397],[108.29243,14.41067],[108.29179,14.40676],[108.29263,14.40285],[108.29453,14.39935],[108.29516,14.39626],[108.29452,14.39379],[108.28945,14.39132],[108.27169,14.38826],[108.26156,14.3893],[108.25374,14.39219],[108.24889,14.39508],[108.2453,14.39673],[108.24192,14.39673],[108.23621,14.39509],[108.22538,14.39283],[108.21148,14.38915],[108.20239,14.38318],[108.19224,14.3731],[108.18844,14.37166],[108.18168,14.36982],[108.17133,14.36838],[108.16435,14.36633],[108.15907,14.36345],[108.15505,14.35645],[108.15228,14.35022],[108.14757,14.34975],[108.14427,14.34885],[108.14344,14.35117],[108.14092,14.3544],[108.14178,14.35558],[108.14532,14.35699],[108.14762,14.35972],[108.14713,14.36138],[108.14111,14.36056],[108.13779,14.36055],[108.13653,14.35743],[108.13026,14.35707],[108.12428,14.35806],[108.12192,14.35949],[108.11782,14.36305],[108.1146,14.36472],[108.11266,14.36411],[108.10992,14.35891],[108.10717,14.35507],[108.1068,14.35341],[108.11046,14.3486],[108.1095,14.34469],[108.10686,14.34223],[108.10161,14.33844],[108.09567,14.33576],[108.08172,14.33529],[108.07833,14.33484],[108.07626,14.33258],[108.07666,14.33045],[108.07904,14.32794],[108.08519,14.32562],[108.08621,14.3234],[108.0855,14.31785],[108.08398,14.31588],[108.07535,14.31096],[108.06216,14.27876],[108.05867,14.26809],[108.05586,14.26727],[108.04282,14.27734],[108.03999,14.27809],[108.03637,14.27726],[108.02884,14.26733],[108.0237,14.25979],[108.02055,14.25424],[108.01502,14.24551],[108.01104,14.24152],[108.00701,14.24147],[107.99677,14.246],[107.98901,14.24603],[107.98012,14.24423],[107.97695,14.24188],[107.97176,14.23881],[107.96272,14.23069],[107.9584,14.22929],[107.95638,14.23035],[107.95411,14.23294],[107.95194,14.23663],[107.94773,14.24247],[107.94431,14.24377],[107.9394,14.24128],[107.93264,14.24222],[107.92982,14.24385],[107.9229,14.25361],[107.9102,14.26748],[107.89887,14.27766],[107.8935,14.28153],[107.89026,14.28247],[107.879,14.28346],[107.87554,14.28339],[107.87371,14.2821],[107.87224,14.27865],[107.87018,14.27743],[107.846,14.27635],[107.84144,14.27065],[107.83607,14.26253],[107.83692,14.25394],[107.8368,14.24486],[107.83372,14.23741],[107.83184,14.23494],[107.82654,14.23215],[107.82426,14.22852],[107.82065,14.22494],[107.81914,14.22266],[107.81815,14.2185],[107.81575,14.21578],[107.80776,14.21389],[107.80358,14.21524],[107.79834,14.21959],[107.79479,14.22148],[107.78138,14.22383],[107.77896,14.22366],[107.77396,14.22197],[107.76553,14.21425],[107.76233,14.21047],[107.75919,14.20758],[107.75634,14.2061],[107.75336,14.20558],[107.74982,14.20585],[107.74631,14.20688],[107.73542,14.21138],[107.72969,14.21347],[107.724,14.21502],[107.71861,14.21604],[107.70554,14.21738],[107.69537,14.21875],[107.6873,14.21858],[107.6847,14.21718],[107.68316,14.21461],[107.67875,14.20342],[107.67578,14.1916],[107.67164,14.18246],[107.66966,14.1791],[107.66682,14.17574],[107.66057,14.17005],[107.65825,14.16585],[107.65807,14.16283],[107.65877,14.1582],[107.66115,14.14764],[107.6619,14.1422],[107.66176,14.13934],[107.66067,14.13411],[107.65754,14.12183],[107.65483,14.1082],[107.65316,14.10505],[107.6495,14.09982],[107.64925,14.09724],[107.6502,14.09462],[107.65252,14.09103],[107.65411,14.08689],[107.6535,14.08423],[107.65022,14.07774],[107.64812,14.07089],[107.64519,14.06564],[107.63999,14.06085],[107.63475,14.05693],[107.63188,14.05553],[107.62643,14.05575],[107.62355,14.05746],[107.61798,14.06278],[107.61535,14.06484],[107.61123,14.06478],[107.60837,14.06115],[107.60315,14.05257],[107.60014,14.0491],[107.59838,14.04399],[107.59709,14.03801],[107.59689,14.03113],[107.5957,14.02903],[107.59084,14.02642],[107.58702,14.02607],[107.56364,14.02529],[107.5485,14.02552],[107.53567,14.02474],[107.52989,14.02257],[107.52354,14.01785],[107.52057,14.01243],[107.51946,14.00495],[107.51858,13.99533],[107.51652,13.98966],[107.51133,13.9829],[107.50487,13.97659],[107.49392,13.96899],[107.48753,13.96528],[107.47503,13.95894],[107.47046,13.95604],[107.46841,13.95401],[107.46777,13.95198],[107.46792,13.9431],[107.46766,13.93905],[107.46518,13.93536],[107.46086,13.9318],[107.4584,13.92921],[107.45607,13.92471],[107.45617,13.92352]]]},"properties":{"name":"Gia Lai","fullName":"Tỉnh Gia Lai","code":"52"}}]}