{"type":"FeatureCollection","features":[{"type":"Feature","geometry":{"type":"MultiPolygon","coordinates":[[[[106.60015,17.53003],[106.59733,17.53357],[106.5962,17.53521],[106.59512,17.53654],[106.5936,17.53871],[106.59222,17.5409],[106.59024,17.54344],[106.58968,17.54406],[106.5877,17.54756],[106.58667,17.54964],[106.58636,17.55002],[106.58515,17.55215],[106.58423,17.55421],[106.58352,17.5537],[106.58306,17.55382],[106.5827,17.55348],[106.58203,17.55462],[106.58204,17.55502],[106.58121,17.55647],[106.58154,17.55703],[106.5825,17.55552],[106.58268,17.55496],[106.58317,17.55514],[106.58285,17.55577],[106.58188,17.55725],[106.58138,17.55819],[106.58063,17.55911],[106.57963,17.56068],[106.5789,17.5617],[106.57776,17.56356],[106.5757,17.56653],[106.57449,17.56833],[106.57345,17.56997],[106.57259,17.57159],[106.5722,17.57187],[106.57186,17.57284],[106.57118,17.57359],[106.57088,17.57435],[106.57022,17.5753],[106.56999,17.5758],[106.56948,17.57646],[106.56871,17.5778],[106.56726,17.58014],[106.56639,17.58179],[106.56516,17.58374],[106.56442,17.5852],[106.56398,17.58621],[106.56309,17.58801],[106.56119,17.59137],[106.55906,17.59569],[106.55839,17.59679],[106.55802,17.59726],[106.55788,17.59788],[106.55705,17.59938],[106.5566,17.59989],[106.55632,17.60053],[106.55594,17.60095],[106.5558,17.60157],[106.55539,17.60209],[106.55417,17.604],[106.55352,17.60521],[106.55235,17.60778],[106.55168,17.60936],[106.55049,17.61124],[106.5496,17.61286],[106.54911,17.61417],[106.54869,17.61518],[106.54826,17.61593],[106.54787,17.61743],[106.54776,17.61831],[106.54781,17.61924],[106.54691,17.61973],[106.54614,17.62052],[106.54553,17.62148],[106.54545,17.62205],[106.54485,17.62235],[106.5433,17.62221],[106.54288,17.62189],[106.54249,17.62189],[106.54171,17.62216],[106.54086,17.62279],[106.53963,17.62437],[106.53841,17.62621],[106.53732,17.6276],[106.53632,17.62863],[106.53578,17.6288],[106.53518,17.62972],[106.53515,17.63013],[106.53362,17.6321],[106.53283,17.6329],[106.53199,17.63415],[106.53031,17.63648],[106.52941,17.63748],[106.52918,17.63802],[106.52805,17.63974],[106.5275,17.64042],[106.52729,17.64093],[106.52664,17.64182],[106.52602,17.64289],[106.52569,17.64322],[106.52545,17.64382],[106.52496,17.6445],[106.52448,17.64539],[106.52422,17.64564],[106.523,17.64793],[106.52156,17.65005],[106.5211,17.65106],[106.52075,17.65156],[106.52046,17.65238],[106.51999,17.65317],[106.51914,17.65495],[106.51821,17.65727],[106.51745,17.65777],[106.51706,17.65848],[106.51667,17.6597],[106.51604,17.66053],[106.51536,17.66085],[106.51496,17.66089],[106.51386,17.66143],[106.51324,17.66243],[106.51282,17.66335],[106.51231,17.66393],[106.51116,17.66587],[106.5108,17.66635],[106.51053,17.66708],[106.5091,17.66924],[106.50851,17.67048],[106.50816,17.67092],[106.50753,17.67202],[106.50713,17.67302],[106.50604,17.67473],[106.50533,17.67606],[106.50528,17.67639],[106.50451,17.67763],[106.50409,17.67858],[106.50328,17.67982],[106.5025,17.68168],[106.50219,17.68201],[106.50181,17.68316],[106.50107,17.68444],[106.50026,17.68649],[106.49977,17.68746],[106.49923,17.68887],[106.49818,17.69231],[106.49792,17.69384],[106.49787,17.69456],[106.49763,17.69547],[106.49729,17.69626],[106.49723,17.69674],[106.49687,17.69779],[106.49664,17.69875],[106.49655,17.70022],[106.49624,17.70127],[106.49584,17.70214],[106.49512,17.70225],[106.49363,17.70346],[106.49299,17.70365],[106.49164,17.70354],[106.49067,17.70315],[106.49008,17.70278],[106.48919,17.70424],[106.48879,17.7049],[106.48939,17.70563],[106.48955,17.70672],[106.48957,17.70776],[106.48921,17.70906],[106.48867,17.71141],[106.48843,17.71187],[106.48785,17.71413],[106.48725,17.71552],[106.48645,17.71704],[106.48507,17.71934],[106.48356,17.72148],[106.48327,17.72224],[106.48262,17.72305],[106.48167,17.72468],[106.48066,17.72602],[106.48019,17.72703],[106.47983,17.72729],[106.47912,17.72863],[106.47892,17.72924],[106.47827,17.72982],[106.4781,17.73041],[106.47733,17.73149],[106.47699,17.73227],[106.47665,17.73251],[106.47644,17.73334],[106.47585,17.73413],[106.47564,17.73481],[106.4751,17.73552],[106.47489,17.73634],[106.47434,17.7369],[106.47418,17.73751],[106.47369,17.73814],[106.47323,17.73934],[106.47282,17.73987],[106.47223,17.74127],[106.47175,17.74188],[106.47158,17.74238],[106.47087,17.74377],[106.47007,17.74554],[106.46935,17.74697],[106.46805,17.74975],[106.46685,17.75244],[106.46486,17.75712],[106.46371,17.75999],[106.46287,17.76224],[106.46137,17.76597],[106.45985,17.77021],[106.45925,17.77181],[106.45885,17.77316],[106.45822,17.77464],[106.45737,17.77741],[106.45522,17.78398],[106.45402,17.78807],[106.45371,17.78903],[106.45255,17.79298],[106.45114,17.79819],[106.44966,17.80397],[106.44818,17.81025],[106.44725,17.81466],[106.44659,17.81815],[106.44624,17.82023],[106.44551,17.8257],[106.44532,17.8273],[106.44502,17.82919],[106.44475,17.83163],[106.4445,17.83448],[106.44431,17.83708],[106.4443,17.84114],[106.44442,17.84501],[106.44478,17.84859],[106.44513,17.85056],[106.44578,17.85344],[106.44644,17.85591],[106.44685,17.85721],[106.44722,17.85898],[106.44787,17.86117],[106.44913,17.8645],[106.45022,17.86713],[106.45082,17.86846],[106.45246,17.8719],[106.45376,17.874],[106.45517,17.87575],[106.45571,17.87703],[106.45563,17.87752],[106.45648,17.87809],[106.45719,17.87856],[106.45774,17.87831],[106.45844,17.87838],[106.45964,17.87886],[106.46016,17.87944],[106.46084,17.88113],[106.46119,17.88227],[106.46171,17.88344],[106.4632,17.88899],[106.46382,17.89026],[106.46468,17.89167],[106.46554,17.89246],[106.46649,17.8929],[106.46672,17.89318],[106.46767,17.89355],[106.46784,17.89408],[106.46869,17.89498],[106.46885,17.89594],[106.46883,17.89714],[106.46893,17.89901],[106.46933,17.90062],[106.46993,17.90235],[106.4703,17.90292],[106.47148,17.90432],[106.47172,17.90477],[106.47202,17.90602],[106.47252,17.90702],[106.47334,17.90789],[106.47452,17.90871],[106.47475,17.9092],[106.47527,17.90951],[106.47575,17.9104],[106.47688,17.91109],[106.4773,17.91201],[106.4775,17.91128],[106.47918,17.91305],[106.48132,17.9155],[106.48135,17.91601],[106.48163,17.91654],[106.48274,17.91972],[106.48336,17.9209],[106.48478,17.92198],[106.48562,17.92236],[106.48627,17.92245],[106.48788,17.922],[106.48833,17.92159],[106.48949,17.92148],[106.49049,17.92172],[106.49123,17.92112],[106.49159,17.92131],[106.49123,17.92174],[106.49205,17.92195],[106.49237,17.92149],[106.49289,17.92134],[106.49326,17.92203],[106.49334,17.92254],[106.49364,17.92277],[106.49429,17.92284],[106.49503,17.92245],[106.49577,17.92155],[106.49658,17.92121],[106.49719,17.9213],[106.49821,17.922],[106.49893,17.92239],[106.50079,17.92309],[106.50184,17.92376],[106.50241,17.9239],[106.5021,17.92466],[106.50217,17.92504],[106.502,17.9256],[106.5034,17.92867],[106.50432,17.9304],[106.50619,17.93323],[106.50816,17.93557],[106.50972,17.93711],[106.50958,17.93724],[106.51101,17.93817],[106.51271,17.93918],[106.51325,17.93936],[106.51368,17.94003],[106.51448,17.94067],[106.51558,17.94128],[106.51608,17.94141],[106.51482,17.94252],[106.51429,17.94276],[106.51264,17.94296],[106.51144,17.94265],[106.51133,17.94295],[106.5108,17.94329],[106.50965,17.94439],[106.50865,17.94571],[106.50734,17.94771],[106.50621,17.95005],[106.50534,17.9526],[106.505,17.95423],[106.50496,17.95581],[106.50517,17.95755],[106.50543,17.95846],[106.50641,17.95893],[106.50788,17.9591],[106.50836,17.95906],[106.50991,17.95943],[106.51071,17.95991],[106.50844,17.95997],[106.50816,17.96022],[106.50658,17.96092],[106.50581,17.96139],[106.50487,17.96158],[106.50347,17.96151],[106.50184,17.96102],[106.49968,17.96069],[106.49879,17.96069],[106.49713,17.96055],[106.49635,17.96068],[106.4955,17.96062],[106.49332,17.95993],[106.49256,17.95961],[106.4915,17.95937],[106.48983,17.95832],[106.48934,17.95779],[106.48877,17.95747],[106.48785,17.95713],[106.48666,17.95683],[106.48576,17.95618],[106.48413,17.95567],[106.48257,17.95493],[106.48211,17.95462],[106.48129,17.95438],[106.48074,17.95363],[106.4802,17.95361],[106.4793,17.95325],[106.4786,17.95337],[106.4768,17.95428],[106.47616,17.95492],[106.47568,17.95526],[106.47426,17.95543],[106.47304,17.95582],[106.47113,17.95616],[106.46982,17.95624],[106.46837,17.95625],[106.46631,17.95604],[106.46546,17.95588],[106.46494,17.95593],[106.46422,17.95543],[106.46368,17.95528],[106.46136,17.95482],[106.46039,17.95486],[106.45908,17.9544],[106.45692,17.95294],[106.4549,17.95176],[106.45336,17.9511],[106.45233,17.95057],[106.45102,17.95017],[106.45021,17.94955],[106.44953,17.95015],[106.44737,17.95124],[106.44634,17.95132],[106.4454,17.95179],[106.44471,17.95174],[106.44459,17.95221],[106.44408,17.95574],[106.44426,17.95798],[106.44399,17.96009],[106.44409,17.96289],[106.44409,17.96535],[106.44402,17.96693],[106.44412,17.96768],[106.44438,17.96839],[106.44411,17.96893],[106.44282,17.96893],[106.44201,17.96923],[106.44042,17.96936],[106.43883,17.96985],[106.43812,17.97056],[106.4365,17.97184],[106.43631,17.9723],[106.43588,17.97278],[106.43547,17.97284],[106.4347,17.97255],[106.43394,17.97206],[106.4327,17.97215],[106.43225,17.97205],[106.43136,17.97147],[106.43024,17.97106],[106.42862,17.9711],[106.42665,17.97079],[106.42492,17.96992],[106.42388,17.96958],[106.4228,17.9695],[106.42214,17.96999],[106.42138,17.97033],[106.42109,17.97101],[106.42053,17.9715],[106.41999,17.97173],[106.41948,17.97221],[106.41847,17.97294],[106.41783,17.97406],[106.41727,17.97466],[106.41674,17.9747],[106.41511,17.97398],[106.41399,17.97378],[106.41301,17.97344],[106.41174,17.97337],[106.41024,17.97291],[106.40995,17.97262],[106.40941,17.97291],[106.40767,17.97399],[106.40732,17.97462],[106.40612,17.97598],[106.40482,17.97673],[106.40345,17.97784],[106.40261,17.97831],[106.40187,17.97904],[106.40076,17.98041],[106.40039,17.9817],[106.39616,17.98124],[106.39546,17.98136],[106.39446,17.98179],[106.39351,17.98195],[106.39216,17.98183],[106.39094,17.98208],[106.39013,17.9821],[106.38898,17.98239],[106.38787,17.98234],[106.38703,17.98244],[106.38466,17.98356],[106.38402,17.98393],[106.38312,17.98472],[106.38215,17.98516],[106.38148,17.98591],[106.38011,17.98628],[106.37941,17.9862],[106.37891,17.98576],[106.37805,17.98562],[106.37712,17.9856],[106.37619,17.98534],[106.37535,17.98533],[106.3732,17.98652],[106.37211,17.98685],[106.36858,17.98823],[106.36788,17.98837],[106.36553,17.98834],[106.36417,17.98876],[106.36374,17.98951],[106.36315,17.99012],[106.36193,17.99064],[106.36045,17.991],[106.35671,17.99069],[106.35535,17.99009],[106.35424,17.98981],[106.35293,17.98933],[106.3517,17.98907],[106.35075,17.98922],[106.34964,17.98888],[106.3489,17.98894],[106.34827,17.9892],[106.34648,17.98967],[106.34397,17.99067],[106.34161,17.99173],[106.34099,17.99182],[106.3403,17.99163],[106.33981,17.99123],[106.33839,17.99134],[106.33781,17.99101],[106.33778,17.99055],[106.33799,17.98925],[106.33774,17.98791],[106.33739,17.98735],[106.33666,17.98647],[106.33606,17.98551],[106.33491,17.9847],[106.33413,17.98432],[106.33345,17.98348],[106.33228,17.98255],[106.3314,17.98163],[106.33032,17.98077],[106.32862,17.97992],[106.32852,17.97949],[106.32835,17.97737],[106.3281,17.97508],[106.32777,17.97364],[106.32616,17.97005],[106.32565,17.96923],[106.3251,17.96758],[106.32496,17.96683],[106.32514,17.96591],[106.32508,17.96545],[106.32433,17.96453],[106.32411,17.96304],[106.32385,17.96276],[106.32302,17.96251],[106.32231,17.96249],[106.3212,17.9627],[106.31778,17.96362],[106.31685,17.96362],[106.31498,17.9634],[106.31302,17.96342],[106.31231,17.96331],[106.31167,17.96258],[106.31075,17.96226],[106.30721,17.96249],[106.3054,17.96285],[106.30494,17.9626],[106.30445,17.96142],[106.30431,17.95935],[106.30416,17.95889],[106.30354,17.95861],[106.30258,17.95714],[106.30114,17.95572],[106.30056,17.95525],[106.29987,17.9544],[106.29943,17.95421],[106.2984,17.95428],[106.29787,17.95395],[106.29771,17.95366],[106.29774,17.95291],[106.29755,17.95015],[106.29734,17.94928],[106.29679,17.94861],[106.29626,17.94665],[106.29636,17.94587],[106.29621,17.94528],[106.29514,17.9447],[106.29376,17.94358],[106.29247,17.94324],[106.29073,17.94326],[106.29006,17.94306],[106.2888,17.94238],[106.28462,17.93906],[106.2809,17.93362],[106.28211,17.92976],[106.28504,17.92521],[106.28521,17.92183],[106.28477,17.91933],[106.28337,17.91849],[106.28045,17.9157],[106.27889,17.91616],[106.27774,17.9167],[106.27751,17.91729],[106.27716,17.91776],[106.27674,17.91862],[106.27576,17.91929],[106.27519,17.91958],[106.27329,17.91958],[106.2728,17.9198],[106.27212,17.91978],[106.26938,17.91854],[106.26841,17.91806],[106.26608,17.91622],[106.26565,17.91513],[106.26494,17.91439],[106.26418,17.91383],[106.26312,17.91384],[106.26245,17.91557],[106.2607,17.91573],[106.25984,17.91595],[106.25944,17.91628],[106.25862,17.91737],[106.25856,17.91773],[106.25886,17.91842],[106.25832,17.91881],[106.25745,17.91915],[106.2566,17.91977],[106.256,17.91987],[106.25467,17.91992],[106.25387,17.92021],[106.2536,17.92017],[106.25253,17.92041],[106.25131,17.92211],[106.25031,17.92313],[106.2494,17.92338],[106.2491,17.92401],[106.24909,17.9246],[106.24855,17.92503],[106.24851,17.9255],[106.24817,17.9257],[106.24749,17.92568],[106.24728,17.926],[106.24674,17.92597],[106.24629,17.92552],[106.24568,17.92579],[106.24531,17.92642],[106.24523,17.92743],[106.24451,17.92719],[106.24396,17.92753],[106.24346,17.92723],[106.24325,17.92759],[106.24211,17.92763],[106.24257,17.92844],[106.24259,17.92931],[106.24148,17.92929],[106.24126,17.92946],[106.24074,17.93045],[106.24012,17.93025],[106.2398,17.92988],[106.23972,17.92944],[106.2388,17.92875],[106.23842,17.92872],[106.23824,17.92779],[106.23777,17.92772],[106.2375,17.928],[106.23742,17.92849],[106.23694,17.9284],[106.23675,17.9275],[106.23602,17.92707],[106.23486,17.92786],[106.23419,17.92781],[106.23392,17.92818],[106.23401,17.92862],[106.2339,17.92918],[106.23338,17.92862],[106.233,17.92844],[106.23229,17.92844],[106.23157,17.92879],[106.23084,17.92812],[106.23008,17.92856],[106.22963,17.92901],[106.22912,17.92926],[106.22755,17.92909],[106.2272,17.92913],[106.22619,17.92957],[106.22543,17.9297],[106.2235,17.92977],[106.22258,17.92972],[106.2218,17.92901],[106.22102,17.92782],[106.22069,17.9275],[106.21973,17.92746],[106.21878,17.92793],[106.21819,17.928],[106.21652,17.92735],[106.21371,17.92664],[106.21251,17.92606],[106.21049,17.92626],[106.20911,17.92609],[106.2085,17.92539],[106.20773,17.92553],[106.20711,17.92541],[106.2062,17.92432],[106.20571,17.92341],[106.2044,17.9214],[106.20401,17.92019],[106.20283,17.91892],[106.20091,17.91769],[106.20025,17.91693],[106.2,17.91635],[106.19846,17.91639],[106.19774,17.91657],[106.19679,17.91704],[106.1962,17.91767],[106.19521,17.91814],[106.19461,17.91925],[106.19361,17.92031],[106.19359,17.92157],[106.1937,17.92214],[106.19312,17.92217],[106.19189,17.92299],[106.19107,17.92321],[106.19058,17.92347],[106.18949,17.92349],[106.18859,17.92235],[106.18811,17.92136],[106.18773,17.92076],[106.18717,17.92042],[106.18619,17.92028],[106.18393,17.92068],[106.18325,17.92101],[106.18259,17.92082],[106.18196,17.92083],[106.18163,17.92066],[106.18099,17.91988],[106.18038,17.91952],[106.1798,17.91935],[106.17883,17.91871],[106.17777,17.9189],[106.17682,17.91715],[106.17634,17.9167],[106.17521,17.91599],[106.17315,17.91501],[106.1726,17.91451],[106.17189,17.91436],[106.17146,17.91461],[106.17055,17.91462],[106.16933,17.91487],[106.16861,17.9147],[106.16754,17.91496],[106.16701,17.91543],[106.16624,17.91588],[106.16515,17.91633],[106.16464,17.91683],[106.16392,17.91694],[106.16317,17.91727],[106.16189,17.91698],[106.15939,17.91713],[106.15859,17.91673],[106.15783,17.91657],[106.15632,17.91704],[106.15559,17.91707],[106.15253,17.9176],[106.15192,17.91794],[106.151,17.91884],[106.15053,17.91895],[106.1481,17.919],[106.14739,17.91879],[106.14675,17.91832],[106.14634,17.91825],[106.14563,17.91837],[106.14421,17.91825],[106.14303,17.91877],[106.14219,17.91891],[106.14048,17.91864],[106.13997,17.91866],[106.13901,17.91904],[106.13877,17.91935],[106.1387,17.92053],[106.13814,17.92149],[106.13773,17.92161],[106.1368,17.92159],[106.13617,17.92142],[106.1352,17.92142],[106.13473,17.92123],[106.13407,17.92054],[106.13295,17.9206],[106.13251,17.92076],[106.13172,17.92044],[106.13112,17.92041],[106.13021,17.92071],[106.12963,17.92106],[106.12923,17.92184],[106.12835,17.92234],[106.12697,17.92336],[106.12556,17.92399],[106.12434,17.92432],[106.12359,17.92461],[106.12279,17.92506],[106.12166,17.92532],[106.12064,17.92571],[106.12048,17.92652],[106.1202,17.92688],[106.11957,17.92713],[106.11898,17.92757],[106.1173,17.9279],[106.11472,17.92697],[106.1143,17.92692],[106.11363,17.92719],[106.11325,17.92704],[106.11229,17.92701],[106.11204,17.92726],[106.11067,17.92766],[106.10923,17.92791],[106.10864,17.92786],[106.10621,17.92746],[106.1061,17.9278],[106.10527,17.92904],[106.1046,17.92913],[106.10377,17.92894],[106.10266,17.92887],[106.10201,17.92916],[106.10145,17.92964],[106.0996,17.93019],[106.09736,17.93038],[106.09685,17.93055],[106.09644,17.93114],[106.09613,17.93128],[106.09486,17.93144],[106.09431,17.93181],[106.09297,17.93219],[106.09098,17.93295],[106.08993,17.93241],[106.08915,17.93234],[106.08828,17.93208],[106.08687,17.93192],[106.08594,17.93189],[106.08533,17.93204],[106.08439,17.9325],[106.08382,17.93266],[106.0833,17.93261],[106.07982,17.93291],[106.07854,17.93296],[106.07641,17.93275],[106.07534,17.9331],[106.07432,17.93429],[106.07419,17.93461],[106.07409,17.93576],[106.073,17.93566],[106.07239,17.93584],[106.07166,17.93626],[106.0704,17.93588],[106.06999,17.93599],[106.06906,17.93698],[106.06846,17.93704],[106.06798,17.93741],[106.067,17.93746],[106.06577,17.93708],[106.06535,17.93735],[106.06457,17.93758],[106.06322,17.93784],[106.06185,17.93875],[106.06143,17.93895],[106.05941,17.93934],[106.05907,17.9398],[106.05909,17.94051],[106.05847,17.94086],[106.05796,17.9414],[106.05655,17.94172],[106.05611,17.94202],[106.05583,17.94304],[106.05453,17.94391],[106.05216,17.94461],[106.04877,17.94479],[106.04855,17.94566],[106.04812,17.94643],[106.04783,17.9465],[106.04564,17.94613],[106.04557,17.9465],[106.04587,17.94773],[106.04632,17.94847],[106.04699,17.94911],[106.0472,17.94969],[106.04709,17.95079],[106.04755,17.95291],[106.04765,17.95432],[106.04888,17.95644],[106.04945,17.95821],[106.04937,17.9587],[106.04879,17.95954],[106.0482,17.95975],[106.04857,17.96007],[106.04914,17.96108],[106.04939,17.96193],[106.0493,17.96217],[106.04838,17.96269],[106.04756,17.96336],[106.04741,17.96386],[106.04773,17.9645],[106.04849,17.96463],[106.04867,17.96571],[106.04909,17.96627],[106.04967,17.96681],[106.05053,17.96734],[106.05077,17.96857],[106.05297,17.96842],[106.05339,17.96883],[106.05399,17.97035],[106.05408,17.97161],[106.05481,17.97221],[106.05579,17.97212],[106.05633,17.97219],[106.05682,17.97246],[106.05766,17.97347],[106.05874,17.97464],[106.05917,17.97527],[106.05951,17.9768],[106.05973,17.97814],[106.06042,17.97925],[106.0612,17.98011],[106.0618,17.98174],[106.06193,17.98315],[106.06168,17.9839],[106.06205,17.98484],[106.06256,17.9856],[106.0634,17.98655],[106.06479,17.98722],[106.06679,17.9872],[106.06653,17.98825],[106.06706,17.99025],[106.06768,17.99159],[106.06812,17.99191],[106.06921,17.99246],[106.06991,17.99294],[106.07063,17.99361],[106.07122,17.9945],[106.07129,17.99517],[106.0707,17.99604],[106.07027,17.99686],[106.06974,17.99815],[106.06911,17.99887],[106.06874,17.99894],[106.06663,17.99882],[106.06644,17.99958],[106.06555,18.00018],[106.06512,18.00059],[106.06436,18.00159],[106.06339,18.00361],[106.06211,18.00467],[106.06133,18.00612],[106.06076,18.00705],[106.05997,18.00788],[106.05958,18.00799],[106.05796,18.01085],[106.05683,18.01276],[106.05654,18.01362],[106.0557,18.01536],[106.05475,18.01685],[106.05426,18.01729],[106.05342,18.01878],[106.05312,18.01965],[106.05235,18.01966],[106.05131,18.02002],[106.0503,18.02019],[106.04959,18.02043],[106.04917,18.0211],[106.04929,18.02218],[106.04887,18.02327],[106.0488,18.02395],[106.04921,18.02535],[106.04915,18.02594],[106.04792,18.02609],[106.04763,18.02622],[106.04727,18.02674],[106.04585,18.02722],[106.04521,18.0273],[106.04485,18.02704],[106.04424,18.02621],[106.04286,18.0264],[106.04157,18.02644],[106.04037,18.027],[106.03968,18.02721],[106.0391,18.02664],[106.03804,18.02594],[106.0372,18.02594],[106.03684,18.02573],[106.03608,18.02499],[106.03386,18.02415],[106.03095,18.02445],[106.03054,18.0244],[106.02955,18.02277],[106.02859,18.0225],[106.02761,18.02264],[106.02623,18.02323],[106.02506,18.02351],[106.02299,18.02385],[106.02061,18.02496],[106.01987,18.02581],[106.01838,18.02716],[106.01752,18.02752],[106.01646,18.0288],[106.01658,18.02951],[106.01583,18.03073],[106.01561,18.03148],[106.01592,18.03242],[106.01617,18.03348],[106.0158,18.03436],[106.01453,18.03481],[106.01296,18.03616],[106.01178,18.03702],[106.01045,18.03873],[106.00939,18.03954],[106.00887,18.04032],[106.00796,18.04126],[106.00737,18.04255],[106.00705,18.04286],[106.0058,18.04351],[106.00436,18.04469],[106.0034,18.04526],[106.00214,18.04576],[106.00154,18.04627],[106.00099,18.04722],[106.00013,18.04803],[105.9996,18.04878],[105.99858,18.04971],[105.99753,18.05026],[105.99525,18.05076],[105.99483,18.05104],[105.99464,18.05219],[105.99482,18.0529],[105.99475,18.05378],[105.99396,18.05463],[105.9937,18.05568],[105.99319,18.05693],[105.99267,18.05772],[105.99204,18.05844],[105.99131,18.05873],[105.9909,18.05914],[105.99018,18.05953],[105.98968,18.06059],[105.98943,18.06077],[105.98865,18.06088],[105.98793,18.06128],[105.98681,18.06162],[105.98647,18.06238],[105.98614,18.06279],[105.98626,18.06371],[105.98545,18.06411],[105.98432,18.06412],[105.98303,18.06437],[105.98235,18.06426],[105.98124,18.06382],[105.98075,18.06384],[105.97931,18.06371],[105.97829,18.06352],[105.97709,18.06309],[105.97609,18.06253],[105.97475,18.06193],[105.97396,18.06093],[105.97296,18.0601],[105.97223,18.05906],[105.97176,18.0589],[105.97068,18.05815],[105.97041,18.05744],[105.96993,18.05686],[105.96939,18.05665],[105.96882,18.05604],[105.96839,18.05519],[105.96797,18.05494],[105.96708,18.05533],[105.96585,18.05598],[105.96454,18.0563],[105.96404,18.05655],[105.96365,18.05703],[105.96372,18.05893],[105.9633,18.05952],[105.96236,18.05952],[105.96138,18.05936],[105.95984,18.05895],[105.95878,18.05908],[105.95714,18.05891],[105.95529,18.05813],[105.95289,18.05758],[105.95219,18.05762],[105.95045,18.05826],[105.95001,18.05884],[105.94991,18.05948],[105.95004,18.06039],[105.94993,18.06103],[105.94999,18.06235],[105.94991,18.06266],[105.94935,18.06313],[105.94939,18.06344],[105.95023,18.06417],[105.95045,18.06466],[105.95038,18.06598],[105.94938,18.06718],[105.94722,18.06909],[105.9472,18.07027],[105.9469,18.07115],[105.94606,18.07156],[105.94619,18.07186],[105.94611,18.07299],[105.94537,18.07396],[105.94508,18.07419],[105.94419,18.07455],[105.94278,18.0753],[105.94169,18.0768],[105.94011,18.07796],[105.93897,18.07917],[105.93876,18.08025],[105.93828,18.08089],[105.93767,18.08218],[105.93708,18.08259],[105.93575,18.08318],[105.93537,18.08399],[105.93522,18.08471],[105.93517,18.08632],[105.93503,18.08685],[105.9344,18.08806],[105.93364,18.08855],[105.93331,18.08861],[105.93232,18.0892],[105.93114,18.08944],[105.9302,18.08911],[105.92948,18.08805],[105.92856,18.08701],[105.92821,18.08675],[105.92718,18.08628],[105.92562,18.08569],[105.92508,18.08558],[105.92413,18.08504],[105.92276,18.0838],[105.92214,18.08338],[105.92163,18.08332],[105.92009,18.08232],[105.91962,18.08123],[105.91946,18.08109],[105.91833,18.08072],[105.91796,18.08106],[105.91344,18.08704],[105.91322,18.08723],[105.91203,18.08753],[105.91145,18.08728],[105.91109,18.08745],[105.91093,18.08808],[105.91019,18.08869],[105.90944,18.08878],[105.9083,18.08922],[105.90722,18.08914],[105.90647,18.08926],[105.90589,18.08922],[105.90544,18.0895],[105.90479,18.08956],[105.90399,18.08978],[105.90254,18.08955],[105.90001,18.08963],[105.89892,18.08961],[105.89788,18.09003],[105.89691,18.09006],[105.89633,18.08987],[105.89555,18.09016],[105.89505,18.09005],[105.89325,18.08903],[105.8929,18.08852],[105.892,18.08785],[105.89195,18.08742],[105.89125,18.08641],[105.88725,18.08536],[105.88623,18.08428],[105.88589,18.08418],[105.88498,18.08425],[105.88396,18.08392],[105.8831,18.08332],[105.8825,18.08272],[105.88221,18.08224],[105.88208,18.08125],[105.8823,18.08049],[105.88229,18.07998],[105.88152,18.0794],[105.8813,18.07821],[105.88141,18.07751],[105.88115,18.07679],[105.88048,18.07673],[105.88023,18.07608],[105.87992,18.07583],[105.87901,18.07574],[105.8783,18.07503],[105.878,18.07411],[105.87705,18.07362],[105.87559,18.07328],[105.87545,18.07315],[105.87564,18.07221],[105.87549,18.07129],[105.8751,18.07053],[105.87529,18.07007],[105.87515,18.0693],[105.87419,18.06839],[105.87362,18.06813],[105.8727,18.06797],[105.87235,18.06775],[105.86952,18.06653],[105.86039,18.06722],[105.85483,18.06765],[105.85355,18.06753],[105.85269,18.06767],[105.85224,18.06761],[105.85112,18.06722],[105.85059,18.06717],[105.85005,18.06689],[105.84974,18.0665],[105.84943,18.06561],[105.84861,18.06405],[105.84569,18.0642],[105.84444,18.06419],[105.8428,18.06523],[105.8425,18.0655],[105.84189,18.06535],[105.84146,18.06503],[105.84078,18.06481],[105.84066,18.06447],[105.84018,18.06443],[105.83934,18.06384],[105.83918,18.06343],[105.83871,18.0632],[105.83796,18.06313],[105.83695,18.06338],[105.83618,18.06385],[105.83571,18.06402],[105.83532,18.06391],[105.83486,18.06411],[105.83448,18.06402],[105.83389,18.06507],[105.83339,18.06509],[105.83296,18.06532],[105.83222,18.06502],[105.83185,18.06529],[105.8308,18.06495],[105.83062,18.0643],[105.83026,18.06441],[105.82799,18.0637],[105.82751,18.0636],[105.82601,18.06289],[105.82536,18.06241],[105.82379,18.06088],[105.82313,18.06006],[105.82207,18.05953],[105.82145,18.05937],[105.81301,18.05265],[105.81598,18.0521],[105.81857,18.05142],[105.81941,18.05124],[105.82148,18.05017],[105.82203,18.0496],[105.82379,18.04829],[105.82407,18.04798],[105.82522,18.0475],[105.82598,18.04754],[105.82662,18.04741],[105.8274,18.04744],[105.8279,18.04727],[105.82868,18.04665],[105.82955,18.04582],[105.83516,18.04127],[105.83534,18.04106],[105.83522,18.04048],[105.83439,18.03887],[105.83408,18.03807],[105.83413,18.03762],[105.8337,18.03734],[105.83338,18.03668],[105.83189,18.03573],[105.83153,18.03538],[105.83131,18.03475],[105.83076,18.03422],[105.83056,18.03364],[105.83004,18.03284],[105.82926,18.03219],[105.82897,18.03168],[105.82639,18.03204],[105.82596,18.03214],[105.82552,18.03251],[105.82504,18.03266],[105.82451,18.03306],[105.82307,18.03351],[105.822,18.03346],[105.82149,18.03362],[105.82025,18.03434],[105.81953,18.03528],[105.81902,18.0367],[105.81878,18.03705],[105.81733,18.03762],[105.81683,18.03797],[105.81638,18.03778],[105.81606,18.03711],[105.81583,18.03625],[105.81388,18.03527],[105.81258,18.03452],[105.81082,18.03364],[105.81007,18.03303],[105.8085,18.03223],[105.80779,18.03182],[105.80763,18.03111],[105.80857,18.02989],[105.81004,18.02847],[105.81027,18.02772],[105.81069,18.02728],[105.81062,18.02684],[105.81029,18.02629],[105.80972,18.02588],[105.80904,18.02583],[105.80836,18.02601],[105.80781,18.02599],[105.80595,18.02614],[105.80523,18.02597],[105.80383,18.02611],[105.802,18.0258],[105.80101,18.02538],[105.80056,18.02491],[105.79973,18.02462],[105.79889,18.02399],[105.79808,18.02404],[105.79706,18.02376],[105.79569,18.02417],[105.79455,18.02473],[105.79318,18.02504],[105.79181,18.02471],[105.79143,18.02483],[105.79091,18.02534],[105.79011,18.02554],[105.78839,18.02522],[105.7878,18.02491],[105.78719,18.02477],[105.78533,18.02306],[105.78453,18.02272],[105.78397,18.02185],[105.78331,18.02167],[105.7823,18.02017],[105.78176,18.01903],[105.78025,18.01845],[105.77879,18.01724],[105.77756,18.01697],[105.77657,18.01704],[105.7757,18.01722],[105.77523,18.01757],[105.7749,18.01853],[105.77434,18.01886],[105.77402,18.01928],[105.77295,18.02014],[105.77265,18.02068],[105.77228,18.02096],[105.77131,18.02215],[105.76997,18.02346],[105.76874,18.02379],[105.76733,18.02396],[105.76636,18.02415],[105.76467,18.02473],[105.76323,18.02462],[105.76248,18.02472],[105.76187,18.02463],[105.76052,18.02469],[105.75975,18.02513],[105.75837,18.02563],[105.7572,18.02643],[105.75635,18.0268],[105.75584,18.0272],[105.75398,18.02827],[105.75379,18.02908],[105.75349,18.02942],[105.75346,18.03009],[105.7526,18.03134],[105.75166,18.03165],[105.75116,18.03223],[105.7505,18.03384],[105.75001,18.03408],[105.74838,18.03408],[105.74753,18.03423],[105.74623,18.03471],[105.74537,18.03551],[105.74358,18.03529],[105.74229,18.03545],[105.74016,18.03678],[105.7399,18.03723],[105.73839,18.03664],[105.73686,18.0358],[105.73593,18.03549],[105.73543,18.03554],[105.73487,18.03594],[105.73442,18.03574],[105.73389,18.03512],[105.73194,18.03472],[105.73099,18.0344],[105.73016,18.03365],[105.72926,18.03211],[105.72898,18.03137],[105.72872,18.03029],[105.72853,18.02907],[105.7283,18.02893],[105.72766,18.02902],[105.72713,18.0287],[105.72674,18.02754],[105.72608,18.02718],[105.72523,18.02651],[105.7248,18.02596],[105.72454,18.02485],[105.72393,18.02343],[105.72234,18.02283],[105.72109,18.02183],[105.72065,18.02135],[105.72004,18.02028],[105.71979,18.01911],[105.71977,18.01839],[105.72007,18.01704],[105.71998,18.015],[105.72044,18.01365],[105.72087,18.01336],[105.72124,18.01281],[105.7214,18.01202],[105.72119,18.01109],[105.72069,18.01049],[105.72048,18.00985],[105.72057,18.00957],[105.72113,18.00904],[105.72144,18.00812],[105.72216,18.00784],[105.72126,18.00713],[105.72052,18.00592],[105.72028,18.00565],[105.7196,18.00534],[105.71871,18.00523],[105.71765,18.0045],[105.71716,18.00433],[105.71531,18.00442],[105.71492,18.00427],[105.71428,18.00311],[105.71343,18.00222],[105.71263,18.00184],[105.71255,18.00136],[105.71289,18.00049],[105.71314,17.99875],[105.71264,17.99823],[105.71182,17.99767],[105.71149,17.99693],[105.71075,17.99622],[105.71021,17.99599],[105.70911,17.99572],[105.70776,17.99504],[105.70752,17.99478],[105.70693,17.9935],[105.70608,17.9925],[105.70475,17.99234],[105.68934,17.99237],[105.65552,17.99243],[105.64909,17.99243],[105.64354,17.99246],[105.64326,17.99152],[105.64325,17.99081],[105.64351,17.99016],[105.64358,17.98908],[105.64333,17.98759],[105.64327,17.98649],[105.64346,17.98562],[105.64349,17.98355],[105.6432,17.98215],[105.6429,17.98156],[105.6428,17.98063],[105.64282,17.97898],[105.6429,17.97868],[105.64365,17.97748],[105.64382,17.97687],[105.64384,17.97549],[105.64369,17.9748],[105.64307,17.97416],[105.64208,17.97186],[105.64221,17.9708],[105.64273,17.96987],[105.64275,17.96897],[105.64295,17.9679],[105.6429,17.96645],[105.64294,17.96527],[105.64306,17.96448],[105.64292,17.96351],[105.64238,17.96181],[105.64197,17.96117],[105.64107,17.96033],[105.64035,17.95978],[105.64009,17.95942],[105.63906,17.95859],[105.63822,17.95859],[105.63769,17.95918],[105.63701,17.95967],[105.63678,17.96],[105.63553,17.96037],[105.63535,17.95981],[105.63537,17.95789],[105.63524,17.95692],[105.63448,17.95662],[105.6339,17.95675],[105.63355,17.95662],[105.63228,17.95547],[105.63061,17.95373],[105.6303,17.95346],[105.62896,17.95278],[105.62849,17.95196],[105.62849,17.95126],[105.62867,17.95049],[105.62812,17.94929],[105.62788,17.94848],[105.62781,17.94719],[105.62812,17.94561],[105.62793,17.94487],[105.62731,17.94436],[105.62684,17.94379],[105.62647,17.94365],[105.62506,17.94383],[105.62446,17.9435],[105.62376,17.94275],[105.62302,17.94218],[105.62292,17.94192],[105.62394,17.94094],[105.62438,17.94018],[105.62447,17.93951],[105.62391,17.9365],[105.62408,17.93475],[105.62355,17.93285],[105.62308,17.93098],[105.62307,17.93002],[105.62255,17.92924],[105.62278,17.92772],[105.62305,17.92661],[105.62337,17.92605],[105.62369,17.92479],[105.62367,17.92396],[105.62317,17.92272],[105.62249,17.9214],[105.62266,17.92034],[105.62264,17.91965],[105.6224,17.91878],[105.62172,17.91807],[105.62136,17.91753],[105.62106,17.91673],[105.62031,17.91612],[105.61936,17.91561],[105.61906,17.91516],[105.61913,17.91392],[105.6188,17.91263],[105.6186,17.91129],[105.61819,17.90943],[105.61786,17.90852],[105.61747,17.90774],[105.6175,17.90609],[105.61736,17.90526],[105.61702,17.90432],[105.61628,17.90376],[105.61506,17.90317],[105.61365,17.9024],[105.61272,17.9017],[105.61212,17.90094],[105.61165,17.90055],[105.61101,17.90026],[105.61044,17.89975],[105.61011,17.89875],[105.60925,17.89704],[105.60805,17.89544],[105.60807,17.89522],[105.60873,17.89442],[105.60895,17.89371],[105.60911,17.89214],[105.60907,17.89157],[105.60884,17.89072],[105.60909,17.89016],[105.61006,17.89006],[105.61084,17.88983],[105.61197,17.88929],[105.61202,17.88891],[105.61127,17.88802],[105.61084,17.88683],[105.61167,17.88445],[105.6119,17.88411],[105.61242,17.88382],[105.6133,17.88357],[105.61399,17.88323],[105.61456,17.88251],[105.615,17.88082],[105.61537,17.88033],[105.61591,17.88003],[105.61697,17.87974],[105.61802,17.87994],[105.61891,17.87944],[105.61997,17.87904],[105.62031,17.87877],[105.62041,17.87783],[105.62105,17.87741],[105.62186,17.87733],[105.62342,17.87741],[105.62432,17.87727],[105.62497,17.877],[105.62562,17.87649],[105.62618,17.87626],[105.62684,17.8763],[105.62754,17.876],[105.62758,17.87514],[105.62732,17.87364],[105.62733,17.87279],[105.62797,17.87214],[105.62803,17.87137],[105.6279,17.87065],[105.62818,17.87025],[105.63029,17.87014],[105.63239,17.86877],[105.63355,17.86783],[105.63466,17.8672],[105.63645,17.86562],[105.63654,17.86507],[105.63618,17.86437],[105.63583,17.86302],[105.63617,17.8624],[105.63682,17.86226],[105.63706,17.86187],[105.63709,17.86094],[105.63782,17.86007],[105.63873,17.85934],[105.639,17.85865],[105.63981,17.85794],[105.64042,17.85779],[105.64095,17.85796],[105.64233,17.85886],[105.64307,17.85923],[105.64399,17.85929],[105.64487,17.85911],[105.64592,17.85796],[105.64692,17.85778],[105.64814,17.85708],[105.64946,17.85653],[105.65043,17.85599],[105.65158,17.85522],[105.65244,17.85521],[105.65311,17.85545],[105.6539,17.85551],[105.65439,17.85539],[105.65546,17.85457],[105.65781,17.85441],[105.65847,17.85482],[105.65917,17.85499],[105.66062,17.85506],[105.66127,17.85531],[105.66195,17.8559],[105.66266,17.85496],[105.6642,17.85244],[105.66506,17.85191],[105.66594,17.85096],[105.66645,17.85067],[105.66815,17.85013],[105.66887,17.84969],[105.66966,17.84944],[105.67025,17.84945],[105.67069,17.84922],[105.67157,17.84819],[105.67201,17.84728],[105.67267,17.84663],[105.67403,17.84677],[105.6745,17.84636],[105.6747,17.8454],[105.67504,17.84463],[105.6747,17.84341],[105.6746,17.84253],[105.67464,17.84157],[105.67525,17.84083],[105.67498,17.84012],[105.6752,17.83948],[105.67674,17.83786],[105.67705,17.83717],[105.67736,17.83533],[105.67776,17.83493],[105.67881,17.83491],[105.67993,17.8351],[105.68154,17.83508],[105.68232,17.8349],[105.68304,17.83455],[105.68338,17.83385],[105.68341,17.83208],[105.68277,17.83128],[105.68276,17.83091],[105.68335,17.82995],[105.68358,17.82923],[105.68331,17.82852],[105.68318,17.82709],[105.68331,17.82604],[105.68359,17.82529],[105.68369,17.82399],[105.68422,17.82294],[105.68442,17.82229],[105.68431,17.81884],[105.68348,17.81837],[105.68287,17.81788],[105.68283,17.81659],[105.6829,17.81581],[105.68266,17.815],[105.6815,17.81434],[105.68051,17.81334],[105.68004,17.81348],[105.67986,17.81322],[105.68096,17.81107],[105.68077,17.81052],[105.67971,17.80876],[105.67748,17.80546],[105.67737,17.80446],[105.67713,17.80365],[105.67655,17.80275],[105.67642,17.80215],[105.67662,17.80113],[105.67653,17.80052],[105.67549,17.79813],[105.67533,17.79761],[105.67536,17.79626],[105.67518,17.79563],[105.67524,17.79491],[105.67638,17.7939],[105.67733,17.79261],[105.67817,17.79244],[105.67967,17.7906],[105.6808,17.78953],[105.68171,17.78891],[105.68334,17.78816],[105.6842,17.78735],[105.68486,17.78715],[105.68579,17.78644],[105.68627,17.78623],[105.68711,17.78623],[105.68754,17.78592],[105.6877,17.78533],[105.6881,17.78488],[105.68909,17.78462],[105.68852,17.78316],[105.68843,17.78109],[105.68961,17.78021],[105.68967,17.77948],[105.69037,17.77825],[105.69108,17.77758],[105.692,17.77633],[105.6921,17.77535],[105.69185,17.77472],[105.69178,17.77385],[105.69308,17.77236],[105.69321,17.77198],[105.693,17.77051],[105.69328,17.76984],[105.69409,17.76895],[105.69575,17.76777],[105.69709,17.76776],[105.69795,17.76724],[105.69836,17.76688],[105.69869,17.76614],[105.69876,17.76496],[105.69926,17.76384],[105.69954,17.76351],[105.70053,17.76274],[105.70088,17.76206],[105.70176,17.76142],[105.70242,17.76063],[105.70333,17.76047],[105.70371,17.76023],[105.70407,17.75966],[105.70469,17.75903],[105.70533,17.75873],[105.70584,17.75869],[105.70707,17.75892],[105.70807,17.7597],[105.70838,17.75969],[105.71069,17.75781],[105.71106,17.75738],[105.71155,17.75631],[105.71195,17.75598],[105.7126,17.75593],[105.71292,17.75612],[105.71374,17.757],[105.71454,17.75755],[105.71503,17.75759],[105.71665,17.75689],[105.71731,17.75672],[105.71812,17.7567],[105.71849,17.75638],[105.7185,17.7551],[105.71875,17.75479],[105.71992,17.75421],[105.72037,17.75271],[105.72079,17.75176],[105.72216,17.7498],[105.72383,17.74901],[105.72423,17.74862],[105.72544,17.74719],[105.72642,17.7465],[105.72749,17.74594],[105.72824,17.74565],[105.73026,17.74508],[105.73037,17.74461],[105.73028,17.74199],[105.73047,17.74001],[105.7302,17.73924],[105.72929,17.7386],[105.72861,17.73773],[105.72824,17.73688],[105.72809,17.73561],[105.72818,17.73538],[105.7284,17.73376],[105.7284,17.73329],[105.7282,17.73289],[105.72801,17.73188],[105.72808,17.72989],[105.72852,17.72769],[105.72866,17.72637],[105.72859,17.7253],[105.7289,17.7236],[105.72916,17.72301],[105.73001,17.72158],[105.73031,17.7213],[105.73094,17.72109],[105.73161,17.72105],[105.73344,17.72134],[105.73372,17.72123],[105.73468,17.72038],[105.73525,17.72],[105.73632,17.71956],[105.73688,17.71955],[105.73777,17.72007],[105.73865,17.7201],[105.73972,17.72039],[105.74116,17.72088],[105.74202,17.72138],[105.74351,17.72262],[105.74357,17.72221],[105.74336,17.72054],[105.74396,17.71923],[105.74406,17.7182],[105.74388,17.71581],[105.74426,17.71397],[105.74457,17.71276],[105.74502,17.71048],[105.74542,17.70885],[105.74548,17.70802],[105.74573,17.70667],[105.74669,17.70391],[105.74743,17.70157],[105.74745,17.70063],[105.74704,17.69935],[105.74704,17.69896],[105.74776,17.69557],[105.74774,17.69434],[105.74762,17.69316],[105.74795,17.69197],[105.74837,17.68927],[105.74842,17.68747],[105.74831,17.68598],[105.74838,17.68561],[105.74898,17.68477],[105.74926,17.6841],[105.74943,17.6822],[105.74965,17.68179],[105.74985,17.68095],[105.74988,17.67967],[105.75026,17.67829],[105.74995,17.67664],[105.75022,17.67471],[105.75061,17.67281],[105.75055,17.67225],[105.75017,17.67112],[105.7503,17.67059],[105.75087,17.66939],[105.75096,17.66838],[105.75184,17.66812],[105.75729,17.66718],[105.75873,17.66713],[105.76008,17.66684],[105.7605,17.66659],[105.761,17.66659],[105.76276,17.66707],[105.76313,17.66733],[105.76333,17.66783],[105.76347,17.66871],[105.7638,17.66939],[105.76382,17.67011],[105.76459,17.67005],[105.76503,17.67042],[105.76508,17.67083],[105.76543,17.6713],[105.76548,17.67185],[105.76601,17.67241],[105.76717,17.67342],[105.76801,17.67377],[105.76896,17.67458],[105.76975,17.67482],[105.77057,17.67403],[105.77133,17.67396],[105.77264,17.67433],[105.77415,17.67437],[105.77474,17.67396],[105.7757,17.67424],[105.77806,17.67421],[105.77924,17.67439],[105.77999,17.67481],[105.7816,17.67621],[105.78175,17.67559],[105.78173,17.67379],[105.78218,17.67269],[105.78304,17.67156],[105.78335,17.67094],[105.78375,17.67056],[105.78731,17.67025],[105.78819,17.67049],[105.78894,17.67058],[105.79069,17.6706],[105.79108,17.67053],[105.79168,17.67014],[105.79236,17.66925],[105.79299,17.66804],[105.79345,17.66743],[105.79403,17.6664],[105.79391,17.66426],[105.79494,17.66302],[105.79514,17.66287],[105.79651,17.66236],[105.79757,17.6621],[105.7982,17.66142],[105.79872,17.66051],[105.799,17.65932],[105.79896,17.65797],[105.79912,17.65785],[105.80099,17.65753],[105.80143,17.6577],[105.80257,17.6585],[105.80346,17.659],[105.80399,17.65954],[105.80448,17.66043],[105.80496,17.6603],[105.80551,17.65943],[105.80614,17.65878],[105.8063,17.65796],[105.80662,17.65696],[105.80603,17.65618],[105.80604,17.65531],[105.80694,17.65448],[105.80722,17.65399],[105.80823,17.65273],[105.80908,17.65231],[105.81002,17.65142],[105.81061,17.65069],[105.8109,17.64997],[105.81109,17.64886],[105.81169,17.64829],[105.8127,17.64782],[105.81372,17.64674],[105.81471,17.64642],[105.81633,17.64535],[105.81687,17.64438],[105.8182,17.64428],[105.81889,17.6444],[105.81915,17.64469],[105.81981,17.64608],[105.82141,17.64835],[105.82132,17.64888],[105.82254,17.65017],[105.82312,17.65236],[105.82329,17.65318],[105.82441,17.65339],[105.82529,17.6537],[105.82639,17.65385],[105.82768,17.6539],[105.82874,17.65436],[105.82935,17.65427],[105.82947,17.6528],[105.8294,17.65237],[105.829,17.65207],[105.82907,17.65136],[105.82877,17.65051],[105.82887,17.65011],[105.82973,17.64896],[105.83133,17.64701],[105.8316,17.64636],[105.83166,17.64528],[105.83156,17.64479],[105.83055,17.64402],[105.83048,17.64265],[105.83056,17.64165],[105.83124,17.64079],[105.83239,17.63981],[105.83159,17.63827],[105.83148,17.63748],[105.83218,17.63625],[105.83232,17.63574],[105.83228,17.63415],[105.83247,17.63393],[105.83366,17.63347],[105.83423,17.63315],[105.83505,17.63221],[105.83621,17.62996],[105.83716,17.63002],[105.83827,17.63073],[105.83895,17.63126],[105.83975,17.63173],[105.84013,17.63234],[105.84058,17.63404],[105.84069,17.6351],[105.84192,17.63406],[105.84308,17.63344],[105.8442,17.63175],[105.8447,17.63141],[105.84561,17.63141],[105.84647,17.63154],[105.84705,17.63177],[105.84783,17.6324],[105.84986,17.63428],[105.85021,17.63438],[105.85159,17.6343],[105.85253,17.63438],[105.85337,17.63461],[105.85414,17.63503],[105.85458,17.63449],[105.85521,17.6342],[105.85482,17.63339],[105.85411,17.63109],[105.85411,17.62986],[105.85403,17.62879],[105.85389,17.6284],[105.85335,17.6278],[105.85301,17.62699],[105.85241,17.62654],[105.85228,17.62473],[105.85204,17.62401],[105.85199,17.6233],[105.85222,17.62296],[105.85233,17.62196],[105.85284,17.62103],[105.85342,17.62026],[105.85463,17.6206],[105.85618,17.62087],[105.85651,17.621],[105.85671,17.62153],[105.8566,17.62224],[105.85678,17.62267],[105.85776,17.62343],[105.85833,17.62375],[105.87684,17.60318],[105.95917,17.51035],[105.96547,17.50326],[105.96925,17.499],[106.00184,17.46241],[106.08023,17.37401],[106.08564,17.368],[106.09194,17.36088],[106.09199,17.36041],[106.09241,17.36008],[106.09323,17.3601],[106.09356,17.35987],[106.09349,17.35934],[106.09399,17.35877],[106.09466,17.35853],[106.09576,17.35829],[106.09734,17.35812],[106.09785,17.35795],[106.09876,17.35718],[106.0992,17.35659],[106.0996,17.35633],[106.10035,17.35656],[106.10099,17.35645],[106.10286,17.35468],[106.10319,17.35385],[106.10387,17.35295],[106.1047,17.3524],[106.10557,17.35249],[106.1069,17.35301],[106.10756,17.35291],[106.10865,17.35186],[106.1091,17.35228],[106.10948,17.35329],[106.11074,17.35329],[106.11061,17.35284],[106.11008,17.3518],[106.10997,17.35107],[106.11013,17.35061],[106.11084,17.35011],[106.11193,17.34881],[106.11248,17.34841],[106.11317,17.3477],[106.11383,17.34772],[106.11464,17.34742],[106.11589,17.34724],[106.11779,17.34592],[106.1187,17.34575],[106.11919,17.34553],[106.12036,17.34462],[106.12096,17.34385],[106.12143,17.34341],[106.12205,17.34246],[106.12276,17.34163],[106.12337,17.34109],[106.12357,17.34067],[106.12378,17.33969],[106.12396,17.33947],[106.12491,17.33949],[106.12554,17.33993],[106.12684,17.34001],[106.12765,17.33984],[106.1281,17.33839],[106.12884,17.33816],[106.1299,17.33826],[106.13026,17.33809],[106.13061,17.3374],[106.1312,17.33676],[106.13236,17.33617],[106.13296,17.3356],[106.1336,17.3355],[106.13399,17.33567],[106.13454,17.33541],[106.13489,17.33475],[106.13572,17.33389],[106.13561,17.33254],[106.13578,17.33157],[106.13551,17.33124],[106.13548,17.33051],[106.13609,17.32915],[106.13659,17.32881],[106.13757,17.32848],[106.13924,17.32778],[106.14054,17.32695],[106.14067,17.32663],[106.14036,17.32583],[106.14073,17.32553],[106.14142,17.32609],[106.14175,17.32621],[106.14266,17.32687],[106.14314,17.3269],[106.14355,17.32609],[106.14413,17.32545],[106.14469,17.325],[106.14415,17.32449],[106.14353,17.32343],[106.14251,17.32237],[106.14232,17.32133],[106.14251,17.32089],[106.14327,17.32033],[106.14569,17.31821],[106.14559,17.31778],[106.14336,17.31627],[106.14314,17.31603],[106.14307,17.31516],[106.14388,17.31438],[106.14473,17.31407],[106.14518,17.31336],[106.14543,17.31235],[106.14547,17.31179],[106.14571,17.31143],[106.14665,17.31153],[106.14829,17.31182],[106.14857,17.31194],[106.14905,17.31157],[106.15155,17.31053],[106.1526,17.30949],[106.15315,17.3091],[106.15361,17.3092],[106.1543,17.30908],[106.15507,17.30851],[106.15584,17.30815],[106.1563,17.30761],[106.15688,17.30659],[106.15802,17.30555],[106.15913,17.3054],[106.16014,17.30499],[106.16153,17.30491],[106.16222,17.30426],[106.16298,17.30332],[106.16449,17.30274],[106.16484,17.30246],[106.16484,17.3017],[106.16374,17.30013],[106.16359,17.29981],[106.16396,17.29916],[106.165,17.29885],[106.16592,17.29879],[106.16658,17.29801],[106.16691,17.29724],[106.16746,17.29721],[106.16844,17.29769],[106.16902,17.29823],[106.1713,17.29823],[106.17163,17.29802],[106.17176,17.29749],[106.17368,17.29612],[106.17461,17.2949],[106.17565,17.29425],[106.17657,17.29434],[106.17715,17.2942],[106.17857,17.29343],[106.17884,17.29302],[106.17982,17.29219],[106.18041,17.29187],[106.18115,17.29125],[106.18153,17.2906],[106.18239,17.28981],[106.18324,17.28922],[106.18393,17.28823],[106.18407,17.28743],[106.18522,17.28658],[106.18625,17.28554],[106.18784,17.28413],[106.18865,17.28284],[106.18906,17.28231],[106.18926,17.28172],[106.18956,17.27984],[106.19035,17.27925],[106.1911,17.27896],[106.19208,17.27893],[106.19315,17.27841],[106.19375,17.27765],[106.19411,17.27747],[106.19548,17.27749],[106.19593,17.27686],[106.19679,17.27626],[106.19694,17.27602],[106.19737,17.27441],[106.19866,17.27427],[106.2002,17.27337],[106.20059,17.27296],[106.20214,17.27233],[106.20328,17.27218],[106.20556,17.27154],[106.20797,17.2712],[106.20891,17.26986],[106.20915,17.26964],[106.21032,17.26918],[106.21163,17.26848],[106.21306,17.2669],[106.21385,17.26633],[106.2152,17.266],[106.21569,17.26557],[106.21618,17.26489],[106.21947,17.26251],[106.22044,17.26176],[106.22148,17.26106],[106.22253,17.26079],[106.22385,17.26074],[106.2244,17.2603],[106.22553,17.25827],[106.22591,17.25727],[106.22628,17.25675],[106.22741,17.25642],[106.22808,17.25609],[106.22919,17.25576],[106.22963,17.25529],[106.22992,17.25466],[106.23035,17.25415],[106.23095,17.25387],[106.23158,17.25296],[106.23177,17.25211],[106.23205,17.25156],[106.23278,17.25138],[106.2341,17.25143],[106.2348,17.2513],[106.23523,17.25077],[106.23601,17.2503],[106.23672,17.25007],[106.23811,17.24975],[106.24056,17.24961],[106.24166,17.24963],[106.24329,17.24979],[106.24403,17.25004],[106.2452,17.25014],[106.24578,17.24988],[106.24642,17.24921],[106.24717,17.24859],[106.24716,17.24764],[106.24746,17.24689],[106.24795,17.24649],[106.24798,17.24583],[106.24826,17.24521],[106.24957,17.24443],[106.25091,17.24428],[106.25136,17.24447],[106.25156,17.24519],[106.25159,17.24583],[106.25141,17.2467],[106.25098,17.24716],[106.25118,17.24821],[106.2512,17.249],[106.25096,17.25009],[106.25127,17.25071],[106.25259,17.25164],[106.2532,17.25189],[106.25363,17.2523],[106.25363,17.25291],[106.2542,17.25333],[106.25526,17.25321],[106.25562,17.25307],[106.25614,17.25254],[106.25733,17.25268],[106.25725,17.25294],[106.2576,17.25347],[106.25831,17.25324],[106.25966,17.25333],[106.2604,17.25376],[106.26095,17.25385],[106.26214,17.25354],[106.26327,17.25484],[106.26374,17.25572],[106.26418,17.25608],[106.26551,17.25659],[106.2666,17.2571],[106.26757,17.25798],[106.26898,17.25983],[106.27011,17.26043],[106.27092,17.26063],[106.2721,17.2607],[106.27356,17.26127],[106.27476,17.26147],[106.27572,17.26177],[106.27599,17.26228],[106.27685,17.26316],[106.2776,17.26478],[106.2779,17.26522],[106.27793,17.26591],[106.27884,17.26693],[106.27898,17.26797],[106.27913,17.26835],[106.2796,17.26888],[106.27922,17.26989],[106.27914,17.2704],[106.27982,17.27073],[106.28038,17.27148],[106.2804,17.2724],[106.28069,17.27359],[106.2805,17.27457],[106.28102,17.27668],[106.28097,17.27717],[106.28033,17.27772],[106.27974,17.27849],[106.27878,17.27912],[106.27841,17.27949],[106.27833,17.28008],[106.27748,17.28187],[106.27669,17.28266],[106.27651,17.28379],[106.27564,17.28493],[106.27517,17.28576],[106.27498,17.28651],[106.27492,17.28729],[106.27512,17.28832],[106.27563,17.28965],[106.27561,17.29144],[106.27545,17.293],[106.27552,17.29526],[106.27529,17.2959],[106.27663,17.29573],[106.27728,17.29582],[106.27943,17.29555],[106.28046,17.29552],[106.28164,17.2958],[106.28293,17.29632],[106.28412,17.29659],[106.28591,17.29666],[106.28639,17.29651],[106.28712,17.29604],[106.28835,17.29603],[106.28874,17.29613],[106.28955,17.29671],[106.29099,17.29701],[106.29166,17.29685],[106.29272,17.29625],[106.29375,17.29581],[106.29511,17.29574],[106.29543,17.29592],[106.29681,17.29616],[106.29686,17.29545],[106.29798,17.29479],[106.29967,17.29431],[106.30014,17.29375],[106.30088,17.29355],[106.30206,17.29387],[106.30262,17.29415],[106.30371,17.29518],[106.30391,17.29524],[106.30415,17.29503],[106.30476,17.29279],[106.30505,17.29206],[106.30533,17.29099],[106.30614,17.28994],[106.30567,17.28847],[106.30537,17.28782],[106.30556,17.28701],[106.30658,17.28543],[106.30719,17.28402],[106.30724,17.28346],[106.30693,17.28237],[106.30712,17.28149],[106.30687,17.28044],[106.30703,17.27876],[106.30735,17.27814],[106.30814,17.27737],[106.30812,17.27685],[106.30781,17.27589],[106.30753,17.2747],[106.30732,17.27235],[106.3085,17.27082],[106.30749,17.26983],[106.30682,17.26875],[106.30671,17.26767],[106.30681,17.267],[106.30654,17.26599],[106.30617,17.26553],[106.30609,17.26407],[106.30634,17.26253],[106.30702,17.26143],[106.30711,17.25967],[106.30701,17.2591],[106.30635,17.25809],[106.30558,17.25754],[106.30538,17.25707],[106.30572,17.2565],[106.30616,17.25644],[106.3077,17.25749],[106.30872,17.25756],[106.30929,17.25607],[106.30984,17.25487],[106.30999,17.25387],[106.30987,17.25371],[106.3088,17.25319],[106.30858,17.25271],[106.30962,17.25242],[106.31085,17.25169],[106.31141,17.25161],[106.31263,17.25222],[106.3142,17.25354],[106.31475,17.25304],[106.31556,17.25165],[106.31824,17.24958],[106.31861,17.249],[106.31838,17.24852],[106.31781,17.24787],[106.31763,17.24748],[106.31771,17.24701],[106.31815,17.24632],[106.31819,17.24566],[106.31779,17.24513],[106.31668,17.24429],[106.31622,17.24374],[106.31511,17.24293],[106.31472,17.24285],[106.31385,17.24293],[106.31288,17.24234],[106.31237,17.24229],[106.31048,17.24253],[106.31,17.24276],[106.30899,17.24261],[106.30852,17.24238],[106.30816,17.24191],[106.3082,17.2415],[106.30876,17.24093],[106.3089,17.24042],[106.30873,17.24007],[106.30798,17.23905],[106.30819,17.23879],[106.30871,17.23886],[106.31066,17.23938],[106.31164,17.23951],[106.31269,17.23951],[106.31353,17.23939],[106.31377,17.23918],[106.31491,17.23744],[106.31556,17.23659],[106.31672,17.23561],[106.31702,17.23549],[106.3178,17.23552],[106.31922,17.23664],[106.3208,17.23769],[106.32152,17.23785],[106.32251,17.23778],[106.3232,17.23793],[106.32377,17.23824],[106.32429,17.23812],[106.32472,17.23647],[106.32574,17.23638],[106.32635,17.23619],[106.3269,17.2358],[106.32743,17.23662],[106.3285,17.23663],[106.32897,17.23643],[106.32936,17.23592],[106.32945,17.23481],[106.33033,17.23507],[106.33113,17.2352],[106.33175,17.23557],[106.33254,17.23571],[106.33338,17.23552],[106.33364,17.23474],[106.33449,17.23326],[106.33435,17.2329],[106.33323,17.2329],[106.33287,17.23262],[106.33291,17.23204],[106.33409,17.23054],[106.33407,17.22736],[106.33421,17.22674],[106.33366,17.22625],[106.33287,17.22623],[106.33158,17.22653],[106.33067,17.22625],[106.32894,17.22484],[106.32815,17.22361],[106.32813,17.22274],[106.32848,17.22214],[106.3285,17.22172],[106.32805,17.2212],[106.32602,17.21988],[106.32591,17.21919],[106.32623,17.21807],[106.32614,17.21709],[106.32567,17.2164],[106.32476,17.21573],[106.32408,17.21564],[106.32321,17.21602],[106.32293,17.21633],[106.32252,17.21743],[106.32181,17.21776],[106.3215,17.21807],[106.32075,17.21844],[106.32032,17.21852],[106.31934,17.21846],[106.31792,17.21848],[106.3172,17.21869],[106.31447,17.21989],[106.31382,17.21954],[106.31295,17.21815],[106.31218,17.21733],[106.31101,17.21705],[106.31025,17.21713],[106.30827,17.21814],[106.30824,17.21722],[106.30851,17.21678],[106.30849,17.21615],[106.30775,17.2137],[106.30723,17.213],[106.30704,17.21242],[106.30574,17.21164],[106.30517,17.21077],[106.30406,17.21054],[106.3031,17.21009],[106.30281,17.20959],[106.30285,17.20891],[106.30374,17.2083],[106.30428,17.20763],[106.30488,17.20721],[106.30567,17.20689],[106.30739,17.20666],[106.30859,17.20566],[106.30917,17.20561],[106.30987,17.20575],[106.3105,17.20568],[106.31221,17.205],[106.31284,17.2045],[106.3132,17.20438],[106.31419,17.20442],[106.3154,17.20468],[106.31605,17.20456],[106.31614,17.20393],[106.31644,17.20348],[106.31715,17.20282],[106.31789,17.20235],[106.31865,17.20203],[106.32171,17.20088],[106.32288,17.20058],[106.32368,17.20019],[106.32603,17.19948],[106.32654,17.19914],[106.32795,17.19774],[106.32675,17.19803],[106.32556,17.19755],[106.32516,17.19708],[106.32506,17.19657],[106.32473,17.19592],[106.32318,17.19409],[106.32175,17.19344],[106.32118,17.19262],[106.32108,17.19163],[106.32289,17.19085],[106.3242,17.1896],[106.32481,17.18943],[106.32536,17.18899],[106.32563,17.18846],[106.32551,17.18812],[106.32472,17.1867],[106.32467,17.18621],[106.32514,17.1855],[106.32574,17.18507],[106.32571,17.18454],[106.32605,17.184],[106.3269,17.18342],[106.32709,17.18279],[106.32662,17.18146],[106.32671,17.18097],[106.32726,17.18078],[106.32801,17.18006],[106.32937,17.17975],[106.33029,17.1793],[106.33145,17.17843],[106.33179,17.17781],[106.33219,17.17627],[106.33267,17.17548],[106.33347,17.1745],[106.33417,17.174],[106.33472,17.17308],[106.33519,17.17184],[106.33574,17.17106],[106.33719,17.16996],[106.33772,17.16937],[106.33814,17.16835],[106.33862,17.16771],[106.33971,17.16711],[106.3405,17.16715],[106.34159,17.16733],[106.34264,17.16723],[106.3435,17.16687],[106.34378,17.16604],[106.34473,17.16563],[106.34554,17.1646],[106.34588,17.16451],[106.34697,17.1645],[106.34723,17.16425],[106.34775,17.16271],[106.34829,17.16207],[106.35184,17.16058],[106.35252,17.16039],[106.3539,17.16017],[106.35474,17.15943],[106.35523,17.15914],[106.35609,17.15886],[106.35619,17.15862],[106.35578,17.15694],[106.35556,17.15644],[106.35423,17.15488],[106.35381,17.15406],[106.35284,17.15322],[106.35152,17.15273],[106.35082,17.15234],[106.35054,17.15201],[106.35058,17.15137],[106.35024,17.15069],[106.35009,17.14998],[106.34948,17.14967],[106.34934,17.14877],[106.34898,17.14839],[106.34759,17.14799],[106.34861,17.14738],[106.34907,17.14739],[106.35032,17.1472],[106.35264,17.14719],[106.3532,17.14707],[106.35353,17.14674],[106.35362,17.14606],[106.35308,17.14535],[106.35372,17.14501],[106.35437,17.14417],[106.35517,17.14405],[106.35565,17.14343],[106.35584,17.14236],[106.35595,17.14122],[106.35578,17.13995],[106.35586,17.13965],[106.3565,17.13887],[106.35666,17.13842],[106.35656,17.13794],[106.35595,17.137],[106.35594,17.13656],[106.35636,17.13577],[106.35635,17.13496],[106.35651,17.13463],[106.35811,17.13395],[106.3588,17.13351],[106.35938,17.13335],[106.35973,17.13297],[106.35997,17.13228],[106.36034,17.13216],[106.36134,17.13219],[106.36176,17.13244],[106.36202,17.13167],[106.36234,17.13148],[106.36351,17.13119],[106.3642,17.13126],[106.36471,17.13101],[106.36499,17.13023],[106.36568,17.12886],[106.36672,17.12858],[106.36906,17.12571],[106.37054,17.12439],[106.37057,17.12346],[106.37117,17.12273],[106.37203,17.12046],[106.37203,17.11987],[106.3717,17.11857],[106.37167,17.11804],[106.37207,17.11716],[106.37228,17.11641],[106.37279,17.11568],[106.37268,17.11449],[106.3728,17.11386],[106.37272,17.1127],[106.37285,17.11206],[106.37334,17.11101],[106.37489,17.11004],[106.37611,17.10897],[106.37683,17.10798],[106.37736,17.10761],[106.37812,17.10741],[106.37956,17.10725],[106.38011,17.10668],[106.38074,17.10634],[106.38184,17.10606],[106.38267,17.10558],[106.3838,17.10441],[106.38446,17.10407],[106.38617,17.10381],[106.38761,17.10372],[106.38905,17.10378],[106.39002,17.10398],[106.39074,17.10373],[106.39138,17.10329],[106.39205,17.1024],[106.39235,17.10165],[106.39291,17.09943],[106.39329,17.09889],[106.39396,17.09836],[106.39519,17.0979],[106.39557,17.09768],[106.39637,17.09676],[106.39744,17.09662],[106.39835,17.09678],[106.39864,17.09642],[106.39872,17.09532],[106.39955,17.09392],[106.4,17.09362],[106.40148,17.09296],[106.4034,17.09164],[106.40378,17.0912],[106.40444,17.09076],[106.40609,17.0901],[106.4077,17.08877],[106.40783,17.08813],[106.40758,17.08749],[106.40762,17.08687],[106.40819,17.08585],[106.40944,17.08508],[106.40991,17.08435],[106.4102,17.08357],[106.41021,17.08248],[106.40966,17.08164],[106.41029,17.08126],[106.41171,17.08089],[106.41357,17.08003],[106.4153,17.07903],[106.41652,17.07856],[106.41751,17.07836],[106.41761,17.07817],[106.41713,17.07794],[106.4165,17.07794],[106.41598,17.07778],[106.41551,17.07728],[106.41506,17.0765],[106.41484,17.07554],[106.41391,17.07439],[106.41384,17.07382],[106.41421,17.07278],[106.41417,17.07157],[106.41339,17.06986],[106.41311,17.0686],[106.41258,17.06752],[106.41121,17.0663],[106.41048,17.06543],[106.40962,17.06469],[106.40879,17.06437],[106.40754,17.0633],[106.40699,17.06227],[106.40576,17.06074],[106.40547,17.05986],[106.4056,17.0591],[106.4052,17.05859],[106.40435,17.05782],[106.40389,17.05696],[106.40307,17.05586],[106.40262,17.05462],[106.40232,17.05327],[106.40219,17.05149],[106.40277,17.05113],[106.40351,17.04967],[106.40422,17.04913],[106.40552,17.04782],[106.40569,17.04754],[106.40588,17.04663],[106.40607,17.04636],[106.40727,17.0454],[106.40791,17.04467],[106.40891,17.04394],[106.40976,17.04311],[106.41063,17.0427],[106.41087,17.04194],[106.41133,17.0412],[106.41167,17.04045],[106.4124,17.03973],[106.41342,17.03929],[106.41413,17.03855],[106.41526,17.03715],[106.41552,17.037],[106.419,17.03453],[106.41975,17.03416],[106.42257,17.03298],[106.42342,17.03238],[106.4239,17.03222],[106.42492,17.03218],[106.42572,17.03204],[106.42491,17.03156],[106.42355,17.03049],[106.42332,17.03007],[106.42334,17.02964],[106.42363,17.02827],[106.42426,17.02681],[106.42498,17.02488],[106.42554,17.02356],[106.4259,17.02222],[106.42643,17.02166],[106.42677,17.0211],[106.42707,17.01996],[106.42741,17.01935],[106.42758,17.01842],[106.42755,17.01591],[106.42746,17.01531],[106.42695,17.01394],[106.42683,17.01312],[106.42687,17.01216],[106.42712,17.01171],[106.42741,17.0105],[106.42818,17.00995],[106.42811,17.00938],[106.42761,17.00841],[106.42737,17.00632],[106.42752,17.00602],[106.42878,17.00548],[106.42975,17.00455],[106.43102,17.00435],[106.43181,17.00396],[106.43356,17.0034],[106.43447,17.00234],[106.43477,17.00167],[106.43524,17.00023],[106.43555,16.99966],[106.43655,16.999],[106.43723,16.99731],[106.43809,16.99605],[106.43919,16.99517],[106.4405,16.99476],[106.44296,16.99553],[106.4435,16.99581],[106.44497,16.99591],[106.44725,16.99644],[106.44833,16.99701],[106.45036,16.99799],[106.4508,16.99806],[106.45129,16.99789],[106.45346,16.99802],[106.45475,16.99854],[106.45578,16.99877],[106.45612,16.999],[106.45664,16.99979],[106.45702,17.0007],[106.45873,17.00087],[106.46067,17.00075],[106.46274,16.999],[106.46293,16.99771],[106.46292,16.99698],[106.46257,16.99385],[106.4623,16.99336],[106.46246,16.99297],[106.46253,16.99221],[106.46351,16.99065],[106.46357,16.99019],[106.4634,16.98951],[106.46447,16.98949],[106.46539,16.98926],[106.46579,16.98831],[106.46646,16.98766],[106.46725,16.9872],[106.46712,16.98656],[106.46736,16.98631],[106.468,16.98622],[106.46865,16.98584],[106.47,16.98632],[106.47028,16.98625],[106.47076,16.98497],[106.47079,16.98426],[106.47105,16.98364],[106.47142,16.98324],[106.4721,16.98298],[106.47304,16.98304],[106.4749,16.98356],[106.47558,16.98364],[106.47613,16.98348],[106.4769,16.98361],[106.47698,16.98294],[106.47762,16.98174],[106.47824,16.98141],[106.47902,16.98171],[106.47955,16.98177],[106.48072,16.98251],[106.48102,16.98257],[106.48157,16.98231],[106.48198,16.98232],[106.48398,16.98282],[106.48569,16.98257],[106.48734,16.983],[106.48783,16.98286],[106.48805,16.98223],[106.49008,16.98159],[106.49141,16.9809],[106.49305,16.97938],[106.49454,16.97787],[106.49502,16.97832],[106.49572,16.97855],[106.49731,16.97953],[106.49785,16.98019],[106.49868,16.97994],[106.50147,16.97804],[106.50227,16.97792],[106.50331,16.97738],[106.50399,16.97639],[106.50559,16.97355],[106.50624,16.97336],[106.50853,16.97309],[106.50955,16.9733],[106.50997,16.97319],[106.51082,16.97248],[106.5117,16.97233],[106.51379,16.97175],[106.5143,16.97137],[106.516,16.97167],[106.51655,16.97187],[106.51757,16.97265],[106.51886,16.97328],[106.51997,16.97395],[106.52143,16.97452],[106.5221,16.9747],[106.52308,16.9754],[106.5243,16.97565],[106.52532,16.97595],[106.52637,16.9765],[106.52705,16.97711],[106.52838,16.97796],[106.52916,16.97853],[106.5303,16.97859],[106.53129,16.97831],[106.53146,16.97941],[106.53193,16.98041],[106.53292,16.98174],[106.53313,16.98213],[106.53323,16.98392],[106.53335,16.98439],[106.53415,16.98555],[106.53431,16.98601],[106.53477,16.98799],[106.53475,16.98909],[106.5361,16.9904],[106.53634,16.99089],[106.53629,16.99165],[106.53645,16.99222],[106.5371,16.99315],[106.53765,16.99357],[106.53807,16.99369],[106.53958,16.99386],[106.5405,16.99417],[106.54122,16.99456],[106.54303,16.99488],[106.54364,16.99555],[106.54395,16.99641],[106.5442,16.99747],[106.5441,16.99796],[106.54336,16.99868],[106.54373,17.00012],[106.5445,17.002],[106.54487,17.00317],[106.5453,17.00535],[106.54594,17.00755],[106.54598,17.00831],[106.54626,17.00887],[106.54672,17.00947],[106.54741,17.00982],[106.54814,17.0096],[106.54961,17.0084],[106.55021,17.00772],[106.55034,17.00614],[106.55024,17.00278],[106.54993,16.999],[106.54989,16.99764],[106.54934,16.98185],[106.54846,16.95463],[106.54783,16.93526],[106.54749,16.926],[106.54667,16.9267],[106.54577,16.92682],[106.54431,16.92665],[106.5424,16.92651],[106.54093,16.92608],[106.53988,16.92534],[106.53871,16.9253],[106.53784,16.92498],[106.53721,16.92425],[106.536,16.92421],[106.53507,16.92435],[106.53292,16.92503],[106.5324,16.92574],[106.53194,16.9258],[106.53131,16.92631],[106.53061,16.92619],[106.52997,16.92622],[106.52861,16.92505],[106.52807,16.92469],[106.52742,16.92535],[106.52651,16.92558],[106.52587,16.92523],[106.52571,16.92429],[106.52527,16.92443],[106.52518,16.92529],[106.52465,16.92567],[106.52415,16.92546],[106.52357,16.925],[106.52356,16.92435],[106.52422,16.92382],[106.52541,16.92266],[106.52566,16.92202],[106.52516,16.92146],[106.52457,16.92123],[106.523,16.9214],[106.52144,16.9219],[106.52018,16.92209],[106.51944,16.92205],[106.51933,16.92142],[106.51977,16.9206],[106.51988,16.92013],[106.51953,16.91946],[106.51871,16.91703],[106.51827,16.91631],[106.51773,16.91568],[106.51671,16.91476],[106.51644,16.91429],[106.51658,16.91337],[106.51653,16.91263],[106.51621,16.91147],[106.51624,16.90963],[106.51642,16.9092],[106.51716,16.90831],[106.51734,16.90782],[106.5165,16.9072],[106.51641,16.90668],[106.51819,16.90561],[106.51893,16.90485],[106.52022,16.90258],[106.52038,16.902],[106.52015,16.90178],[106.51895,16.90196],[106.51857,16.90141],[106.51809,16.89966],[106.51743,16.89911],[106.51678,16.897],[106.51865,16.88964],[106.52432,16.8874],[106.52647,16.88638],[106.52782,16.8858],[106.52891,16.885],[106.53136,16.88306],[106.53296,16.88099],[106.53384,16.87977],[106.53674,16.87594],[106.53814,16.874],[106.53889,16.8731],[106.54127,16.87158],[106.5431,16.87084],[106.5441,16.87061],[106.54603,16.87034],[106.54657,16.87],[106.54747,16.86883],[106.54825,16.86831],[106.54953,16.86794],[106.55116,16.86784],[106.55119,16.8657],[106.55127,16.85721],[106.55126,16.8516],[106.55135,16.84486],[106.5514,16.83873],[106.55141,16.83316],[106.55145,16.82952],[106.55149,16.82259],[106.55154,16.81266],[106.5516,16.80765],[106.55162,16.80224],[106.55159,16.7988],[106.55163,16.79608],[106.55171,16.78824],[106.55173,16.77906],[106.55179,16.77147],[106.55178,16.76881],[106.55184,16.76098],[106.55184,16.7585],[106.5519,16.75309],[106.55191,16.74593],[106.55196,16.73605],[106.55201,16.73141],[106.55208,16.71762],[106.5522,16.69429],[106.55449,16.68898],[106.55536,16.68587],[106.55741,16.6834],[106.55732,16.68279],[106.55671,16.68216],[106.55664,16.68148],[106.55693,16.68046],[106.55683,16.67884],[106.55705,16.67824],[106.55816,16.67691],[106.55796,16.67575],[106.55811,16.67397],[106.55906,16.67263],[106.55967,16.67123],[106.56119,16.66965],[106.56124,16.66857],[106.56138,16.66838],[106.56233,16.66792],[106.56277,16.66704],[106.56299,16.66685],[106.56415,16.66658],[106.56466,16.66637],[106.56527,16.66578],[106.56521,16.66257],[106.56543,16.66218],[106.56676,16.66143],[106.56668,16.65941],[106.56626,16.65842],[106.56663,16.65773],[106.56664,16.65586],[106.56684,16.65454],[106.5671,16.65384],[106.56765,16.65296],[106.56748,16.6521],[106.56679,16.65127],[106.5668,16.65072],[106.56699,16.65024],[106.5669,16.64973],[106.56619,16.64926],[106.56489,16.64785],[106.56409,16.6471],[106.56372,16.6459],[106.56427,16.64355],[106.565,16.64264],[106.56503,16.6418],[106.56532,16.64132],[106.56747,16.64037],[106.56909,16.64045],[106.56943,16.64033],[106.5727,16.63795],[106.57283,16.63721],[106.57302,16.6369],[106.57371,16.63666],[106.5744,16.63577],[106.57577,16.63488],[106.57671,16.63386],[106.57692,16.63326],[106.57701,16.63224],[106.57792,16.63133],[106.57898,16.6308],[106.58035,16.63087],[106.58072,16.63075],[106.58148,16.63003],[106.58224,16.62955],[106.58409,16.62871],[106.5853,16.62806],[106.58633,16.62741],[106.58783,16.62632],[106.58968,16.62399],[106.59014,16.62279],[106.58964,16.62189],[106.5907,16.62062],[106.59059,16.61983],[106.59021,16.61903],[106.5909,16.6184],[106.59111,16.61752],[106.59106,16.61719],[106.59065,16.61662],[106.58939,16.61592],[106.58756,16.61518],[106.58583,16.61457],[106.58495,16.61421],[106.58372,16.6134],[106.58296,16.61243],[106.58223,16.61094],[106.58197,16.61017],[106.5818,16.60849],[106.58193,16.60734],[106.58234,16.60602],[106.58292,16.6047],[106.58357,16.60375],[106.58491,16.60209],[106.58569,16.6014],[106.58649,16.60091],[106.58736,16.60083],[106.58815,16.60103],[106.59062,16.6019],[106.59233,16.60302],[106.59366,16.60396],[106.59671,16.6058],[106.59773,16.6063],[106.59814,16.60636],[106.60023,16.60635],[106.6025,16.60659],[106.6041,16.60689],[106.60605,16.60713],[106.60721,16.60717],[106.60863,16.60711],[106.6116,16.60678],[106.61465,16.60632],[106.61686,16.60575],[106.61866,16.60501],[106.62151,16.60365],[106.62344,16.6029],[106.62406,16.60258],[106.62579,16.60191],[106.62676,16.6011],[106.62674,16.60053],[106.62627,16.59964],[106.62577,16.59912],[106.62503,16.59866],[106.62468,16.598],[106.62428,16.59666],[106.62415,16.59582],[106.62419,16.59493],[106.62456,16.59364],[106.62456,16.59038],[106.62448,16.58974],[106.62457,16.58891],[106.62447,16.58791],[106.6249,16.58663],[106.62525,16.58615],[106.62546,16.58552],[106.62554,16.5847],[106.62623,16.58412],[106.62683,16.58347],[106.62722,16.58282],[106.62812,16.58211],[106.62863,16.58192],[106.62986,16.58196],[106.6307,16.58244],[106.63139,16.58365],[106.63156,16.58443],[106.63156,16.58521],[106.63142,16.58591],[106.63113,16.58645],[106.63059,16.58704],[106.63043,16.58769],[106.63142,16.59065],[106.63203,16.59123],[106.63281,16.59141],[106.6339,16.59151],[106.63555,16.59154],[106.63856,16.59172],[106.63961,16.59168],[106.64011,16.59184],[106.64375,16.59359],[106.64466,16.59391],[106.64563,16.59408],[106.64649,16.59412],[106.64792,16.59383],[106.64874,16.59337],[106.64928,16.59272],[106.65034,16.59],[106.651,16.58841],[106.65259,16.58563],[106.65307,16.58466],[106.65382,16.58367],[106.6552,16.5824],[106.65606,16.58181],[106.65716,16.58136],[106.65782,16.58138],[106.65837,16.5817],[106.6598,16.5827],[106.66074,16.58326],[106.6631,16.58425],[106.66384,16.58433],[106.66444,16.5842],[106.66633,16.58421],[106.66665,16.58438],[106.66722,16.58435],[106.66737,16.58398],[106.66712,16.58305],[106.66669,16.58256],[106.66444,16.58051],[106.66338,16.57916],[106.66282,16.57819],[106.66238,16.57698],[106.66209,16.57555],[106.66198,16.57414],[106.66222,16.57267],[106.66274,16.57158],[106.66382,16.57032],[106.66549,16.56853],[106.66872,16.56558],[106.67035,16.5643],[106.67211,16.56259],[106.67256,16.56203],[106.67255,16.56093],[106.67227,16.55963],[106.67191,16.55918],[106.67142,16.55901],[106.66942,16.55888],[106.66715,16.55841],[106.66509,16.55761],[106.66392,16.55702],[106.6624,16.55603],[106.66063,16.55472],[106.65891,16.55293],[106.6574,16.5509],[106.65504,16.54738],[106.65417,16.5466],[106.65215,16.54512],[106.65031,16.54343],[106.6482,16.5413],[106.64753,16.5405],[106.64734,16.53973],[106.6478,16.5382],[106.64803,16.53712],[106.64812,16.53593],[106.648,16.53406],[106.6478,16.53182],[106.64775,16.52843],[106.64756,16.52727],[106.64713,16.52315],[106.64702,16.52261],[106.6471,16.52205],[106.64739,16.52168],[106.64803,16.52119],[106.64904,16.52057],[106.65051,16.51991],[106.65194,16.5198],[106.6527,16.51929],[106.65331,16.51803],[106.65341,16.51734],[106.65309,16.51519],[106.65286,16.51449],[106.65218,16.51304],[106.65221,16.51232],[106.65244,16.51186],[106.65335,16.51073],[106.65477,16.50954],[106.65866,16.507],[106.6604,16.50602],[106.66125,16.50571],[106.66365,16.50522],[106.66435,16.50481],[106.6647,16.50403],[106.66533,16.50324],[106.66544,16.50292],[106.66527,16.50234],[106.66429,16.50178],[106.66362,16.50118],[106.6635,16.50072],[106.66335,16.49899],[106.66345,16.49765],[106.66342,16.49653],[106.66291,16.49574],[106.66062,16.49415],[106.66015,16.49371],[106.65955,16.49285],[106.6595,16.49201],[106.65999,16.49109],[106.66049,16.4907],[106.66144,16.49028],[106.66266,16.48904],[106.66324,16.48831],[106.66398,16.48694],[106.66406,16.48633],[106.66343,16.48487],[106.66188,16.48314],[106.66143,16.48203],[106.66135,16.4804],[106.66101,16.47858],[106.66109,16.47775],[106.6607,16.47543],[106.6606,16.47413],[106.66076,16.47327],[106.66123,16.47259],[106.66185,16.47224],[106.66249,16.47229],[106.66358,16.47282],[106.66506,16.47365],[106.66655,16.47464],[106.66845,16.476],[106.67005,16.47663],[106.67083,16.47676],[106.67177,16.47676],[106.67328,16.47634],[106.67402,16.47557],[106.67448,16.4745],[106.67468,16.47313],[106.67409,16.46765],[106.6736,16.46527],[106.67346,16.4637],[106.67367,16.46107],[106.67397,16.45842],[106.67427,16.4567],[106.67478,16.45483],[106.67546,16.45284],[106.67576,16.45234],[106.67688,16.45134],[106.67776,16.45137],[106.67877,16.45213],[106.67949,16.45298],[106.68204,16.45644],[106.68273,16.45763],[106.68341,16.45802],[106.68408,16.45791],[106.68499,16.45738],[106.68686,16.45589],[106.68849,16.45442],[106.69132,16.45157],[106.69275,16.45006],[106.69328,16.44922],[106.69322,16.44882],[106.69283,16.44815],[106.69229,16.44763],[106.6907,16.4465],[106.68968,16.44612],[106.68877,16.44604],[106.68789,16.44568],[106.68702,16.4446],[106.68652,16.44337],[106.68637,16.44227],[106.68645,16.44164],[106.68689,16.44017],[106.68742,16.43931],[106.68774,16.43905],[106.68865,16.43865],[106.6896,16.43864],[106.69031,16.43875],[106.69308,16.43939],[106.69543,16.43987],[106.69636,16.43959],[106.69774,16.43883],[106.69868,16.43813],[106.69981,16.43752],[106.70067,16.43654],[106.70126,16.43608],[106.70254,16.43559],[106.70396,16.43535],[106.7053,16.4352],[106.70607,16.43501],[106.70807,16.43428],[106.70902,16.434],[106.71053,16.43368],[106.71342,16.4334],[106.71521,16.43318],[106.71575,16.433],[106.71789,16.4319],[106.72006,16.43034],[106.72114,16.42931],[106.72271,16.42791],[106.72428,16.42669],[106.72581,16.42519],[106.72635,16.42507],[106.72718,16.42511],[106.72811,16.42555],[106.72898,16.42621],[106.72973,16.42691],[106.73023,16.42786],[106.73026,16.42846],[106.73003,16.42923],[106.72957,16.42994],[106.72907,16.43041],[106.72777,16.43132],[106.72614,16.43214],[106.72431,16.43301],[106.72406,16.43323],[106.72387,16.43415],[106.72408,16.43474],[106.72521,16.4357],[106.72628,16.43673],[106.73021,16.4387],[106.73269,16.43988],[106.73362,16.43973],[106.73518,16.43901],[106.73603,16.4381],[106.73623,16.43724],[106.73623,16.43664],[106.73572,16.43377],[106.73535,16.43225],[106.73501,16.43045],[106.73431,16.42707],[106.73413,16.42531],[106.73437,16.42431],[106.73474,16.42323],[106.73596,16.4207],[106.73762,16.41884],[106.73816,16.41789],[106.7383,16.41708],[106.73829,16.4159],[106.73814,16.41407],[106.73815,16.41287],[106.7383,16.41197],[106.73867,16.41115],[106.7391,16.41075],[106.73997,16.41079],[106.7408,16.41147],[106.74239,16.41325],[106.74522,16.41573],[106.74587,16.41662],[106.74608,16.41717],[106.74605,16.41833],[106.74554,16.41966],[106.74531,16.42129],[106.74529,16.42275],[106.7454,16.42337],[106.74582,16.42399],[106.74652,16.42416],[106.74845,16.42416],[106.75269,16.42394],[106.75495,16.42373],[106.75725,16.42381],[106.75827,16.42403],[106.75976,16.42455],[106.76073,16.42481],[106.7627,16.42495],[106.76349,16.42517],[106.76426,16.42572],[106.76565,16.42707],[106.76768,16.42876],[106.76911,16.42949],[106.76994,16.43012],[106.77077,16.43056],[106.77178,16.43148],[106.77214,16.43224],[106.77224,16.43302],[106.77212,16.43599],[106.77231,16.43696],[106.77284,16.43851],[106.77366,16.43985],[106.77431,16.44073],[106.77504,16.44213],[106.77526,16.44281],[106.77526,16.44376],[106.77511,16.44433],[106.77431,16.44527],[106.77367,16.44628],[106.77313,16.44745],[106.77284,16.44902],[106.77263,16.45133],[106.77271,16.45269],[106.77283,16.45334],[106.77461,16.45766],[106.7752,16.45856],[106.7754,16.45904],[106.77506,16.46012],[106.77444,16.46109],[106.77424,16.46162],[106.77428,16.46256],[106.77402,16.46316],[106.7718,16.465],[106.77087,16.46586],[106.77064,16.46625],[106.77054,16.46689],[106.77064,16.4674],[106.77096,16.46776],[106.77203,16.46817],[106.77272,16.46853],[106.77349,16.46927],[106.77404,16.46956],[106.77538,16.47006],[106.77752,16.47047],[106.7788,16.47048],[106.77917,16.47058],[106.78285,16.47094],[106.78318,16.47115],[106.78328,16.47171],[106.78368,16.47222],[106.78433,16.47256],[106.78587,16.4732],[106.78769,16.47359],[106.78933,16.47368],[106.79196,16.4735],[106.79254,16.4733],[106.80211,16.46354],[106.80237,16.46475],[106.80315,16.46533],[106.80349,16.46636],[106.80394,16.46805],[106.8042,16.46876],[106.80526,16.47062],[106.80542,16.47144],[106.80548,16.47242],[106.80561,16.47279],[106.80576,16.474],[106.80557,16.47551],[106.80603,16.47614],[106.80639,16.47716],[106.80675,16.47788],[106.80817,16.47911],[106.8095,16.48092],[106.8105,16.48196],[106.81195,16.48414],[106.81307,16.48545],[106.81392,16.48664],[106.81416,16.48716],[106.81447,16.48934],[106.81522,16.49293],[106.8158,16.49382],[106.81672,16.49484],[106.81749,16.49656],[106.81827,16.49898],[106.81853,16.50007],[106.81884,16.5009],[106.81888,16.50216],[106.81917,16.50356],[106.81992,16.50474],[106.82052,16.50543],[106.82102,16.50628],[106.82076,16.50723],[106.82087,16.50762],[106.82127,16.50784],[106.82212,16.50795],[106.82277,16.50841],[106.82312,16.5092],[106.82332,16.51212],[106.82345,16.51272],[106.82406,16.51349],[106.82499,16.51404],[106.82579,16.51441],[106.82612,16.51513],[106.8262,16.5156],[106.82683,16.51636],[106.82704,16.51728],[106.82745,16.51976],[106.82773,16.5203],[106.8287,16.52147],[106.82879,16.52226],[106.82804,16.52364],[106.8255,16.52545],[106.82535,16.52585],[106.82552,16.52656],[106.82537,16.52702],[106.82431,16.5278],[106.82315,16.52838],[106.8227,16.52923],[106.82284,16.52976],[106.82363,16.53089],[106.8242,16.53262],[106.82452,16.53299],[106.82653,16.53423],[106.82733,16.53498],[106.82806,16.53625],[106.82835,16.53652],[106.82932,16.53671],[106.8296,16.53708],[106.8292,16.53798],[106.82938,16.53889],[106.83013,16.54002],[106.83059,16.54086],[106.83067,16.54144],[106.83051,16.54368],[106.8299,16.54493],[106.82991,16.54619],[106.83007,16.5469],[106.8307,16.54882],[106.8136,16.55735],[106.83057,16.54888],[106.83215,16.5489],[106.83462,16.54882],[106.8376,16.54855],[106.83835,16.54837],[106.84035,16.54805],[106.84127,16.54796],[106.84382,16.54738],[106.84427,16.54736],[106.84459,16.54711],[106.84509,16.54617],[106.84575,16.5459],[106.84731,16.54551],[106.84769,16.54518],[106.84853,16.54494],[106.8495,16.54441],[106.85058,16.5436],[106.85252,16.5432],[106.85408,16.54308],[106.85477,16.54276],[106.85521,16.54221],[106.85642,16.54174],[106.85766,16.54073],[106.85886,16.5403],[106.86052,16.54047],[106.86173,16.54069],[106.86301,16.54136],[106.86266,16.54021],[106.86281,16.53917],[106.86314,16.53851],[106.86411,16.53727],[106.86453,16.53631],[106.86557,16.53567],[106.8674,16.53434],[106.86781,16.53393],[106.86831,16.53309],[106.86879,16.53311],[106.86978,16.53377],[106.87014,16.5339],[106.87083,16.53371],[106.87175,16.53307],[106.87272,16.53274],[106.87361,16.53301],[106.87407,16.53295],[106.87502,16.53242],[106.87536,16.53206],[106.87546,16.53134],[106.87675,16.52983],[106.87724,16.52895],[106.87762,16.52848],[106.87773,16.52799],[106.87763,16.52692],[106.87859,16.52514],[106.8791,16.52465],[106.87981,16.52434],[106.88099,16.52426],[106.88272,16.52425],[106.88359,16.52447],[106.88318,16.52345],[106.88318,16.52271],[106.88394,16.52265],[106.88492,16.52272],[106.88506,16.52219],[106.8853,16.52206],[106.88645,16.52196],[106.88676,16.5217],[106.88714,16.52096],[106.88717,16.51948],[106.88784,16.51877],[106.88813,16.51823],[106.88851,16.5161],[106.8889,16.51577],[106.88968,16.51446],[106.88975,16.51342],[106.89038,16.51183],[106.89082,16.51117],[106.89015,16.51095],[106.88904,16.51084],[106.88847,16.51061],[106.8873,16.50952],[106.88711,16.50866],[106.88712,16.50778],[106.88737,16.507],[106.88725,16.50593],[106.88757,16.50538],[106.88748,16.50453],[106.8876,16.50411],[106.88841,16.50363],[106.88915,16.50305],[106.88969,16.5021],[106.88943,16.50152],[106.88809,16.50055],[106.88783,16.49982],[106.88773,16.49892],[106.887,16.49699],[106.88697,16.49554],[106.88733,16.49466],[106.88688,16.49401],[106.88603,16.4933],[106.88597,16.49275],[106.88617,16.49231],[106.88662,16.49183],[106.88667,16.49147],[106.88648,16.49086],[106.88595,16.49012],[106.88515,16.48932],[106.8841,16.48865],[106.88361,16.48798],[106.88188,16.48718],[106.88119,16.48646],[106.88045,16.48554],[106.87904,16.48487],[106.87856,16.48377],[106.87806,16.48314],[106.87779,16.48209],[106.8783,16.48069],[106.87856,16.47972],[106.87854,16.47873],[106.87895,16.47813],[106.87889,16.47776],[106.87763,16.47686],[106.87683,16.47603],[106.87662,16.47568],[106.87678,16.47401],[106.87673,16.47126],[106.8764,16.47041],[106.87643,16.47001],[106.87683,16.46969],[106.87773,16.46938],[106.87892,16.4693],[106.87989,16.46942],[106.88089,16.46937],[106.8822,16.46867],[106.88274,16.46853],[106.88329,16.46858],[106.88374,16.46819],[106.88446,16.46777],[106.88456,16.46756],[106.88445,16.46635],[106.88457,16.4659],[106.88515,16.46487],[106.88575,16.46416],[106.8858,16.46315],[106.88601,16.46274],[106.88681,16.46227],[106.88679,16.46204],[106.886,16.46169],[106.88535,16.46117],[106.88503,16.46066],[106.88506,16.4599],[106.88549,16.45874],[106.88511,16.4582],[106.88513,16.45761],[106.88613,16.457],[106.88654,16.45656],[106.88654,16.45624],[106.88595,16.45561],[106.88613,16.45516],[106.88663,16.45483],[106.88682,16.45367],[106.88802,16.4529],[106.8886,16.45189],[106.88799,16.45104],[106.888,16.45044],[106.88747,16.45005],[106.88722,16.44926],[106.8867,16.44882],[106.88587,16.44875],[106.88515,16.44844],[106.88442,16.44842],[106.88368,16.44801],[106.8827,16.44726],[106.88178,16.44687],[106.88033,16.44519],[106.87923,16.44456],[106.87846,16.44333],[106.87817,16.44256],[106.87728,16.44083],[106.87682,16.44023],[106.87633,16.43915],[106.87516,16.43776],[106.87372,16.4364],[106.87334,16.4358],[106.87166,16.43588],[106.87146,16.43148],[106.87172,16.42959],[106.87177,16.42884],[106.87204,16.42853],[106.87269,16.4284],[106.87304,16.42785],[106.87319,16.42679],[106.87384,16.4261],[106.87511,16.42588],[106.87651,16.4254],[106.87682,16.42553],[106.87753,16.42549],[106.87813,16.42516],[106.87863,16.42451],[106.87968,16.4243],[106.8805,16.42426],[106.88286,16.42319],[106.88393,16.42252],[106.88452,16.42196],[106.885,16.42245],[106.88582,16.42215],[106.88634,16.4216],[106.88739,16.42128],[106.88769,16.42141],[106.88853,16.42283],[106.88895,16.42318],[106.88937,16.42416],[106.89013,16.42511],[106.89052,16.42583],[106.89104,16.42634],[106.89165,16.42667],[106.89245,16.42662],[106.89344,16.42609],[106.89516,16.42557],[106.89617,16.42553],[106.89738,16.42562],[106.89858,16.42557],[106.89994,16.4264],[106.90014,16.42597],[106.90005,16.42521],[106.89964,16.4231],[106.89946,16.42243],[106.89628,16.42002],[106.89556,16.41732],[106.89531,16.41603],[106.89537,16.41454],[106.89534,16.41258],[106.89502,16.41233],[106.89289,16.41148],[106.89211,16.41103],[106.89143,16.41024],[106.89137,16.40876],[106.89153,16.40839],[106.89206,16.40791],[106.89234,16.40741],[106.89321,16.40645],[106.8946,16.40432],[106.89513,16.40361],[106.89612,16.40182],[106.89616,16.40111],[106.89583,16.40013],[106.89584,16.3995],[106.8962,16.39833],[106.89635,16.39746],[106.89644,16.39633],[106.89713,16.39499],[106.89761,16.39199],[106.89811,16.39146],[106.89904,16.39079],[106.89943,16.39014],[106.90063,16.38984],[106.90284,16.38896],[106.9043,16.38803],[106.90432,16.38695],[106.90444,16.38669],[106.90567,16.3861],[106.90717,16.38521],[106.90716,16.38421],[106.90751,16.38344],[106.90804,16.38313],[106.90886,16.38311],[106.90962,16.38257],[106.91033,16.38238],[106.9132,16.38119],[106.9137,16.38041],[106.91495,16.37992],[106.91494,16.37842],[106.91503,16.378],[106.91538,16.37752],[106.91702,16.37564],[106.91809,16.37366],[106.91863,16.37332],[106.91925,16.37334],[106.92014,16.37284],[106.9214,16.37159],[106.92265,16.37023],[106.92551,16.37047],[106.92691,16.37036],[106.92806,16.37038],[106.92861,16.36932],[106.92937,16.36847],[106.93068,16.36726],[106.93139,16.36601],[106.93162,16.36584],[106.93386,16.36547],[106.93503,16.36523],[106.93671,16.36525],[106.93752,16.36553],[106.93838,16.36546],[106.93925,16.365],[106.94014,16.36474],[106.94164,16.36377],[106.94296,16.3634],[106.94334,16.36263],[106.94373,16.36222],[106.94519,16.36149],[106.94632,16.36121],[106.94705,16.36146],[106.94855,16.36066],[106.95094,16.35909],[106.95264,16.35845],[106.95419,16.35819],[106.95625,16.35803],[106.95795,16.35806],[106.96177,16.3588],[106.96233,16.35883],[106.9631,16.35866],[106.96334,16.35848],[106.96359,16.35725],[106.96347,16.35603],[106.96373,16.35527],[106.9646,16.35408],[106.96531,16.35253],[106.96593,16.35202],[106.96657,16.35166],[106.96642,16.35069],[106.96718,16.34862],[106.9674,16.34761],[106.96741,16.34669],[106.96725,16.34564],[106.96694,16.34478],[106.96692,16.34414],[106.96704,16.3433],[106.96669,16.34231],[106.967,16.34102],[106.96683,16.34029],[106.96617,16.33981],[106.96579,16.33893],[106.96612,16.3383],[106.9655,16.33752],[106.96586,16.337],[106.96637,16.33672],[106.96781,16.33655],[106.96791,16.33599],[106.96776,16.33468],[106.96739,16.33326],[106.96707,16.33145],[106.96617,16.32918],[106.96594,16.32724],[106.96596,16.32625],[106.96656,16.32521],[106.96661,16.32467],[106.96726,16.32393],[106.96727,16.32294],[106.96675,16.32212],[106.96604,16.32046],[106.9653,16.31937],[106.96541,16.3186],[106.96603,16.31798],[106.96626,16.31725],[106.96591,16.31656],[106.96594,16.31454],[106.9663,16.31311],[106.9666,16.31119],[106.96686,16.31053],[106.96769,16.30971],[106.96686,16.30725],[106.96654,16.30532],[106.96655,16.30501],[106.96693,16.30476],[106.96834,16.30446],[106.96865,16.30432],[106.96888,16.3038],[106.96928,16.30205],[106.96982,16.30177],[106.97081,16.30183],[106.97209,16.30234],[106.97552,16.30307],[106.97748,16.30387],[106.97866,16.30405],[106.97954,16.30401],[106.98113,16.30439],[106.98179,16.30435],[106.98251,16.30446],[106.98407,16.30519],[106.98494,16.30592],[106.98547,16.30613],[106.98737,16.30613],[106.98778,16.3063],[106.98891,16.30797],[106.98984,16.30864],[106.99044,16.30887],[106.99106,16.3089],[106.99237,16.30879],[106.99276,16.30868],[106.99386,16.30792],[106.99481,16.30764],[106.99537,16.30767],[106.99627,16.30874],[106.99734,16.3093],[106.99807,16.31002],[106.99969,16.3111],[107.00002,16.31171],[107.00054,16.31199],[107.00178,16.31199],[107.00324,16.31236],[107.00516,16.31334],[107.00597,16.31342],[107.00738,16.31337],[107.00801,16.31285],[107.00966,16.31216],[107.01021,16.31122],[107.01082,16.31092],[107.01196,16.31077],[107.01293,16.31013],[107.01376,16.30971],[107.01476,16.30897],[107.01576,16.308],[107.0158,16.30719],[107.0157,16.30665],[107.01529,16.30553],[107.01517,16.30314],[107.02061,16.30283],[107.02193,16.30446],[107.02248,16.30498],[107.02365,16.30648],[107.02421,16.30811],[107.02489,16.30875],[107.02486,16.30983],[107.02579,16.30988],[107.02644,16.3101],[107.02745,16.31098],[107.02803,16.31134],[107.02835,16.31094],[107.03063,16.30868],[107.03149,16.30838],[107.03239,16.30773],[107.03398,16.30679],[107.03488,16.30618],[107.03619,16.3059],[107.03671,16.30565],[107.0379,16.3047],[107.03848,16.30454],[107.03932,16.304],[107.04063,16.30303],[107.04302,16.30099],[107.04409,16.30046],[107.0452,16.3002],[107.04596,16.29959],[107.04672,16.29952],[107.0477,16.2998],[107.04804,16.30002],[107.04823,16.30063],[107.04887,16.30121],[107.04979,16.30259],[107.05073,16.30507],[107.05117,16.30581],[107.05187,16.30659],[107.05217,16.3067],[107.05317,16.30669],[107.0548,16.30631],[107.05599,16.30632],[107.05765,16.3057],[107.05918,16.30574],[107.06007,16.30506],[107.06077,16.30503],[107.06197,16.30514],[107.06292,16.30478],[107.0644,16.30445],[107.06481,16.30446],[107.06584,16.30485],[107.06637,16.30482],[107.06824,16.30417],[107.06903,16.30395],[107.07025,16.3041],[107.07168,16.30378],[107.0723,16.30464],[107.07311,16.30525],[107.07345,16.30592],[107.07344,16.3066],[107.07388,16.30735],[107.07462,16.30816],[107.07544,16.30855],[107.0766,16.3098],[107.07709,16.31019],[107.07862,16.31078],[107.08042,16.31129],[107.08124,16.31235],[107.0821,16.31367],[107.08205,16.31416],[107.08256,16.31508],[107.08251,16.31599],[107.08266,16.31721],[107.08225,16.31752],[107.08222,16.31885],[107.082,16.31969],[107.08167,16.32038],[107.08084,16.32136],[107.07972,16.32204],[107.07813,16.32205],[107.07782,16.32217],[107.07703,16.32329],[107.07553,16.32438],[107.07487,16.32503],[107.07369,16.32536],[107.0725,16.32595],[107.07114,16.32615],[107.07038,16.32654],[107.06956,16.3273],[107.06856,16.32858],[107.06812,16.32879],[107.06753,16.32872],[107.06701,16.32931],[107.06536,16.33051],[107.06527,16.33134],[107.06499,16.33161],[107.06407,16.33194],[107.06338,16.33203],[107.06296,16.33241],[107.06298,16.33326],[107.06271,16.33422],[107.06284,16.33504],[107.0628,16.33555],[107.06315,16.33609],[107.06379,16.33657],[107.0637,16.33716],[107.06272,16.33869],[107.06269,16.33917],[107.06299,16.33991],[107.06311,16.34086],[107.06291,16.3414],[107.06229,16.34182],[107.0617,16.34244],[107.06198,16.34292],[107.06217,16.34425],[107.06116,16.34459],[107.06034,16.34498],[107.06015,16.34541],[107.06057,16.34563],[107.06124,16.34554],[107.06157,16.34574],[107.06192,16.34683],[107.06201,16.34751],[107.06183,16.34793],[107.06092,16.34814],[107.06047,16.34739],[107.05975,16.34741],[107.05921,16.34763],[107.05782,16.3476],[107.05647,16.34782],[107.05478,16.34706],[107.05329,16.34613],[107.05259,16.34747],[107.05203,16.34816],[107.05166,16.34915],[107.05136,16.3496],[107.05068,16.34969],[107.05006,16.3496],[107.04922,16.34926],[107.04834,16.34923],[107.04723,16.34899],[107.0463,16.34942],[107.04498,16.34936],[107.04415,16.34898],[107.04379,16.34915],[107.0428,16.3493],[107.04188,16.34953],[107.04132,16.34934],[107.04102,16.34973],[107.04088,16.35027],[107.04116,16.35124],[107.04136,16.35258],[107.04131,16.35287],[107.0405,16.3531],[107.04014,16.35365],[107.03988,16.35445],[107.03965,16.35616],[107.03945,16.35662],[107.03905,16.35699],[107.03817,16.35716],[107.03765,16.35684],[107.03706,16.35677],[107.03638,16.35687],[107.03543,16.3572],[107.03465,16.35721],[107.03477,16.35772],[107.03449,16.35862],[107.03486,16.35903],[107.03519,16.36008],[107.03509,16.36086],[107.03479,16.36199],[107.03516,16.36362],[107.03555,16.36391],[107.0366,16.3643],[107.03578,16.36517],[107.03571,16.3654],[107.03604,16.36669],[107.03634,16.36726],[107.03683,16.3677],[107.03718,16.36854],[107.03782,16.36959],[107.03801,16.37025],[107.03908,16.3694],[107.0396,16.36968],[107.03992,16.37021],[107.04006,16.37104],[107.04005,16.37194],[107.04043,16.37286],[107.04143,16.37399],[107.04273,16.37516],[107.04347,16.37608],[107.04399,16.37708],[107.04496,16.37982],[107.04573,16.38066],[107.04736,16.3812],[107.04842,16.38186],[107.04906,16.38249],[107.04958,16.38261],[107.04998,16.38249],[107.05111,16.38191],[107.05251,16.38144],[107.05369,16.38144],[107.05434,16.3816],[107.05491,16.38198],[107.05617,16.3831],[107.05687,16.38363],[107.05821,16.38449],[107.05866,16.38524],[107.05936,16.38723],[107.05819,16.38799],[107.0578,16.38859],[107.05781,16.38931],[107.05817,16.39067],[107.05856,16.39112],[107.05859,16.39144],[107.05817,16.39278],[107.05848,16.39401],[107.05854,16.39476],[107.05893,16.39517],[107.05904,16.39673],[107.05885,16.39716],[107.05767,16.39853],[107.05656,16.39891],[107.05627,16.39966],[107.05627,16.40045],[107.05798,16.40116],[107.05924,16.40224],[107.05904,16.40258],[107.05878,16.40359],[107.05865,16.40445],[107.05793,16.40551],[107.0582,16.40672],[107.05888,16.40766],[107.05957,16.40819],[107.06027,16.40856],[107.06107,16.40925],[107.06146,16.40996],[107.06153,16.41108],[107.06179,16.41126],[107.06247,16.4108],[107.06304,16.41073],[107.06375,16.41089],[107.0644,16.41054],[107.06468,16.40997],[107.06522,16.40919],[107.06547,16.40863],[107.06697,16.40697],[107.06778,16.40572],[107.0688,16.40542],[107.06952,16.40459],[107.07074,16.40406],[107.07125,16.40369],[107.07164,16.40303],[107.07204,16.40285],[107.07356,16.40273],[107.07514,16.40245],[107.07645,16.40175],[107.07705,16.40151],[107.07901,16.40052],[107.07949,16.40064],[107.08111,16.40047],[107.08213,16.39991],[107.08259,16.40022],[107.08238,16.40125],[107.08179,16.40175],[107.08168,16.40218],[107.08199,16.4027],[107.08327,16.40256],[107.08373,16.40287],[107.08443,16.40281],[107.08486,16.40308],[107.08536,16.40316],[107.08619,16.40253],[107.08696,16.40279],[107.08744,16.4024],[107.08796,16.40264],[107.0885,16.4027],[107.08912,16.4025],[107.08963,16.40279],[107.08993,16.40326],[107.09042,16.4033],[107.0906,16.40393],[107.09091,16.40409],[107.09256,16.40333],[107.09261,16.40241],[107.09293,16.40173],[107.09378,16.40059],[107.09426,16.40019],[107.0945,16.39926],[107.09451,16.39843],[107.09483,16.39828],[107.09533,16.39871],[107.09508,16.3993],[107.09509,16.40017],[107.09426,16.40119],[107.09415,16.40173],[107.09369,16.40201],[107.09357,16.40235],[107.09387,16.40287],[107.09364,16.40339],[107.09361,16.40403],[107.094,16.40426],[107.09458,16.40399],[107.09542,16.40378],[107.0958,16.40309],[107.09581,16.40261],[107.09626,16.40098],[107.097,16.40051],[107.09739,16.39921],[107.09756,16.399],[107.09842,16.39869],[107.09916,16.39753],[107.09976,16.39694],[107.09983,16.39648],[107.10016,16.39611],[107.10095,16.39602],[107.10223,16.39529],[107.10253,16.39469],[107.10304,16.3941],[107.10379,16.39401],[107.10506,16.39298],[107.105,16.39253],[107.10448,16.39233],[107.10439,16.39196],[107.105,16.39107],[107.10532,16.39087],[107.10601,16.39078],[107.10672,16.39034],[107.10721,16.38975],[107.10771,16.38848],[107.10866,16.38733],[107.1094,16.38696],[107.10966,16.38639],[107.10995,16.38622],[107.11079,16.38619],[107.11181,16.38567],[107.11225,16.38569],[107.11374,16.38543],[107.11808,16.38541],[107.11931,16.38524],[107.12017,16.38532],[107.1212,16.38588],[107.12259,16.38598],[107.12377,16.38577],[107.12445,16.38533],[107.12498,16.38463],[107.12586,16.38424],[107.12682,16.38367],[107.12824,16.38213],[107.12892,16.38302],[107.12913,16.38371],[107.12943,16.38409],[107.13159,16.38519],[107.13221,16.38588],[107.13305,16.38637],[107.13415,16.38678],[107.13538,16.38773],[107.13623,16.38791],[107.13704,16.38823],[107.13845,16.38852],[107.13906,16.38928],[107.13939,16.3895],[107.13997,16.38956],[107.14075,16.3891],[107.14132,16.38846],[107.14176,16.38823],[107.143,16.38824],[107.14419,16.38808],[107.14498,16.38755],[107.14571,16.38737],[107.14604,16.38661],[107.14639,16.38613],[107.14678,16.38594],[107.14799,16.38611],[107.14849,16.38677],[107.14957,16.38753],[107.15034,16.38758],[107.151,16.38845],[107.15154,16.38873],[107.15243,16.38902],[107.15299,16.38935],[107.15301,16.38961],[107.15259,16.39143],[107.15169,16.39203],[107.15113,16.39267],[107.14996,16.39493],[107.14925,16.39578],[107.1484,16.39616],[107.14773,16.39663],[107.14622,16.398],[107.14476,16.39971],[107.14411,16.40031],[107.14343,16.40147],[107.14291,16.40197],[107.14272,16.40254],[107.1422,16.40304],[107.14229,16.40385],[107.14218,16.40424],[107.14166,16.40499],[107.14102,16.40612],[107.14112,16.40747],[107.14154,16.40851],[107.14218,16.40904],[107.14249,16.41055],[107.1432,16.41069],[107.14351,16.41168],[107.14358,16.41249],[107.1428,16.41317],[107.14159,16.41451],[107.14094,16.41486],[107.14071,16.41522],[107.1407,16.41617],[107.14116,16.41738],[107.1415,16.41788],[107.14243,16.41828],[107.14351,16.41862],[107.14381,16.41941],[107.14488,16.41978],[107.14542,16.42094],[107.14557,16.42178],[107.1461,16.42298],[107.146,16.42381],[107.14548,16.42441],[107.14468,16.4251],[107.14455,16.42542],[107.14435,16.42742],[107.14403,16.42823],[107.1446,16.4287],[107.14577,16.43107],[107.14655,16.43204],[107.14705,16.43311],[107.14771,16.43304],[107.14829,16.43324],[107.14871,16.43436],[107.14817,16.43628],[107.14772,16.4373],[107.14729,16.43763],[107.14647,16.43759],[107.14535,16.43739],[107.14427,16.437],[107.14361,16.43693],[107.14281,16.43706],[107.14202,16.43736],[107.14155,16.4381],[107.14097,16.43818],[107.13936,16.43947],[107.13892,16.43976],[107.13819,16.43976],[107.13782,16.43989],[107.13742,16.44035],[107.13786,16.44107],[107.13833,16.44244],[107.13884,16.443],[107.13878,16.44335],[107.13813,16.44395],[107.1364,16.44441],[107.13504,16.44504],[107.13356,16.44596],[107.13229,16.4469],[107.13189,16.44739],[107.13082,16.44819],[107.12962,16.44927],[107.1316,16.44979],[107.13277,16.45164],[107.1335,16.45245],[107.13448,16.4532],[107.13496,16.45316],[107.13543,16.45369],[107.13513,16.45454],[107.13513,16.45514],[107.1357,16.45626],[107.13566,16.45729],[107.13538,16.45775],[107.13569,16.45849],[107.13561,16.45902],[107.13506,16.45945],[107.13486,16.45995],[107.13499,16.46106],[107.13481,16.46129],[107.13385,16.46167],[107.1337,16.46202],[107.13358,16.46369],[107.13303,16.46424],[107.13309,16.46555],[107.13287,16.46659],[107.13235,16.46749],[107.13221,16.46823],[107.13195,16.46867],[107.1319,16.46914],[107.13119,16.46953],[107.13075,16.47046],[107.12982,16.47041],[107.12918,16.47215],[107.12917,16.47258],[107.12962,16.47309],[107.13005,16.47389],[107.12989,16.47525],[107.12915,16.47629],[107.12819,16.47671],[107.1262,16.47684],[107.12605,16.47698],[107.12562,16.47888],[107.12566,16.48019],[107.12549,16.48132],[107.12491,16.48182],[107.12419,16.48263],[107.12369,16.483],[107.12256,16.48413],[107.12146,16.48498],[107.12138,16.48586],[107.12073,16.48601],[107.12055,16.48654],[107.12017,16.48696],[107.12008,16.48747],[107.1197,16.48794],[107.11847,16.4877],[107.11794,16.48776],[107.11703,16.48831],[107.1154,16.4882],[107.11449,16.48852],[107.11386,16.48905],[107.11273,16.49024],[107.11259,16.49084],[107.11202,16.49106],[107.11116,16.49171],[107.1108,16.49185],[107.11025,16.49247],[107.10916,16.49269],[107.1088,16.49297],[107.10806,16.49396],[107.10749,16.4943],[107.10671,16.4946],[107.10597,16.49518],[107.10533,16.49522],[107.10472,16.49494],[107.10419,16.49502],[107.10365,16.49533],[107.10308,16.49526],[107.10204,16.49488],[107.10154,16.49443],[107.10068,16.49301],[107.10022,16.49189],[107.10019,16.49066],[107.09988,16.49066],[107.09864,16.49113],[107.09832,16.49172],[107.09813,16.49273],[107.09777,16.49344],[107.09762,16.49588],[107.09722,16.49705],[107.09681,16.49797],[107.09597,16.49905],[107.09545,16.49954],[107.09503,16.50013],[107.09471,16.50091],[107.0945,16.50182],[107.09451,16.5024],[107.09486,16.50327],[107.09526,16.5038],[107.09524,16.50438],[107.0944,16.50445],[107.09355,16.50403],[107.0926,16.50371],[107.09215,16.50372],[107.09111,16.50415],[107.09069,16.50455],[107.09018,16.50428],[107.0899,16.50369],[107.08925,16.50318],[107.08835,16.50278],[107.0874,16.50267],[107.08634,16.5027],[107.08405,16.50263],[107.08194,16.50311],[107.08178,16.50334],[107.08193,16.50429],[107.0817,16.50498],[107.08138,16.5052],[107.0811,16.50576],[107.08099,16.50642],[107.08049,16.50739],[107.08049,16.50787],[107.07993,16.50872],[107.0796,16.50888],[107.07925,16.50856],[107.07858,16.50829],[107.07763,16.50837],[107.07664,16.50831],[107.07616,16.50849],[107.07577,16.50887],[107.07498,16.51024],[107.07427,16.51101],[107.07302,16.51111],[107.07175,16.51076],[107.07114,16.51046],[107.07065,16.51],[107.07009,16.51016],[107.06921,16.51018],[107.0677,16.51053],[107.06677,16.51113],[107.06629,16.51165],[107.06564,16.51282],[107.0647,16.51399],[107.06377,16.51452],[107.06287,16.51519],[107.06212,16.51631],[107.06106,16.51716],[107.05994,16.51739],[107.05944,16.51767],[107.05908,16.51832],[107.05789,16.51952],[107.0576,16.52084],[107.05763,16.52148],[107.05723,16.52242],[107.05641,16.52304],[107.05597,16.52373],[107.05549,16.52423],[107.05602,16.52449],[107.05674,16.52527],[107.05688,16.52618],[107.05764,16.52728],[107.05785,16.52774],[107.05778,16.5281],[107.05793,16.52911],[107.05913,16.52987],[107.05961,16.53034],[107.05997,16.53161],[107.05999,16.53257],[107.06022,16.5332],[107.06094,16.53411],[107.06133,16.53494],[107.0619,16.53558],[107.06237,16.5369],[107.06215,16.53749],[107.06099,16.53831],[107.06089,16.5387],[107.06097,16.53934],[107.06142,16.53994],[107.06136,16.5404],[107.06099,16.54121],[107.06025,16.54189],[107.06013,16.54234],[107.06028,16.54389],[107.0608,16.54422],[107.0611,16.54477],[107.06109,16.54554],[107.06122,16.54578],[107.06176,16.54588],[107.06291,16.54572],[107.06409,16.54521],[107.06492,16.54462],[107.06573,16.54443],[107.06697,16.54439],[107.06778,16.54393],[107.06835,16.5439],[107.06945,16.54407],[107.07094,16.54364],[107.07194,16.54354],[107.07283,16.54294],[107.07366,16.54253],[107.07447,16.54238],[107.07505,16.54279],[107.07615,16.54401],[107.07626,16.54468],[107.07625,16.54567],[107.07662,16.54617],[107.077,16.54631],[107.07774,16.54612],[107.07814,16.54584],[107.07929,16.54575],[107.07975,16.54637],[107.08064,16.54642],[107.08132,16.54586],[107.08255,16.54604],[107.08335,16.54642],[107.08477,16.54636],[107.08632,16.54578],[107.08715,16.5457],[107.08784,16.54621],[107.0882,16.54617],[107.0888,16.54695],[107.08942,16.54753],[107.08863,16.54778],[107.0884,16.54809],[107.08918,16.54856],[107.09014,16.54881],[107.09097,16.54953],[107.09118,16.54987],[107.09212,16.55064],[107.09266,16.55069],[107.09494,16.55015],[107.09668,16.55045],[107.09742,16.55042],[107.09822,16.55107],[107.1001,16.55217],[107.1007,16.55227],[107.10185,16.55272],[107.10301,16.55234],[107.10357,16.55238],[107.10416,16.55191],[107.10568,16.5517],[107.10612,16.55143],[107.10712,16.55128],[107.10758,16.55148],[107.10874,16.55112],[107.10938,16.55073],[107.11032,16.55096],[107.11106,16.55142],[107.11205,16.55116],[107.11275,16.55108],[107.11354,16.55074],[107.11387,16.5509],[107.1142,16.55153],[107.115,16.55253],[107.11706,16.55258],[107.1183,16.55239],[107.11988,16.55234],[107.12041,16.5521],[107.1216,16.55199],[107.12185,16.55276],[107.12197,16.55392],[107.12221,16.55491],[107.12244,16.55545],[107.12334,16.55657],[107.12344,16.55727],[107.12449,16.55794],[107.12447,16.55813],[107.12349,16.55943],[107.12307,16.56035],[107.12315,16.56068],[107.12456,16.56188],[107.12495,16.56237],[107.12533,16.56329],[107.12585,16.56387],[107.12683,16.56472],[107.12823,16.56571],[107.12894,16.5657],[107.12949,16.56555],[107.13044,16.56585],[107.13104,16.56656],[107.13203,16.56722],[107.13292,16.56757],[107.13389,16.56776],[107.13463,16.56776],[107.13577,16.56803],[107.1371,16.5686],[107.13787,16.56991],[107.13931,16.57068],[107.14016,16.57125],[107.14083,16.57187],[107.14268,16.57156],[107.1442,16.57145],[107.14454,16.5715],[107.14578,16.57215],[107.14677,16.57233],[107.14746,16.5727],[107.14877,16.57292],[107.1498,16.57375],[107.15045,16.57412],[107.15126,16.57427],[107.15196,16.57422],[107.15295,16.57468],[107.15418,16.57506],[107.15483,16.57484],[107.15572,16.57412],[107.15613,16.57347],[107.15708,16.57312],[107.15769,16.57362],[107.15844,16.57398],[107.15956,16.57414],[107.16106,16.57492],[107.16137,16.57545],[107.162,16.57567],[107.16309,16.57548],[107.1637,16.57602],[107.16405,16.57608],[107.16494,16.57653],[107.16513,16.57727],[107.16573,16.57719],[107.16639,16.57735],[107.16742,16.57783],[107.16774,16.57811],[107.16834,16.57796],[107.16887,16.57804],[107.16939,16.57866],[107.17005,16.57866],[107.17056,16.57818],[107.17187,16.57805],[107.17345,16.57853],[107.17393,16.57859],[107.17411,16.57828],[107.17455,16.57815],[107.17569,16.57834],[107.17572,16.5779],[107.17609,16.57736],[107.17762,16.57651],[107.17857,16.57653],[107.1798,16.5776],[107.18098,16.57828],[107.18157,16.57919],[107.18206,16.57879],[107.18261,16.57858],[107.18279,16.57991],[107.18358,16.58007],[107.18416,16.58047],[107.18464,16.58032],[107.18472,16.5799],[107.18533,16.58009],[107.18611,16.58003],[107.18631,16.57964],[107.18734,16.57909],[107.18773,16.57904],[107.1887,16.57922],[107.18917,16.57916],[107.18966,16.57943],[107.19032,16.57952],[107.19097,16.57943],[107.19171,16.57982],[107.19234,16.57974],[107.19326,16.57999],[107.19364,16.58019],[107.1941,16.58073],[107.19495,16.58119],[107.19538,16.58185],[107.19677,16.5818],[107.19788,16.58145],[107.19871,16.58162],[107.19909,16.58189],[107.20029,16.58191],[107.20079,16.58223],[107.20262,16.58274],[107.20353,16.58149],[107.20344,16.58095],[107.20471,16.58031],[107.20481,16.57974],[107.20596,16.57928],[107.20631,16.5788],[107.20692,16.5788],[107.20799,16.57917],[107.20898,16.57917],[107.20961,16.57878],[107.21105,16.57851],[107.21155,16.57854],[107.21197,16.57903],[107.21346,16.5795],[107.21396,16.57986],[107.21613,16.57946],[107.21604,16.57894],[107.21659,16.57817],[107.21697,16.57808],[107.21826,16.57841],[107.21896,16.57875],[107.21957,16.5786],[107.22041,16.57901],[107.22168,16.57898],[107.22206,16.57915],[107.22227,16.58008],[107.22303,16.58006],[107.22338,16.58031],[107.22433,16.58027],[107.22487,16.58004],[107.22523,16.57969],[107.22585,16.5797],[107.22652,16.57945],[107.22787,16.5796],[107.22851,16.57947],[107.22948,16.58075],[107.22969,16.58126],[107.23024,16.58177],[107.23156,16.58187],[107.23258,16.58147],[107.23274,16.58177],[107.23321,16.58183],[107.23384,16.58148],[107.23432,16.5817],[107.23469,16.58214],[107.23531,16.58234],[107.23617,16.58243],[107.23698,16.58274],[107.23773,16.58225],[107.23914,16.5822],[107.23938,16.58281],[107.24091,16.58429],[107.24156,16.58433],[107.24214,16.58464],[107.24269,16.58511],[107.24302,16.58583],[107.24413,16.58645],[107.24477,16.58748],[107.24538,16.58684],[107.24578,16.58671],[107.24641,16.58617],[107.24729,16.58585],[107.24787,16.58536],[107.24807,16.58488],[107.24817,16.58336],[107.24712,16.58196],[107.24822,16.58065],[107.24904,16.58032],[107.24937,16.57982],[107.24927,16.57916],[107.24908,16.57896],[107.25005,16.57804],[107.25092,16.57701],[107.25133,16.57678],[107.25182,16.57674],[107.25333,16.57714],[107.25341,16.57641],[107.25364,16.57562],[107.25404,16.57504],[107.25462,16.57474],[107.25471,16.57415],[107.25538,16.57385],[107.25967,16.57282],[107.26463,16.57147],[107.26551,16.57087],[107.2666,16.5703],[107.26714,16.56962],[107.26729,16.56886],[107.26785,16.56835],[107.26803,16.56768],[107.26897,16.56726],[107.27007,16.56725],[107.27086,16.56605],[107.27111,16.56594],[107.27136,16.56666],[107.27183,16.5671],[107.27248,16.56799],[107.27308,16.5684],[107.27385,16.56917],[107.27505,16.56994],[107.27549,16.57038],[107.27555,16.57095],[107.27645,16.57151],[107.27663,16.57234],[107.27694,16.57267],[107.27735,16.57266],[107.27758,16.57227],[107.27815,16.57171],[107.27863,16.57162],[107.27961,16.5719],[107.28013,16.57257],[107.28051,16.5727],[107.2812,16.57236],[107.28149,16.57276],[107.28151,16.57358],[107.2821,16.57415],[107.28273,16.57498],[107.28326,16.57535],[107.28391,16.57539],[107.28435,16.57524],[107.28506,16.57522],[107.28561,16.57503],[107.28629,16.57524],[107.28695,16.57528],[107.28799,16.57639],[107.28842,16.57674],[107.28882,16.578],[107.28926,16.57842],[107.29048,16.5785],[107.29059,16.57879],[107.29029,16.57986],[107.29059,16.58023],[107.29133,16.58076],[107.29174,16.58087],[107.29252,16.58064],[107.2936,16.58086],[107.29579,16.58161],[107.29703,16.58189],[107.29743,16.58226],[107.29731,16.58275],[107.29782,16.58304],[107.29818,16.5836],[107.29945,16.58462],[107.30035,16.58577],[107.30092,16.58591],[107.30155,16.58653],[107.30202,16.58654],[107.30271,16.58683],[107.30314,16.58391],[107.30372,16.58371],[107.30748,16.58277],[107.30837,16.58217],[107.30967,16.58202],[107.31038,16.58167],[107.31144,16.58088],[107.31237,16.57976],[107.31251,16.57938],[107.31357,16.57937],[107.31388,16.58019],[107.31485,16.58082],[107.31515,16.58082],[107.31598,16.58045],[107.31677,16.58056],[107.31694,16.58119],[107.31801,16.58242],[107.31854,16.58254],[107.31909,16.58306],[107.32053,16.58332],[107.32117,16.58355],[107.32225,16.58357],[107.32295,16.58375],[107.32298,16.58497],[107.32359,16.58513],[107.32411,16.58592],[107.32487,16.58569],[107.32573,16.58619],[107.32658,16.58629],[107.32641,16.5867],[107.32647,16.58758],[107.32598,16.58835],[107.32596,16.5893],[107.32611,16.58952],[107.32673,16.58945],[107.32645,16.58994],[107.32548,16.59019],[107.32538,16.59077],[107.32495,16.59127],[107.32439,16.59152],[107.32403,16.59187],[107.32396,16.5927],[107.3241,16.5931],[107.32404,16.59446],[107.32437,16.5948],[107.32405,16.59563],[107.32429,16.59645],[107.32431,16.59714],[107.32454,16.59717],[107.32419,16.59818],[107.32448,16.59855],[107.32487,16.59825],[107.32598,16.59836],[107.32617,16.59859],[107.32719,16.59868],[107.32715,16.59909],[107.32816,16.59908],[107.3288,16.59894],[107.32942,16.59903],[107.32989,16.59939],[107.33072,16.59935],[107.33147,16.59874],[107.33259,16.5985],[107.33329,16.59823],[107.33446,16.59877],[107.33402,16.59964],[107.33332,16.60009],[107.33333,16.60027],[107.33129,16.6017],[107.33117,16.60232],[107.32912,16.60243],[107.32813,16.6028],[107.32612,16.604],[107.32485,16.605],[107.32734,16.60711],[107.32855,16.60803],[107.32708,16.60976],[107.32538,16.61197],[107.32448,16.61294],[107.32351,16.61386],[107.32318,16.61448],[107.32276,16.61664],[107.32219,16.61819],[107.3216,16.61904],[107.3207,16.62008],[107.31973,16.62092],[107.31929,16.62117],[107.31728,16.62174],[107.31524,16.62243],[107.3132,16.6232],[107.3115,16.62399],[107.31036,16.62496],[107.31015,16.62538],[107.3102,16.62579],[107.3108,16.62678],[107.3119,16.62977],[107.3134,16.63278],[107.31551,16.63725],[107.31589,16.63831],[107.31591,16.63927],[107.31538,16.64035],[107.31486,16.64015],[107.31505,16.63921],[107.31503,16.63876],[107.31465,16.63774],[107.31401,16.63781],[107.3139,16.63808],[107.31328,16.63806],[107.31341,16.63687],[107.31306,16.63613],[107.3124,16.63562],[107.31158,16.63539],[107.30977,16.6357],[107.30873,16.63624],[107.3077,16.63731],[107.30698,16.63854],[107.30676,16.63995],[107.30695,16.64072],[107.3094,16.64351],[107.3108,16.64484],[107.31465,16.64835],[107.31556,16.64944],[107.31656,16.65047],[107.31725,16.65177],[107.31797,16.65225],[107.31907,16.65254],[107.32036,16.65258],[107.32132,16.65287],[107.32178,16.65324],[107.3221,16.65383],[107.32287,16.6537],[107.32288,16.65289],[107.32322,16.65167],[107.32368,16.65084],[107.32458,16.64968],[107.32517,16.64836],[107.32529,16.64765],[107.32514,16.64689],[107.32494,16.64424],[107.32515,16.64363],[107.32535,16.64249],[107.32592,16.64265],[107.32695,16.64247],[107.32742,16.64276],[107.3289,16.64279],[107.32869,16.64344],[107.32884,16.64385],[107.32923,16.64422],[107.33016,16.64481],[107.33001,16.64551],[107.32957,16.64587],[107.32949,16.64688],[107.32906,16.64781],[107.32923,16.64854],[107.32872,16.64999],[107.32754,16.65188],[107.32669,16.65308],[107.32585,16.65396],[107.32483,16.65472],[107.32492,16.65539],[107.32479,16.65622],[107.32427,16.65699],[107.32362,16.65705],[107.32216,16.65652],[107.32107,16.65771],[107.32008,16.65855],[107.31927,16.65908],[107.31864,16.66005],[107.31827,16.66131],[107.31822,16.66202],[107.31856,16.66245],[107.31958,16.66243],[107.32056,16.66283],[107.32146,16.66373],[107.32211,16.66484],[107.32266,16.66513],[107.3236,16.66536],[107.32525,16.66548],[107.32734,16.6653],[107.32856,16.66532],[107.32944,16.66556],[107.33025,16.66605],[107.33066,16.66656],[107.33141,16.66786],[107.33024,16.66842],[107.3284,16.66907],[107.32634,16.66835],[107.32462,16.66859],[107.32413,16.66897],[107.32393,16.66989],[107.32441,16.67033],[107.32523,16.67073],[107.32588,16.67145],[107.32836,16.67266],[107.32925,16.67299],[107.33,16.6731],[107.33118,16.67357],[107.33157,16.67412],[107.33357,16.67555],[107.33392,16.67632],[107.3339,16.67733],[107.33397,16.67833],[107.33392,16.67896],[107.33409,16.67948],[107.33441,16.67987],[107.33558,16.68078],[107.33584,16.68112],[107.33608,16.6825],[107.33648,16.68355],[107.33685,16.68406],[107.33725,16.68428],[107.33878,16.68486],[107.33925,16.68513],[107.34116,16.68681],[107.34176,16.68741],[107.34235,16.68826],[107.34309,16.69021],[107.3438,16.69103],[107.3446,16.69129],[107.34635,16.69162],[107.3476,16.69228],[107.3481,16.69311],[107.34837,16.69426],[107.34863,16.69478],[107.34919,16.69578],[107.35013,16.69676],[107.35147,16.69758],[107.35308,16.69836],[107.35348,16.6984],[107.35438,16.6982],[107.35505,16.69817],[107.35601,16.6983],[107.35729,16.69865],[107.35814,16.6986],[107.35798,16.69984],[107.35774,16.70018],[107.35795,16.7008],[107.35845,16.70156],[107.35864,16.70316],[107.35736,16.70377],[107.35658,16.70463],[107.35543,16.70515],[107.35488,16.70578],[107.35456,16.70584],[107.35342,16.70544],[107.35293,16.70582],[107.35153,16.70791],[107.35113,16.70832],[107.35156,16.70887],[107.35273,16.70791],[107.35449,16.71064],[107.35577,16.70978],[107.35708,16.71186],[107.35762,16.7131],[107.35817,16.71417],[107.36115,16.71837],[107.36103,16.71846],[107.36312,16.7216],[107.36516,16.72567],[107.36931,16.73325],[107.37682,16.73725],[107.37731,16.73748],[107.38332,16.74073],[107.38379,16.74033],[107.38412,16.74052],[107.38438,16.74003],[107.38488,16.74012],[107.38566,16.74046],[107.38641,16.74062],[107.38946,16.74292],[107.38878,16.74346],[107.38768,16.74405],[107.38615,16.74505],[107.38498,16.74601],[107.38426,16.74672],[107.38286,16.74749],[107.38086,16.74899],[107.37991,16.74981],[107.37853,16.75065],[107.37751,16.75119],[107.37589,16.75257],[107.37403,16.75386],[107.36971,16.75667],[107.3683,16.75768],[107.36775,16.75798],[107.36619,16.75899],[107.36354,16.7608],[107.36008,16.7634],[107.35713,16.76553],[107.35489,16.76735],[107.35318,16.76845],[107.35074,16.77037],[107.34994,16.77111],[107.34866,16.77197],[107.34692,16.77326],[107.34589,16.77413],[107.34577,16.77334],[107.34613,16.77308],[107.34627,16.77266],[107.34722,16.77185],[107.34779,16.77151],[107.34822,16.77146],[107.34894,16.77075],[107.34902,16.77006],[107.34921,16.76982],[107.34978,16.76988],[107.35014,16.7693],[107.35035,16.7682],[107.35082,16.76781],[107.35144,16.76803],[107.35099,16.7664],[107.35042,16.76676],[107.34995,16.76661],[107.34954,16.76705],[107.34961,16.76783],[107.34911,16.76835],[107.34917,16.76908],[107.34936,16.76942],[107.34892,16.76976],[107.34876,16.77028],[107.34803,16.77078],[107.34776,16.77117],[107.34691,16.77164],[107.34664,16.77214],[107.34593,16.77266],[107.34558,16.77333],[107.34564,16.77373],[107.34517,16.77465],[107.34156,16.77743],[107.34054,16.77795],[107.34022,16.77787],[107.34036,16.7774],[107.34112,16.77688],[107.34181,16.77617],[107.34297,16.77547],[107.34325,16.77487],[107.34305,16.77461],[107.34208,16.7749],[107.34226,16.77535],[107.341,16.77672],[107.3402,16.77721],[107.34004,16.77755],[107.33938,16.77788],[107.34025,16.77803],[107.34028,16.77826],[107.33797,16.77993],[107.33647,16.7811],[107.33561,16.78185],[107.33385,16.78309],[107.33308,16.78377],[107.33327,16.78307],[107.33259,16.78276],[107.33191,16.7834],[107.33267,16.78376],[107.33236,16.78437],[107.33085,16.78569],[107.32945,16.78656],[107.32669,16.78899],[107.3261,16.7893],[107.32517,16.79021],[107.32375,16.79105],[107.32332,16.79137],[107.3229,16.7912],[107.32249,16.7915],[107.322,16.79138],[107.32193,16.79078],[107.32151,16.7911],[107.32211,16.79173],[107.32275,16.79144],[107.32252,16.79205],[107.32065,16.79349],[107.31985,16.79429],[107.31897,16.79484],[107.31865,16.79518],[107.31749,16.79614],[107.3174,16.79485],[107.31682,16.79599],[107.31655,16.7962],[107.3156,16.79745],[107.3147,16.7982],[107.31324,16.79925],[107.31232,16.80005],[107.31178,16.80065],[107.311,16.80113],[107.30947,16.80239],[107.30929,16.80189],[107.30964,16.80165],[107.30903,16.80098],[107.30896,16.80141],[107.30849,16.80175],[107.30797,16.80155],[107.30832,16.80195],[107.3091,16.8019],[107.30916,16.80219],[107.30808,16.80341],[107.30718,16.80418],[107.30515,16.80572],[107.30391,16.80692],[107.30294,16.80777],[107.3021,16.80837],[107.30111,16.80936],[107.30023,16.8099],[107.29806,16.81168],[107.29671,16.81266],[107.29645,16.81276],[107.29536,16.81396],[107.29445,16.81473],[107.29069,16.81811],[107.29037,16.81818],[107.29035,16.81749],[107.28992,16.81762],[107.29028,16.81846],[107.2896,16.81919],[107.28823,16.82031],[107.28752,16.82097],[107.28652,16.82205],[107.28509,16.82328],[107.28284,16.8251],[107.28167,16.82609],[107.28006,16.82737],[107.27873,16.82858],[107.27824,16.82893],[107.27527,16.8314],[107.27376,16.83277],[107.2731,16.83329],[107.27204,16.83427],[107.27158,16.83419],[107.27069,16.83432],[107.27081,16.83473],[107.27145,16.83463],[107.26783,16.83764],[107.26545,16.83979],[107.26506,16.84019],[107.26468,16.83998],[107.26392,16.84014],[107.2635,16.84045],[107.26286,16.8402],[107.26284,16.84067],[107.26344,16.84061],[107.26436,16.84016],[107.26442,16.84047],[107.26408,16.84094],[107.26135,16.84314],[107.25925,16.84511],[107.25471,16.84884],[107.25467,16.8482],[107.25446,16.84814],[107.25432,16.84906],[107.25417,16.84928],[107.25183,16.85123],[107.25015,16.85279],[107.24956,16.85327],[107.24811,16.85472],[107.24676,16.85571],[107.24461,16.85778],[107.24414,16.85832],[107.24328,16.85897],[107.24276,16.85956],[107.24164,16.86052],[107.24056,16.86156],[107.23904,16.86292],[107.23814,16.8631],[107.23837,16.86336],[107.2368,16.86467],[107.23575,16.86539],[107.23477,16.86637],[107.23362,16.86727],[107.23237,16.86839],[107.23131,16.86962],[107.23021,16.87036],[107.22991,16.87083],[107.22854,16.87194],[107.22666,16.87399],[107.22589,16.87454],[107.22512,16.8754],[107.22431,16.876],[107.22303,16.87733],[107.22255,16.87791],[107.22123,16.87904],[107.21991,16.88038],[107.21965,16.88087],[107.21715,16.88329],[107.21577,16.88497],[107.21408,16.88659],[107.21355,16.88728],[107.21258,16.88822],[107.21082,16.89039],[107.21019,16.89136],[107.20928,16.89217],[107.20844,16.89303],[107.20682,16.89506],[107.20658,16.89557],[107.20559,16.89695],[107.20433,16.89859],[107.20358,16.89972],[107.20291,16.90045],[107.20175,16.90221],[107.20105,16.90345],[107.20032,16.90492],[107.19998,16.9061],[107.19691,16.90631],[107.19624,16.90582],[107.19596,16.90525],[107.19601,16.90483],[107.19568,16.90465],[107.19425,16.90449],[107.19214,16.90395],[107.19189,16.90369],[107.19164,16.90276],[107.19062,16.90399],[107.18984,16.90492],[107.19055,16.90531],[107.19126,16.90551],[107.1913,16.90575],[107.19099,16.90672],[107.19146,16.90716],[107.19151,16.90742],[107.19095,16.90895],[107.19077,16.90996],[107.19194,16.91062],[107.19167,16.91093],[107.19004,16.91217],[107.1884,16.91368],[107.1855,16.91623],[107.18373,16.91762],[107.18292,16.9182],[107.18242,16.91875],[107.18158,16.91941],[107.18106,16.92003],[107.17962,16.92131],[107.17895,16.92205],[107.17795,16.92294],[107.17666,16.92425],[107.17567,16.92494],[107.17524,16.92555],[107.17425,16.92656],[107.17377,16.92689],[107.17342,16.92736],[107.17245,16.92829],[107.17204,16.92893],[107.17101,16.93001],[107.17032,16.93088],[107.1686,16.93253],[107.16717,16.93422],[107.16642,16.93495],[107.16445,16.93746],[107.16389,16.93832],[107.1615,16.94102],[107.16086,16.94195],[107.16028,16.94244],[107.15881,16.94452],[107.15857,16.94471],[107.15781,16.94586],[107.15707,16.94653],[107.15584,16.94817],[107.15516,16.94868],[107.15344,16.95082],[107.15297,16.95127],[107.15143,16.95331],[107.15085,16.95388],[107.14858,16.95653],[107.14824,16.95672],[107.14694,16.9585],[107.14645,16.95894],[107.14572,16.95985],[107.14464,16.96139],[107.14378,16.96252],[107.14304,16.96337],[107.14197,16.96479],[107.14137,16.96571],[107.14029,16.9672],[107.13956,16.96839],[107.13783,16.97087],[107.1376,16.97134],[107.13647,16.973],[107.13579,16.97376],[107.13552,16.97445],[107.13402,16.97652],[107.13245,16.97856],[107.13178,16.97968],[107.13133,16.98014],[107.13044,16.98141],[107.12964,16.98242],[107.12884,16.98328],[107.12826,16.98409],[107.12552,16.98874],[107.12392,16.99114],[107.12203,16.99426],[107.11928,16.99921],[107.11674,17.00396],[107.11562,17.00654],[107.11465,17.00854],[107.11389,17.01076],[107.11365,17.01176],[107.11357,17.01341],[107.11258,17.01283],[107.11191,17.01254],[107.11156,17.01276],[107.11061,17.01269],[107.1104,17.01243],[107.10823,17.01322],[107.10664,17.0138],[107.10768,17.0149],[107.10807,17.01517],[107.10879,17.01598],[107.10947,17.01584],[107.11004,17.01627],[107.11074,17.01632],[107.11129,17.01701],[107.11181,17.0174],[107.11191,17.01782],[107.11162,17.01915],[107.11157,17.01969],[107.11096,17.01992],[107.11068,17.02242],[107.11087,17.0241],[107.11136,17.02522],[107.11311,17.02552],[107.11362,17.02552],[107.1135,17.02617],[107.11293,17.02657],[107.11267,17.02708],[107.11204,17.0276],[107.11191,17.0281],[107.11151,17.02837],[107.1112,17.02906],[107.11091,17.02936],[107.11054,17.03114],[107.11042,17.03217],[107.11019,17.03319],[107.10985,17.03547],[107.10973,17.03674],[107.10978,17.03819],[107.11032,17.04026],[107.11068,17.04111],[107.11149,17.04214],[107.11339,17.04372],[107.11457,17.044],[107.11555,17.04375],[107.11607,17.0445],[107.1157,17.04509],[107.11534,17.04634],[107.11518,17.04654],[107.1147,17.04783],[107.11461,17.04834],[107.11413,17.04964],[107.11396,17.05047],[107.11397,17.05209],[107.11389,17.05259],[107.11401,17.0532],[107.11381,17.05474],[107.11408,17.05597],[107.1147,17.05761],[107.11501,17.05805],[107.11561,17.05802],[107.11544,17.05855],[107.11481,17.05843],[107.11444,17.0586],[107.11406,17.05931],[107.11363,17.05984],[107.11347,17.06097],[107.11358,17.0623],[107.1138,17.06292],[107.11442,17.06324],[107.11316,17.06448],[107.11279,17.06532],[107.11243,17.06677],[107.1122,17.06867],[107.11215,17.07005],[107.11224,17.07135],[107.11267,17.07266],[107.11309,17.07339],[107.11399,17.07435],[107.1148,17.07469],[107.11549,17.07433],[107.11602,17.07439],[107.11623,17.07465],[107.11701,17.07497],[107.11747,17.07587],[107.11786,17.07636],[107.11753,17.07667],[107.11716,17.07646],[107.11632,17.07666],[107.11581,17.077],[107.11542,17.07751],[107.11482,17.07947],[107.11462,17.08083],[107.11471,17.08187],[107.11578,17.08358],[107.11623,17.08406],[107.11653,17.08398],[107.11753,17.0844],[107.11672,17.0856],[107.11597,17.08567],[107.11538,17.08496],[107.1147,17.08544],[107.11332,17.08563],[107.11296,17.08579],[107.11223,17.08646],[107.11151,17.08727],[107.11025,17.08894],[107.10981,17.08944],[107.10875,17.09009],[107.10749,17.09142],[107.10701,17.09164],[107.10661,17.09216],[107.10562,17.09311],[107.10489,17.09369],[107.10439,17.09395],[107.10381,17.09447],[107.10334,17.09463],[107.10305,17.09503],[107.10242,17.09547],[107.10169,17.09583],[107.10066,17.09586],[107.09947,17.09655],[107.09809,17.09773],[107.0977,17.09833],[107.09694,17.09882],[107.09643,17.09965],[107.09508,17.1004],[107.09476,17.10035],[107.09431,17.09984],[107.09359,17.10033],[107.09278,17.10141],[107.09149,17.10191],[107.09036,17.10203],[107.08911,17.10266],[107.08748,17.10317],[107.08568,17.10398],[107.08396,17.10469],[107.08239,17.10575],[107.08124,17.10617],[107.08048,17.10672],[107.08004,17.10682],[107.07868,17.10771],[107.07779,17.10794],[107.07715,17.10828],[107.0762,17.10905],[107.07455,17.10974],[107.07355,17.11034],[107.07327,17.11076],[107.07242,17.11121],[107.07151,17.11182],[107.07038,17.11226],[107.06818,17.11392],[107.06688,17.1146],[107.06459,17.11621],[107.06364,17.11675],[107.0632,17.11678],[107.06234,17.11724],[107.06124,17.11802],[107.0605,17.11819],[107.05928,17.11881],[107.0578,17.11992],[107.0575,17.12033],[107.05588,17.12113],[107.05506,17.12182],[107.05437,17.12211],[107.05417,17.12245],[107.05363,17.12257],[107.05271,17.12327],[107.05187,17.12341],[107.05145,17.12379],[107.05093,17.12399],[107.05016,17.12487],[107.0487,17.12527],[107.04874,17.12505],[107.04984,17.12478],[107.05025,17.12426],[107.05009,17.12356],[107.04901,17.12343],[107.0484,17.1238],[107.04807,17.12423],[107.04694,17.12476],[107.0463,17.12486],[107.04571,17.12537],[107.04594,17.12552],[107.04686,17.125],[107.0485,17.12432],[107.04917,17.12374],[107.05,17.12385],[107.05009,17.12423],[107.04952,17.12478],[107.04854,17.12497],[107.0485,17.12557],[107.04791,17.12596],[107.04778,17.12627],[107.04644,17.12698],[107.04569,17.12787],[107.04507,17.12784],[107.04419,17.12868],[107.04351,17.12893],[107.04309,17.12941],[107.04226,17.12987],[107.04165,17.13041],[107.0406,17.13108],[107.04024,17.13116],[107.03911,17.13182],[107.03774,17.1325],[107.03675,17.1334],[107.03559,17.13411],[107.035,17.13438],[107.03369,17.13542],[107.03303,17.13585],[107.0326,17.13594],[107.03174,17.1368],[107.03143,17.13693],[107.0308,17.13756],[107.0301,17.13771],[107.02967,17.13829],[107.02908,17.13859],[107.0282,17.13921],[107.02775,17.13966],[107.02624,17.14061],[107.02506,17.14148],[107.02461,17.14168],[107.02404,17.14218],[107.02306,17.14274],[107.02273,17.14276],[107.02225,17.14316],[107.02201,17.14357],[107.02068,17.14456],[107.0199,17.14531],[107.01911,17.14574],[107.01854,17.14593],[107.01807,17.14651],[107.01777,17.14628],[107.01724,17.14657],[107.01686,17.14698],[107.01555,17.14776],[107.01506,17.14792],[107.01423,17.14841],[107.01351,17.14907],[107.01315,17.14913],[107.01215,17.14983],[107.01088,17.15086],[107.00869,17.15245],[107.00832,17.1526],[107.00736,17.1535],[107.00641,17.15401],[107.00616,17.15445],[107.00569,17.15465],[107.0034,17.15621],[107.0026,17.15693],[107.00081,17.15807],[106.99878,17.15974],[106.99757,17.16096],[106.99462,17.1627],[106.99406,17.16309],[106.99271,17.16428],[106.992,17.16468],[106.99116,17.16542],[106.99007,17.16427],[106.9911,17.16548],[106.99072,17.16583],[106.9892,17.16656],[106.98765,17.16762],[106.98672,17.1681],[106.98549,17.16912],[106.98512,17.16959],[106.98429,17.17029],[106.98229,17.17142],[106.98117,17.17226],[106.97845,17.17473],[106.97784,17.17516],[106.97711,17.17549],[106.97657,17.17594],[106.97557,17.17694],[106.97496,17.17736],[106.97425,17.17768],[106.97338,17.17826],[106.9727,17.17885],[106.97224,17.1794],[106.97039,17.18074],[106.96974,17.18125],[106.96823,17.18192],[106.96662,17.18319],[106.96469,17.18428],[106.96343,17.18507],[106.96237,17.18604],[106.96079,17.18712],[106.96001,17.18754],[106.9597,17.18783],[106.95831,17.18878],[106.95746,17.18945],[106.95621,17.19025],[106.95519,17.19101],[106.95477,17.19122],[106.95395,17.1921],[106.95279,17.19281],[106.95078,17.19455],[106.94906,17.19557],[106.94758,17.19691],[106.94687,17.19722],[106.94573,17.19813],[106.94495,17.19848],[106.94421,17.19921],[106.94339,17.1999],[106.94257,17.20041],[106.94127,17.20155],[106.93985,17.20249],[106.93916,17.2027],[106.93811,17.20351],[106.93671,17.20482],[106.93571,17.20549],[106.93493,17.20619],[106.93379,17.20696],[106.93323,17.20725],[106.93237,17.20796],[106.93069,17.20909],[106.92956,17.2101],[106.92912,17.21029],[106.92844,17.21098],[106.92813,17.21109],[106.9273,17.21198],[106.92558,17.21314],[106.92465,17.21402],[106.92383,17.21438],[106.92292,17.21507],[106.92232,17.21566],[106.92163,17.21615],[106.92113,17.21667],[106.91963,17.21773],[106.9191,17.21827],[106.9186,17.21847],[106.91654,17.22006],[106.91611,17.2203],[106.91403,17.222],[106.91325,17.22225],[106.91121,17.22419],[106.90994,17.22496],[106.90959,17.22539],[106.90867,17.22588],[106.90776,17.2267],[106.90716,17.22699],[106.90607,17.22808],[106.90486,17.22884],[106.9037,17.22982],[106.90336,17.23028],[106.90257,17.23082],[106.90226,17.23121],[106.90142,17.2319],[106.9,17.23283],[106.89818,17.23391],[106.89792,17.23421],[106.89694,17.23491],[106.8951,17.23667],[106.89441,17.23707],[106.89187,17.23894],[106.89074,17.23965],[106.89031,17.23982],[106.88887,17.24105],[106.88771,17.24213],[106.88682,17.24285],[106.88532,17.24372],[106.88467,17.24445],[106.8832,17.24542],[106.88286,17.2458],[106.88153,17.24673],[106.88078,17.24754],[106.88019,17.24798],[106.87936,17.24831],[106.87905,17.24869],[106.87842,17.24899],[106.87697,17.25026],[106.87648,17.2505],[106.87558,17.25125],[106.87427,17.25225],[106.87386,17.25272],[106.87326,17.25279],[106.87171,17.25395],[106.87111,17.25451],[106.87017,17.25522],[106.86927,17.25572],[106.86894,17.25611],[106.86827,17.25648],[106.86613,17.25837],[106.86561,17.25875],[106.86472,17.25889],[106.86306,17.26022],[106.86251,17.26078],[106.86143,17.2615],[106.85954,17.26324],[106.8585,17.26386],[106.85804,17.26425],[106.85771,17.26335],[106.85749,17.26343],[106.85759,17.26416],[106.85688,17.2651],[106.85631,17.26542],[106.85522,17.26643],[106.85386,17.26745],[106.85344,17.26787],[106.85279,17.26811],[106.85193,17.26883],[106.85071,17.2694],[106.84943,17.27044],[106.84851,17.27136],[106.84648,17.27317],[106.84592,17.27331],[106.84459,17.27414],[106.84379,17.27485],[106.84185,17.27598],[106.84126,17.27668],[106.84036,17.27722],[106.83902,17.27828],[106.83772,17.27938],[106.83637,17.28038],[106.83527,17.28108],[106.83474,17.28169],[106.83351,17.2824],[106.83187,17.28361],[106.83143,17.28402],[106.82986,17.28516],[106.82926,17.28576],[106.82824,17.28633],[106.82761,17.28695],[106.82638,17.28789],[106.82617,17.28819],[106.82419,17.28949],[106.82317,17.29055],[106.82197,17.29131],[106.82123,17.2919],[106.82067,17.29221],[106.81986,17.29306],[106.81915,17.29368],[106.81867,17.29385],[106.81778,17.29469],[106.81554,17.29665],[106.81479,17.29745],[106.81406,17.29767],[106.81195,17.29929],[106.81138,17.29996],[106.8102,17.30074],[106.80984,17.30116],[106.80927,17.3015],[106.80795,17.30287],[106.80738,17.3032],[106.80644,17.30412],[106.80603,17.30431],[106.80446,17.30552],[106.80321,17.30681],[106.80269,17.30704],[106.80207,17.30755],[106.80124,17.3085],[106.8006,17.30904],[106.79951,17.30977],[106.79886,17.31036],[106.79822,17.31074],[106.79772,17.31126],[106.79683,17.31193],[106.7961,17.31246],[106.7956,17.31307],[106.79402,17.3146],[106.79243,17.31564],[106.79128,17.31677],[106.7893,17.3182],[106.78856,17.31879],[106.78813,17.3193],[106.78767,17.31959],[106.78701,17.32023],[106.78603,17.32094],[106.78558,17.32114],[106.78465,17.32201],[106.7835,17.3233],[106.78175,17.32445],[106.78092,17.32527],[106.77975,17.32627],[106.77886,17.32692],[106.77817,17.32781],[106.77663,17.32927],[106.77587,17.3296],[106.77502,17.33019],[106.77301,17.33243],[106.77261,17.33255],[106.77165,17.33321],[106.77052,17.33424],[106.76931,17.33526],[106.76898,17.33581],[106.7678,17.33678],[106.7667,17.33805],[106.76473,17.33924],[106.76393,17.33988],[106.763,17.34122],[106.76264,17.34141],[106.76205,17.34202],[106.7611,17.34277],[106.76064,17.34302],[106.75977,17.3438],[106.75894,17.3444],[106.75776,17.34571],[106.75611,17.34708],[106.75545,17.34786],[106.75351,17.34951],[106.75185,17.35109],[106.75075,17.35225],[106.74992,17.35281],[106.74739,17.35526],[106.74652,17.35621],[106.74569,17.35671],[106.74498,17.35752],[106.74433,17.35803],[106.74397,17.35847],[106.74299,17.35926],[106.74236,17.36006],[106.74054,17.36177],[106.7374,17.36456],[106.73583,17.36616],[106.73436,17.36774],[106.73394,17.36834],[106.73214,17.36991],[106.73087,17.37091],[106.72954,17.37238],[106.72784,17.37402],[106.72659,17.37517],[106.72584,17.37623],[106.72405,17.3776],[106.72364,17.37814],[106.72308,17.37844],[106.72266,17.37908],[106.72142,17.38062],[106.72078,17.38108],[106.72038,17.38154],[106.72015,17.38209],[106.71979,17.38193],[106.71836,17.38342],[106.71778,17.38414],[106.71736,17.38422],[106.71652,17.38524],[106.7164,17.38558],[106.71598,17.38555],[106.71471,17.38713],[106.71367,17.38816],[106.713,17.38867],[106.71146,17.3902],[106.7105,17.39109],[106.70991,17.39194],[106.70896,17.39301],[106.70861,17.3931],[106.70777,17.39396],[106.70699,17.39461],[106.70598,17.39595],[106.70548,17.39634],[106.70516,17.39689],[106.70486,17.39702],[106.70448,17.3976],[106.70408,17.39769],[106.70318,17.39871],[106.70217,17.39964],[106.70075,17.40127],[106.70052,17.40172],[106.69979,17.40207],[106.69785,17.4042],[106.69749,17.40479],[106.69692,17.4052],[106.69594,17.40637],[106.69519,17.40689],[106.69448,17.40779],[106.6939,17.40832],[106.69336,17.40915],[106.69249,17.40984],[106.69224,17.4103],[106.69163,17.41095],[106.6909,17.41141],[106.68976,17.41266],[106.68896,17.41378],[106.68808,17.41474],[106.68766,17.41491],[106.68681,17.41596],[106.68591,17.41715],[106.68573,17.41751],[106.68515,17.41762],[106.68444,17.41886],[106.68416,17.41898],[106.68304,17.42033],[106.68255,17.42081],[106.68164,17.42201],[106.68078,17.42298],[106.68029,17.42329],[106.67922,17.42459],[106.67891,17.42478],[106.67811,17.42587],[106.67743,17.4266],[106.67669,17.42754],[106.67627,17.42775],[106.67582,17.42823],[106.67406,17.43052],[106.67322,17.43118],[106.67229,17.43236],[106.67213,17.43232],[106.67098,17.43366],[106.66998,17.43468],[106.66882,17.43604],[106.66775,17.43714],[106.66677,17.43826],[106.66614,17.43914],[106.66555,17.43959],[106.66428,17.44091],[106.66259,17.44284],[106.66168,17.44411],[106.66024,17.44582],[106.65951,17.44647],[106.65873,17.4475],[106.6583,17.44785],[106.65754,17.44884],[106.65615,17.4502],[106.65569,17.45079],[106.6546,17.45245],[106.65314,17.45432],[106.65237,17.4551],[106.64896,17.45907],[106.64847,17.45977],[106.64727,17.46189],[106.64682,17.4623],[106.64542,17.46433],[106.64371,17.46637],[106.64206,17.46896],[106.64109,17.47036],[106.63969,17.47222],[106.63821,17.47436],[106.63757,17.4751],[106.63608,17.47766],[106.63483,17.47968],[106.6338,17.4823],[106.63336,17.48291],[106.63279,17.48418],[106.63221,17.48436],[106.63152,17.48483],[106.63083,17.48469],[106.6285,17.48534],[106.62857,17.48598],[106.62849,17.48682],[106.62821,17.48804],[106.62812,17.48925],[106.62784,17.49075],[106.6278,17.49177],[106.62801,17.49243],[106.62897,17.49274],[106.62922,17.49318],[106.62885,17.49332],[106.62817,17.49274],[106.62775,17.49316],[106.62724,17.4939],[106.62689,17.4946],[106.62603,17.49575],[106.62403,17.49899],[106.62262,17.50077],[106.62094,17.50302],[106.61869,17.50593],[106.61797,17.50713],[106.61584,17.50994],[106.61379,17.51212],[106.61177,17.51496],[106.6112,17.51586],[106.60848,17.51972],[106.6069,17.5219],[106.60522,17.52443],[106.60402,17.5255],[106.60231,17.52765],[106.60128,17.52879],[106.60073,17.52929],[106.60015,17.53003]]],[[[106.4963,17.90719],[106.49726,17.90776],[106.49798,17.90854],[106.49812,17.90904],[106.49722,17.9095],[106.49732,17.91094],[106.49721,17.91143],[106.49661,17.91285],[106.49541,17.91478],[106.49479,17.91496],[106.49432,17.91481],[106.49371,17.91421],[106.49284,17.91269],[106.49274,17.91234],[106.49288,17.91172],[106.49445,17.91042],[106.4955,17.90908],[106.49558,17.90857],[106.49526,17.90791],[106.49534,17.90722],[106.4963,17.90719]]],[[[106.67092,17.91147],[106.67146,17.91147],[106.67251,17.91175],[106.67324,17.91214],[106.67431,17.9125],[106.67439,17.91318],[106.67379,17.91357],[106.67267,17.91342],[106.67155,17.91313],[106.67079,17.91259],[106.67025,17.91198],[106.67045,17.91148],[106.67092,17.91147]]],[[[106.53122,17.93584],[106.53033,17.93635],[106.53007,17.93662],[106.52995,17.93737],[106.52874,17.93749],[106.5274,17.93782],[106.52631,17.93801],[106.52556,17.93766],[106.52538,17.93706],[106.52553,17.93686],[106.5262,17.93663],[106.52706,17.93598],[106.52737,17.93482],[106.52726,17.93406],[106.52699,17.93339],[106.52633,17.93297],[106.52636,17.93257],[106.52686,17.9322],[106.52831,17.93156],[106.52982,17.9313],[106.53103,17.93131],[106.53325,17.93158],[106.53385,17.93224],[106.53408,17.93282],[106.53439,17.9342],[106.53462,17.93468],[106.5348,17.9357],[106.53439,17.93624],[106.53237,17.93567],[106.53122,17.93584]]],[[[106.52378,17.94101],[106.52358,17.94241],[106.5236,17.94286],[106.52333,17.94313],[106.52264,17.94341],[106.52178,17.9439],[106.52113,17.94385],[106.52026,17.94289],[106.51991,17.94269],[106.51894,17.94246],[106.51783,17.94192],[106.51725,17.94152],[106.5172,17.94061],[106.51758,17.94031],[106.51885,17.93877],[106.52146,17.94099],[106.52194,17.94056],[106.52229,17.93982],[106.52282,17.93969],[106.52345,17.94011],[106.52378,17.94101]]],[[[107.35035,16.76732],[107.3498,16.76744],[107.34996,16.76682],[107.35049,16.76688],[107.35035,16.76732]]],[[[107.34393,17.15295],[107.34494,17.15408],[107.34703,17.15544],[107.34805,17.1564],[107.34818,17.15678],[107.34789,17.1574],[107.34699,17.15973],[107.34593,17.16182],[107.34552,17.16224],[107.34457,17.16286],[107.34353,17.16385],[107.34283,17.16482],[107.34216,17.16547],[107.34121,17.16598],[107.34014,17.16617],[107.33741,17.1661],[107.3357,17.16599],[107.33521,17.16585],[107.33428,17.1651],[107.33292,17.16375],[107.33214,17.16282],[107.33184,17.1613],[107.33183,17.15879],[107.33196,17.15785],[107.33262,17.15635],[107.33324,17.15521],[107.33434,17.15409],[107.3356,17.1531],[107.33625,17.15238],[107.33668,17.15152],[107.33736,17.15136],[107.33813,17.15147],[107.33874,17.15192],[107.33947,17.15214],[107.34066,17.15209],[107.34103,17.15172],[107.34126,17.15084],[107.3416,17.1506],[107.34263,17.15053],[107.34309,17.15063],[107.34335,17.15106],[107.34352,17.15204],[107.34393,17.15295]]]]},"properties":{"code":"44","name":"Quảng Trị","nameEn":"Quang Tri","fullName":"Tỉnh Quảng Trị","fullNameEn":"Quang Tri Province","areaKm2":12700}}]}