{"type":"FeatureCollection","features":[{"type":"Feature","geometry":{"type":"MultiLineString","coordinates":[[[107.20475,16.63742],[107.20964,16.63454],[107.20475,16.63742],[107.20108,16.63966],[107.19513,16.64294],[107.18269,16.64653],[107.17099,16.65033],[107.16753,16.65188],[107.14762,16.66339],[107.14473,16.66497],[107.13929,16.66772],[107.13319,16.67095],[107.12936,16.67252],[107.12367,16.67393],[107.11395,16.67624],[107.11114,16.67743],[107.10846,16.67903],[107.10643,16.68],[107.10372,16.68193],[107.08379,16.69712],[107.08047,16.69961],[107.07603,16.70337],[107.06996,16.70869],[107.06919,16.70936],[107.06521,16.713],[107.06371,16.71463],[107.05881,16.72093],[107.05617,16.72434],[107.05159,16.73102],[107.04412,16.74219],[107.04091,16.74685],[107.03729,16.75232],[107.02279,16.77309],[107.02083,16.77677],[107.02011,16.78039],[107.02009,16.79145],[107.02014,16.80264]],[[107.24176,16.58443],[107.23792,16.58821],[107.23634,16.59057],[107.23104,16.60118],[107.23008,16.60288],[107.22271,16.61328],[107.21969,16.61796],[107.21576,16.62577],[107.21628,16.6245],[107.21955,16.6179],[107.22182,16.61438],[107.22271,16.61328]],[[107.12367,16.67393],[107.1293,16.67237],[107.13307,16.67083],[107.13929,16.66772]],[[107.06919,16.70936],[107.06534,16.71308],[107.06384,16.71474],[107.05881,16.72093]],[[107.20964,16.63454],[107.21171,16.63295],[107.2131,16.63097],[107.21576,16.62577]],[[106.29079,17.94326],[106.29758,17.93081],[106.29922,17.92854],[106.29999,17.92768],[106.30326,17.92484],[106.3118,17.91776],[106.31421,17.91637],[106.31614,17.91559],[106.33148,17.90988],[106.3342,17.90836],[106.34,17.90324],[106.34188,17.902],[106.34589,17.89983],[106.34716,17.89876],[106.34857,17.89629],[106.34883,17.89468],[106.34849,17.89274],[106.34631,17.88686],[106.34583,17.88511],[106.34597,17.88278],[106.34649,17.88148],[106.35096,17.8746],[106.35211,17.87268],[106.35612,17.86467],[106.35706,17.86311],[106.36161,17.85677],[106.36341,17.85404],[106.36455,17.8516],[106.36537,17.8492],[106.36607,17.8453],[106.36589,17.84025],[106.36482,17.83605],[106.36309,17.83134],[106.36218,17.82835],[106.36165,17.82582],[106.36112,17.82073],[106.36102,17.81522],[106.36122,17.81364],[106.3662,17.80072],[106.36913,17.79243],[106.37133,17.78232],[106.37294,17.77659],[106.37469,17.76894],[106.37492,17.76742],[106.37487,17.76422],[106.36811,17.74066],[106.36568,17.73276],[106.36284,17.72515],[106.36204,17.72323],[106.35887,17.7155],[106.35808,17.71337],[106.35747,17.70983],[106.35749,17.70786],[106.35919,17.70062],[106.36026,17.6965],[106.3609,17.69174],[106.36072,17.68865],[106.35981,17.68253],[106.35978,17.67878],[106.36041,17.676],[106.36207,17.67236],[106.37269,17.65298],[106.3747,17.64993],[106.37718,17.64697],[106.38666,17.63533],[106.38963,17.63142],[106.39222,17.62729],[106.39481,17.6226],[106.39917,17.61456],[106.40173,17.60998],[106.40504,17.6038],[106.40646,17.60188],[106.4115,17.59597],[106.41373,17.59355],[106.42275,17.58419],[106.42785,17.57902],[106.44168,17.5636],[106.44337,17.56182],[106.44564,17.55985],[106.46072,17.54763],[106.46372,17.5443],[106.46638,17.54001],[106.46794,17.538],[106.48213,17.52375],[106.48412,17.52164],[106.49345,17.51139],[106.49557,17.50934],[106.49745,17.50793],[106.5023,17.50522],[106.50532,17.5027],[106.50705,17.5004],[106.51193,17.49266],[106.51477,17.48726],[106.51836,17.47983],[106.5337,17.44878],[106.53508,17.4465],[106.53697,17.44444],[106.55193,17.43209],[106.55756,17.42815],[106.57533,17.41759],[106.57915,17.41523],[106.5894,17.40925],[106.5925,17.40682],[106.59484,17.40406],[106.598,17.3988],[106.61122,17.37615],[106.61276,17.37337],[106.61511,17.36827],[106.62095,17.35295],[106.62202,17.34915],[106.62485,17.3383],[106.6256,17.33464],[106.62603,17.33229],[106.62792,17.3177],[106.62853,17.31336],[106.62927,17.31122],[106.65199,17.26863],[106.65655,17.26066],[106.66377,17.24843],[106.66595,17.24526],[106.66802,17.24278],[106.68141,17.22869],[106.68667,17.22334],[106.70267,17.21018],[106.70697,17.20687],[106.71589,17.20147],[106.72033,17.198],[106.72335,17.1949],[106.73658,17.17942],[106.73794,17.17767],[106.75271,17.15707],[106.76158,17.14522],[106.76452,17.14121],[106.76735,17.13808],[106.77569,17.13055],[106.78029,17.12699],[106.78273,17.1249],[106.78555,17.12198],[106.7876,17.11917],[106.79181,17.11231],[106.79686,17.1043],[106.80076,17.09853],[106.80271,17.09619],[106.8055,17.09335],[106.80785,17.09126],[106.81246,17.0879],[106.82017,17.08328],[106.82487,17.08057],[106.84997,17.06578],[106.85176,17.06455],[106.85766,17.05933],[106.86075,17.05682],[106.86494,17.05433],[106.86823,17.05279],[106.87416,17.04986],[106.87754,17.04784],[106.89709,17.03512],[106.8993,17.03342],[106.90227,17.03052],[106.90823,17.02425],[106.91729,17.01475],[106.91918,17.01225],[106.92006,17.01054],[106.921,17.00671],[106.92183,16.99663],[106.92244,16.99317],[106.92416,16.98961],[106.92595,16.98746],[106.92992,16.98404],[106.9318,16.98221],[106.93353,16.97959],[106.94213,16.96308],[106.94378,16.95973],[106.94669,16.95303],[106.95417,16.93374],[106.9574,16.92586],[106.95884,16.92291],[106.96232,16.91681],[106.96671,16.90864],[106.96939,16.90482],[106.97423,16.89888],[106.97728,16.8948],[106.98767,16.88048],[106.99082,16.8756],[106.99251,16.87276],[106.9973,16.86371],[107.00367,16.8513],[107.0055,16.84752],[107.01556,16.82298],[107.01904,16.81442],[107.01988,16.8113],[107.02005,16.80908],[107.02014,16.80264],[107.0202,16.80909],[107.02002,16.81132],[107.01918,16.81447],[107.01569,16.82303],[107.00563,16.84758],[107.0038,16.85136],[106.99744,16.86377],[106.99266,16.87283],[106.99097,16.87566],[106.98782,16.88053],[106.97741,16.89488],[106.97432,16.89904],[106.96849,16.90624],[106.96769,16.90754],[106.96215,16.91783],[106.96107,16.91931],[106.95896,16.92303],[106.95756,16.92591],[106.9543,16.93382],[106.94682,16.95313],[106.94394,16.95976],[106.94228,16.96314],[106.93366,16.97969],[106.93193,16.98231],[106.93001,16.98415],[106.92605,16.98756],[106.92428,16.98969],[106.92258,16.99322],[106.92198,16.99665],[106.92115,17.00673],[106.92019,17.01059],[106.9193,17.01233],[106.9174,17.01485],[106.9084,17.02427],[106.90078,17.03225],[106.89724,17.03519],[106.88839,17.04098],[106.87762,17.04795],[106.87422,17.04999],[106.86823,17.05294],[106.86502,17.05445],[106.86084,17.05693],[106.85776,17.05943],[106.85185,17.06466],[106.84612,17.06828],[106.84051,17.07153],[106.82495,17.08069],[106.81513,17.08642],[106.81255,17.08802],[106.80794,17.09137],[106.8056,17.09345],[106.80282,17.09628],[106.80088,17.09861],[106.79699,17.10437],[106.79193,17.11239],[106.78773,17.11923],[106.78565,17.12209],[106.78283,17.12502],[106.78039,17.12709],[106.7758,17.13066],[106.76752,17.13814],[106.76464,17.14132],[106.76175,17.14525],[106.75279,17.15724],[106.73806,17.17775],[106.73669,17.17952],[106.72346,17.19499],[106.72037,17.19815],[106.71598,17.20158],[106.70706,17.20698],[106.70277,17.21028],[106.68678,17.22343],[106.68152,17.22878],[106.66813,17.24288],[106.66606,17.24535],[106.66389,17.2485],[106.65664,17.26079],[106.65213,17.26867],[106.64323,17.28538],[106.62936,17.31134],[106.62851,17.31434],[106.62809,17.31753],[106.62618,17.33232],[106.62568,17.335],[106.62499,17.33833],[106.62216,17.34919],[106.62109,17.35299],[106.61525,17.36832],[106.61289,17.37343],[106.61135,17.37621],[106.59812,17.39887],[106.59497,17.40412],[106.59262,17.4069],[106.58949,17.40936],[106.57923,17.41534],[106.57544,17.41769],[106.55767,17.42829],[106.55483,17.43021],[106.55113,17.43296],[106.53709,17.44457],[106.53478,17.44721],[106.53386,17.44886],[106.51855,17.47981],[106.51366,17.48987],[106.51206,17.49273],[106.50719,17.50047],[106.50549,17.50274],[106.50239,17.50534],[106.49755,17.50805],[106.49569,17.50944],[106.49358,17.51148],[106.48427,17.52173],[106.48225,17.52385],[106.46807,17.53809],[106.46651,17.54009],[106.46386,17.54438],[106.46081,17.54774],[106.44575,17.55996],[106.44348,17.56192],[106.44181,17.56369],[106.42796,17.57913],[106.42286,17.58431],[106.4138,17.59369],[106.41164,17.59604],[106.40658,17.60196],[106.40516,17.6039],[106.40192,17.60993],[106.39933,17.61456],[106.39498,17.62261],[106.39238,17.62731],[106.38974,17.63151],[106.38683,17.63537],[106.37856,17.64555],[106.37484,17.65002],[106.37285,17.65302],[106.36221,17.67245],[106.36057,17.67604],[106.35995,17.67881],[106.35998,17.68251],[106.36088,17.68864],[106.36106,17.69174],[106.36042,17.69654],[106.35934,17.70067],[106.35765,17.70788],[106.35763,17.7098],[106.35824,17.71333],[106.36002,17.71796],[106.36223,17.7233],[106.36582,17.73274],[106.36825,17.74063],[106.37501,17.76416],[106.37516,17.76584],[106.37484,17.76899],[106.37309,17.77669],[106.3712,17.78357],[106.3693,17.79245],[106.3664,17.80069],[106.36137,17.8137],[106.36117,17.81523],[106.36128,17.82042],[106.36164,17.82453],[106.36203,17.82708],[106.36329,17.83143],[106.36524,17.83676],[106.36607,17.84023],[106.36622,17.84531],[106.36554,17.84921],[106.36473,17.85166],[106.36356,17.85412],[106.36201,17.85645],[106.35727,17.86316],[106.35628,17.86476],[106.35225,17.87276],[106.35111,17.87468],[106.34632,17.88218],[106.34597,17.88359],[106.34616,17.88592],[106.34865,17.89268],[106.34899,17.89468],[106.34871,17.89633],[106.34728,17.89885],[106.34596,17.89995],[106.34197,17.90213],[106.34009,17.90336],[106.33522,17.90774],[106.33256,17.90955],[106.33152,17.91001],[106.31621,17.91572],[106.31429,17.9165],[106.31191,17.91787],[106.30337,17.92494],[106.29938,17.92859],[106.29772,17.93091],[106.29099,17.94326]]]},"properties":{"shield":"CT.01 · CT.02","net":"ct","tier":"major"}},{"type":"Feature","geometry":{"type":"LineString","coordinates":[[106.4301,17.63026],[106.43381,17.63643],[106.43428,17.63776],[106.43443,17.64295],[106.43414,17.64979],[106.4348,17.65197],[106.43636,17.65358],[106.43654,17.65436],[106.43569,17.65717],[106.42939,17.66544],[106.42655,17.66876],[106.42631,17.66975],[106.42437,17.67106],[106.42387,17.67353],[106.42412,17.67654],[106.42332,17.67804],[106.42335,17.67988],[106.42545,17.68096],[106.42596,17.68234],[106.42509,17.68313],[106.42488,17.68408],[106.42603,17.6857],[106.42958,17.68837],[106.43057,17.68964],[106.43246,17.68989],[106.43331,17.6918],[106.43385,17.69502],[106.43495,17.69759],[106.43995,17.70136],[106.44119,17.7034]]},"properties":{"shield":"ĐT.2B","net":"dt","tier":"minor"}},{"type":"Feature","geometry":{"type":"LineString","coordinates":[[107.16699,16.77537],[107.16929,16.77263],[107.16835,16.77117],[107.16588,16.76908]]},"properties":{"shield":"ĐT.64","net":"dt","tier":"minor"}},{"type":"Feature","geometry":{"type":"LineString","coordinates":[[106.43626,17.86026],[106.43442,17.86042],[106.43188,17.85971],[106.42954,17.85858],[106.42532,17.85821],[106.4237,17.85875],[106.42201,17.85995],[106.4207,17.86034],[106.41769,17.85957],[106.41633,17.85955],[106.41098,17.86058],[106.40899,17.86046],[106.4049,17.85933],[106.40378,17.85848],[106.39715,17.84972],[106.39152,17.84185],[106.38999,17.83757],[106.38895,17.83628],[106.38794,17.83579],[106.3845,17.83529],[106.38202,17.83522],[106.37996,17.83491],[106.37698,17.83538],[106.37548,17.83525],[106.37275,17.83428],[106.36735,17.83364],[106.36329,17.83143],[106.36309,17.83134],[106.36118,17.83061],[106.35931,17.83041],[106.35675,17.83099],[106.35319,17.83071],[106.34988,17.83093],[106.34661,17.83184],[106.3401,17.83205],[106.3376,17.83129],[106.33627,17.83116],[106.33109,17.83241],[106.32523,17.83342],[106.31949,17.83287],[106.31766,17.83366],[106.31417,17.8337],[106.31104,17.83317],[106.30965,17.83176],[106.30461,17.83095],[106.30194,17.82961],[106.29953,17.82926],[106.29444,17.82903],[106.29131,17.82997],[106.28912,17.83146],[106.28399,17.83297],[106.28129,17.83301],[106.27843,17.83125],[106.27625,17.83137],[106.27196,17.83369],[106.26931,17.83415],[106.26819,17.83385],[106.26613,17.83262],[106.26363,17.83241],[106.26109,17.83187],[106.25868,17.83194],[106.25565,17.83092],[106.25404,17.83062],[106.25278,17.82992],[106.25215,17.82839],[106.25189,17.82607],[106.25075,17.82487],[106.24915,17.82038],[106.24679,17.81732],[106.24472,17.8166],[106.24329,17.81505],[106.2434,17.81249],[106.24381,17.81025],[106.24337,17.8091],[106.24221,17.80893]]},"properties":{"shield":"ĐT.556D","net":"dt","tier":"minor"}},{"type":"Feature","geometry":{"type":"LineString","coordinates":[[106.2899,17.94297],[106.28844,17.93937],[106.289,17.93627],[106.28859,17.9337],[106.29134,17.93018],[106.29576,17.92941],[106.29742,17.92805],[106.29922,17.92854],[106.29938,17.92859],[106.30097,17.92902],[106.30378,17.92736],[106.3048,17.92767],[106.30657,17.92721],[106.3107,17.92509],[106.31508,17.92357],[106.31672,17.92371],[106.31833,17.92274],[106.32269,17.92091],[106.32434,17.92125],[106.32753,17.92112],[106.32854,17.92007],[106.32956,17.9181],[106.33302,17.91525],[106.33353,17.91514],[106.33513,17.91669],[106.33582,17.91794],[106.33838,17.91864],[106.34048,17.91758],[106.34171,17.91745],[106.34245,17.91911],[106.34218,17.92095],[106.34322,17.92387],[106.34335,17.92559],[106.34466,17.92815],[106.34537,17.92896],[106.34835,17.92792],[106.34914,17.92684],[106.34929,17.92561],[106.34746,17.92329],[106.34844,17.92188],[106.3501,17.92105],[106.3515,17.91966],[106.35213,17.91763],[106.35236,17.91593],[106.353,17.9153],[106.35421,17.91518],[106.3556,17.91425],[106.35652,17.91298],[106.35817,17.91175],[106.36078,17.91076],[106.36324,17.91128],[106.36548,17.9108],[106.36689,17.91135],[106.36792,17.91128],[106.36882,17.91018],[106.36998,17.90966],[106.37155,17.90954],[106.37583,17.90731],[106.38013,17.9064],[106.38188,17.90565],[106.38532,17.90495],[106.38685,17.90487],[106.38735,17.9039],[106.38891,17.90235],[106.39142,17.90094],[106.394,17.90035],[106.39765,17.89882],[106.40113,17.89715],[106.40253,17.89688],[106.40519,17.89554],[106.40811,17.89514],[106.41104,17.89354],[106.41251,17.89307],[106.41408,17.89115],[106.41464,17.89088],[106.42102,17.8931],[106.42247,17.89279],[106.42541,17.89322],[106.4278,17.88794],[106.42867,17.88504],[106.43603,17.8855],[106.4387,17.88505],[106.4397,17.88539],[106.44267,17.88555],[106.44641,17.88528]]},"properties":{"shield":"ĐT.558B","net":"dt","tier":"minor"}},{"type":"Feature","geometry":{"type":"LineString","coordinates":[[106.22814,17.89216],[106.22781,17.89189],[106.22328,17.8912],[106.22253,17.88951],[106.22063,17.88759],[106.21912,17.88666],[106.21756,17.88495],[106.21687,17.88283],[106.21773,17.88106],[106.21646,17.88025],[106.21383,17.88008],[106.21079,17.88093],[106.20979,17.8816],[106.20719,17.87974],[106.20693,17.87855],[106.20781,17.8778],[106.2066,17.87693],[106.20494,17.87183],[106.20284,17.87246],[106.20234,17.87314],[106.20094,17.87315],[106.20042,17.87375],[106.19876,17.87446],[106.1974,17.8739],[106.19695,17.87076],[106.1958,17.87003],[106.19647,17.86754],[106.19591,17.86536],[106.19602,17.86436],[106.19745,17.86376],[106.19718,17.86289],[106.19883,17.8615],[106.20106,17.86072],[106.20136,17.85999],[106.19942,17.85964],[106.19755,17.8589],[106.1993,17.85691],[106.19663,17.8558],[106.19568,17.85405],[106.19555,17.8526],[106.19657,17.85123],[106.19518,17.85109],[106.19465,17.84983],[106.19446,17.84759],[106.19383,17.84662],[106.19017,17.84541],[106.18843,17.84635],[106.18627,17.84629],[106.18629,17.84474],[106.1856,17.84399],[106.18597,17.84222],[106.18692,17.84164],[106.18643,17.84065],[106.18613,17.83796],[106.1854,17.83715],[106.18493,17.83551],[106.18592,17.83273],[106.18551,17.83009],[106.18243,17.82882],[106.18077,17.82733],[106.1797,17.82368]]},"properties":{"shield":"ĐT.558C","net":"dt","tier":"minor"}},{"type":"Feature","geometry":{"type":"MultiLineString","coordinates":[[[106.38418,17.77983],[106.38452,17.77712],[106.38484,17.77259],[106.38366,17.76384]],[[106.3842,17.77983],[106.38412,17.78108],[106.3832,17.78286],[106.37986,17.79656],[106.3797,17.79742],[106.37672,17.80874]]]},"properties":{"shield":"ĐT.558E","net":"dt","tier":"minor"}},{"type":"Feature","geometry":{"type":"LineString","coordinates":[[106.2861,17.78856],[106.28221,17.78119],[106.28204,17.77973],[106.28318,17.77785],[106.28637,17.77346],[106.28865,17.77011],[106.2916,17.76628],[106.29104,17.76466],[106.2887,17.76319],[106.28744,17.76278],[106.28533,17.76278]]},"properties":{"shield":"ĐT.559","net":"dt","tier":"minor"}},{"type":"Feature","geometry":{"type":"MultiLineString","coordinates":[[[106.00957,17.77682],[106.00923,17.77468],[106.01053,17.77194],[106.01317,17.77001],[106.01462,17.76986],[106.01596,17.76825],[106.01857,17.7677],[106.02196,17.76564],[106.02437,17.76487],[106.02506,17.76507],[106.02692,17.7642],[106.0275,17.76435],[106.0314,17.7627],[106.03492,17.76015],[106.03774,17.75899],[106.04154,17.75572],[106.04191,17.75469],[106.04334,17.75301],[106.04438,17.75119],[106.04576,17.75063],[106.04703,17.74902],[106.04849,17.74805],[106.05202,17.74715],[106.05515,17.74578],[106.05858,17.74548],[106.06012,17.7442],[106.06397,17.74424],[106.06711,17.74395],[106.06844,17.74413],[106.0709,17.74373],[106.07282,17.74402],[106.07396,17.74458],[106.07596,17.74451],[106.08172,17.74488],[106.08625,17.74469],[106.08783,17.74512],[106.08949,17.74479],[106.09268,17.74499],[106.0989,17.74408],[106.10055,17.74431],[106.10314,17.74411],[106.10518,17.74471],[106.10626,17.74429],[106.10885,17.74454],[106.10995,17.74525],[106.11576,17.74564],[106.11769,17.74528],[106.12184,17.74585],[106.12435,17.74811],[106.12412,17.7511],[106.12328,17.75165],[106.12452,17.75448],[106.12669,17.75552],[106.12957,17.75737],[106.13022,17.75898],[106.13277,17.76061],[106.13348,17.76137],[106.13619,17.76304],[106.13693,17.76425],[106.14056,17.76647],[106.14193,17.76904],[106.14267,17.76976],[106.14575,17.77411],[106.14624,17.77429],[106.14885,17.7734],[106.15021,17.77185],[106.15075,17.76783],[106.1518,17.76574],[106.1529,17.76504],[106.15472,17.76513],[106.15665,17.76474],[106.1591,17.76458],[106.16491,17.76497],[106.16737,17.76566],[106.17066,17.76754],[106.17856,17.77041],[106.18285,17.77189],[106.18262,17.77608],[106.1832,17.77642],[106.18546,17.77659],[106.19209,17.77637],[106.19431,17.77445],[106.20195,17.77214],[106.20362,17.77179],[106.205,17.77149],[106.20729,17.77056],[106.2094,17.76885],[106.21223,17.76711],[106.2147,17.76625],[106.21862,17.76277],[106.22152,17.76125],[106.22396,17.75964],[106.22701,17.75791],[106.22806,17.75755],[106.22897,17.75576],[106.23109,17.75377],[106.23331,17.75294],[106.23436,17.75185],[106.23491,17.74952],[106.23737,17.74871],[106.24005,17.74844],[106.24194,17.7475],[106.24537,17.74617],[106.24666,17.74447],[106.25022,17.74279],[106.2518,17.74128],[106.25531,17.73903],[106.25774,17.73958],[106.25835,17.73798],[106.25901,17.73738],[106.26316,17.73564],[106.26469,17.73445],[106.27003,17.73391],[106.27243,17.73342],[106.27552,17.73328],[106.27774,17.73257],[106.28206,17.72983],[106.28404,17.72881],[106.28557,17.72906],[106.28724,17.72849],[106.29028,17.72852],[106.29183,17.72803],[106.29399,17.7278],[106.29582,17.72795],[106.29824,17.72871],[106.30001,17.72845],[106.30354,17.72917],[106.30572,17.72888],[106.30864,17.72799],[106.31298,17.728],[106.31504,17.72828],[106.31603,17.72883],[106.31884,17.72855],[106.32241,17.7273],[106.32461,17.7274],[106.32749,17.72638],[106.32916,17.7241],[106.3307,17.72297],[106.33304,17.72255],[106.3359,17.72155],[106.33745,17.72162],[106.3389,17.72012],[106.34173,17.7184],[106.34305,17.71855],[106.35053,17.72069],[106.35197,17.7217],[106.35472,17.72191],[106.35697,17.72136],[106.35949,17.72211],[106.36204,17.72323],[106.36223,17.7233],[106.3668,17.72545],[106.37171,17.72959],[106.37894,17.73184],[106.38271,17.73191],[106.38381,17.73254],[106.38603,17.73318],[106.38954,17.73486],[106.3916,17.73619]],[[106.39157,17.73632],[106.39134,17.73714],[106.39129,17.7429],[106.38952,17.74914],[106.38931,17.75039],[106.38971,17.75153],[106.39354,17.7563],[106.39505,17.76101]]]},"properties":{"shield":"ĐT.559B","net":"dt","tier":"minor"}},{"type":"Feature","geometry":{"type":"LineString","coordinates":[[106.22825,17.80164],[106.22902,17.80054],[106.22614,17.79657],[106.22628,17.79611],[106.2292,17.79394],[106.22191,17.78906],[106.22127,17.78825],[106.21848,17.78922],[106.21713,17.78911],[106.21586,17.78949],[106.21526,17.78821],[106.21607,17.78693],[106.21469,17.78558],[106.2133,17.78551],[106.21178,17.78645],[106.2108,17.7863],[106.20723,17.78898],[106.20507,17.78851],[106.20453,17.78983],[106.20421,17.79191],[106.2024,17.79229],[106.20049,17.79317],[106.20016,17.79244],[106.2007,17.79147],[106.20091,17.78997],[106.20219,17.78894],[106.20344,17.78736],[106.20375,17.78544],[106.20599,17.78373],[106.20711,17.78196],[106.2077,17.78179],[106.20748,17.78007],[106.20314,17.78167],[106.20259,17.78135],[106.20337,17.77972],[106.20464,17.77794],[106.20594,17.77661],[106.20612,17.77592],[106.20424,17.7736],[106.20362,17.77179]]},"properties":{"shield":"ĐT.559F","net":"dt","tier":"minor"}},{"type":"Feature","geometry":{"type":"LineString","coordinates":[[106.48636,17.6931],[106.47929,17.70136]]},"properties":{"shield":"ĐT.560B","net":"dt","tier":"minor"}},{"type":"Feature","geometry":{"type":"MultiLineString","coordinates":[[[106.53327,17.58763],[106.52549,17.58883],[106.52417,17.58935],[106.52059,17.59269],[106.52225,17.5908],[106.52405,17.58924],[106.52548,17.58868],[106.53332,17.58747]],[[106.38125,17.61759],[106.38272,17.61873],[106.38316,17.62066],[106.38455,17.62142],[106.39049,17.62243],[106.39481,17.6226],[106.39498,17.62261],[106.39722,17.62267],[106.40218,17.62317],[106.40722,17.62231],[106.40997,17.62318],[106.41117,17.62304],[106.4151,17.62199],[106.42091,17.6222],[106.42772,17.6265],[106.4301,17.63026],[106.43175,17.63042],[106.43259,17.63011],[106.43733,17.6273],[106.44029,17.62676],[106.44133,17.6269],[106.44294,17.62801],[106.44717,17.62627],[106.44911,17.62607],[106.45174,17.62615],[106.4544,17.62555],[106.45782,17.62325],[106.46092,17.62175],[106.46529,17.6213],[106.46709,17.62165],[106.47048,17.62109],[106.47338,17.61903],[106.47568,17.61878],[106.4822,17.61589],[106.48318,17.61483],[106.48538,17.61046],[106.48707,17.60962],[106.49079,17.60863],[106.49353,17.60807],[106.49481,17.60729],[106.49697,17.60406],[106.50045,17.60124],[106.50804,17.60003],[106.51244,17.59763],[106.51554,17.59432],[106.51664,17.5936],[106.52059,17.59269]]]},"properties":{"shield":"ĐT.561","net":"dt","tier":"minor"}},{"type":"Feature","geometry":{"type":"MultiLineString","coordinates":[[[106.79063,17.22376],[106.78833,17.22644],[106.78693,17.22535],[106.78382,17.22643],[106.78169,17.22765],[106.77736,17.22951],[106.77539,17.23266],[106.77378,17.23318],[106.77268,17.23391],[106.77094,17.23397],[106.76787,17.23466],[106.76485,17.23437],[106.76282,17.23539],[106.76132,17.23716],[106.75941,17.24048],[106.75846,17.24171],[106.75678,17.24254],[106.75446,17.24333],[106.75239,17.24351],[106.74998,17.2451],[106.74902,17.24602],[106.74628,17.24758],[106.7458,17.25052]],[[106.81927,17.12041],[106.81895,17.1214],[106.81997,17.12628],[106.8176,17.12692],[106.81572,17.12811],[106.81463,17.13032],[106.812,17.13068],[106.81134,17.13125],[106.80796,17.13536],[106.8085,17.13735],[106.80795,17.13894],[106.80895,17.14033],[106.80857,17.1438],[106.80967,17.14656],[106.80742,17.15009],[106.80696,17.15117],[106.80729,17.15292],[106.80831,17.1563],[106.80625,17.15845],[106.80529,17.16062],[106.80288,17.16377],[106.79884,17.16792],[106.79799,17.17028],[106.79912,17.1745],[106.79972,17.17539],[106.79972,17.1788],[106.80014,17.18168],[106.8009,17.1821],[106.80367,17.18767],[106.80826,17.19164],[106.81765,17.1966],[106.81816,17.19746],[106.81796,17.19902],[106.81465,17.20805],[106.81411,17.20865],[106.79998,17.21752],[106.79375,17.22273]]]},"properties":{"shield":"ĐT.564","net":"dt","tier":"minor"}},{"type":"Feature","geometry":{"type":"LineString","coordinates":[[106.77572,17.29269],[106.7771,17.29565],[106.77713,17.3039],[106.77772,17.3055],[106.77857,17.30631],[106.78299,17.3096],[106.78637,17.31387],[106.78668,17.31449],[106.78737,17.31648],[106.78827,17.31753]]},"properties":{"shield":"ĐT.565","net":"dt","tier":"minor"}},{"type":"Feature","geometry":{"type":"LineString","coordinates":[[106.83654,17.11174],[106.83739,17.11273],[106.83991,17.11831],[106.84254,17.12319],[106.84256,17.12406],[106.84177,17.12582],[106.84154,17.12728],[106.84273,17.12906],[106.84528,17.13121],[106.8457,17.13339],[106.84478,17.13561],[106.84524,17.1372],[106.84503,17.13954],[106.84462,17.14021],[106.83953,17.14211],[106.83911,17.14318],[106.84068,17.14603],[106.84301,17.14787],[106.84387,17.15138],[106.84596,17.15472],[106.84805,17.15578],[106.8489,17.15585],[106.85008,17.15722],[106.852,17.1583],[106.85714,17.15974],[106.85907,17.15889],[106.86042,17.15754],[106.86407,17.15714],[106.867,17.15757],[106.8683,17.15548],[106.87097,17.15526],[106.87305,17.15402],[106.87658,17.15351],[106.88007,17.15484],[106.8828,17.15422],[106.88573,17.15413],[106.88888,17.15548],[106.89134,17.1583],[106.8913,17.16066],[106.89236,17.16172],[106.89471,17.16305],[106.89501,17.16355],[106.89584,17.16905],[106.89587,17.17157],[106.89895,17.1733],[106.90323,17.17358],[106.90465,17.1739],[106.90606,17.17492]]},"properties":{"shield":"ĐT.565B","net":"dt","tier":"minor"}},{"type":"Feature","geometry":{"type":"MultiLineString","coordinates":[[[106.78887,17.15195],[106.7878,17.15274],[106.78535,17.15357],[106.78596,17.15509],[106.78548,17.15768],[106.78483,17.15917],[106.78523,17.16028],[106.78437,17.16178],[106.78451,17.16289],[106.78535,17.16446],[106.78578,17.17306],[106.78562,17.17782],[106.78587,17.18449],[106.78583,17.18679],[106.78535,17.19184],[106.78508,17.19268],[106.78901,17.19341],[106.79153,17.19258],[106.79466,17.19297],[106.79554,17.19331],[106.79798,17.19517],[106.79938,17.19599],[106.80242,17.19861],[106.80545,17.2004],[106.80539,17.20315],[106.80498,17.20515],[106.80426,17.20604],[106.79332,17.21298],[106.79162,17.2145],[106.78983,17.21534],[106.7847,17.2169],[106.78986,17.21545],[106.79162,17.2145]],[[106.70012,17.22857],[106.70182,17.22933],[106.70221,17.23026],[106.70358,17.22975],[106.70869,17.22955],[106.711,17.23077],[106.71765,17.23516],[106.72185,17.235],[106.72464,17.23641],[106.72794,17.23651],[106.72929,17.23682],[106.73222,17.23999],[106.73378,17.24079],[106.73729,17.24215],[106.7401,17.24463],[106.74199,17.24349],[106.74472,17.2435],[106.7491,17.24129],[106.75557,17.23897],[106.75656,17.23773],[106.75734,17.23552],[106.75817,17.23465],[106.76181,17.23168],[106.76381,17.22979],[106.76457,17.2294],[106.76751,17.22911],[106.76998,17.22806],[106.77309,17.22539],[106.77408,17.22473],[106.77733,17.22355],[106.78171,17.22095],[106.7835,17.22027],[106.78543,17.21916],[106.7847,17.2169]]]},"properties":{"shield":"ĐT.565C","net":"dt","tier":"minor"}},{"type":"Feature","geometry":{"type":"LineString","coordinates":[[106.82121,17.19659],[106.82236,17.19532],[106.82362,17.19452],[106.82645,17.18889],[106.82833,17.18617],[106.8294,17.18382],[106.8313,17.18202],[106.83422,17.18263],[106.83763,17.18181],[106.83918,17.18177],[106.84207,17.18213],[106.84292,17.17856],[106.84354,17.17792],[106.84435,17.17465],[106.84538,17.17378],[106.84709,17.17323],[106.84761,17.1725],[106.84739,17.17091],[106.849,17.16755],[106.84884,17.1664],[106.84744,17.16535],[106.84535,17.16252],[106.84588,17.16016],[106.84781,17.1584],[106.84907,17.15803],[106.85008,17.15722],[106.85245,17.15556],[106.85396,17.15375],[106.85569,17.14998],[106.85876,17.14943],[106.8581,17.14817],[106.85701,17.14405],[106.85604,17.14311],[106.85427,17.1423]]},"properties":{"shield":"ĐT.565D","net":"dt","tier":"minor"}},{"type":"Feature","geometry":{"type":"MultiLineString","coordinates":[[[106.54636,17.5487],[106.54446,17.54689],[106.54293,17.54656],[106.53825,17.54352],[106.53686,17.54283],[106.53548,17.54068],[106.53394,17.53989],[106.53221,17.53829],[106.53012,17.53741],[106.52689,17.53738],[106.52477,17.53808],[106.52216,17.53787],[106.52028,17.53846],[106.51065,17.53075],[106.50906,17.52849],[106.5055,17.5254],[106.50277,17.5223],[106.50169,17.52155],[106.49889,17.51857],[106.49843,17.51762],[106.49834,17.51585],[106.49741,17.51385],[106.4971,17.51098],[106.49666,17.51004]],[[106.54605,17.54929],[106.55201,17.55273],[106.56024,17.55239],[106.56212,17.5516],[106.56439,17.55144],[106.56899,17.55048],[106.57063,17.55052],[106.57268,17.55163],[106.57466,17.55184],[106.57835,17.55263],[106.58002,17.55324],[106.58182,17.55449],[106.58187,17.55525],[106.57971,17.55878]]]},"properties":{"shield":"ĐT.566","net":"dt","tier":"minor"}},{"type":"Feature","geometry":{"type":"MultiLineString","coordinates":[[[106.62639,17.49268],[106.62541,17.49543],[106.62286,17.4989],[106.61839,17.50374],[106.61668,17.50477],[106.61564,17.50773],[106.61487,17.50932],[106.61156,17.51281],[106.60859,17.51566],[106.60733,17.51779],[106.60675,17.52022],[106.60611,17.52116],[106.60423,17.52181]],[[106.62638,17.49259],[106.62715,17.48941],[106.62737,17.48738],[106.62716,17.48475],[106.62512,17.48137],[106.62508,17.47997],[106.62438,17.47884],[106.623,17.47487],[106.62402,17.47171]],[[106.62647,17.49262],[106.62726,17.48943],[106.62759,17.48622],[106.62735,17.48475],[106.62524,17.48133],[106.62515,17.47976],[106.62449,17.47882],[106.6231,17.47506],[106.62422,17.4717]],[[106.62424,17.47152],[106.62468,17.46939],[106.62719,17.46478],[106.62713,17.46204],[106.62566,17.45984]],[[106.62408,17.47147],[106.6245,17.46954],[106.62719,17.46478]],[[106.55781,17.5327],[106.55944,17.53375],[106.56216,17.53565],[106.5725,17.54143],[106.57494,17.54238],[106.57731,17.54448],[106.58052,17.54405],[106.5813,17.54266],[106.58285,17.5426],[106.58681,17.54205],[106.59018,17.54113],[106.59112,17.5403],[106.59277,17.53646],[106.59313,17.53449],[106.59477,17.53121],[106.59582,17.52963],[106.59898,17.52675],[106.59961,17.52558],[106.60189,17.52394],[106.60357,17.5221],[106.60423,17.52181],[106.60198,17.52403],[106.59961,17.52558]]]},"properties":{"shield":"ĐT.567","net":"dt","tier":"minor"}},{"type":"Feature","geometry":{"type":"LineString","coordinates":[[106.60025,17.48815],[106.59886,17.48602],[106.59658,17.48487],[106.59324,17.4836],[106.59248,17.4822],[106.58816,17.48096],[106.58712,17.47934]]},"properties":{"shield":"ĐT.567B","net":"dt","tier":"minor"}},{"type":"Feature","geometry":{"type":"MultiLineString","coordinates":[[[106.6206,17.47738],[106.61821,17.47727],[106.61155,17.4766],[106.60389,17.47614],[106.60376,17.47613],[106.6018,17.47547],[106.59901,17.47536]],[[106.58645,17.47249],[106.58974,17.47435],[106.5921,17.47647],[106.59318,17.47692],[106.59471,17.47695],[106.59652,17.4758]],[[106.57566,17.47512],[106.57179,17.47561],[106.57029,17.47534],[106.56873,17.47459],[106.56385,17.47161],[106.56156,17.47051],[106.56092,17.46919],[106.55695,17.46896]],[[106.58604,17.47231],[106.58458,17.47278],[106.58272,17.47267],[106.58083,17.47133]]]},"properties":{"shield":"ĐT.568","net":"dt","tier":"minor"}},{"type":"Feature","geometry":{"type":"MultiLineString","coordinates":[[[106.60366,17.47425],[106.60376,17.47613],[106.60389,17.47614],[106.60381,17.4742]],[[106.60453,17.46694],[106.6042,17.47232],[106.60365,17.47412]],[[106.61482,17.45887],[106.60938,17.46188],[106.60584,17.46434],[106.60445,17.46669]],[[106.60461,17.46674],[106.60611,17.4643],[106.60949,17.46199],[106.61492,17.45904]],[[106.62078,17.45568],[106.61506,17.45875]],[[106.61516,17.45891],[106.62079,17.45583]]]},"properties":{"shield":"ĐT.568B","net":"dt","tier":"minor"}},{"type":"Feature","geometry":{"type":"MultiLineString","coordinates":[[[106.63423,17.47395],[106.63446,17.47376],[106.64065,17.46479],[106.64597,17.45764],[106.64982,17.45292],[106.64989,17.45263]],[[106.63446,17.4741],[106.64081,17.46482],[106.64618,17.4576],[106.64982,17.45311],[106.65019,17.45283]],[[106.65071,17.45217],[106.65076,17.45198],[106.65623,17.44528]],[[106.65614,17.44521],[106.65084,17.45167],[106.65041,17.45194]],[[106.68458,17.41213],[106.68778,17.40715],[106.69002,17.40471],[106.69693,17.39961],[106.69906,17.39793],[106.70063,17.39564],[106.70161,17.39382],[106.70293,17.39201],[106.70713,17.38733],[106.71048,17.38496],[106.71648,17.37806],[106.71778,17.37599],[106.71851,17.37406],[106.71957,17.37155],[106.72044,17.37016],[106.72288,17.36713],[106.72506,17.36509],[106.72895,17.3608],[106.74333,17.34454],[106.74598,17.34282]],[[106.87217,17.21301],[106.87433,17.213],[106.87636,17.21396],[106.87835,17.21618],[106.87881,17.22045],[106.87842,17.2231],[106.87891,17.22471],[106.88021,17.22763],[106.88178,17.22904],[106.88426,17.23176],[106.8876,17.23641],[106.88822,17.23787],[106.88652,17.23909],[106.88468,17.24093],[106.88086,17.24316],[106.87701,17.24587],[106.87457,17.24899],[106.87216,17.2507],[106.87112,17.25169],[106.86695,17.25394],[106.86113,17.25781],[106.85975,17.25914],[106.85816,17.25977],[106.85693,17.2609],[106.85581,17.26111],[106.852,17.26269],[106.84645,17.26535],[106.83421,17.27194],[106.82537,17.27676],[106.82316,17.27758],[106.81875,17.28206],[106.81565,17.28452],[106.81252,17.28614],[106.80507,17.29224],[106.80022,17.29635],[106.79894,17.2977],[106.7897,17.31234],[106.78915,17.31301],[106.78668,17.31449]],[[106.74884,17.34687],[106.74532,17.35199],[106.7424,17.35457],[106.74146,17.35512],[106.73921,17.35707],[106.73667,17.36082],[106.73225,17.36598],[106.73099,17.36537],[106.7294,17.36759],[106.72402,17.37295],[106.72186,17.37549],[106.72113,17.37771],[106.71713,17.3794],[106.71589,17.38136],[106.71048,17.38496]],[[106.77055,17.32828],[106.76864,17.32217]]]},"properties":{"shield":"ĐT.569","net":"dt","tier":"minor"}},{"type":"Feature","geometry":{"type":"LineString","coordinates":[[106.61387,17.38355],[106.61793,17.39269],[106.62154,17.39907],[106.62324,17.40042],[106.62579,17.40131],[106.62725,17.40275],[106.62824,17.40319],[106.63497,17.40188],[106.63725,17.40156]]},"properties":{"shield":"ĐT.569B","net":"dt","tier":"minor"}},{"type":"Feature","geometry":{"type":"MultiLineString","coordinates":[[[106.63169,17.44853],[106.63321,17.44885],[106.6394,17.44935],[106.64613,17.44978],[106.64745,17.4503],[106.64957,17.4519],[106.64981,17.45243]],[[106.61923,17.44322],[106.60839,17.43101],[106.60704,17.42955],[106.60584,17.4287],[106.60385,17.42819],[106.59452,17.42704],[106.59253,17.42558]],[[106.61911,17.44331],[106.60827,17.43109]],[[106.63161,17.44851],[106.62351,17.44684],[106.62141,17.4458]],[[106.63171,17.44841],[106.63323,17.44875],[106.63941,17.44927],[106.6464,17.4497],[106.6471,17.4499],[106.65013,17.45196]],[[106.59331,17.42644],[106.59387,17.42691],[106.59558,17.42735],[106.60383,17.42833]],[[106.63163,17.4484],[106.62351,17.44669],[106.62152,17.44566]]]},"properties":{"shield":"ĐT.570","net":"dt","tier":"minor"}},{"type":"Feature","geometry":{"type":"LineString","coordinates":[[106.5711,17.44994],[106.5757,17.44908],[106.58832,17.44473],[106.59187,17.44424],[106.59794,17.44174],[106.60033,17.44018],[106.60389,17.4402],[106.60989,17.44282],[106.61205,17.44505],[106.61437,17.44619],[106.61578,17.44765],[106.62035,17.45243],[106.62063,17.4531],[106.62078,17.45568],[106.62079,17.45583],[106.62282,17.46217]]},"properties":{"shield":"ĐT.570B","net":"dt","tier":"minor"}},{"type":"Feature","geometry":{"type":"MultiLineString","coordinates":[[[106.64221,17.4316],[106.63686,17.4291]],[[106.64213,17.43177],[106.63677,17.42926]]]},"properties":{"shield":"ĐT.570C","net":"dt","tier":"minor"}},{"type":"Feature","geometry":{"type":"LineString","coordinates":[[107.10503,17.01659],[107.10098,17.0187],[107.10029,17.01879],[107.09122,17.01724],[107.08919,17.01706],[107.08598,17.01769],[107.08381,17.01776],[107.07994,17.01959],[107.07732,17.01986],[107.07343,17.01926],[107.07292,17.01981],[107.07354,17.02204],[107.07058,17.02524],[107.06902,17.02627],[107.06707,17.02819],[107.0645,17.0294],[107.05873,17.02885],[107.0541,17.02814],[107.05277,17.02713],[107.04862,17.01746]]},"properties":{"shield":"ĐT.574","net":"dt","tier":"minor"}},{"type":"Feature","geometry":{"type":"LineString","coordinates":[[107.15566,16.88874],[107.15157,16.8916],[107.14821,16.89493],[107.14696,16.89587],[107.1452,16.89831],[107.14138,16.90318],[107.13747,16.90564],[107.13464,16.90632],[107.13127,16.90739],[107.12657,16.90845],[107.12106,16.91073],[107.11972,16.91162],[107.11821,16.91314],[107.11674,16.916],[107.11526,16.91797],[107.11389,16.9189],[107.11061,16.92036],[107.10971,16.92167],[107.10971,16.92297],[107.10898,16.92373],[107.10709,16.92453],[107.10331,16.92418],[107.09226,16.92518],[107.0872,16.92547],[107.08297,16.92375],[107.07709,16.92238],[107.07702,16.92237]]},"properties":{"shield":"ĐT.575A","net":"dt","tier":"minor"}},{"type":"Feature","geometry":{"type":"LineString","coordinates":[[106.96561,16.91278],[106.96921,16.91409],[106.97246,16.91479],[106.97593,16.91618],[106.97734,16.91721],[106.98206,16.91929],[106.98807,16.92004],[106.99196,16.92209],[106.99339,16.92249],[106.9985,16.92467],[106.9997,16.92439],[107.00275,16.92319],[107.00589,16.9227],[107.01155,16.92149],[107.01383,16.92208],[107.01816,16.924],[107.02266,16.92617],[107.02671,16.92707],[107.03002,16.92691],[107.03714,16.92634],[107.04184,16.92625],[107.04386,16.92527],[107.04718,16.92543],[107.05854,16.92752],[107.07365,16.93018],[107.07493,16.93069]]},"properties":{"shield":"ĐT.575B","net":"dt","tier":"minor"}},{"type":"Feature","geometry":{"type":"LineString","coordinates":[[107.01217,16.88933],[107.01176,16.89039],[107.01071,16.89124],[107.00992,16.89347],[107.00878,16.89574],[107.00788,16.8991],[107.00711,16.90231],[107.00712,16.90464],[107.00624,16.90757],[107.00511,16.90927],[107.00267,16.91382],[107.00099,16.91651],[106.9993,16.91973],[106.99919,16.92161],[106.9997,16.92439],[107.00044,16.92813],[107.00707,16.93208],[107.00818,16.93303],[107.01145,16.93444],[107.01482,16.93673],[107.018,16.93788],[107.01985,16.94029],[107.02382,16.94372],[107.02633,16.94565],[107.02764,16.94615],[107.02891,16.94713],[107.03132,16.94973],[107.03151,16.9505],[107.03122,16.95469],[107.03135,16.95664],[107.03123,16.95969],[107.03141,16.96512],[107.03111,16.97077],[107.03163,16.97147],[107.03539,16.97146],[107.03749,16.97166],[107.04211,16.97261],[107.04343,16.97322],[107.0466,16.97423],[107.04978,16.97611],[107.05332,16.97858],[107.05453,16.97867]]},"properties":{"shield":"ĐT.576","net":"dt","tier":"minor"}},{"type":"Feature","geometry":{"type":"LineString","coordinates":[[106.99082,16.89511],[106.99881,16.89742],[107.00162,16.89926],[107.00361,16.89944],[107.00788,16.8991],[107.0099,16.89887],[107.01313,16.89805],[107.01886,16.9009],[107.02017,16.90193],[107.02108,16.90339],[107.02565,16.90364],[107.02845,16.90485],[107.03088,16.90533],[107.03879,16.90421],[107.0415,16.90473],[107.04645,16.90472],[107.05099,16.90539],[107.05769,16.90461],[107.05913,16.90366],[107.06085,16.90132],[107.06336,16.90013],[107.06681,16.8989],[107.06744,16.89891],[107.07442,16.90182],[107.07509,16.90268],[107.07778,16.90266],[107.07938,16.90287]]},"properties":{"shield":"ĐT.577","net":"dt","tier":"minor"}},{"type":"Feature","geometry":{"type":"LineString","coordinates":[[107.08341,16.87194],[107.07858,16.87177],[107.07699,16.87215],[107.07495,16.87334],[107.0696,16.87697],[107.06561,16.88005],[107.06463,16.88051],[107.06078,16.88372],[107.05771,16.88406],[107.05695,16.88548],[107.05529,16.88647],[107.05362,16.8881],[107.05184,16.88901],[107.05064,16.891],[107.04961,16.89173],[107.04587,16.89344],[107.04367,16.89354],[107.03774,16.89226],[107.0318,16.89147],[107.02851,16.89042],[107.02491,16.88829],[107.02155,16.88734],[107.01968,16.88776],[107.01742,16.8895],[107.01364,16.89016],[107.01217,16.88933],[107.01022,16.88731],[107.01018,16.88588],[107.00949,16.88513],[107.00716,16.88504],[107.00241,16.88342],[106.99965,16.88197],[106.99809,16.88545],[106.99576,16.88536],[106.99453,16.88588],[106.99277,16.88589]]},"properties":{"shield":"ĐT.578","net":"dt","tier":"minor"}},{"type":"Feature","geometry":{"type":"MultiLineString","coordinates":[[[107.18405,16.81513],[107.18121,16.81326],[107.17849,16.81172],[107.17498,16.81193],[107.17392,16.81371],[107.17254,16.81428],[107.16946,16.81372],[107.16687,16.8143],[107.16552,16.81495],[107.16402,16.81622],[107.16051,16.81725],[107.15943,16.81802],[107.15322,16.82062],[107.15192,16.82033],[107.14991,16.81731],[107.1482,16.8126],[107.14704,16.81149],[107.14262,16.80916]],[[107.12674,16.79944],[107.13091,16.80137],[107.13787,16.80674],[107.14177,16.80919]]]},"properties":{"shield":"ĐT.578B","net":"dt","tier":"minor"}},{"type":"Feature","geometry":{"type":"LineString","coordinates":[[107.16035,16.7742],[107.15462,16.77052],[107.15102,16.76996],[107.14872,16.77003],[107.14774,16.76834],[107.14496,16.76757],[107.14298,16.76744],[107.14213,16.76547],[107.14039,16.76275],[107.13479,16.75844],[107.134,16.75634],[107.1333,16.75545],[107.12939,16.75176],[107.1285,16.75122],[107.12643,16.75077],[107.123,16.75167],[107.12196,16.75115],[107.11932,16.74734],[107.11693,16.74605],[107.11164,16.74552],[107.11097,16.745],[107.10952,16.73975],[107.10808,16.73698],[107.10688,16.73376],[107.10575,16.73234],[107.10391,16.73193],[107.10199,16.72977],[107.10109,16.72758],[107.09892,16.72611],[107.0952,16.72576],[107.09324,16.72463],[107.09137,16.72247],[107.08852,16.72059],[107.08688,16.71993],[107.08531,16.7175],[107.0819,16.71487],[107.07743,16.71362],[107.07347,16.71169],[107.06996,16.70869],[107.0653,16.70634],[107.06355,16.70341],[107.06066,16.6994],[107.05771,16.69706],[107.05566,16.69608],[107.05516,16.69466],[107.0556,16.69193],[107.05403,16.69128],[107.05375,16.68922],[107.05486,16.687],[107.05431,16.68635],[107.0532,16.68659],[107.0512,16.68776],[107.05014,16.68763],[107.04876,16.68908],[107.04726,16.6895],[107.04409,16.68844],[107.04364,16.68805],[107.04193,16.68858],[107.03911,16.68681],[107.03824,16.6867],[107.03742,16.68511],[107.03522,16.6843],[107.0315,16.68478],[107.02977,16.68608],[107.02836,16.68601],[107.02584,16.68664],[107.02373,16.68648],[107.02264,16.68721],[107.02134,16.68704],[107.0195,16.68806],[107.01807,16.68989],[107.01632,16.69102],[107.01611,16.69279],[107.01545,16.69357],[107.01263,16.69431],[107.0102,16.69446],[107.00824,16.69585],[107.00659,16.69605],[107.00603,16.69715],[107.00396,16.69645],[107.00401,16.69574],[107.00258,16.69542],[107.0011,16.69464],[106.99862,16.69394],[106.9952,16.69523],[106.99202,16.69338],[106.98785,16.69172],[106.98586,16.69188],[106.98547,16.69332],[106.98442,16.69362],[106.98252,16.6957],[106.98142,16.69648],[106.97811,16.69681],[106.9764,16.6975],[106.97504,16.70036],[106.97201,16.70189],[106.96788,16.7065],[106.96503,16.70802],[106.96411,16.70982],[106.96429,16.71201],[106.96505,16.71348],[106.96622,16.71403],[106.96567,16.71487],[106.96538,16.71675],[106.9619,16.71921],[106.95809,16.72244],[106.95786,16.72331],[106.95886,16.72463],[106.95831,16.72709],[106.95787,16.73135],[106.95792,16.73531],[106.95761,16.73603],[106.95721,16.74499]]},"properties":{"shield":"ĐT.579","net":"dt","tier":"minor"}},{"type":"Feature","geometry":{"type":"MultiLineString","coordinates":[[[107.33212,16.77855],[107.33116,16.77788],[107.32704,16.7733],[107.32525,16.7709],[107.32083,16.76442],[107.31786,16.76056],[107.31626,16.75803],[107.31418,16.75528],[107.31109,16.75295],[107.31006,16.75187],[107.30865,16.74892],[107.30441,16.74384],[107.30163,16.74142],[107.29568,16.7348],[107.29511,16.73335],[107.29383,16.73276],[107.29158,16.73088],[107.2918,16.72957],[107.29122,16.72737],[107.28697,16.72071],[107.28085,16.71617],[107.27904,16.71506],[107.26656,16.70993],[107.26543,16.70901],[107.26689,16.7039]],[[107.26172,16.70365],[107.26074,16.70313],[107.25591,16.70209],[107.25313,16.69961],[107.2482,16.69499],[107.24361,16.69051]]]},"properties":{"shield":"ĐT.582","net":"dt","tier":"minor"}},{"type":"Feature","geometry":{"type":"LineString","coordinates":[[107.26352,16.77129],[107.26532,16.77365],[107.26791,16.77536],[107.2702,16.77731],[107.27184,16.77814],[107.27502,16.77873],[107.27812,16.77962],[107.28208,16.7819],[107.28575,16.78384],[107.28839,16.78544],[107.29475,16.79026],[107.29639,16.79195],[107.29892,16.79373],[107.30252,16.79579],[107.30434,16.7972],[107.30691,16.7996]]},"properties":{"shield":"ĐT.583","net":"dt","tier":"minor"}},{"type":"Feature","geometry":{"type":"MultiLineString","coordinates":[[[107.20301,16.73379],[107.20842,16.73066],[107.20979,16.72961],[107.21715,16.7227],[107.22084,16.71934],[107.22821,16.71443],[107.22891,16.71382],[107.2306,16.71443],[107.24134,16.71355],[107.24273,16.71304],[107.24496,16.71154],[107.25262,16.70698],[107.25928,16.70476],[107.26169,16.70378]],[[107.26689,16.7039],[107.26713,16.70111],[107.26776,16.6978],[107.26894,16.69409],[107.27036,16.69142],[107.27191,16.68926],[107.27609,16.6824],[107.27706,16.66965],[107.28028,16.66345],[107.28127,16.66174],[107.2875,16.65867],[107.30258,16.65106],[107.30306,16.64962],[107.30041,16.64037],[107.30141,16.63836],[107.30184,16.63625],[107.30091,16.63456],[107.30085,16.63447]]]},"properties":{"shield":"ĐT.584","net":"dt","tier":"minor"}},{"type":"Feature","geometry":{"type":"LineString","coordinates":[[107.26689,16.7039],[107.26193,16.70373],[107.26172,16.70365],[107.26169,16.70378],[107.26193,16.70373]]},"properties":{"shield":"ĐT.584 · ĐT.582","net":"dt","tier":"minor"}},{"type":"Feature","geometry":{"type":"LineString","coordinates":[[106.93575,16.74811],[106.94191,16.74723],[106.94506,16.74484],[106.94606,16.74452],[106.95323,16.74503],[106.95721,16.74499],[106.96184,16.74485],[106.96453,16.74801],[106.96575,16.74853],[106.96606,16.75416],[106.96747,16.7564],[106.96808,16.75876],[106.96833,16.76125],[106.96988,16.76254],[106.97173,16.76539],[106.9727,16.76762],[106.97427,16.76889],[106.97634,16.76837],[106.97729,16.77004],[106.97612,16.77189],[106.97648,16.77283],[106.97809,16.77353],[106.97785,16.77425],[106.97805,16.77626],[106.98029,16.77651],[106.98075,16.77775],[106.98428,16.77895],[106.98523,16.77996],[106.98395,16.78076],[106.98361,16.78219],[106.98245,16.78429],[106.98124,16.7889],[106.98102,16.7927],[106.98118,16.79682],[106.982,16.79895],[106.98198,16.80026]]},"properties":{"shield":"ĐT.585","net":"dt","tier":"minor"}},{"type":"Feature","geometry":{"type":"MultiLineString","coordinates":[[[107.06322,16.83517],[107.06911,16.82484],[107.07105,16.82232],[107.07483,16.81816],[107.07576,16.81637],[107.0773,16.81188],[107.07803,16.81049],[107.08264,16.80478],[107.08368,16.80405],[107.08579,16.80401],[107.08591,16.80393],[107.08583,16.80088],[107.08685,16.79683],[107.08938,16.79035],[107.08672,16.79678],[107.08571,16.80109],[107.08579,16.8039],[107.08579,16.80401]],[[107.08591,16.80393],[107.08579,16.8039],[107.08363,16.80393],[107.08254,16.80469],[107.07792,16.81042],[107.07717,16.81183],[107.07562,16.81634],[107.07472,16.81808],[107.07092,16.82225],[107.06897,16.8248],[107.0631,16.83511]]]},"properties":{"shield":"ĐT.585B","net":"dt","tier":"minor"}},{"type":"Feature","geometry":{"type":"LineString","coordinates":[[107.03506,16.80514],[107.03521,16.80587],[107.03716,16.8107],[107.03961,16.81426],[107.04042,16.81487],[107.04552,16.81764],[107.04735,16.81928],[107.04818,16.8205],[107.04909,16.8226],[107.04991,16.82904]]},"properties":{"shield":"ĐT.585C","net":"dt","tier":"minor"}},{"type":"Feature","geometry":{"type":"LineString","coordinates":[[106.65519,16.59691],[106.65596,16.59572],[106.65978,16.59102],[106.66265,16.58913],[106.66664,16.5877],[106.66746,16.58705],[106.66891,16.58441],[106.67022,16.57921],[106.67193,16.57143],[106.67217,16.56902],[106.67168,16.56659],[106.67238,16.56525],[106.67548,16.56336],[106.67576,16.56251],[106.67524,16.56092],[106.67529,16.55961],[106.67431,16.5586],[106.67225,16.55724],[106.67068,16.55487],[106.6674,16.55168],[106.66537,16.5505],[106.6634,16.54892],[106.6612,16.54589],[106.66123,16.54402],[106.65987,16.54232],[106.65887,16.53994],[106.65869,16.53849],[106.65769,16.53718],[106.65773,16.53453],[106.6574,16.53098],[106.65804,16.52889],[106.65983,16.52822],[106.6607,16.52736],[106.66097,16.52605],[106.66051,16.52311],[106.65989,16.52168],[106.65964,16.51983],[106.66068,16.51802],[106.66062,16.51532],[106.66088,16.51391],[106.66174,16.51243],[106.66296,16.51103],[106.6635,16.50866],[106.6648,16.50629],[106.66627,16.50584],[106.66912,16.50435],[106.66928,16.50237],[106.66851,16.50146],[106.66705,16.50105],[106.66598,16.5],[106.66481,16.49801],[106.66434,16.49526],[106.66499,16.49386],[106.66529,16.49224],[106.66636,16.4902],[106.6667,16.48822],[106.66834,16.48718],[106.66968,16.487],[106.67199,16.48754],[106.67459,16.48727],[106.67728,16.48768],[106.68077,16.48577],[106.68587,16.48677],[106.68879,16.48624],[106.69048,16.48542],[106.69265,16.48518],[106.69384,16.48553],[106.69478,16.48643],[106.69648,16.48689],[106.69988,16.48619],[106.70124,16.48617],[106.70406,16.48534],[106.70535,16.48452],[106.70593,16.48264],[106.70662,16.48228],[106.70727,16.48097],[106.70913,16.48078],[106.71064,16.47905],[106.71176,16.47839],[106.71195,16.47752],[106.71383,16.47544],[106.71733,16.47286],[106.71777,16.4706],[106.71936,16.47001],[106.72101,16.47008],[106.72391,16.46967],[106.72622,16.47073],[106.72746,16.47171],[106.72753,16.4728],[106.72916,16.47443],[106.73111,16.47486],[106.73476,16.47712],[106.73729,16.47909],[106.74038,16.48046],[106.74144,16.48044],[106.74657,16.48208],[106.74972,16.48191],[106.75107,16.48228],[106.75389,16.48137],[106.75472,16.48138],[106.75634,16.48256],[106.75699,16.48123],[106.75837,16.48086],[106.75908,16.48234],[106.76336,16.48328],[106.76518,16.48202],[106.76849,16.48103],[106.76981,16.48123],[106.77022,16.48299],[106.7721,16.48502],[106.77199,16.48601],[106.77249,16.48759],[106.77379,16.48951],[106.77641,16.49179],[106.77953,16.49109],[106.78159,16.48921],[106.7839,16.4895],[106.78475,16.48988],[106.78502,16.49142],[106.78607,16.49198],[106.78797,16.49233],[106.78904,16.49219],[106.79028,16.4928],[106.79346,16.49208],[106.79563,16.49302],[106.79747,16.4943],[106.79934,16.49452],[106.80018,16.49586],[106.80179,16.49666],[106.80271,16.49776],[106.80251,16.50074],[106.80266,16.50158],[106.80373,16.50357],[106.80399,16.50645],[106.80646,16.50888],[106.80682,16.50965],[106.80667,16.51107],[106.8086,16.51217],[106.81084,16.51307],[106.8103,16.51374],[106.81089,16.51842],[106.81147,16.52076],[106.81248,16.52156],[106.81463,16.5217],[106.81556,16.52256],[106.8154,16.52578],[106.81484,16.52683],[106.81515,16.52853],[106.81269,16.53178],[106.81155,16.53172],[106.81108,16.53325],[106.80982,16.53397],[106.80945,16.53537],[106.80979,16.53606],[106.80928,16.53713],[106.81047,16.53793],[106.81029,16.54022],[106.8112,16.54049],[106.81227,16.53978],[106.81364,16.54073],[106.815,16.54272],[106.82211,16.54659],[106.82471,16.54724],[106.82564,16.54888],[106.82741,16.55099],[106.82974,16.5505],[106.8315,16.55127],[106.8329,16.55147],[106.83525,16.55123],[106.83609,16.55067],[106.83735,16.55171],[106.83818,16.55046],[106.84033,16.55055],[106.84131,16.55019],[106.84245,16.55098],[106.84379,16.55137],[106.84518,16.55021],[106.84599,16.55096],[106.84865,16.54954],[106.8496,16.55234],[106.85117,16.55358],[106.85012,16.55485],[106.8497,16.55634],[106.85078,16.55727],[106.85109,16.5585],[106.85183,16.55925],[106.85023,16.56034],[106.85271,16.56115],[106.85125,16.56214],[106.85127,16.56442],[106.85043,16.56608],[106.84917,16.56688],[106.84739,16.56724],[106.84586,16.56795],[106.84308,16.56968],[106.84249,16.57063],[106.84137,16.57044],[106.84159,16.57227],[106.84035,16.57283],[106.83901,16.57503],[106.83834,16.57625],[106.83846,16.57771],[106.8391,16.57892],[106.83877,16.57985],[106.84,16.58099],[106.84126,16.58125],[106.84225,16.58232],[106.8411,16.58325],[106.84176,16.58437],[106.84139,16.58561],[106.84268,16.58728],[106.84315,16.58875],[106.8444,16.58842],[106.84585,16.58966],[106.84684,16.58956],[106.8471,16.5885],[106.84949,16.58635],[106.85023,16.58528],[106.8526,16.58444],[106.85389,16.58515],[106.85651,16.5859],[106.85814,16.58461],[106.86041,16.58438],[106.86101,16.58524],[106.8623,16.58469],[106.86389,16.58483],[106.86463,16.58425],[106.86501,16.58296],[106.86622,16.58337],[106.86686,16.58527],[106.86642,16.5877],[106.867,16.58903],[106.86834,16.5899],[106.86934,16.5921],[106.87118,16.59215],[106.87149,16.59327],[106.87273,16.59486],[106.87316,16.59607],[106.87137,16.59752],[106.87192,16.59889],[106.87163,16.59983],[106.87238,16.60039],[106.87223,16.6018],[106.87263,16.60359],[106.87153,16.60511],[106.87146,16.60673],[106.87011,16.60864],[106.87003,16.6093],[106.86651,16.61147],[106.8658,16.61104],[106.86376,16.6121],[106.8619,16.61438],[106.8614,16.61578],[106.86155,16.61804],[106.86107,16.62044],[106.86137,16.6216],[106.86378,16.62359]]},"properties":{"shield":"ĐT.586","net":"dt","tier":"minor"}},{"type":"Feature","geometry":{"type":"LineString","coordinates":[[106.83901,16.57503],[106.83763,16.57567],[106.83566,16.57537],[106.83373,16.57594],[106.83162,16.57708],[106.82976,16.57662],[106.82949,16.57581],[106.82806,16.57555],[106.82578,16.57671],[106.82503,16.57633],[106.82278,16.57652],[106.82177,16.57576],[106.82088,16.57769],[106.81945,16.5772],[106.81841,16.57813],[106.81716,16.57699],[106.81642,16.57794],[106.81488,16.57883],[106.81303,16.57944],[106.81232,16.57791],[106.81082,16.578],[106.8094,16.57893],[106.80908,16.57962],[106.80595,16.57941],[106.80457,16.57995],[106.80375,16.58093],[106.80299,16.58087],[106.80169,16.57989],[106.79937,16.5805],[106.79854,16.58131],[106.79674,16.5816],[106.79598,16.58269],[106.79559,16.58445],[106.79602,16.58573],[106.79488,16.58655],[106.79388,16.5866],[106.7929,16.58583],[106.79154,16.58584],[106.79067,16.58651],[106.78899,16.58687],[106.78883,16.58838],[106.78784,16.58913],[106.78713,16.5885],[106.78569,16.58864],[106.78642,16.58996],[106.7857,16.59053],[106.78418,16.58989],[106.78323,16.59216],[106.78158,16.59034],[106.78053,16.59169],[106.77955,16.59066],[106.77872,16.59138],[106.77547,16.59186],[106.775,16.59265],[106.77248,16.59273],[106.77131,16.59345],[106.77,16.59305],[106.76931,16.5937],[106.76627,16.59544],[106.7654,16.59621],[106.76548,16.59707],[106.7642,16.59757],[106.76336,16.59733],[106.76193,16.59769],[106.76088,16.5993],[106.75899,16.59958],[106.75641,16.59857],[106.75541,16.59906],[106.75465,16.60045],[106.75395,16.60081],[106.75095,16.60092],[106.75027,16.60176],[106.74762,16.60159],[106.74693,16.60212],[106.74649,16.60392],[106.74694,16.60536],[106.74637,16.60629],[106.74522,16.60686],[106.74439,16.60861],[106.74443,16.61187],[106.74349,16.61349],[106.74445,16.61575],[106.74398,16.61887],[106.74209,16.61968],[106.73937,16.61827],[106.7381,16.6193],[106.73678,16.61975],[106.73632,16.62206],[106.73628,16.62318],[106.7369,16.62507],[106.73697,16.62651],[106.73698,16.62504],[106.73632,16.62206]]},"properties":{"shield":"ĐT.587","net":"dt","tier":"minor"}},{"type":"Feature","geometry":{"type":"LineString","coordinates":[[106.70653,16.67325],[106.70971,16.67651],[106.71049,16.67676],[106.71176,16.67578],[106.7139,16.67615],[106.71532,16.67504],[106.71643,16.67519],[106.71765,16.6743],[106.71871,16.67576],[106.71697,16.6775],[106.71571,16.6776],[106.7115,16.67976],[106.71067,16.68183],[106.7114,16.68309],[106.70899,16.68492],[106.70828,16.68739],[106.70953,16.68801],[106.71023,16.6901],[106.71045,16.69266],[106.71081,16.69351],[106.71203,16.69374],[106.71311,16.69572],[106.71447,16.69477],[106.71549,16.69489],[106.71534,16.69656],[106.71674,16.69678],[106.71798,16.69616],[106.7193,16.69604],[106.71946,16.69523],[106.72177,16.69497],[106.72485,16.69565],[106.72587,16.69672],[106.72772,16.69771],[106.72728,16.69907],[106.72838,16.70006],[106.72929,16.69937],[106.73164,16.69939],[106.73416,16.69814],[106.7375,16.69838],[106.73805,16.69899],[106.73697,16.70023],[106.73568,16.70092],[106.73529,16.70188],[106.73689,16.70325],[106.73728,16.70569],[106.73834,16.70612],[106.7395,16.7091],[106.73927,16.71135],[106.73957,16.71215],[106.7415,16.71292],[106.74483,16.7121],[106.74721,16.71417],[106.74928,16.71344],[106.74986,16.71394],[106.74936,16.71601],[106.75152,16.71643],[106.7522,16.71804],[106.75314,16.71837],[106.75428,16.71708],[106.75661,16.71649],[106.75768,16.71558],[106.76106,16.71712],[106.76189,16.71565],[106.76333,16.7143],[106.76428,16.71424],[106.76465,16.71511],[106.76566,16.71549],[106.76663,16.71664],[106.76914,16.71696],[106.77014,16.716],[106.77144,16.71646],[106.77362,16.71652],[106.77574,16.71789],[106.77726,16.71641],[106.78037,16.71634],[106.78174,16.71481],[106.78265,16.71475],[106.78538,16.71596],[106.78747,16.7163],[106.79014,16.71778],[106.79323,16.71912],[106.79413,16.71984],[106.79618,16.71888],[106.79846,16.71931],[106.79971,16.71809],[106.80071,16.71794],[106.80226,16.71981],[106.80417,16.72359],[106.80607,16.72403],[106.80651,16.72597],[106.80629,16.72775],[106.8072,16.72876],[106.80753,16.73032],[106.80887,16.73217],[106.8098,16.73275],[106.81001,16.7336],[106.81153,16.73358],[106.81391,16.73465],[106.8147,16.73543],[106.81495,16.7367],[106.81673,16.73742],[106.81873,16.73988],[106.82002,16.74046],[106.82172,16.74191],[106.82265,16.74414],[106.82483,16.74681],[106.82549,16.74798],[106.82756,16.74912],[106.82735,16.75043],[106.82825,16.75185],[106.82782,16.75429],[106.82922,16.75807],[106.8301,16.75878],[106.83101,16.7615],[106.83359,16.76289],[106.83433,16.76385],[106.83582,16.76446],[106.83736,16.76463],[106.84155,16.76701],[106.8436,16.76635],[106.84563,16.76654],[106.84685,16.76702],[106.85076,16.76779],[106.85154,16.76677],[106.85409,16.76597]]},"properties":{"shield":"ĐT.587B","net":"dt","tier":"minor"}},{"type":"Feature","geometry":{"type":"LineString","coordinates":[[107.03348,16.62517],[107.03361,16.62662],[107.03229,16.62726],[107.03053,16.62886],[107.02842,16.63134],[107.0244,16.63381],[107.02194,16.63425],[107.01412,16.63637],[107.00887,16.63734],[107.00615,16.63798],[107.00419,16.63753],[107.00145,16.6385],[106.99878,16.6406],[106.99676,16.64127],[106.99311,16.64332],[106.99155,16.64371],[106.98958,16.6448],[106.98494,16.64614],[106.98122,16.64701],[106.97779,16.64696],[106.97627,16.64738],[106.97417,16.6487],[106.97141,16.64853],[106.97015,16.64951],[106.97094,16.65279],[106.96675,16.65415],[106.96383,16.65472],[106.95918,16.65734],[106.95879,16.65797],[106.95695,16.65867],[106.95643,16.65958],[106.95458,16.65972],[106.95369,16.6592],[106.95033,16.65925],[106.94918,16.66001],[106.94703,16.65977],[106.94395,16.65994],[106.94228,16.65974],[106.94125,16.66022],[106.93951,16.65996],[106.93669,16.66103],[106.93375,16.66269],[106.93274,16.66289],[106.92801,16.66586],[106.92671,16.66722],[106.92319,16.66854],[106.9227,16.66945],[106.92102,16.6702],[106.9203,16.67118],[106.91908,16.67175],[106.91552,16.67488],[106.91223,16.67595],[106.9097,16.67744],[106.90651,16.67807],[106.90512,16.67735],[106.90353,16.67822],[106.90279,16.67906],[106.90221,16.68092],[106.90212,16.68306],[106.90086,16.68446],[106.88963,16.68855],[106.88427,16.68869]]},"properties":{"shield":"ĐT.588A","net":"dt","tier":"minor"}},{"type":"Feature","geometry":{"type":"MultiLineString","coordinates":[[[105.86006,18.02878],[105.86151,18.02711],[105.85945,18.02441],[105.85789,18.02311],[105.8553,18.02162],[105.85351,18.01898],[105.85215,18.01873],[105.85093,18.02027],[105.84947,18.02002],[105.8499,18.01797],[105.84979,18.01606],[105.84882,18.01504],[105.84882,18.01313],[105.84988,18.01069],[105.84934,18.00791],[105.84953,18.00705],[105.84892,18.00518],[105.84952,18.00384],[105.84867,18.00321],[105.84579,18.00466],[105.8448,18.00556],[105.84349,18.00569],[105.84232,18.00518],[105.84103,18.00593],[105.83961,18.00583],[105.8382,18.00467],[105.83571,17.99935],[105.83321,17.99694],[105.83302,17.99576],[105.83408,17.99377],[105.8341,17.99293],[105.83518,17.99205],[105.83566,17.99092],[105.83535,17.98879],[105.83437,17.98615],[105.83218,17.986],[105.82945,17.98353],[105.82758,17.98254],[105.82617,17.98241],[105.82485,17.98306],[105.82337,17.98275],[105.82013,17.98288],[105.81656,17.98131],[105.81578,17.97991],[105.81432,17.97847],[105.81276,17.97764],[105.81103,17.97762],[105.80967,17.97579],[105.80958,17.97408],[105.81035,17.97314],[105.80979,17.97133],[105.81133,17.96932],[105.81148,17.96836],[105.8098,17.96689],[105.80884,17.96712],[105.80836,17.966],[105.80988,17.96516],[105.80996,17.96397],[105.80884,17.96291],[105.80992,17.96148],[105.81104,17.96097],[105.81169,17.96004],[105.81207,17.95824],[105.81297,17.95601],[105.81301,17.95458],[105.81528,17.95315],[105.81485,17.95158],[105.81548,17.94975],[105.81474,17.94778],[105.81541,17.94656],[105.81415,17.94448],[105.8126,17.94392],[105.81151,17.94311],[105.81033,17.94106],[105.80895,17.94021],[105.8087,17.93859],[105.80994,17.93708],[105.81054,17.93547],[105.81026,17.93311],[105.80976,17.93192],[105.81026,17.93076],[105.81267,17.92905],[105.81348,17.92816],[105.81538,17.92743],[105.81668,17.92554],[105.81873,17.92373],[105.82033,17.92302],[105.82146,17.92091],[105.82365,17.91935],[105.82497,17.91766],[105.82518,17.91686],[105.82741,17.91375],[105.82748,17.91324],[105.82587,17.91136],[105.82541,17.90803],[105.82398,17.90577]],[[106.74166,16.63531],[106.74125,16.63531],[106.73891,16.63737],[106.73399,16.64107],[106.727,16.64661],[106.71938,16.65252],[106.71661,16.65481],[106.71445,16.66067],[106.71186,16.66246],[106.71043,16.66429],[106.70803,16.67111],[106.70653,16.67325],[106.70295,16.67773],[106.69945,16.67857],[106.69806,16.68031],[106.69735,16.68297],[106.69562,16.68478],[106.69413,16.68564],[106.69152,16.6863],[106.68998,16.68812],[106.68899,16.68887],[106.68627,16.68953],[106.68486,16.68928],[106.68448,16.68993],[106.68325,16.69006],[106.68211,16.69142],[106.6798,16.69212],[106.67721,16.69388],[106.67771,16.69549],[106.67769,16.69683],[106.6765,16.69794],[106.67524,16.69807],[106.67259,16.7001],[106.67225,16.70137],[106.67113,16.70215],[106.66896,16.70266],[106.66746,16.70386],[106.66744,16.70465],[106.66902,16.70494],[106.66867,16.70591],[106.67047,16.70741],[106.67034,16.70799],[106.66899,16.70895],[106.66933,16.70992],[106.67083,16.7106],[106.6705,16.71223],[106.66867,16.71394],[106.66709,16.71585],[106.6662,16.71578],[106.66533,16.71745],[106.66278,16.71734],[106.66211,16.71822],[106.66122,16.71812],[106.65994,16.71879],[106.65987,16.71951],[106.65874,16.72059],[106.65651,16.72131],[106.65427,16.72077],[106.65356,16.72024],[106.65196,16.72039],[106.65073,16.72201],[106.64973,16.72217],[106.649,16.72373],[106.64649,16.72419],[106.64545,16.72483],[106.6439,16.72423],[106.64286,16.72523],[106.64104,16.72627],[106.64024,16.72719],[106.63904,16.72694],[106.63644,16.72747],[106.63326,16.72892],[106.63123,16.72924],[106.62861,16.72997],[106.62551,16.72993],[106.62466,16.73056],[106.62208,16.73103],[106.62049,16.73097],[106.61867,16.73167],[106.61372,16.73238],[106.61178,16.73399],[106.6097,16.73375],[106.60876,16.73467],[106.60573,16.73563],[106.60491,16.73641],[106.60397,16.7358],[106.60284,16.73702],[106.60092,16.73799],[106.59834,16.73705],[106.59512,16.73888],[106.59537,16.74155],[106.59476,16.7422],[106.59297,16.74193],[106.58999,16.74038],[106.57764,16.74241],[106.57665,16.74295],[106.57496,16.74471],[106.57477,16.74528],[106.57527,16.74732],[106.57469,16.74852],[106.57236,16.74937],[106.57174,16.75076],[106.57077,16.75133],[106.56988,16.75256],[106.56981,16.75531],[106.57216,16.7545],[106.57265,16.75577],[106.57125,16.75616],[106.56946,16.75732],[106.567,16.75985],[106.565,16.7603],[106.56464,16.76097],[106.56511,16.7642],[106.56721,16.76654],[106.5694,16.767],[106.57293,16.76735],[106.57411,16.76727],[106.57474,16.76792],[106.57697,16.76872],[106.57722,16.76949],[106.58015,16.77028],[106.57973,16.77175],[106.57992,16.774],[106.58146,16.77464],[106.58141,16.77538],[106.5824,16.77601],[106.58051,16.77702],[106.58125,16.77786],[106.58324,16.77862],[106.58494,16.7786],[106.58748,16.77804],[106.58966,16.77832],[106.59104,16.77944],[106.59036,16.78058],[106.58989,16.78242],[106.59058,16.78303],[106.59185,16.78252],[106.59372,16.78403],[106.59502,16.7844],[106.59579,16.78528],[106.59659,16.78521],[106.59662,16.78308],[106.59741,16.78307],[106.60058,16.78549],[106.60144,16.78509],[106.60277,16.78552],[106.60367,16.78636],[106.60401,16.78981],[106.6033,16.79033],[106.60135,16.79053],[106.599,16.79122],[106.5974,16.79411],[106.59536,16.79399],[106.59417,16.79507],[106.59332,16.79517],[106.59078,16.79685],[106.5901,16.79797],[106.58999,16.79919],[106.58871,16.79892],[106.58634,16.80024],[106.58571,16.80129],[106.58399,16.80229],[106.58417,16.80343],[106.58363,16.8042],[106.58151,16.80423],[106.58039,16.80453],[106.57942,16.80546],[106.57789,16.80582],[106.5757,16.80465],[106.57461,16.80467],[106.57355,16.80367],[106.57206,16.80408],[106.57116,16.80383],[106.56799,16.80403],[106.56893,16.80301],[106.56924,16.80166],[106.5655,16.80046],[106.56195,16.80175],[106.56192,16.80416],[106.56362,16.80342],[106.56398,16.80725],[106.56581,16.80882],[106.56699,16.80942],[106.56679,16.81025],[106.56437,16.8105],[106.56339,16.81145],[106.56357,16.81253],[106.56228,16.81369],[106.56161,16.81481],[106.5627,16.81553],[106.56533,16.81615],[106.56598,16.81684],[106.56737,16.81677],[106.56789,16.8174],[106.56741,16.81831],[106.5685,16.81922],[106.57051,16.81954],[106.57025,16.8207],[106.57139,16.82358],[106.57232,16.82378],[106.5694,16.82645],[106.56844,16.8266],[106.56741,16.82756],[106.56847,16.8283],[106.56976,16.82814],[106.57051,16.83],[106.57271,16.83255],[106.57453,16.83296],[106.57644,16.8344],[106.5788,16.83519],[106.58054,16.83689],[106.58168,16.83755],[106.5825,16.83715],[106.58543,16.8384],[106.5874,16.84098],[106.58949,16.84068],[106.58782,16.84256],[106.58614,16.84279],[106.5855,16.8439],[106.58559,16.84506],[106.58358,16.84615],[106.58088,16.84965],[106.57913,16.84971],[106.57587,16.85319],[106.57431,16.85447],[106.57225,16.85463],[106.57014,16.85607],[106.56892,16.85801],[106.5674,16.85893],[106.567,16.85976],[106.56808,16.86167],[106.56882,16.86216],[106.56991,16.86383],[106.56984,16.86573],[106.5708,16.86613],[106.57057,16.86769],[106.57228,16.86777],[106.57403,16.86995],[106.57334,16.87124],[106.57348,16.87249],[106.57252,16.87288],[106.57553,16.87461],[106.57498,16.87649],[106.57282,16.87862],[106.57103,16.88159],[106.57044,16.88204],[106.56929,16.88404],[106.57156,16.88701],[106.57204,16.88828],[106.57223,16.89025],[106.57298,16.89106],[106.57479,16.89199],[106.5767,16.89174],[106.57769,16.89229],[106.57782,16.89406],[106.57413,16.89538],[106.57104,16.89571],[106.57044,16.89668],[106.57045,16.89833],[106.56894,16.89913],[106.56809,16.90012],[106.56865,16.90096],[106.56966,16.9009],[106.57133,16.90214],[106.57141,16.90398],[106.57231,16.90442],[106.57418,16.90397],[106.57554,16.90449],[106.57465,16.90607],[106.57441,16.90728],[106.57539,16.90792],[106.57683,16.90722],[106.57801,16.90893],[106.57944,16.90887],[106.58013,16.90935],[106.57995,16.91117],[106.5794,16.91236],[106.58087,16.91302],[106.58142,16.91412],[106.58102,16.91482],[106.58111,16.91677],[106.58194,16.91711],[106.58284,16.91824],[106.58315,16.91943],[106.58537,16.92047],[106.58557,16.92116],[106.5845,16.9223],[106.58526,16.92302],[106.58476,16.92388],[106.58553,16.92582],[106.58478,16.92654],[106.58365,16.92625],[106.58427,16.92883],[106.58357,16.9306],[106.58441,16.93122],[106.58518,16.93318],[106.58437,16.93363],[106.58438,16.93566],[106.58536,16.93701],[106.58574,16.93851],[106.58648,16.93931],[106.58629,16.94023],[106.58861,16.94101],[106.58801,16.94252],[106.58818,16.94483],[106.58921,16.94549],[106.58903,16.94682],[106.58982,16.94785],[106.58731,16.94791],[106.5868,16.9487],[106.58561,16.94836],[106.58509,16.94886],[106.58604,16.94988],[106.58794,16.95077],[106.58468,16.95221],[106.58492,16.95421],[106.58451,16.95511],[106.58316,16.95583],[106.58199,16.95562],[106.58252,16.95712],[106.58207,16.95935],[106.58307,16.95939],[106.58534,16.95805],[106.58669,16.95855],[106.58699,16.95986],[106.5887,16.95919],[106.58975,16.96022],[106.59105,16.95987],[106.5922,16.96103],[106.59207,16.96179],[106.59326,16.96359],[106.59408,16.96233],[106.59434,16.96082],[106.59574,16.96067],[106.59702,16.95998],[106.59793,16.96077],[106.59799,16.96169],[106.59967,16.96161],[106.60015,16.96335],[106.60093,16.96391],[106.60136,16.96517],[106.6011,16.96739],[106.60317,16.96808],[106.60393,16.96937],[106.60527,16.96966],[106.60597,16.96932],[106.60721,16.96969],[106.60785,16.96925],[106.60877,16.97055],[106.6108,16.97172],[106.61216,16.97119],[106.6136,16.97203],[106.61596,16.97286],[106.61635,16.97427],[106.6156,16.97541],[106.61309,16.97701],[106.61325,16.97868],[106.61491,16.97795],[106.61608,16.97791],[106.61834,16.97886],[106.61869,16.98079],[106.62075,16.98088],[106.62193,16.98048],[106.62258,16.98104],[106.62482,16.98146],[106.62513,16.98013],[106.62452,16.97933],[106.62593,16.97882],[106.62705,16.97936],[106.62915,16.97972],[106.63064,16.9796],[106.63119,16.98018],[106.63129,16.98199],[106.63296,16.98204],[106.63462,16.98352],[106.63635,16.98343],[106.63689,16.98382],[106.63786,16.98614],[106.63956,16.98468],[106.63974,16.98768],[106.64049,16.99042],[106.64102,16.99144],[106.64292,16.9933],[106.64629,16.99398],[106.64773,16.99631],[106.64696,16.99697],[106.64571,16.99964],[106.64449,17.00117],[106.64208,17.00221],[106.63999,17.00216],[106.63872,17.00318],[106.63868,17.00433],[106.63971,17.00629],[106.63985,17.00754],[106.64135,17.00902],[106.64139,17.00982],[106.64005,17.01136],[106.63957,17.0134],[106.63862,17.0137],[106.63839,17.01543],[106.63895,17.01697],[106.64137,17.01908],[106.64135,17.02089],[106.64094,17.02198],[106.64132,17.02306],[106.64123,17.02796],[106.64094,17.02899],[106.63964,17.02989],[106.6393,17.03066],[106.6375,17.03043],[106.63696,17.03245],[106.63904,17.03397],[106.63885,17.03522],[106.63985,17.03634],[106.64031,17.03782],[106.64148,17.03846],[106.64059,17.03939],[106.64093,17.04195],[106.64174,17.04282],[106.64262,17.04485],[106.64092,17.0477],[106.64174,17.05082],[106.64137,17.05163],[106.63994,17.05034],[106.6389,17.05078],[106.63744,17.05346],[106.6361,17.05277],[106.63519,17.05403],[106.63615,17.05663],[106.63571,17.05909],[106.63473,17.06155],[106.63485,17.06274],[106.63354,17.06441],[106.6332,17.06673],[106.63354,17.06839],[106.63284,17.06927],[106.633,17.07024],[106.63036,17.07133],[106.6283,17.07128],[106.62647,17.07069],[106.62381,17.0724],[106.62074,17.07271],[106.61749,17.07356],[106.61467,17.07352],[106.61302,17.07391],[106.60817,17.0745],[106.60684,17.07518],[106.60168,17.07706],[106.60014,17.0782],[106.595,17.07925],[106.59263,17.07906],[106.59032,17.0797],[106.58955,17.08052],[106.58657,17.08192],[106.58279,17.08276],[106.58222,17.08356],[106.57852,17.0844],[106.57516,17.08487],[106.57219,17.08557],[106.57073,17.0858],[106.56295,17.08591],[106.56204,17.08651],[106.56093,17.0865],[106.56,17.08743],[106.56075,17.0913],[106.55994,17.09186],[106.55963,17.09522],[106.56006,17.09639],[106.55946,17.09725],[106.55826,17.09687],[106.55747,17.09565],[106.55665,17.09532],[106.5558,17.09625],[106.55412,17.0966],[106.55406,17.09824],[106.55262,17.09876],[106.55229,17.09788],[106.55029,17.09672],[106.54784,17.09743],[106.54653,17.09644],[106.54542,17.09674],[106.5443,17.09763],[106.54211,17.09707],[106.54107,17.09775],[106.53828,17.09889],[106.53549,17.09853],[106.53408,17.099],[106.53298,17.09838],[106.53106,17.09921],[106.53034,17.09878],[106.52828,17.09949],[106.52518,17.10139],[106.52433,17.10353],[106.52414,17.10582],[106.52372,17.10668],[106.52276,17.10642],[106.52201,17.10543],[106.51965,17.10701],[106.5183,17.10863],[106.51252,17.11114],[106.5106,17.11081],[106.50974,17.10867],[106.50812,17.10871],[106.50658,17.10965],[106.50552,17.11219],[106.50487,17.11292],[106.50236,17.11229],[106.49967,17.11311],[106.49708,17.11451],[106.49627,17.11438],[106.49532,17.11567],[106.49269,17.11709],[106.49238,17.11802],[106.49279,17.12014],[106.49262,17.12098],[106.49394,17.12328],[106.49396,17.12434],[106.49479,17.1256],[106.49698,17.12694],[106.49861,17.12727],[106.49954,17.12858],[106.49813,17.12997],[106.49704,17.12973],[106.49631,17.13056],[106.4964,17.13177],[106.49547,17.13356],[106.49328,17.13465],[106.49277,17.13539],[106.49088,17.13625],[106.49085,17.13736],[106.49195,17.13837],[106.49307,17.13853],[106.49374,17.13961],[106.49364,17.14233],[106.49534,17.14549],[106.49603,17.14589],[106.49712,17.14857],[106.49902,17.14996],[106.50104,17.15055],[106.49935,17.15218],[106.49862,17.15243],[106.49695,17.15439],[106.49453,17.15762],[106.49381,17.16015],[106.49411,17.16163],[106.4968,17.16396],[106.49736,17.16526],[106.49717,17.16623],[106.49488,17.16678],[106.49357,17.16664],[106.49251,17.1671],[106.49071,17.16906],[106.49014,17.17265],[106.49031,17.17384],[106.49004,17.17672],[106.4905,17.17835],[106.48989,17.18002],[106.48842,17.18195],[106.48629,17.1834],[106.48441,17.18507],[106.48206,17.18633],[106.48061,17.18852],[106.47798,17.19145],[106.47425,17.19499],[106.47266,17.19696],[106.47137,17.19769],[106.46832,17.19712],[106.46703,17.19634],[106.46562,17.19655],[106.464,17.19545],[106.46189,17.19634],[106.4615,17.19707],[106.45989,17.19838],[106.45949,17.19987],[106.45934,17.20308],[106.45616,17.20945],[106.45264,17.21331],[106.45294,17.21493],[106.45129,17.216],[106.45015,17.21635],[106.44974,17.21725],[106.4504,17.21889],[106.44894,17.22101],[106.44818,17.22316],[106.44739,17.22384],[106.44558,17.22395],[106.44474,17.22487],[106.44412,17.22668],[106.44562,17.22745],[106.44858,17.22951],[106.45217,17.23141],[106.45436,17.23148],[106.45725,17.23328],[106.4585,17.23354],[106.4605,17.2352],[106.46174,17.2392],[106.46136,17.24041],[106.45981,17.2436],[106.45725,17.24821],[106.45565,17.24812],[106.45361,17.24888],[106.45291,17.25034],[106.4519,17.25121],[106.45075,17.25089],[106.44577,17.25308],[106.44289,17.25469],[106.44209,17.2556],[106.44127,17.25749],[106.44222,17.25804],[106.44289,17.26109],[106.44156,17.26097],[106.44077,17.26155],[106.44153,17.26248],[106.44435,17.26247],[106.4447,17.26402],[106.4464,17.2674],[106.44639,17.26854],[106.44486,17.26869],[106.4448,17.26944],[106.44701,17.26974],[106.44805,17.26921],[106.44898,17.27098],[106.44829,17.27215],[106.45017,17.27188],[106.45089,17.27244],[106.45089,17.27371],[106.4497,17.274],[106.44936,17.27467],[106.45056,17.2758],[106.45032,17.27705],[106.45184,17.27841],[106.45203,17.27933],[106.45303,17.27947],[106.45368,17.28022],[106.45474,17.28322],[106.45387,17.285],[106.45242,17.28563],[106.45206,17.28637],[106.45241,17.28841],[106.45194,17.29078],[106.45214,17.29158],[106.45057,17.2925],[106.45095,17.29419],[106.44946,17.2951],[106.44804,17.29668],[106.44681,17.29724],[106.44662,17.29791],[106.44539,17.29855],[106.44397,17.3005],[106.44411,17.30226],[106.44519,17.30362],[106.4473,17.30341],[106.44763,17.30528],[106.44873,17.30681],[106.44831,17.30809],[106.44665,17.3096],[106.44718,17.31155],[106.44922,17.3142],[106.45122,17.31575],[106.45428,17.31648],[106.45469,17.3188],[106.45631,17.31989],[106.45739,17.31981],[106.45947,17.32275],[106.4582,17.32345],[106.4557,17.32302],[106.4548,17.32236],[106.45161,17.32204],[106.45151,17.32123],[106.45025,17.32132],[106.44929,17.32073],[106.44855,17.32114],[106.44735,17.32074],[106.4468,17.31962],[106.44578,17.3204],[106.44395,17.31999],[106.4425,17.32065],[106.44272,17.32148],[106.44191,17.32322],[106.44264,17.3246],[106.44276,17.32643],[106.44337,17.3274],[106.44554,17.32924],[106.44825,17.33007],[106.44897,17.33191],[106.44837,17.33309],[106.4455,17.33313],[106.44364,17.33567],[106.4444,17.33688],[106.44189,17.34009],[106.43944,17.34097],[106.43822,17.34007],[106.43791,17.33929],[106.43572,17.33712],[106.43549,17.33629],[106.43427,17.33549],[106.43318,17.33575],[106.43107,17.33762],[106.42834,17.33882],[106.42743,17.34128],[106.42845,17.34373],[106.42847,17.34492],[106.42756,17.3481],[106.42605,17.34902],[106.42495,17.34908],[106.42316,17.34819],[106.4215,17.3459],[106.41995,17.34823],[106.4209,17.3519],[106.42202,17.355],[106.42175,17.35654],[106.42087,17.35674],[106.41925,17.35787],[106.42126,17.36123],[106.41974,17.36173],[106.42003,17.36319],[106.42068,17.36424],[106.41986,17.36484],[106.41811,17.36372],[106.41696,17.36374],[106.41664,17.36503],[106.41551,17.36565],[106.41455,17.36794],[106.41284,17.37016],[106.41413,17.37141],[106.41457,17.37274],[106.41417,17.37593],[106.41449,17.37854],[106.41416,17.3801],[106.41525,17.3823],[106.4162,17.38283],[106.41649,17.38378],[106.4157,17.38457],[106.41636,17.38557],[106.41603,17.38684],[106.41525,17.3868],[106.41343,17.38558],[106.41266,17.38711],[106.41247,17.38932],[106.41298,17.38963],[106.41308,17.39186],[106.41276,17.39427],[106.41162,17.39432],[106.41165,17.3926],[106.40928,17.39388],[106.40795,17.39261],[106.40731,17.39456],[106.40664,17.3953],[106.40697,17.39873],[106.40608,17.39902],[106.40593,17.40021],[106.40655,17.40229],[106.40613,17.40354],[106.40714,17.40379],[106.40697,17.40562],[106.4086,17.40753],[106.40896,17.4095],[106.40989,17.41013],[106.41022,17.41245],[106.40961,17.41265],[106.40874,17.41524],[106.40787,17.414],[106.40669,17.41444],[106.4059,17.41636],[106.40491,17.41702],[106.40434,17.4163],[106.40365,17.41365],[106.40297,17.4144],[106.40261,17.417],[106.4018,17.4175],[106.40002,17.41559],[106.39966,17.41464],[106.3985,17.41378],[106.39768,17.41161],[106.39594,17.41349],[106.39543,17.41558],[106.39463,17.41642],[106.3947,17.41773],[106.39403,17.41842],[106.39343,17.42126],[106.39186,17.42217],[106.39184,17.42419],[106.39112,17.42611],[106.38932,17.4264],[106.38861,17.42692],[106.38825,17.42815],[106.38848,17.42948],[106.38688,17.43199],[106.38812,17.43257],[106.3879,17.43349],[106.38931,17.43568],[106.38892,17.43648],[106.39026,17.43874],[106.38985,17.44116],[106.38923,17.44149],[106.38866,17.44289],[106.38964,17.44383],[106.38822,17.44483],[106.38871,17.44564],[106.38885,17.44774],[106.3905,17.44894],[106.38953,17.44997],[106.38722,17.45034],[106.38342,17.45199],[106.38332,17.4537],[106.38407,17.45448],[106.38527,17.45709],[106.38518,17.4582],[106.38375,17.45809],[106.38168,17.45919],[106.3813,17.46003],[106.38207,17.46129],[106.38131,17.46207],[106.38195,17.46285],[106.38205,17.46533],[106.38138,17.4661],[106.382,17.46905],[106.38169,17.47132],[106.38217,17.47216],[106.38345,17.47186],[106.38468,17.47323],[106.38458,17.47422],[106.38107,17.47409],[106.38022,17.47312],[106.379,17.47314],[106.37803,17.47548],[106.37797,17.47651],[106.3755,17.47951],[106.37467,17.48109],[106.37481,17.48279],[106.37598,17.48376],[106.37686,17.48577],[106.37482,17.48946],[106.37293,17.49031],[106.37181,17.49031],[106.36977,17.49247],[106.36704,17.49246],[106.36545,17.49153],[106.36514,17.48836],[106.3644,17.48791],[106.3645,17.48629],[106.36321,17.486],[106.36128,17.48743],[106.36073,17.48559],[106.36162,17.48338],[106.36082,17.48258],[106.35906,17.48262],[106.35753,17.48371],[106.35716,17.48454],[106.35619,17.48444],[106.35487,17.48635],[106.35356,17.48585],[106.35276,17.48629],[106.3527,17.48734],[106.35131,17.48707],[106.35006,17.48861],[106.34875,17.4855],[106.3483,17.48367],[106.34866,17.48253],[106.3472,17.4826],[106.34688,17.48122],[106.34565,17.48071],[106.34485,17.48268],[106.34399,17.48397],[106.34308,17.48457],[106.34208,17.48444],[106.34157,17.48529],[106.33958,17.48586],[106.33855,17.48483],[106.33716,17.48626],[106.33624,17.48637],[106.3361,17.48463],[106.33507,17.48371],[106.33347,17.48318],[106.33137,17.48368],[106.32911,17.48344],[106.32905,17.48249],[106.3303,17.48181],[106.33226,17.48193],[106.33457,17.4805],[106.3338,17.47923],[106.33325,17.47625],[106.33219,17.47675],[106.33055,17.47576],[106.32924,17.47538],[106.32862,17.47333],[106.32751,17.4736],[106.32673,17.47436],[106.32741,17.47553],[106.3262,17.4763],[106.32557,17.47505],[106.32355,17.47517],[106.32235,17.47448],[106.32154,17.47473],[106.32198,17.47617],[106.32098,17.47783],[106.31963,17.47728],[106.31904,17.47758],[106.31912,17.4791],[106.31805,17.47927],[106.31721,17.48045],[106.31566,17.47902],[106.31478,17.47756],[106.31406,17.47767],[106.31305,17.47676],[106.31192,17.47665],[106.31237,17.47958],[106.31114,17.47913],[106.31035,17.47803],[106.30838,17.47823],[106.30664,17.48033],[106.30638,17.4815],[106.30782,17.48249],[106.3094,17.48198],[106.31022,17.48467],[106.30981,17.48548],[106.30864,17.4844],[106.30674,17.48343],[106.30333,17.48383],[106.30229,17.48458],[106.30083,17.48776],[106.30003,17.48852],[106.29822,17.48883],[106.29612,17.48842],[106.29525,17.48933],[106.29445,17.49329],[106.29174,17.49481],[106.29092,17.49696],[106.29015,17.49811],[106.28878,17.49922],[106.28842,17.50302],[106.28969,17.50588],[106.29199,17.50938],[106.29161,17.51043],[106.29295,17.51285],[106.29423,17.51348],[106.29505,17.51585],[106.29453,17.51835],[106.29542,17.51895],[106.29522,17.51995],[106.2956,17.52126],[106.29456,17.52232],[106.29381,17.52228],[106.29226,17.52365],[106.29158,17.52357],[106.28977,17.52189],[106.28573,17.522],[106.28239,17.52112],[106.27632,17.51654],[106.27476,17.51626],[106.27401,17.51686],[106.27397,17.51812],[106.27229,17.51901],[106.27123,17.51943],[106.26979,17.51935],[106.26884,17.52071],[106.26811,17.52244],[106.26667,17.52385],[106.26464,17.52784],[106.26225,17.53115],[106.26111,17.53231],[106.25863,17.5332],[106.25808,17.53432],[106.2541,17.53574],[106.25319,17.53699],[106.25207,17.53938],[106.24992,17.53975],[106.24814,17.54187],[106.24602,17.54215],[106.24445,17.54129],[106.24244,17.54126],[106.24051,17.54196],[106.23748,17.54175],[106.23592,17.5412],[106.2347,17.54224],[106.23559,17.54444],[106.23487,17.54499],[106.2333,17.54533],[106.23448,17.5472],[106.23415,17.54844],[106.23496,17.55046],[106.23473,17.55143],[106.23526,17.55295],[106.23489,17.55388],[106.23569,17.55629],[106.23746,17.55861],[106.23807,17.55994],[106.2395,17.56095],[106.24115,17.56365],[106.24539,17.56848],[106.24597,17.5702],[106.2502,17.57336],[106.25084,17.57408],[106.25431,17.57627],[106.25465,17.57757],[106.2545,17.5807],[106.25633,17.58605],[106.25875,17.58841],[106.25935,17.59011],[106.25811,17.59246],[106.2572,17.59663],[106.25726,17.59756],[106.25826,17.59915],[106.26067,17.60069],[106.26402,17.60375],[106.2653,17.60696],[106.26488,17.60962],[106.26509,17.6115],[106.26447,17.61721],[106.26384,17.6195],[106.26152,17.62173],[106.26105,17.62354],[106.25968,17.62476],[106.25932,17.62611],[106.25958,17.62897],[106.25942,17.63116],[106.26061,17.63584],[106.2621,17.64056],[106.2622,17.64392],[106.26006,17.64822],[106.25888,17.64896],[106.25666,17.65108],[106.25397,17.65267],[106.25351,17.65354],[106.25451,17.65489],[106.25451,17.65553],[106.25304,17.66106],[106.2517,17.66301]],[[106.92691,16.98718],[106.93095,16.98374],[106.93338,16.98081],[106.93995,16.96849],[106.94388,16.96288],[106.94798,16.95738],[106.95281,16.94995],[106.95551,16.94566],[106.9563,16.944],[106.95827,16.93684],[106.95936,16.93413],[106.95958,16.93198],[106.95908,16.92596],[106.9595,16.92296],[106.96238,16.91786],[106.96732,16.90856],[106.96934,16.90665],[106.98701,16.89909],[106.98857,16.89804],[106.99082,16.89511],[106.992,16.89322],[106.99243,16.89173],[106.99277,16.88589],[106.99286,16.8804],[106.99248,16.87609],[106.9928,16.87406],[106.99393,16.87152],[106.99599,16.86787],[106.99733,16.86473]],[[106.90978,17.01708],[106.9063,17.01855],[106.90485,17.01951],[106.90207,17.02176],[106.9009,17.0239],[106.90048,17.02757],[106.90013,17.02892],[106.89869,17.03112],[106.89685,17.033],[106.8952,17.03566],[106.89417,17.03678],[106.89096,17.03892],[106.88865,17.0398],[106.88731,17.04066],[106.88552,17.04229],[106.88253,17.04438],[106.8776,17.04684],[106.87622,17.04772],[106.87332,17.05016],[106.87104,17.05123],[106.86932,17.0515],[106.86823,17.05279],[106.86823,17.05294],[106.86769,17.05461],[106.86454,17.05611],[106.86357,17.057],[106.86181,17.06018],[106.86138,17.06151],[106.86086,17.06527],[106.85994,17.06877],[106.86014,17.07086],[106.86157,17.07397],[106.86181,17.07688],[106.86191,17.08163],[106.86169,17.08291],[106.86086,17.08459],[106.8592,17.08718],[106.85621,17.08983],[106.85483,17.09172],[106.85348,17.09448],[106.85166,17.09569],[106.84873,17.09675],[106.84783,17.09732],[106.84712,17.09872],[106.84596,17.1041],[106.8446,17.10577],[106.8399,17.10719],[106.83832,17.10799],[106.83726,17.10947],[106.83654,17.11174],[106.83549,17.11319],[106.82927,17.11785],[106.82771,17.11871],[106.8263,17.11908],[106.81927,17.12041],[106.81707,17.12035],[106.81295,17.11855],[106.81077,17.11688],[106.80942,17.11649],[106.80327,17.11701],[106.80166,17.11732],[106.7967,17.11926],[106.79262,17.12136],[106.78788,17.12289],[106.7826,17.12587],[106.78116,17.12718],[106.77944,17.12983],[106.7772,17.13117],[106.77617,17.13266],[106.77552,17.13448],[106.77396,17.13553],[106.77208,17.13578],[106.77064,17.13634],[106.76733,17.1387],[106.76426,17.14243],[106.76275,17.14515],[106.76175,17.14525],[106.76158,17.14522],[106.76054,17.14527],[106.75486,17.14931],[106.75071,17.15278],[106.74679,17.15691],[106.74403,17.1605],[106.74181,17.16463],[106.73961,17.16929],[106.73873,17.17216],[106.73821,17.17507],[106.73695,17.17874],[106.73174,17.18487],[106.72922,17.18768],[106.72586,17.19174],[106.72375,17.19328],[106.72046,17.19631],[106.72033,17.198],[106.72037,17.19815],[106.72059,17.1997],[106.7192,17.20153],[106.71667,17.20367],[106.7155,17.20587],[106.71549,17.20818],[106.7152,17.20954],[106.71203,17.21304],[106.71064,17.21776],[106.70956,17.21984],[106.70311,17.22566],[106.70012,17.22857],[106.69769,17.2314],[106.69504,17.23474]],[[106.99986,16.85793],[106.99802,16.8552],[106.9973,16.85336],[106.99741,16.85207],[106.99888,16.84834],[106.99908,16.84573],[106.99759,16.84153],[106.9978,16.84037],[107.00008,16.83775],[107.00055,16.83585],[107.0003,16.83327],[107.00055,16.83219],[107.00395,16.82708],[107.00581,16.82593],[107.01047,16.82595],[107.01157,16.82581],[107.0129,16.82485],[107.01329,16.82353],[107.01309,16.82194]]]},"properties":{"shield":"HCM","net":"hcm","tier":"major"}},{"type":"Feature","geometry":{"type":"MultiLineString","coordinates":[[[107.07074,16.95367],[107.0701,16.95446],[107.06203,16.9729],[107.05819,16.98157],[107.05725,16.98388],[107.05489,16.99212],[107.05259,17.00065],[107.05069,17.00621],[107.05009,17.00904],[107.04797,17.01749],[107.04729,17.01912],[107.02916,17.03787],[107.02555,17.04166],[107.02478,17.04307]],[[107.08408,16.84227],[107.08437,16.84181],[107.0945,16.83041],[107.09587,16.82944],[107.09788,16.8287],[107.09933,16.82731],[107.10131,16.82324],[107.11493,16.8111],[107.11578,16.8101],[107.11946,16.80424],[107.12354,16.80141],[107.12933,16.79653],[107.13454,16.79287],[107.13932,16.79072],[107.14424,16.78882],[107.14638,16.78765],[107.15188,16.78413],[107.1525,16.78359],[107.15399,16.78188],[107.15878,16.77598],[107.1619,16.77278],[107.16588,16.76908],[107.16719,16.76784],[107.16815,16.76626],[107.17023,16.76238],[107.17173,16.76126],[107.17354,16.76074],[107.17567,16.75906],[107.1766,16.75716],[107.17786,16.75551],[107.17814,16.7543],[107.17828,16.74983],[107.17794,16.74759],[107.17811,16.74602],[107.17875,16.74371],[107.17971,16.74282],[107.18295,16.74182],[107.18586,16.74019],[107.18774,16.73976],[107.19124,16.74003],[107.19451,16.74027],[107.19579,16.73988],[107.19682,16.73885],[107.19836,16.73672],[107.19917,16.73606],[107.20208,16.73438],[107.2029,16.73343],[107.2031,16.73247],[107.20315,16.72632],[107.20405,16.72428],[107.20896,16.71905],[107.21224,16.71692],[107.21291,16.71607],[107.21402,16.71373],[107.21897,16.70885],[107.22048,16.70767],[107.22274,16.70515],[107.22997,16.69807],[107.23125,16.69704],[107.23604,16.69445],[107.24361,16.69051],[107.2455,16.68926],[107.25348,16.68299],[107.2548,16.68179],[107.25894,16.67722],[107.26385,16.67185],[107.27281,16.66478],[107.27787,16.66091],[107.27835,16.66036],[107.28236,16.65432],[107.30091,16.63456],[107.30424,16.63127],[107.30582,16.63019],[107.308,16.62765],[107.30769,16.62332],[107.30796,16.62182],[107.30954,16.61834],[107.31043,16.61737],[107.31365,16.61559],[107.31421,16.61501],[107.31609,16.61161],[107.31822,16.61036],[107.3249,16.60504]],[[107.01513,17.05951],[107.02404,17.05011],[107.02454,17.04921],[107.02495,17.04623],[107.02465,17.04236],[107.02472,17.04218],[107.02555,17.04166]],[[107.08385,16.84215],[107.09469,16.83001],[107.09538,16.8295],[107.09781,16.82859],[107.09903,16.82751],[107.10071,16.8238],[107.10121,16.82314],[107.11483,16.811],[107.11566,16.81003],[107.11934,16.80416],[107.12378,16.80105],[107.12916,16.79652],[107.13343,16.79347],[107.13561,16.79216],[107.14469,16.78849],[107.15082,16.78473],[107.15288,16.7831],[107.15643,16.77867],[107.15918,16.7754],[107.16035,16.7742],[107.16716,16.76775],[107.16807,16.76622],[107.17007,16.76241],[107.1715,16.76126],[107.17355,16.76065],[107.17562,16.75894],[107.17635,16.75747],[107.17796,16.75502],[107.17817,16.7494],[107.17785,16.74767],[107.17793,16.74635],[107.17862,16.74384],[107.17969,16.74274],[107.18294,16.74173],[107.18553,16.74021],[107.18737,16.73965],[107.19124,16.73994],[107.19422,16.74019],[107.19589,16.7397],[107.19676,16.73881],[107.19836,16.73662],[107.19882,16.73621],[107.20198,16.73436],[107.20301,16.73266],[107.20307,16.72625],[107.20392,16.72432],[107.20883,16.71906],[107.21185,16.71709],[107.21283,16.71603],[107.21363,16.71413],[107.21417,16.71346],[107.2187,16.70899],[107.22053,16.70751],[107.22205,16.70573],[107.22968,16.69822],[107.23137,16.69685],[107.24351,16.69044],[107.24545,16.6892],[107.25343,16.68292],[107.25474,16.68175],[107.25888,16.67716],[107.26378,16.67182],[107.27142,16.66575],[107.2778,16.66081],[107.27821,16.66034],[107.28222,16.65427],[107.30085,16.63447],[107.30317,16.63202],[107.3043,16.63113],[107.30576,16.63013],[107.30789,16.62764],[107.30759,16.6235],[107.30786,16.62179],[107.30942,16.61839],[107.31036,16.6173],[107.31363,16.61548],[107.31413,16.61498],[107.31598,16.61157],[107.31813,16.61027],[107.3262,16.60389],[107.32837,16.60262],[107.33118,16.60227]],[[106.63822,17.40151],[106.63838,17.40104],[106.63912,17.40006],[106.64497,17.39361],[106.65053,17.38889],[106.65612,17.38426],[106.66315,17.3795],[106.67176,17.37198],[106.67371,17.36944],[106.67613,17.36595],[106.67633,17.36564],[106.68322,17.35467],[106.68956,17.34846],[106.69476,17.34513],[106.69661,17.34309],[106.69909,17.33894],[106.70086,17.33552],[106.70379,17.33055],[106.70473,17.32949],[106.70681,17.32797],[106.70959,17.32532],[106.71221,17.32309],[106.71647,17.31921],[106.7209,17.31625],[106.72373,17.31455],[106.72733,17.31204],[106.73238,17.30758],[106.73387,17.3066],[106.73807,17.30428],[106.73992,17.30268],[106.74165,17.30068],[106.74632,17.29415],[106.74776,17.29268],[106.75717,17.28585],[106.76367,17.28071],[106.76501,17.27979],[106.76836,17.27898],[106.77179,17.27858],[106.7727,17.27804],[106.77428,17.27622],[106.7787,17.2723],[106.78018,17.2704],[106.78255,17.26798],[106.78532,17.26608],[106.78837,17.26309],[106.79146,17.26051],[106.79644,17.25791],[106.80009,17.25564],[106.80499,17.2516],[106.80861,17.24834],[106.81375,17.24342],[106.81472,17.24262],[106.81821,17.24148],[106.82513,17.23777],[106.83068,17.23399],[106.83224,17.23278],[106.83939,17.22878],[106.84082,17.22777],[106.84416,17.22476],[106.84545,17.22235],[106.84831,17.21871],[106.85272,17.21403],[106.85426,17.21264],[106.86739,17.20346]],[[106.46676,17.95609],[106.46679,17.95245],[106.46718,17.95161],[106.46861,17.95041],[106.47026,17.9484],[106.473,17.94682],[106.47703,17.93967],[106.47727,17.93898],[106.47757,17.93498],[106.47731,17.93148],[106.4765,17.92827],[106.47213,17.92025],[106.47127,17.91892],[106.46727,17.91203],[106.46584,17.9099],[106.46432,17.90697],[106.46167,17.90129],[106.45949,17.89828],[106.4573,17.8959],[106.44724,17.887],[106.44641,17.88528],[106.444,17.87983],[106.44241,17.87703],[106.44154,17.87629],[106.43975,17.87548],[106.43835,17.87402],[106.43677,17.86392],[106.43626,17.86026],[106.43516,17.85268],[106.43341,17.83938],[106.43316,17.83617],[106.43277,17.82326],[106.4322,17.81196],[106.43202,17.80481],[106.43236,17.79822],[106.4338,17.79062],[106.43572,17.78394],[106.43721,17.77917],[106.43858,17.77627],[106.43961,17.77474],[106.444,17.76563],[106.44447,17.76448],[106.44442,17.76326],[106.44192,17.7521],[106.43961,17.7415],[106.43936,17.73978],[106.43946,17.73688],[106.43938,17.72869],[106.43872,17.72449],[106.43881,17.72343],[106.43965,17.72226],[106.44314,17.71954],[106.4441,17.71829],[106.44415,17.71721],[106.4405,17.70738],[106.44059,17.70462],[106.44119,17.7034],[106.44287,17.70163],[106.44517,17.70074],[106.45178,17.70024],[106.45463,17.69951],[106.4589,17.69772],[106.46086,17.69744],[106.46591,17.69725],[106.47311,17.69646],[106.47552,17.69593],[106.4845,17.69362],[106.48633,17.69295],[106.48703,17.69231],[106.49048,17.68828],[106.49847,17.67828],[106.50438,17.67112],[106.50898,17.66654],[106.51076,17.66282],[106.51348,17.65902],[106.51347,17.65763],[106.51257,17.6563],[106.51251,17.65574],[106.51281,17.65495],[106.51451,17.65205],[106.51485,17.65021],[106.51679,17.64698],[106.51775,17.6436],[106.51842,17.63983],[106.52048,17.63704],[106.52081,17.63609],[106.52154,17.63179],[106.52284,17.62939],[106.52818,17.62163],[106.52911,17.62012],[106.53116,17.61287],[106.53147,17.60845],[106.53362,17.60121],[106.5335,17.59002],[106.53356,17.58717],[106.5379,17.57642],[106.5399,17.57191],[106.54263,17.56362],[106.54334,17.55424],[106.54423,17.55116],[106.54636,17.5487],[106.5507,17.54375],[106.55473,17.53841],[106.55492,17.53798]],[[106.98792,17.08759],[106.97698,17.10212],[106.97264,17.1076],[106.97139,17.10863],[106.96907,17.10998],[106.96781,17.11191],[106.96706,17.1136],[106.96705,17.11707],[106.96647,17.11938],[106.96538,17.12163],[106.96339,17.12435],[106.96238,17.12516],[106.95587,17.12903],[106.94827,17.13326],[106.94593,17.13508],[106.94422,17.13833],[106.9404,17.14227],[106.93763,17.14558],[106.93603,17.1479],[106.93451,17.15139],[106.92939,17.15857],[106.92844,17.16],[106.92725,17.16134],[106.91698,17.16896],[106.91594,17.16963],[106.90884,17.17272],[106.90606,17.17492],[106.90124,17.17905],[106.89862,17.18071],[106.89736,17.18341],[106.8912,17.18934],[106.88965,17.19029],[106.88764,17.1921],[106.88618,17.19301],[106.88475,17.19447],[106.88364,17.19513],[106.87931,17.19684],[106.87324,17.20003],[106.86791,17.203],[106.86739,17.20346],[106.87332,17.20016],[106.87938,17.19697],[106.88371,17.19526],[106.88486,17.19457],[106.88628,17.19313],[106.88774,17.19222],[106.88975,17.1904],[106.8913,17.18946],[106.89747,17.18351],[106.89875,17.18079],[106.90134,17.17916],[106.9079,17.17352],[106.90891,17.17285],[106.91501,17.17021],[106.91677,17.1692],[106.92666,17.16191],[106.92749,17.16122],[106.92867,17.15985],[106.93001,17.1578],[106.93455,17.15148],[106.93614,17.14791],[106.93684,17.14676],[106.94045,17.14234],[106.94436,17.1383],[106.946,17.13517],[106.94811,17.13345],[106.95618,17.12893],[106.96242,17.12523],[106.96346,17.12439],[106.96546,17.12167],[106.96654,17.11942],[106.96726,17.11624],[106.96723,17.11328],[106.96915,17.11005],[106.97145,17.10868],[106.97268,17.10767],[106.97705,17.10217],[106.988,17.08762],[106.99534,17.07754]],[[107.06798,16.95528],[107.07074,16.95367],[107.07213,16.95279],[107.07277,16.95221],[107.07403,16.95047],[107.07429,16.94977],[107.07501,16.94672],[107.07508,16.94579],[107.07452,16.9445],[107.07294,16.94244],[107.07248,16.94034],[107.07577,16.92789],[107.07709,16.92238],[107.07841,16.91717],[107.07829,16.91239],[107.07892,16.90765],[107.08001,16.89812],[107.08049,16.89469],[107.08176,16.87996],[107.08341,16.87238],[107.08352,16.87113],[107.08269,16.86644],[107.08025,16.85641],[107.07943,16.85068],[107.07928,16.84846],[107.07954,16.84739],[107.08183,16.8447],[107.08397,16.84241]],[[107.02465,17.04236],[107.02456,17.04072],[107.02327,17.02554],[107.02324,17.02337],[107.02352,17.02183],[107.03007,16.99746],[107.03163,16.99402],[107.03425,16.99104],[107.04456,16.98258],[107.04698,16.98015],[107.04978,16.97611],[107.0598,16.96128],[107.06095,16.95992],[107.06267,16.95851],[107.06798,16.95528],[107.07196,16.95281],[107.07254,16.95233],[107.07358,16.95103],[107.07424,16.94967],[107.07499,16.94643],[107.07451,16.9446],[107.07258,16.94199],[107.0724,16.94034],[107.07493,16.93069],[107.07702,16.92237],[107.07826,16.91761],[107.07822,16.91231],[107.07938,16.90287],[107.08053,16.89361],[107.0814,16.88267],[107.08172,16.87966],[107.08341,16.87194],[107.08333,16.87027],[107.08281,16.8673],[107.08,16.85555],[107.07918,16.84857],[107.0794,16.84747],[107.08005,16.84658],[107.08379,16.84231]],[[106.46774,17.95619],[106.4677,17.95234],[106.46841,17.951],[106.47043,17.94853],[106.47313,17.9469],[106.47718,17.93966],[106.47748,17.93851],[106.47771,17.93483],[106.47753,17.93217],[106.47663,17.92822],[106.47226,17.92019],[106.47138,17.91886],[106.46739,17.91196],[106.46594,17.90985],[106.46179,17.90122],[106.45959,17.8982],[106.4574,17.8958],[106.45111,17.89016],[106.44798,17.88756],[106.44701,17.88626],[106.44414,17.87976],[106.44244,17.87685],[106.44161,17.87616],[106.43982,17.87535],[106.4385,17.87397],[106.43677,17.86298],[106.43406,17.84348],[106.43331,17.83617],[106.43293,17.82326],[106.43236,17.81224],[106.43217,17.80481],[106.43251,17.79824],[106.43394,17.79066],[106.43587,17.78398],[106.43736,17.77921],[106.43872,17.77634],[106.43975,17.77479],[106.44415,17.76567],[106.44462,17.76449],[106.44453,17.76307],[106.43985,17.74195],[106.43953,17.74037],[106.43962,17.73709],[106.43953,17.72867],[106.43887,17.72447],[106.43896,17.72347],[106.43976,17.72236],[106.44325,17.71965],[106.44425,17.71832],[106.4443,17.71716],[106.44064,17.70734],[106.44074,17.70465],[106.44125,17.7035],[106.44268,17.70195],[106.44522,17.70087],[106.45183,17.70038],[106.45466,17.69966],[106.45894,17.69786],[106.4609,17.69758],[106.46466,17.69749],[106.47403,17.69643],[106.48453,17.69375],[106.48636,17.6931],[106.48714,17.6924],[106.4906,17.68836],[106.49859,17.67835],[106.5038,17.67194],[106.5091,17.66662],[106.51089,17.66288],[106.51361,17.65908],[106.51358,17.65755],[106.51271,17.65626],[106.5127,17.65551],[106.5141,17.65323],[106.51464,17.65208],[106.515,17.65024],[106.51691,17.64702],[106.51788,17.64363],[106.51854,17.63988],[106.52062,17.6371],[106.52096,17.63612],[106.52169,17.63182],[106.52297,17.62947],[106.52887,17.62088],[106.52978,17.61847],[106.53131,17.6129],[106.5315,17.60921],[106.53377,17.60122],[106.53365,17.59002],[106.53371,17.5872],[106.53843,17.57552],[106.54005,17.57195],[106.54277,17.56365],[106.5435,17.55428],[106.54437,17.55123],[106.54605,17.54929],[106.55083,17.54384],[106.55524,17.53817]],[[106.65053,17.38889],[106.64486,17.39351],[106.639,17.39996],[106.63786,17.40132]],[[106.62245,17.47109],[106.62296,17.46979],[106.62421,17.46383],[106.62566,17.45984],[106.62862,17.45647],[106.63119,17.45092],[106.63169,17.44853],[106.63171,17.44841],[106.63469,17.43547],[106.63545,17.43253],[106.63677,17.42926],[106.63686,17.4291],[106.64063,17.42356],[106.64353,17.4182],[106.64399,17.41575],[106.64369,17.41299],[106.64314,17.41125],[106.63852,17.40289],[106.63838,17.40104]],[[106.55494,17.53791],[106.55611,17.53475],[106.55703,17.53328],[106.55887,17.53147],[106.56866,17.52209],[106.56973,17.52132],[106.58457,17.51275],[106.58519,17.51211],[106.58835,17.5054],[106.59108,17.49987],[106.59234,17.49773],[106.59299,17.496],[106.59385,17.49495],[106.60025,17.48815],[106.59318,17.49589],[106.59242,17.49776],[106.59116,17.49992],[106.58532,17.51219],[106.58467,17.51287],[106.56982,17.52144],[106.56878,17.52218],[106.55893,17.53162],[106.55781,17.5327],[106.55669,17.53399],[106.55535,17.53715],[106.55581,17.53769],[106.55872,17.53536],[106.55944,17.53375],[106.55893,17.53162],[106.55887,17.53147],[106.55598,17.5237],[106.55597,17.51071],[106.5561,17.5098],[106.55734,17.50671],[106.56142,17.49707],[106.56632,17.48645],[106.56828,17.48233],[106.57473,17.47582],[106.57566,17.47512],[106.58083,17.47133],[106.58359,17.46934],[106.58804,17.46739],[106.58888,17.46666],[106.5932,17.46128],[106.59472,17.46013],[106.61578,17.44765],[106.61771,17.44645],[106.61841,17.44563],[106.6295,17.42678],[106.63056,17.42474],[106.63509,17.41174],[106.6359,17.40457],[106.63681,17.40249],[106.63795,17.40169],[106.63837,17.40294],[106.643,17.41132],[106.64353,17.41301],[106.64383,17.41576],[106.64339,17.41814],[106.64049,17.42349],[106.63672,17.42903],[106.63531,17.43249],[106.63455,17.4354],[106.63163,17.4484],[106.63161,17.44851],[106.63108,17.45095],[106.63016,17.4531],[106.62822,17.45682],[106.6255,17.45985],[106.62404,17.46379],[106.62269,17.47012],[106.62227,17.47101],[106.62224,17.47103],[106.62218,17.47119],[106.6222,17.47122],[106.62239,17.47126],[106.62245,17.47109],[106.62227,17.47101]],[[106.62239,17.47126],[106.6216,17.47334],[106.6206,17.47738],[106.62151,17.4732],[106.6222,17.47122]],[[107.01522,17.05958],[107.02389,17.0504],[107.02464,17.04913],[107.02503,17.04587],[107.02478,17.04307],[107.02472,17.04218],[107.02456,17.04072]],[[107.20267,16.73562],[107.20242,16.73754],[107.20138,16.74108],[107.20065,16.74456],[107.19982,16.7499],[107.19927,16.75144],[107.19793,16.7528],[107.19271,16.7556],[107.19037,16.75601],[107.18064,16.75978],[107.17806,16.76116],[107.17544,16.76338],[107.17167,16.76697],[107.17023,16.76729],[107.16815,16.76626],[107.16807,16.76622]],[[106.65121,17.39007],[106.66101,17.39206],[106.66336,17.3921],[106.66524,17.39165],[106.66693,17.3906],[106.68158,17.37635],[106.68316,17.37464],[106.68461,17.37269],[106.68856,17.36669],[106.68864,17.36658],[106.69444,17.35762],[106.69773,17.35306],[106.70054,17.35003],[106.70984,17.34053],[106.71448,17.33597],[106.71865,17.33163],[106.72395,17.32634],[106.72591,17.32462],[106.73031,17.32175],[106.73807,17.31591],[106.74899,17.30744],[106.75366,17.30416],[106.76243,17.29944],[106.77572,17.29269],[106.7845,17.28815],[106.78953,17.28488],[106.79164,17.2832],[106.79416,17.28086],[106.8154,17.25954],[106.81883,17.25628],[106.81896,17.25619],[106.82145,17.25422],[106.8244,17.25219],[106.84128,17.24103],[106.84501,17.23846],[106.84793,17.23609],[106.84979,17.23431],[106.85897,17.2246],[106.86143,17.22287],[106.86812,17.22],[106.87019,17.21855],[106.8715,17.21671],[106.87206,17.21484],[106.87217,17.21301],[106.87187,17.21144],[106.86898,17.20417]],[[107.14533,16.78936],[107.14772,16.79529],[107.14806,16.79672],[107.14747,16.799],[107.14515,16.802],[107.14452,16.80365]],[[107.11186,16.85735],[107.11372,16.85388],[107.11479,16.85093],[107.11633,16.84258],[107.11662,16.84165],[107.11985,16.83406]]]},"properties":{"shield":"QL.1","net":"ql","tier":"major"}},{"type":"Feature","geometry":{"type":"LineString","coordinates":[[106.34895,17.87927],[106.34832,17.87956],[106.34666,17.8823],[106.34632,17.88365],[106.34652,17.88591],[106.34897,17.89257],[106.34934,17.89469],[106.34905,17.89643],[106.34752,17.89908],[106.34612,17.90024],[106.34111,17.90302],[106.34033,17.9036],[106.33547,17.90798],[106.33275,17.90983],[106.33169,17.91029],[106.31629,17.91604],[106.31335,17.91727],[106.31216,17.9181],[106.30491,17.92407]]},"properties":{"shield":"QL.1 · ĐT.22","net":"ql","tier":"major"}},{"type":"Feature","geometry":{"type":"MultiLineString","coordinates":[[[106.98792,17.08759],[106.99507,17.07778],[106.99703,17.07495],[107.00281,17.06919],[107.00361,17.06802],[107.00855,17.06303],[107.01513,17.05951]],[[107.01522,17.05958],[107.00913,17.06275],[107.0085,17.06323],[107.00364,17.06816],[107.0029,17.06923],[106.9979,17.07413],[106.99534,17.07754]]]},"properties":{"shield":"QL.1 · QL.9D","net":"ql","tier":"major"}},{"type":"Feature","geometry":{"type":"MultiLineString","coordinates":[[[107.01309,16.82194],[107.01556,16.82298],[107.01569,16.82303],[107.01944,16.8246],[107.02726,16.82593],[107.03009,16.82671],[107.03736,16.82902],[107.0402,16.82926],[107.04503,16.82852],[107.04759,16.82864],[107.05255,16.83044],[107.05712,16.83335],[107.06082,16.83499],[107.065,16.83687],[107.06082,16.83499]],[[107.18071,16.90588],[107.1793,16.90509],[107.17424,16.9006],[107.173,16.8993],[107.16826,16.8955],[107.16067,16.89195],[107.15566,16.88874],[107.15381,16.88743],[107.1509,16.8846],[107.14698,16.88221],[107.1431,16.87902],[107.13907,16.87782],[107.13837,16.87718],[107.13781,16.87557],[107.13625,16.87314],[107.13401,16.87051],[107.13133,16.86837],[107.12785,16.86281],[107.12685,16.86197],[107.11984,16.85969],[107.11635,16.85906],[107.11186,16.85735],[107.10784,16.85564],[107.1006,16.85091],[107.09102,16.84511],[107.08512,16.8429],[107.08408,16.84227]],[[106.81631,16.65824],[106.8192,16.65873],[106.82199,16.65977],[106.82337,16.66133],[106.82816,16.66317],[106.83069,16.66281]],[[106.74145,16.63473],[106.7408,16.63344],[106.74011,16.62991],[106.7385,16.62705],[106.73697,16.62651],[106.73542,16.62598],[106.73314,16.62594],[106.73097,16.62495],[106.72959,16.62372],[106.72942,16.6223],[106.7288,16.62151],[106.72717,16.62111],[106.72467,16.61987],[106.72301,16.62002],[106.72158,16.62053],[106.71927,16.62026],[106.71793,16.62049],[106.71587,16.61969],[106.71314,16.61975],[106.70702,16.61927],[106.70474,16.61941],[106.70316,16.6189],[106.70062,16.61633],[106.69816,16.61179],[106.69423,16.60973],[106.69303,16.60939],[106.68976,16.60896],[106.68664,16.6095],[106.68387,16.60884],[106.68162,16.60741],[106.68007,16.60677],[106.67898,16.60574],[106.67733,16.60185],[106.67606,16.60079],[106.67337,16.60086],[106.67073,16.59999],[106.66782,16.59985],[106.6659,16.60007],[106.66367,16.60065],[106.66245,16.60056],[106.65979,16.59953],[106.6585,16.5985],[106.65193,16.59595],[106.65086,16.59588],[106.64392,16.5967],[106.64276,16.59668],[106.64006,16.59599],[106.63871,16.59594],[106.63569,16.59651],[106.63435,16.59745],[106.63379,16.59989],[106.63317,16.60079],[106.62965,16.60341],[106.62653,16.6046],[106.62246,16.60644],[106.61893,16.60778],[106.61749,16.60792],[106.61605,16.60759],[106.61368,16.60752],[106.61242,16.60802],[106.61125,16.60923],[106.60974,16.60987]],[[107.065,16.83687],[107.07001,16.83874],[107.07375,16.83984],[107.08103,16.84122],[107.08385,16.84215]],[[107.00798,16.80716],[107.00666,16.808],[107.00418,16.80881],[107.0031,16.80874],[106.99199,16.80696],[106.99065,16.80669],[106.98802,16.80488],[106.98198,16.80026],[106.97863,16.7977],[106.97571,16.79638],[106.96523,16.79384],[106.96401,16.79392],[106.96028,16.79499],[106.95924,16.79512],[106.95651,16.79454],[106.95441,16.79225],[106.95158,16.7915],[106.94919,16.79042],[106.9471,16.79027],[106.94229,16.79105],[106.94007,16.79113],[106.93609,16.79],[106.93177,16.78989],[106.9308,16.78963],[106.92647,16.78628],[106.92455,16.7845],[106.92169,16.78442],[106.91756,16.78649],[106.9163,16.78688],[106.9106,16.78482],[106.90754,16.78388],[106.90558,16.78246],[106.90152,16.78144],[106.89662,16.78215],[106.89495,16.78188],[106.89353,16.78261],[106.89248,16.78365],[106.892,16.7848],[106.89103,16.78533],[106.88687,16.78578],[106.88533,16.78559],[106.88224,16.78469],[106.88083,16.78485],[106.87892,16.78593],[106.87771,16.7863],[106.87485,16.78617],[106.87291,16.78518],[106.86768,16.78088],[106.86596,16.7792],[106.86218,16.77615],[106.86008,16.77538],[106.85906,16.77433],[106.8591,16.77359],[106.86024,16.77121],[106.85975,16.76982],[106.85807,16.76916],[106.85677,16.76704],[106.85409,16.76597],[106.85391,16.76364],[106.85487,16.75793],[106.85461,16.75605],[106.85482,16.75116],[106.85514,16.74809],[106.85506,16.74651],[106.85387,16.7411],[106.85374,16.7398],[106.85455,16.7358],[106.85592,16.73433],[106.85762,16.7332],[106.85858,16.7316],[106.85996,16.73067],[106.86085,16.72951],[106.86323,16.72449],[106.86357,16.72288],[106.86386,16.71734],[106.86616,16.71158],[106.86844,16.70753],[106.87099,16.70464],[106.87382,16.7025],[106.87788,16.6987],[106.87913,16.69684],[106.87997,16.69397],[106.88131,16.69237],[106.88228,16.69176],[106.88427,16.68869],[106.8835,16.68642],[106.88135,16.68456],[106.87992,16.68403],[106.8766,16.68443],[106.87434,16.68441],[106.87261,16.68376],[106.86952,16.68128],[106.86801,16.67928],[106.86242,16.67552],[106.85793,16.67286],[106.85511,16.67085],[106.85165,16.66903],[106.8503,16.66852],[106.84916,16.6686],[106.8429,16.66623],[106.84018,16.66485]],[[106.59013,16.62285],[106.59076,16.62339],[106.59133,16.62457],[106.59329,16.62507],[106.59479,16.62482],[106.59744,16.62278],[106.59956,16.62213],[106.6006,16.62069],[106.60102,16.618],[106.60147,16.61717],[106.60532,16.61279],[106.60753,16.61102],[106.60974,16.60987],[106.60749,16.61094],[106.60526,16.61274],[106.60139,16.61711],[106.60084,16.61832],[106.60046,16.62088],[106.59902,16.62227],[106.5976,16.62263],[106.59668,16.62312],[106.59471,16.62472],[106.59375,16.62498],[106.59176,16.62461],[106.59076,16.62339]],[[107.00634,16.8083],[107.00421,16.80895],[107.00296,16.80886],[106.99324,16.80731],[106.99025,16.80662],[106.98802,16.80488]],[[107.0357,16.8034],[107.03718,16.80041],[107.03917,16.79897],[107.04397,16.79905],[107.04605,16.79797],[107.04841,16.79424],[107.05044,16.79276],[107.05996,16.7899],[107.06241,16.78957],[107.07374,16.78987],[107.08938,16.79035],[107.10531,16.79081],[107.10704,16.79126],[107.10883,16.79226],[107.11213,16.79418],[107.10883,16.79226]],[[107.11213,16.79418],[107.1175,16.79727],[107.11842,16.79761],[107.12303,16.79814],[107.12441,16.79846]],[[107.18294,16.90666],[107.18071,16.90588],[107.18294,16.90666],[107.18452,16.9074]]]},"properties":{"shield":"QL.9","net":"ql","tier":"major"}},{"type":"Feature","geometry":{"type":"MultiLineString","coordinates":[[[106.81631,16.65824],[106.81351,16.65712],[106.81086,16.65734],[106.80697,16.65661],[106.8041,16.65631],[106.80301,16.65561],[106.80142,16.65657],[106.79934,16.65577],[106.79757,16.65589],[106.79493,16.65311],[106.79498,16.65078],[106.79559,16.64993],[106.7965,16.64728],[106.79801,16.64501],[106.79991,16.64261],[106.80106,16.64017],[106.80064,16.63749],[106.80017,16.6366],[106.79836,16.6353],[106.7973,16.63511],[106.7961,16.63581],[106.79453,16.63796],[106.79401,16.63912],[106.79296,16.64007],[106.79179,16.64029],[106.79009,16.63849],[106.78926,16.63677],[106.78764,16.63684],[106.78527,16.63582],[106.78321,16.63582],[106.78168,16.63689],[106.78115,16.63632],[106.78141,16.63485],[106.78026,16.63449],[106.77968,16.63664],[106.77786,16.64018],[106.7761,16.6418],[106.77187,16.64294],[106.76995,16.64172],[106.76704,16.6405],[106.76484,16.63914],[106.76358,16.63791],[106.76239,16.63727],[106.75983,16.63689],[106.75865,16.63632],[106.7561,16.63423],[106.75441,16.63379],[106.74907,16.6345],[106.74797,16.63549],[106.74585,16.63442],[106.74464,16.63454],[106.74291,16.63572],[106.74166,16.63531],[106.74145,16.63473]],[[107.00666,16.808],[107.00919,16.81411],[107.01202,16.81797],[107.01309,16.82194]],[[106.83069,16.66281],[106.83284,16.66272],[106.83562,16.66323],[106.8362,16.66356],[106.83862,16.66387],[106.84018,16.66485]]]},"properties":{"shield":"QL.9 · HCM","net":"ql","tier":"major"}},{"type":"Feature","geometry":{"type":"MultiLineString","coordinates":[[[106.57852,17.0844],[106.57767,17.08539],[106.5761,17.08555],[106.57412,17.08707],[106.57403,17.0882],[106.57493,17.08881],[106.57764,17.08931],[106.57946,17.08886],[106.58112,17.08916],[106.57989,17.09009],[106.57854,17.09062],[106.58111,17.09187],[106.58158,17.09286],[106.58167,17.09485],[106.58085,17.0958],[106.58059,17.09764],[106.57954,17.09826],[106.58089,17.0992],[106.58268,17.09962],[106.58418,17.10139],[106.58407,17.1042],[106.58461,17.10542],[106.58424,17.10717],[106.58444,17.10947],[106.58519,17.1129],[106.58525,17.11462],[106.58383,17.1172],[106.58502,17.11726],[106.58658,17.11826],[106.58885,17.11846],[106.58984,17.11939],[106.58989,17.12179],[106.59033,17.12293],[106.58921,17.1246],[106.58654,17.1265],[106.58688,17.12746],[106.58894,17.12857],[106.58931,17.13],[106.58889,17.13134],[106.589,17.13257],[106.58985,17.13363],[106.59106,17.13383],[106.59213,17.13562],[106.59083,17.13711],[106.59169,17.13817],[106.59167,17.14003],[106.59236,17.14115],[106.5929,17.14411],[106.59369,17.14523],[106.59269,17.14602],[106.59271,17.1476],[106.59404,17.14736],[106.59463,17.1479],[106.59689,17.14747],[106.60024,17.148],[106.60181,17.14879],[106.60284,17.15011],[106.60466,17.1505],[106.60473,17.15155],[106.60665,17.15456],[106.60716,17.15604],[106.60743,17.16019],[106.60808,17.16289],[106.60808,17.16704],[106.6085,17.1682],[106.61032,17.17098],[106.6095,17.17179],[106.60957,17.17295],[106.60844,17.17458],[106.60859,17.17626],[106.60725,17.17759],[106.6084,17.17779],[106.60917,17.17863],[106.611,17.17841],[106.61214,17.179],[106.61521,17.17951],[106.61654,17.17914],[106.61741,17.17947],[106.61996,17.18206],[106.62259,17.18224],[106.62276,17.18303],[106.62428,17.18541],[106.62667,17.18726],[106.62793,17.18758],[106.62983,17.18875],[106.63055,17.19027],[106.63025,17.1931],[106.62979,17.19416],[106.62981,17.19571],[106.6273,17.19787],[106.62631,17.19933],[106.62682,17.20154],[106.62911,17.20292],[106.62923,17.20644],[106.62905,17.20881],[106.63029,17.21087],[106.631,17.21155],[106.63407,17.21551],[106.63415,17.21675],[106.63212,17.21863],[106.62951,17.22026],[106.62919,17.22276],[106.62916,17.22533],[106.62958,17.22645],[106.63242,17.22878],[106.63289,17.22958],[106.63385,17.23414],[106.63564,17.23612],[106.63855,17.23873],[106.63991,17.23868],[106.64417,17.23935],[106.64544,17.24039],[106.64928,17.24216],[106.65146,17.24224],[106.65357,17.24429],[106.65489,17.24709],[106.65373,17.25035],[106.65581,17.25607],[106.65615,17.25918],[106.65655,17.26066],[106.65664,17.26079],[106.65781,17.26248],[106.6579,17.264],[106.65933,17.26817],[106.65865,17.27078],[106.6588,17.27119],[106.6593,17.27188],[106.65813,17.27317],[106.65761,17.27462],[106.65904,17.2759],[106.66049,17.27781],[106.66194,17.2789],[106.66435,17.28016],[106.66387,17.28116],[106.66434,17.28383],[106.6649,17.29111],[106.66461,17.29596],[106.66559,17.30395],[106.66673,17.30862],[106.66936,17.3161],[106.66894,17.31947],[106.6684,17.32612],[106.66863,17.32659],[106.66919,17.33076],[106.66958,17.33843],[106.67316,17.34953],[106.67481,17.36038],[106.67471,17.36383],[106.67633,17.36564]],[[106.72186,17.37549],[106.72055,17.37474],[106.71851,17.37406],[106.71619,17.37324],[106.70938,17.37029],[106.70654,17.36872],[106.70014,17.36843],[106.69907,17.36844],[106.69656,17.36782],[106.69483,17.36777],[106.69291,17.36736],[106.69052,17.3674],[106.68856,17.36669],[106.68826,17.36647],[106.68864,17.36658],[106.6905,17.36728],[106.6929,17.36724],[106.69709,17.36778],[106.70014,17.36843]],[[106.57219,17.08557],[106.56937,17.0843],[106.56806,17.08417],[106.56674,17.0823],[106.56835,17.08192],[106.56931,17.08117],[106.56874,17.08018],[106.56732,17.07956],[106.56757,17.07821],[106.56694,17.07679],[106.56529,17.07496],[106.56556,17.07322],[106.5643,17.07189],[106.564,17.07094],[106.56274,17.07088],[106.56165,17.06896],[106.56036,17.06763],[106.56119,17.06587],[106.56362,17.06583],[106.56452,17.06469],[106.56385,17.06371],[106.56207,17.06292],[106.56084,17.06302],[106.55873,17.06137],[106.55668,17.06157],[106.55454,17.0626],[106.55429,17.06132],[106.55328,17.05984],[106.55349,17.05816],[106.55138,17.05746],[106.55109,17.05632],[106.54964,17.05539],[106.54695,17.0553],[106.546,17.05695],[106.54617,17.05907],[106.5456,17.06057],[106.54656,17.06182],[106.54585,17.06328],[106.54452,17.06318],[106.54334,17.06392],[106.54208,17.0637],[106.54105,17.06234],[106.539,17.06171],[106.53717,17.06226],[106.5362,17.06218],[106.5351,17.0632],[106.53019,17.06324],[106.53076,17.06493],[106.53045,17.06563],[106.52912,17.06572],[106.5276,17.06478],[106.52606,17.06463],[106.52321,17.06583],[106.52284,17.06696],[106.52085,17.06718],[106.52019,17.07008],[106.51878,17.0711],[106.51813,17.07213],[106.51812,17.07354],[106.5176,17.07514],[106.51517,17.07404],[106.51452,17.07482],[106.5153,17.07765],[106.51282,17.07792],[106.51011,17.0778],[106.50792,17.07707],[106.50673,17.07706],[106.50486,17.07627],[106.50177,17.07575],[106.5006,17.07618],[106.49949,17.07592],[106.49705,17.07673],[106.49228,17.07622],[106.49104,17.07551],[106.48956,17.07515],[106.48689,17.07558],[106.48512,17.07548],[106.48305,17.07657],[106.48224,17.07622],[106.48144,17.07508],[106.47984,17.07396],[106.47875,17.07186],[106.47678,17.06888],[106.47651,17.06641],[106.47548,17.06602],[106.47416,17.06663],[106.47351,17.06623],[106.47215,17.06379],[106.47332,17.06244],[106.47267,17.06172],[106.47062,17.06071],[106.47067,17.06013],[106.47217,17.05959],[106.47251,17.05708],[106.47103,17.05475],[106.47128,17.05394],[106.47354,17.0529],[106.47462,17.05162],[106.4742,17.04991],[106.47484,17.04788],[106.47397,17.04577],[106.47183,17.04464],[106.46996,17.04501],[106.46711,17.04409],[106.46524,17.04568],[106.46433,17.04549],[106.46118,17.04672],[106.45896,17.04725],[106.45787,17.04628],[106.45802,17.04414],[106.45686,17.04114],[106.45654,17.03898],[106.45577,17.03887],[106.45432,17.03951],[106.45118,17.03763],[106.44927,17.0369],[106.44929,17.03489],[106.44973,17.03387],[106.44795,17.0327],[106.44657,17.02786],[106.44472,17.0271],[106.44447,17.02456],[106.44548,17.02368],[106.44495,17.02207],[106.44598,17.02125],[106.44608,17.01993],[106.44715,17.01805],[106.44642,17.01642],[106.44653,17.0151],[106.44416,17.01298],[106.44402,17.01225],[106.44458,17.01069],[106.44614,17.00816],[106.44465,17.00859],[106.44368,17.00952],[106.44093,17.01139],[106.43999,17.01019],[106.43908,17.01063],[106.43733,17.01041],[106.43661,17.00997],[106.43544,17.01036],[106.4337,17.00902],[106.43372,17.00741],[106.43301,17.00655],[106.43187,17.0071],[106.4308,17.006],[106.42935,17.00596],[106.42851,17.00664]],[[106.67613,17.36595],[106.6774,17.3663],[106.68083,17.36671],[106.68324,17.36718],[106.68442,17.36711],[106.68757,17.3664],[106.68826,17.36647]]]},"properties":{"shield":"QL.9B","net":"ql","tier":"major"}},{"type":"Feature","geometry":{"type":"MultiLineString","coordinates":[[[106.64148,17.03846],[106.64243,17.03936],[106.64353,17.0391],[106.64479,17.04027],[106.64798,17.03944],[106.64982,17.04014],[106.6513,17.04178],[106.65374,17.04386],[106.65533,17.04487],[106.65561,17.04565],[106.65507,17.04726],[106.65725,17.04809],[106.65787,17.04877],[106.65736,17.05019],[106.65799,17.05094],[106.65893,17.05061],[106.66038,17.05082],[106.66112,17.05174],[106.66272,17.05192],[106.66368,17.05279],[106.66551,17.05315],[106.66907,17.05344],[106.67042,17.05481],[106.67206,17.05577],[106.67452,17.05797],[106.67409,17.05947],[106.67418,17.06129],[106.67335,17.06256],[106.67372,17.06336],[106.6753,17.06404],[106.67694,17.06416],[106.67829,17.065],[106.67922,17.06446],[106.68079,17.06455],[106.68131,17.065],[106.68076,17.06724],[106.68225,17.06789],[106.68361,17.06663],[106.68569,17.06644],[106.68676,17.06575],[106.68756,17.06693],[106.68887,17.06744],[106.69004,17.0666],[106.69098,17.06738],[106.69235,17.06698],[106.69453,17.06903],[106.69646,17.06912],[106.69796,17.07016],[106.69911,17.06926],[106.70209,17.06941],[106.70351,17.06874],[106.70423,17.06912],[106.70443,17.07139],[106.70697,17.073],[106.70798,17.07507],[106.70936,17.07463],[106.71001,17.07373],[106.71139,17.07409],[106.71126,17.07538],[106.71197,17.07557],[106.71353,17.07365],[106.71484,17.07438],[106.71664,17.07469],[106.71836,17.07459],[106.72104,17.07498],[106.72217,17.07568],[106.72298,17.07768],[106.72545,17.08027],[106.72691,17.08062],[106.72916,17.07902],[106.72964,17.07783],[106.73223,17.07618],[106.73359,17.07655],[106.73295,17.0782],[106.73511,17.07986],[106.73659,17.08175],[106.73752,17.08205],[106.73941,17.08387],[106.74117,17.08448],[106.74196,17.0852],[106.74211,17.08648],[106.74302,17.08752],[106.74446,17.0879],[106.74757,17.08945],[106.74909,17.09075],[106.74945,17.09211],[106.75064,17.09265],[106.75148,17.09378],[106.75113,17.09751],[106.7505,17.09908],[106.74838,17.10011],[106.74809,17.10078],[106.7488,17.10527],[106.7498,17.10644],[106.75157,17.10751],[106.75282,17.11036],[106.75301,17.11153],[106.75161,17.11617],[106.75166,17.1172],[106.7527,17.12065],[106.75214,17.12236],[106.75078,17.12367],[106.749,17.1263],[106.74616,17.12854],[106.7451,17.12991],[106.74467,17.13222],[106.74486,17.13293],[106.74663,17.13462],[106.7479,17.13684],[106.74783,17.13783],[106.74664,17.14019],[106.74616,17.14302],[106.74662,17.14837],[106.74688,17.1491],[106.74835,17.15047],[106.74982,17.15128],[106.75071,17.15278],[106.75271,17.15707],[106.75279,17.15724],[106.75481,17.16179],[106.7547,17.16377],[106.75401,17.16507],[106.75176,17.16757],[106.75157,17.1689],[106.75172,17.17169],[106.75412,17.17533],[106.75544,17.1776],[106.75691,17.17934],[106.76006,17.18147],[106.76293,17.18426],[106.76251,17.18646],[106.76737,17.18749],[106.77016,17.18779],[106.77401,17.1888],[106.77538,17.18879],[106.7817,17.19063],[106.78362,17.1923],[106.78508,17.19268],[106.78707,17.20233],[106.78983,17.21534],[106.78986,17.21545],[106.79087,17.21909],[106.79308,17.22189]],[[106.81883,17.25628],[106.81735,17.25479],[106.81081,17.24956],[106.80861,17.24834],[106.81093,17.24944],[106.81749,17.25471],[106.81896,17.25619]],[[106.79375,17.22273],[106.8002,17.23083],[106.80087,17.23242],[106.80186,17.23842],[106.80398,17.24289],[106.80861,17.24834]]]},"properties":{"shield":"QL.9C","net":"ql","tier":"major"}},{"type":"Feature","geometry":{"type":"MultiLineString","coordinates":[[[107.01513,17.05951],[107.01522,17.05958],[107.02001,17.06412],[107.02144,17.06446],[107.0294,17.06883],[107.03144,17.06947],[107.03658,17.06926],[107.0379,17.06897],[107.04256,17.06671],[107.04723,17.06547],[107.04793,17.06569],[107.04997,17.0677],[107.05107,17.07002],[107.05243,17.07062],[107.05549,17.07271],[107.05637,17.07267],[107.05892,17.07121],[107.06027,17.07092],[107.06449,17.06883],[107.06607,17.06693],[107.0673,17.06656],[107.06901,17.06716],[107.07118,17.06319],[107.07289,17.06302],[107.07434,17.06532],[107.07654,17.0651],[107.07948,17.06614],[107.0817,17.06661],[107.0862,17.06835],[107.08762,17.06818],[107.09053,17.06686],[107.09244,17.06682],[107.09367,17.06629],[107.09377,17.06546],[107.09807,17.06531],[107.09985,17.0651],[107.10196,17.06404],[107.10397,17.06391],[107.10494,17.06276],[107.10489,17.06091],[107.10429,17.0592],[107.10369,17.05902],[107.10514,17.05491],[107.10446,17.05125],[107.1042,17.04649],[107.10501,17.04427],[107.10497,17.04242],[107.10569,17.03869],[107.1057,17.03733],[107.10688,17.03547],[107.10869,17.03431],[107.10939,17.03038],[107.11065,17.02856],[107.1114,17.02647],[107.11,17.02471],[107.10934,17.02267],[107.10946,17.02091],[107.11107,17.01833],[107.1106,17.01724],[107.10797,17.01781],[107.10625,17.0179],[107.10503,17.01659],[107.1045,17.01464],[107.10667,17.01383]],[[107.11044,17.01248],[107.11132,17.01211],[107.11268,17.00881],[107.11337,17.00633],[107.11606,17.00062],[107.12008,16.99433],[107.12519,16.98521],[107.12742,16.98288],[107.12994,16.9794],[107.13137,16.97606],[107.13778,16.96821],[107.13958,16.96537],[107.14363,16.96018],[107.14511,16.95671],[107.14859,16.95403],[107.15081,16.95187],[107.1533,16.94805],[107.15442,16.94675],[107.17161,16.92604],[107.17245,16.92514],[107.18296,16.91661],[107.18417,16.91553],[107.18874,16.91037]],[[106.988,17.08762],[106.98792,17.08759],[106.9836,17.08602],[106.98276,17.08546],[106.97961,17.08245],[106.97929,17.08167],[106.97937,17.07951],[106.9791,17.07829],[106.97672,17.07337],[106.97628,17.07195],[106.9746,17.06865],[106.96806,17.06157],[106.96753,17.06134],[106.9643,17.06132],[106.96101,17.05682],[106.96034,17.05664],[106.94966,17.05729],[106.94868,17.0572],[106.94121,17.05414],[106.94002,17.05347],[106.92968,17.04518],[106.92819,17.04426],[106.92289,17.0423],[106.92172,17.04173],[106.91941,17.03992],[106.91601,17.03847],[106.91538,17.03709],[106.9156,17.03486],[106.91471,17.02922],[106.91427,17.02817],[106.91143,17.02537],[106.91011,17.02468],[106.9084,17.02427],[106.90823,17.02425],[106.90527,17.02378],[106.90318,17.02282],[106.90207,17.02176]]]},"properties":{"shield":"QL.9D","net":"ql","tier":"major"}},{"type":"Feature","geometry":{"type":"MultiLineString","coordinates":[[[106.60453,17.46694],[106.61012,17.46908]],[[106.60441,17.4667],[106.60351,17.46646],[106.60108,17.46649],[106.59848,17.4659]],[[106.62224,17.47103],[106.61842,17.47006],[106.61389,17.4692]],[[106.62218,17.47119],[106.6184,17.47017],[106.61376,17.46936]],[[106.61034,17.46901],[106.60462,17.46677]],[[106.59849,17.46603],[106.60106,17.46654],[106.6035,17.46652],[106.60435,17.46686]],[[106.4444,17.33688],[106.44564,17.33472],[106.44677,17.33417],[106.44832,17.33529],[106.44878,17.33714],[106.44863,17.33891],[106.44914,17.34012],[106.45038,17.34113],[106.4524,17.34076],[106.45418,17.33895],[106.45603,17.33779],[106.45602,17.33673],[106.45447,17.33494],[106.45591,17.3345],[106.45739,17.33492],[106.45878,17.33634],[106.45977,17.33846],[106.4618,17.33936],[106.46272,17.3393],[106.46363,17.33678],[106.46561,17.33476],[106.46816,17.33538],[106.46892,17.3369],[106.47067,17.33829],[106.47098,17.3391],[106.47206,17.33956],[106.47262,17.34078],[106.47217,17.34158],[106.47307,17.34246],[106.4727,17.3453],[106.47399,17.34615],[106.47517,17.34587],[106.47549,17.3468],[106.47664,17.34753],[106.47586,17.34887],[106.47714,17.34981],[106.47854,17.34956],[106.47845,17.35119],[106.47739,17.35179],[106.47763,17.3527],[106.47929,17.3537],[106.47981,17.35608],[106.48141,17.3561],[106.48291,17.35684],[106.48396,17.35609],[106.48676,17.35867],[106.48486,17.36063],[106.48572,17.36153],[106.48481,17.36227],[106.48481,17.36389],[106.48352,17.36545],[106.48504,17.36697],[106.48389,17.36927],[106.48504,17.36976],[106.48406,17.37164],[106.48303,17.37274],[106.48249,17.37525],[106.48055,17.37558],[106.48072,17.37725],[106.48201,17.37943],[106.48218,17.3803],[106.4835,17.38171],[106.48314,17.38289],[106.48191,17.38441],[106.48082,17.38453],[106.48039,17.38574],[106.48145,17.38677],[106.48089,17.38791],[106.48118,17.38895],[106.48006,17.3914],[106.47978,17.39405],[106.47915,17.3949],[106.47931,17.39782],[106.48003,17.39837],[106.47949,17.40086],[106.47826,17.40221],[106.47792,17.40374],[106.47758,17.40747],[106.47809,17.40826],[106.4772,17.41074],[106.4765,17.41185],[106.4762,17.41398],[106.47639,17.4153],[106.47587,17.41779],[106.47653,17.41837],[106.47644,17.4197],[106.47518,17.42133],[106.47547,17.42264],[106.47678,17.42539],[106.47761,17.42584],[106.47864,17.42773],[106.47883,17.43225],[106.47912,17.4328],[106.4823,17.43489],[106.48349,17.43493],[106.48603,17.43676],[106.49116,17.44009],[106.49218,17.44148],[106.49371,17.44247],[106.50086,17.44936],[106.50097,17.44996],[106.49794,17.45311],[106.4976,17.45411],[106.49838,17.45708],[106.49971,17.46064],[106.50153,17.4631],[106.50476,17.46411],[106.50895,17.46866],[106.5092,17.4695],[106.50798,17.47116],[106.51156,17.47395],[106.51329,17.48008],[106.51379,17.4804],[106.51836,17.47983],[106.51855,17.47981],[106.51978,17.48008],[106.52395,17.48231],[106.52474,17.48255],[106.53182,17.4839]],[[106.53965,17.48505],[106.54859,17.48638],[106.5591,17.48423],[106.56084,17.4845],[106.56506,17.48627],[106.56632,17.48645],[106.57542,17.48524],[106.576,17.48508],[106.57917,17.48224],[106.58044,17.48131],[106.58467,17.47951],[106.58974,17.47435],[106.59471,17.46932]],[[106.59825,17.4666],[106.59771,17.46877],[106.59536,17.46916]],[[106.63011,17.47319],[106.62439,17.47168]]]},"properties":{"shield":"QL.9E","net":"ql","tier":"major"}},{"type":"Feature","geometry":{"type":"MultiLineString","coordinates":[[[106.31936,17.61137],[106.31715,17.60996],[106.31576,17.60878],[106.31445,17.60873],[106.31202,17.60976],[106.30925,17.61037],[106.30667,17.61137],[106.30567,17.61159],[106.30504,17.61134],[106.30184,17.60873],[106.29894,17.60454],[106.29844,17.60347],[106.29688,17.60168],[106.29411,17.59961],[106.29235,17.59851],[106.29006,17.59752],[106.286,17.59466],[106.28765,17.59301],[106.29008,17.59163],[106.29293,17.59085],[106.2962,17.58952],[106.30162,17.58898],[106.30367,17.58951],[106.30552,17.58772],[106.30551,17.58517],[106.30803,17.5829],[106.30829,17.58235],[106.30843,17.57775],[106.30785,17.57634],[106.30788,17.57518],[106.30639,17.57334],[106.30457,17.56922],[106.30233,17.56595],[106.30268,17.56444],[106.30071,17.56187],[106.30024,17.55898],[106.30067,17.55729],[106.30028,17.55618],[106.30074,17.55463],[106.30158,17.5533],[106.30161,17.55197],[106.30088,17.55089],[106.29902,17.55033],[106.29862,17.54955],[106.29729,17.54892],[106.29314,17.54558],[106.29222,17.54395],[106.29125,17.54372],[106.28998,17.54264],[106.28826,17.54262],[106.28721,17.54135],[106.28718,17.54477],[106.28577,17.54409],[106.28583,17.54327],[106.28316,17.54027],[106.28238,17.53852],[106.28199,17.53648],[106.27984,17.53314],[106.27914,17.53011],[106.27631,17.52615],[106.27398,17.52536],[106.27317,17.52463],[106.27348,17.52292],[106.27276,17.52163],[106.27312,17.51993],[106.27229,17.51901],[106.27027,17.51755],[106.26946,17.51569],[106.26949,17.51494],[106.26826,17.51373],[106.26628,17.51105],[106.26531,17.50883],[106.26536,17.50792],[106.26412,17.50688],[106.26419,17.50598],[106.26328,17.5041],[106.26205,17.50355],[106.2612,17.50377],[106.25934,17.50151],[106.25847,17.50118],[106.25788,17.49985],[106.25806,17.49904],[106.2573,17.49828],[106.25781,17.49686],[106.25771,17.49564],[106.25625,17.4946],[106.25526,17.49342],[106.25439,17.49176],[106.25272,17.4909],[106.25277,17.48993],[106.25219,17.48824],[106.25145,17.4875],[106.25148,17.4865],[106.24943,17.48508],[106.24874,17.48256],[106.24713,17.48118],[106.24644,17.48],[106.24546,17.47927],[106.24316,17.47646],[106.24154,17.47681],[106.24059,17.47575],[106.23987,17.47575],[106.23814,17.47452],[106.23763,17.47295],[106.23664,17.47304],[106.2356,17.47382],[106.23485,17.47173],[106.23352,17.46978],[106.23078,17.46801],[106.22955,17.46584],[106.2282,17.46435],[106.22436,17.46293],[106.22297,17.46191],[106.22313,17.46087],[106.22142,17.46001],[106.22187,17.45909],[106.22073,17.45802],[106.21939,17.45779],[106.21853,17.45588],[106.21864,17.45484],[106.21775,17.45164],[106.21676,17.45067],[106.21926,17.449],[106.22177,17.45072],[106.22216,17.44789],[106.22441,17.44777],[106.22591,17.44892],[106.22726,17.45055],[106.22835,17.45102],[106.23032,17.45094],[106.23099,17.44909],[106.23222,17.44808],[106.23182,17.44649],[106.23047,17.4445],[106.23008,17.44161],[106.23331,17.43977],[106.23467,17.43773],[106.23628,17.43778],[106.23654,17.43649],[106.23623,17.43523],[106.23522,17.43453],[106.23193,17.43451],[106.2319,17.43372],[106.23043,17.4322],[106.23064,17.43153],[106.23226,17.43153],[106.23341,17.43094],[106.23424,17.42995],[106.23418,17.42881],[106.22864,17.42493],[106.22632,17.42457],[106.22311,17.42288],[106.22078,17.42097],[106.22007,17.42111],[106.21916,17.42008],[106.22138,17.41885],[106.22338,17.41577],[106.22099,17.4127],[106.21937,17.40944],[106.21926,17.40693],[106.21772,17.40549],[106.21905,17.40461],[106.21773,17.40103],[106.2171,17.39778],[106.21749,17.39666],[106.21655,17.39499],[106.21525,17.39522],[106.21439,17.39413],[106.21453,17.39315],[106.21691,17.39152],[106.21758,17.38963],[106.21748,17.38814],[106.21265,17.38767],[106.21089,17.38505],[106.21068,17.38243],[106.21083,17.3805],[106.21275,17.37856],[106.21444,17.37805],[106.21615,17.37597],[106.2181,17.3755],[106.22094,17.37421],[106.22354,17.37341],[106.22313,17.37161],[106.22123,17.3703],[106.22306,17.3701],[106.22378,17.36949],[106.22339,17.36865],[106.22232,17.36812],[106.22059,17.36849],[106.22002,17.36805],[106.21917,17.36625],[106.21809,17.36598],[106.21618,17.36676],[106.21529,17.36641],[106.21408,17.36505],[106.213,17.36436],[106.21441,17.36345],[106.21323,17.3629],[106.21196,17.36321],[106.21181,17.36133],[106.21043,17.36021],[106.21129,17.35886],[106.21037,17.35872],[106.21046,17.35616],[106.2102,17.35569],[106.21124,17.35346],[106.21077,17.35235],[106.20943,17.35191],[106.2091,17.3525],[106.20655,17.35295],[106.20586,17.35207],[106.20612,17.35046],[106.20683,17.34965],[106.20572,17.34792],[106.20723,17.34697],[106.20857,17.34654],[106.2096,17.3467],[106.20962,17.34554],[106.20771,17.34538],[106.20567,17.34447],[106.20378,17.34448],[106.20344,17.34304],[106.2021,17.34382],[106.20182,17.34249],[106.19954,17.34283],[106.19782,17.34164],[106.19913,17.3393],[106.20117,17.33886],[106.20238,17.33748],[106.20133,17.33434],[106.20108,17.33172],[106.20276,17.32954],[106.20171,17.32896],[106.20083,17.32754],[106.20084,17.32599],[106.19991,17.32582],[106.19954,17.32362],[106.20067,17.3195],[106.20167,17.31801],[106.20126,17.31741],[106.20324,17.31408],[106.20329,17.31305],[106.20418,17.31196],[106.20408,17.31011],[106.20439,17.30863],[106.20358,17.30502],[106.20416,17.30399],[106.20386,17.30293],[106.20438,17.30234],[106.20433,17.30006],[106.20607,17.29946],[106.20834,17.30002],[106.20746,17.29773],[106.20754,17.29595],[106.20905,17.29536],[106.20939,17.294],[106.20846,17.29249],[106.20628,17.29035],[106.20434,17.28956],[106.20354,17.28988],[106.20335,17.28756],[106.20182,17.28631],[106.20145,17.28526],[106.20058,17.28494],[106.19947,17.28572],[106.19804,17.28414],[106.19689,17.28412],[106.19674,17.28237],[106.19535,17.28227],[106.19466,17.2839],[106.1938,17.28386],[106.1937,17.28631],[106.19137,17.28704],[106.19063,17.2842],[106.19105,17.28317],[106.19084,17.28162]],[[106.3193,17.61146],[106.31707,17.61005],[106.31578,17.60887],[106.31454,17.60879],[106.31205,17.60985],[106.30929,17.61045],[106.30665,17.61144],[106.30572,17.61167],[106.30504,17.61134]]]},"properties":{"shield":"QL.9G","net":"ql","tier":"major"}},{"type":"Feature","geometry":{"type":"MultiLineString","coordinates":[[[106.02345,17.88524],[106.02521,17.88216],[106.02617,17.88154],[106.03088,17.87995],[106.03688,17.87594],[106.03893,17.87317],[106.04128,17.87153],[106.04457,17.86803],[106.0468,17.86616],[106.05055,17.86451],[106.05227,17.86352],[106.0543,17.86367],[106.05565,17.86331],[106.0585,17.8616],[106.06219,17.86023],[106.06516,17.85686],[106.06605,17.85613],[106.06627,17.85483],[106.06773,17.85416],[106.06996,17.85376],[106.07262,17.85192],[106.07544,17.84868],[106.08339,17.8436],[106.08758,17.8383],[106.08902,17.83757],[106.0912,17.83517],[106.09253,17.83408],[106.09866,17.83222],[106.10159,17.83189],[106.10605,17.82907],[106.10802,17.82821],[106.1097,17.82659],[106.11094,17.82575],[106.11301,17.82533],[106.11513,17.82612],[106.11721,17.82863],[106.12865,17.83772],[106.12904,17.83794],[106.14289,17.84183],[106.14438,17.84251],[106.14677,17.844],[106.14907,17.84201],[106.1541,17.84195],[106.15737,17.84104],[106.16013,17.83984],[106.16289,17.83775],[106.16579,17.83583],[106.1685,17.83156],[106.16898,17.82936],[106.17033,17.82698],[106.17103,17.82454],[106.17188,17.82368],[106.17361,17.82348],[106.17781,17.82522],[106.1797,17.82368],[106.18205,17.82094],[106.18594,17.81991],[106.18777,17.82025],[106.19141,17.81966],[106.20813,17.81666],[106.21102,17.81542],[106.21417,17.81377],[106.21908,17.81035],[106.22364,17.80586],[106.22825,17.80164],[106.23248,17.79918],[106.23403,17.79906],[106.23747,17.79932],[106.23886,17.7998],[106.24073,17.79974],[106.25667,17.79355],[106.25927,17.7932],[106.2613,17.79263],[106.26523,17.7923],[106.26764,17.79155],[106.27082,17.79014],[106.2757,17.78947],[106.27779,17.78933],[106.28472,17.78937],[106.28683,17.78888],[106.28905,17.78939],[106.29135,17.78948],[106.29464,17.78897],[106.29957,17.78672],[106.30344,17.78263],[106.30411,17.78218],[106.31217,17.77939],[106.31751,17.77819],[106.3199,17.77698],[106.3228,17.77479],[106.32928,17.77203],[106.33343,17.77107],[106.33476,17.77107],[106.34326,17.77316],[106.34655,17.77278],[106.35056,17.77073],[106.35548,17.76936],[106.36723,17.76768],[106.36878,17.76713],[106.37487,17.76422],[106.37501,17.76416],[106.37673,17.76389],[106.37938,17.76407],[106.38366,17.76384],[106.39505,17.76101],[106.40756,17.75784],[106.41349,17.75711],[106.41774,17.75678],[106.43056,17.75686],[106.43104,17.75678],[106.43539,17.75477],[106.44071,17.75201],[106.44158,17.75176]],[[106.44156,17.75162],[106.44064,17.75189],[106.43531,17.75464],[106.43036,17.75672],[106.41773,17.75663],[106.41349,17.75711]],[[105.76549,17.67328],[105.76737,17.67471],[105.76766,17.67556],[105.76704,17.67725],[105.76516,17.67993],[105.76441,17.68375],[105.7651,17.6874],[105.76485,17.69051],[105.76533,17.69229],[105.76538,17.69648],[105.76491,17.69822],[105.7652,17.6989],[105.76494,17.70046],[105.76526,17.70172],[105.76619,17.70248],[105.76875,17.70638],[105.76864,17.70892],[105.76774,17.70995],[105.76853,17.71128],[105.76793,17.71212],[105.76771,17.71365],[105.76863,17.71614],[105.76968,17.71691],[105.77004,17.71783],[105.76999,17.71947],[105.76901,17.72025],[105.76839,17.72232],[105.76887,17.72438],[105.7718,17.72684],[105.77597,17.72967],[105.77681,17.73126],[105.77635,17.73225],[105.77521,17.73207],[105.7739,17.73379],[105.77387,17.73526],[105.77503,17.73547],[105.77633,17.73413],[105.77779,17.7347],[105.77914,17.73442],[105.7799,17.73498],[105.77988,17.73639],[105.77931,17.7378],[105.77848,17.73838],[105.77861,17.74067],[105.77745,17.74109],[105.7754,17.74039],[105.77368,17.7406],[105.77294,17.74212],[105.77338,17.74355],[105.77432,17.74451],[105.7729,17.74554],[105.77177,17.74472],[105.77094,17.74539],[105.77191,17.74932],[105.77102,17.74988],[105.77158,17.75111],[105.77054,17.75336],[105.7688,17.75383],[105.76878,17.75627],[105.76986,17.75798],[105.77066,17.75795],[105.77282,17.75653],[105.7741,17.75826],[105.77364,17.75915],[105.7735,17.76153],[105.77281,17.76371],[105.77323,17.7662],[105.77479,17.7673],[105.77475,17.76798],[105.77316,17.76894],[105.77325,17.76989],[105.77412,17.77062],[105.77548,17.77274],[105.77623,17.77452],[105.77609,17.7762],[105.77549,17.77699],[105.77552,17.77997],[105.77492,17.78231],[105.77553,17.7835],[105.77791,17.7844],[105.78001,17.78653],[105.78093,17.78881],[105.78214,17.79077],[105.78336,17.79223],[105.78335,17.79433],[105.78144,17.79546],[105.78112,17.79698],[105.78182,17.79808],[105.78192,17.79972],[105.77837,17.80374],[105.77822,17.80492],[105.7786,17.80674],[105.77742,17.80981],[105.77763,17.81074],[105.77671,17.81283],[105.77518,17.81357],[105.77481,17.81579],[105.77511,17.81744],[105.77699,17.81888],[105.78088,17.82243],[105.78139,17.82353],[105.78093,17.82554],[105.77954,17.82566],[105.77975,17.82685],[105.78107,17.82841],[105.78223,17.82867],[105.78281,17.83037],[105.78155,17.83317],[105.78277,17.83403],[105.78367,17.83688],[105.7838,17.83828],[105.78572,17.83919],[105.7868,17.84073],[105.78996,17.84256],[105.79059,17.84402],[105.79175,17.84768],[105.79366,17.84893],[105.79429,17.84992],[105.7952,17.84938],[105.79533,17.84813],[105.796,17.84742],[105.79867,17.84656],[105.79914,17.8452],[105.80035,17.8453],[105.80156,17.84718],[105.8041,17.84524],[105.80479,17.84531],[105.80504,17.84677],[105.80418,17.84754],[105.80386,17.84891],[105.80304,17.85042],[105.80353,17.85448],[105.80455,17.85641],[105.80489,17.86052],[105.80656,17.86136],[105.80666,17.86222],[105.80445,17.86355],[105.80393,17.86555],[105.80275,17.86595],[105.80259,17.87015],[105.80409,17.87072],[105.80369,17.87269],[105.80443,17.87402],[105.80462,17.87628],[105.8037,17.87696],[105.8053,17.87961],[105.8052,17.88103],[105.80575,17.88151],[105.80544,17.88273],[105.80559,17.88427],[105.8052,17.88559],[105.80617,17.88779],[105.80551,17.88892],[105.80664,17.8918],[105.80703,17.89353],[105.80968,17.89372],[105.81076,17.89528],[105.81083,17.89732],[105.81015,17.89973],[105.81194,17.90033],[105.81228,17.90146],[105.81145,17.90488],[105.81186,17.90603],[105.81328,17.90537],[105.81427,17.90582],[105.81487,17.90731],[105.8155,17.90749],[105.81625,17.90627],[105.81722,17.90583],[105.81865,17.90585],[105.82103,17.90662],[105.82231,17.90671],[105.82341,17.90564]]]},"properties":{"shield":"QL.12A","net":"ql","tier":"major"}},{"type":"Feature","geometry":{"type":"LineString","coordinates":[[105.82354,17.90501],[105.82306,17.9039],[105.8242,17.90145],[105.82566,17.89936],[105.826,17.89772],[105.82601,17.89528],[105.82441,17.89384],[105.82395,17.89239],[105.82543,17.89113],[105.83137,17.88977],[105.83557,17.88857],[105.83788,17.88716],[105.83832,17.88584],[105.83753,17.88387],[105.83958,17.8822],[105.84051,17.88058],[105.84267,17.88098],[105.84373,17.88012],[105.84379,17.87851],[105.84315,17.8766],[105.84336,17.87556],[105.84416,17.87513],[105.84591,17.87509],[105.8467,17.87551],[105.8508,17.8789],[105.85215,17.87978],[105.85427,17.8799],[105.85579,17.88039],[105.86027,17.87835],[105.86309,17.87628],[105.86575,17.87503],[105.86707,17.87484],[105.86862,17.87376],[105.87021,17.8716],[105.87045,17.87007],[105.87167,17.86885],[105.87273,17.86629],[105.87467,17.86328],[105.8749,17.86249],[105.87549,17.85756],[105.87529,17.85603],[105.87594,17.85284],[105.87672,17.8518],[105.88249,17.84825],[105.88426,17.84654],[105.88621,17.84272],[105.88774,17.8394],[105.88837,17.83615],[105.89129,17.82924],[105.8937,17.81384],[105.89518,17.80674],[105.89603,17.8053],[105.90473,17.79701],[105.90626,17.79585],[105.90932,17.78984],[105.91119,17.78785],[105.91334,17.78718],[105.91433,17.78596],[105.91623,17.78517],[105.91837,17.78524],[105.92014,17.78492],[105.92204,17.78392],[105.92497,17.78297],[105.92674,17.7817],[105.92793,17.78157],[105.92958,17.78024],[105.93021,17.77713],[105.93201,17.77511],[105.93563,17.77381],[105.94006,17.76999],[105.94213,17.76855],[105.94858,17.76473],[105.94918,17.76374],[105.94929,17.76163]]},"properties":{"shield":"QL.12A · HCM","net":"ql","tier":"major"}},{"type":"Feature","geometry":{"type":"LineString","coordinates":[[105.95807,17.86375],[105.95702,17.86605],[105.95544,17.86797],[105.95461,17.86982],[105.95555,17.8705],[105.95639,17.86986],[105.95723,17.87053],[105.95709,17.87188],[105.95775,17.87313],[105.96102,17.87324],[105.9639,17.87374],[105.9658,17.87335],[105.96639,17.87489],[105.96855,17.87486],[105.96769,17.8769],[105.96774,17.87873],[105.96864,17.87917],[105.97038,17.87885],[105.97106,17.87818],[105.97239,17.87866],[105.97423,17.87871],[105.97412,17.88011],[105.97444,17.88168],[105.97639,17.88314],[105.98239,17.88512],[105.98396,17.88552],[105.98492,17.88647],[105.98717,17.88709],[105.9883,17.88677],[105.98991,17.88712],[105.9912,17.88579],[105.99237,17.88407],[105.99296,17.88378],[105.99597,17.88407],[105.99717,17.88331],[105.99841,17.884],[106.00082,17.88414],[106.00345,17.88279],[106.00467,17.88252],[106.00832,17.88388],[106.01404,17.88477],[106.0153,17.88542],[106.01742,17.88722],[106.02013,17.88694],[106.02279,17.88524]]},"properties":{"shield":"QL.12A · QL.12C · QL.15","net":"ql","tier":"major"}},{"type":"Feature","geometry":{"type":"LineString","coordinates":[[105.94929,17.76163],[105.95263,17.7595],[105.95407,17.75879],[105.95739,17.75646],[105.95958,17.75694],[105.96274,17.7592],[105.96513,17.75934],[105.9671,17.75875],[105.96873,17.75859],[105.96968,17.75775],[105.97267,17.75694],[105.97475,17.75669],[105.9758,17.75695],[105.97721,17.75841],[105.97824,17.75898],[105.97961,17.76034],[105.98213,17.76041],[105.9832,17.76118],[105.98559,17.76423],[105.9886,17.76553],[105.98941,17.76782],[105.98927,17.76963],[105.99054,17.77072],[105.99234,17.7757],[105.9921,17.77621],[105.98432,17.78402],[105.98282,17.78563],[105.98083,17.78848],[105.97692,17.79343],[105.97546,17.79482],[105.97393,17.79787],[105.9724,17.79984],[105.96951,17.80667],[105.9685,17.80995],[105.96787,17.81066],[105.96803,17.81279],[105.96732,17.81541],[105.96466,17.82327],[105.96288,17.82785],[105.9611,17.83329],[105.9609,17.83594],[105.9602,17.8421],[105.96151,17.84426],[105.96141,17.8454],[105.95996,17.84734],[105.95948,17.85043],[105.96016,17.85193],[105.96023,17.85307],[105.95884,17.85581],[105.95946,17.85729],[105.96046,17.86086],[105.96037,17.86158],[105.95911,17.8624],[105.95807,17.86375]]},"properties":{"shield":"QL.12A · QL.15","net":"ql","tier":"major"}},{"type":"Feature","geometry":{"type":"MultiLineString","coordinates":[[[105.85427,17.8799],[105.85452,17.88164],[105.85661,17.88349],[105.85831,17.88325],[105.85902,17.88386],[105.85858,17.88493],[105.85936,17.88655],[105.86051,17.88717],[105.86194,17.88693],[105.86351,17.88781],[105.86376,17.88923],[105.86569,17.89081],[105.86657,17.89307],[105.86842,17.89559],[105.86875,17.89689],[105.86949,17.89763],[105.87024,17.9015],[105.87144,17.90307],[105.87121,17.90494],[105.87045,17.90592],[105.87074,17.90707],[105.87265,17.90725],[105.87584,17.90975],[105.8778,17.91092],[105.87861,17.91094],[105.87994,17.91015],[105.88321,17.91239],[105.88564,17.91188],[105.88651,17.91109],[105.88625,17.90914],[105.88763,17.90765],[105.88937,17.90687],[105.89005,17.90805],[105.89247,17.90866],[105.89355,17.91025],[105.89443,17.90969],[105.89436,17.90823],[105.89583,17.90767],[105.89656,17.90884],[105.8993,17.90867],[105.90014,17.90719],[105.89944,17.90595],[105.90019,17.90419],[105.90097,17.90381],[105.90246,17.90415],[105.90489,17.90571],[105.90614,17.90625],[105.90728,17.90544],[105.90926,17.90496],[105.91087,17.90205],[105.91179,17.89952],[105.91264,17.89825],[105.91228,17.89596],[105.9161,17.89075],[105.9174,17.8897],[105.92357,17.88978],[105.92408,17.88937],[105.92617,17.88466],[105.92657,17.88412],[105.92872,17.88288],[105.93111,17.88355],[105.93228,17.88448],[105.93638,17.88263],[105.93795,17.88071],[105.94087,17.87673],[105.94168,17.87312],[105.9447,17.86958],[105.9481,17.86686],[105.95238,17.8625],[105.95492,17.8617],[105.95754,17.86317],[105.95807,17.86375]],[[106.04892,17.95656],[106.04772,17.95648],[106.04667,17.95709],[106.04308,17.9585],[106.04168,17.95945],[106.03932,17.96002],[106.03844,17.96124],[106.03727,17.96154],[106.03492,17.96126],[106.03301,17.96301],[106.03244,17.96496],[106.03141,17.96547],[106.0295,17.96512],[106.02828,17.96413],[106.02447,17.96326],[106.02383,17.96241],[106.02467,17.9605],[106.02354,17.95921],[106.02357,17.95808],[106.02495,17.95725],[106.02473,17.95666],[106.0229,17.95629],[106.02217,17.9555],[106.02332,17.94908],[106.02631,17.94836],[106.02804,17.94746],[106.02829,17.94563],[106.02923,17.94504],[106.02989,17.9439],[106.03122,17.94384],[106.03192,17.94238],[106.03175,17.94055],[106.03091,17.93994],[106.02995,17.93832],[106.03004,17.93713],[106.02911,17.93595],[106.02948,17.93436],[106.03068,17.93146],[106.03035,17.93085],[106.02901,17.9304],[106.02942,17.9289],[106.02932,17.92754],[106.02841,17.92641],[106.02703,17.92713],[106.02603,17.92677],[106.02595,17.92553],[106.02503,17.92432],[106.02325,17.92452],[106.02237,17.92263],[106.02273,17.92195],[106.02322,17.91872],[106.02406,17.91755],[106.02408,17.91483],[106.0249,17.91312],[106.02392,17.91251],[106.01947,17.91061],[106.0189,17.9092],[106.01923,17.90811],[106.02217,17.90519],[106.0224,17.90427],[106.02073,17.90067],[106.02109,17.90001],[106.0231,17.89815],[106.0261,17.89404],[106.02633,17.89292],[106.02551,17.88978],[106.02588,17.88862],[106.02727,17.88731],[106.02692,17.88627],[106.0249,17.88511],[106.02345,17.88524]]]},"properties":{"shield":"QL.12C","net":"ql","tier":"major"}},{"type":"Feature","geometry":{"type":"LineString","coordinates":[[107.05902,16.38745],[107.05751,16.38516],[107.05572,16.38451],[107.0546,16.38261],[107.05281,16.38208],[107.0518,16.38248],[107.05047,16.38364],[107.0453,16.38081],[107.04412,16.37965],[107.04137,16.37573],[107.041,16.37424],[107.03905,16.37229],[107.03669,16.37196],[107.03448,16.37197],[107.03285,16.37073],[107.03081,16.3709],[107.0298,16.37058],[107.02835,16.3688],[107.02713,16.368],[107.02454,16.36696],[107.02319,16.36603],[107.01789,16.363],[107.01688,16.3641],[107.0171,16.36666],[107.01653,16.37127],[107.01594,16.37253],[107.01384,16.37377],[107.01183,16.37441],[107.00347,16.37413],[107.00118,16.37568],[107.00067,16.37844],[107.00071,16.38125],[107.00041,16.38404],[106.99966,16.38581],[106.99831,16.38781],[106.99539,16.3899],[106.99301,16.39094],[106.98935,16.39217],[106.98841,16.39361],[106.98921,16.39601],[106.99011,16.39774],[106.99141,16.39891],[106.99153,16.40092],[106.99066,16.40416],[106.99118,16.40601],[106.99203,16.4069],[106.99385,16.40954],[106.99415,16.41068],[106.99377,16.41202],[106.99149,16.41414],[106.99026,16.41577],[106.98796,16.41714],[106.9875,16.41784],[106.9874,16.42113],[106.98872,16.42437],[106.98787,16.42589],[106.98618,16.42723],[106.98274,16.42757],[106.9816,16.42866],[106.98248,16.43041],[106.9833,16.43475],[106.98237,16.43918],[106.98057,16.44178],[106.9804,16.44279],[106.98108,16.4441],[106.9836,16.44677],[106.98212,16.45121],[106.98146,16.45182],[106.98022,16.45505],[106.98028,16.45657],[106.9812,16.45803],[106.98265,16.45933],[106.9841,16.45954],[106.98558,16.45892],[106.9876,16.45726],[106.99128,16.45515],[106.99312,16.45553],[106.99507,16.45674],[106.99522,16.45783],[106.99473,16.45953],[106.99308,16.46135],[106.99358,16.4625],[106.9925,16.46282],[106.99066,16.46431],[106.98929,16.46629],[106.98866,16.46795],[106.98939,16.47089],[106.9891,16.47231],[106.98724,16.4744],[106.98612,16.47672],[106.98608,16.4786],[106.9848,16.48013],[106.98298,16.4805],[106.97905,16.48224],[106.97724,16.48275],[106.97467,16.485],[106.9731,16.48604],[106.97286,16.48793],[106.97168,16.493],[106.97223,16.49397],[106.97355,16.49453],[106.97482,16.4941],[106.97624,16.49425],[106.97835,16.49594],[106.97899,16.4986],[106.97848,16.5004],[106.97916,16.5014],[106.9804,16.50164],[106.98185,16.50315],[106.98258,16.50443],[106.98373,16.50553],[106.98391,16.50635],[106.98585,16.50958],[106.98741,16.5127],[106.98855,16.51594],[106.98871,16.51803],[106.98792,16.51956],[106.98571,16.52006],[106.9816,16.51945],[106.97891,16.5193],[106.97702,16.52139],[106.97696,16.52214],[106.97512,16.52325],[106.97485,16.52433],[106.97184,16.52748],[106.9701,16.5288],[106.9693,16.53035],[106.96823,16.53024],[106.9654,16.53175],[106.96387,16.53178],[106.96218,16.53361],[106.96103,16.53429],[106.96081,16.53545],[106.96133,16.53629],[106.9612,16.538],[106.96206,16.54054],[106.96206,16.542],[106.96251,16.54279],[106.9615,16.54563],[106.96107,16.54615],[106.95982,16.54914],[106.95963,16.55078],[106.95899,16.55185],[106.95716,16.55366],[106.95617,16.55523],[106.95781,16.55683],[106.9579,16.55799],[106.95655,16.56028],[106.95681,16.56123],[106.95526,16.56309],[106.95457,16.56535],[106.95357,16.56643],[106.95382,16.56703],[106.95574,16.56816],[106.95666,16.56767],[106.95881,16.56832],[106.96106,16.5682],[106.96243,16.56867],[106.96215,16.57005],[106.96112,16.57196],[106.9581,16.57545],[106.9561,16.57634],[106.95578,16.57825],[106.9538,16.58083],[106.95281,16.58113],[106.95239,16.58217],[106.95051,16.58304],[106.94932,16.58202],[106.94834,16.58193],[106.94821,16.58347],[106.94602,16.58465],[106.9445,16.58711],[106.94226,16.58862],[106.94101,16.58842],[106.93903,16.58915],[106.93688,16.58943],[106.9347,16.58872],[106.93249,16.58976],[106.93162,16.59076],[106.92857,16.59169],[106.92728,16.5925],[106.92677,16.59421],[106.92532,16.59411],[106.92402,16.59518],[106.92208,16.59573],[106.91844,16.59724],[106.91438,16.5997],[106.91283,16.59975],[106.90856,16.60231],[106.90708,16.60208],[106.90495,16.60356],[106.90422,16.60266],[106.90289,16.60272],[106.90099,16.60382],[106.89986,16.60376],[106.89856,16.60432],[106.89763,16.60586],[106.8961,16.60534],[106.8936,16.60556],[106.89186,16.60655],[106.89046,16.60839],[106.88945,16.60804],[106.88838,16.60898],[106.88662,16.60906],[106.88562,16.60964],[106.88406,16.60958],[106.8831,16.61021],[106.88132,16.6107],[106.8782,16.61104],[106.87541,16.61283],[106.87408,16.61425],[106.87227,16.61574],[106.86857,16.61679],[106.86808,16.61736],[106.86636,16.61782],[106.86579,16.61891],[106.86448,16.6201],[106.8643,16.62217],[106.86378,16.62359],[106.8604,16.62777],[106.86072,16.62934],[106.85944,16.63056],[106.85864,16.63377],[106.85768,16.63451],[106.85512,16.63576],[106.85493,16.63721],[106.85382,16.63652],[106.84933,16.63846],[106.84683,16.63866],[106.84474,16.64033],[106.84343,16.64007],[106.84235,16.64089],[106.84147,16.64049],[106.83963,16.64051],[106.83743,16.64119],[106.83592,16.64023],[106.83443,16.64045],[106.83328,16.64115],[106.83167,16.64076],[106.8302,16.64129],[106.82925,16.64327],[106.82749,16.64315],[106.82656,16.64478],[106.82487,16.6469],[106.82443,16.64792],[106.82295,16.64883],[106.82106,16.65075],[106.81738,16.65385],[106.8168,16.65559],[106.81631,16.65824]]},"properties":{"shield":"QL.14 · HCM","net":"ql","tier":"major"}},{"type":"Feature","geometry":{"type":"LineString","coordinates":[[106.0249,17.88511],[106.0237,17.88665],[106.02185,17.89111],[106.0203,17.89431],[106.01818,17.89757],[106.01621,17.89938],[106.01516,17.89962],[106.01156,17.9012],[106.00954,17.90295],[106.00554,17.90322],[106.00355,17.90442],[106.00191,17.90574],[105.99909,17.90754],[105.99904,17.90919],[106.00135,17.91047],[106.00292,17.91065],[106.00385,17.91136],[106.00242,17.91455],[106.00116,17.91526],[105.99999,17.91766],[105.99715,17.92092],[105.99377,17.92251],[105.9894,17.92423],[105.98794,17.92563],[105.98629,17.92653],[105.98288,17.92664],[105.97987,17.92826],[105.97737,17.92919],[105.97332,17.93095],[105.97199,17.93193],[105.97075,17.93401],[105.97025,17.93573],[105.97008,17.94026],[105.96769,17.94314],[105.96648,17.94423],[105.96522,17.94653],[105.96192,17.9504],[105.96036,17.9537],[105.95726,17.9549],[105.95408,17.95566],[105.9495,17.95769],[105.94431,17.96187],[105.94327,17.96317],[105.94106,17.96477],[105.93972,17.96624],[105.93742,17.9674],[105.93611,17.9686],[105.93387,17.97225],[105.93331,17.97407],[105.93129,17.97542],[105.93063,17.9771],[105.92897,17.97832],[105.92345,17.98184],[105.92123,17.98456],[105.92204,17.98585],[105.91932,17.98683],[105.91844,17.9878],[105.9177,17.9876],[105.91668,17.98872],[105.9152,17.98915],[105.91512,17.99101],[105.91549,17.99238],[105.91356,17.99347],[105.91358,17.9949],[105.91174,17.99703],[105.90977,17.99659],[105.90703,17.99904],[105.90585,18.00083],[105.90516,18.00277],[105.90547,18.00333],[105.90484,18.00455],[105.90499,18.0058],[105.90394,18.00688],[105.90377,18.00868],[105.90217,18.01023],[105.89767,18.01351],[105.89531,18.01663],[105.8937,18.01847],[105.88914,18.02172],[105.88772,18.02239],[105.87972,18.02418],[105.87773,18.02416],[105.87562,18.02453],[105.87441,18.02536],[105.87298,18.02571],[105.86967,18.02459],[105.86407,18.02569],[105.86188,18.02721],[105.86087,18.02868],[105.86006,18.02878]]},"properties":{"shield":"QL.15","net":"ql","tier":"major"}},{"type":"Feature","geometry":{"type":"MultiLineString","coordinates":[[[106.53182,17.4839],[106.52981,17.48451],[106.52635,17.48887],[106.52471,17.49001],[106.51491,17.49143],[106.51351,17.49186],[106.5127,17.49255],[106.50626,17.5029],[106.50448,17.50529],[106.50259,17.50658],[106.49666,17.51004],[106.49445,17.51153],[106.48255,17.52414],[106.4795,17.52726],[106.46799,17.53868],[106.46693,17.54047],[106.46539,17.5442],[106.46434,17.54542],[106.44538,17.5608],[106.44429,17.56201],[106.4434,17.56389],[106.44174,17.56998],[106.44053,17.57392],[106.43893,17.57697],[106.42962,17.58981],[106.4291,17.59282],[106.42862,17.59393],[106.42718,17.59514],[106.4183,17.5993],[106.41418,17.6015],[106.41164,17.60344],[106.40771,17.60584],[106.40668,17.6072],[106.40604,17.60998],[106.40333,17.61356],[106.40143,17.61449],[106.39933,17.61456],[106.39917,17.61456],[106.38864,17.61471],[106.38693,17.61492],[106.37816,17.61839],[106.37639,17.61843],[106.37377,17.61649],[106.37121,17.61588],[106.36626,17.61578],[106.36355,17.61624],[106.36106,17.6163],[106.3589,17.61675],[106.35679,17.61672],[106.35471,17.61582],[106.35344,17.61407],[106.35244,17.61337],[106.35023,17.61102],[106.34596,17.60865],[106.34085,17.60761],[106.33069,17.60661],[106.32917,17.60689],[106.32189,17.6087],[106.32102,17.60912],[106.31936,17.61137],[106.3193,17.61146],[106.31295,17.62089],[106.31241,17.62136],[106.30402,17.62481],[106.30225,17.62524],[106.29543,17.62566],[106.29423,17.62594],[106.28866,17.62823],[106.28585,17.63071],[106.28445,17.63292],[106.28371,17.63607],[106.28443,17.63827],[106.28409,17.6403],[106.28044,17.64402],[106.27805,17.64542],[106.27452,17.6467],[106.26962,17.64791],[106.266,17.6484],[106.26471,17.64882],[106.26056,17.65139],[106.25994,17.65242],[106.25988,17.65622],[106.25968,17.65689],[106.25672,17.66194],[106.25565,17.66274],[106.2517,17.66301],[106.24816,17.66296],[106.2411,17.6617],[106.23382,17.66025],[106.22994,17.66061],[106.2269,17.66038],[106.20384,17.6592],[106.20264,17.6592],[106.20107,17.66027],[106.19893,17.66092],[106.19722,17.66094],[106.19372,17.65992],[106.19076,17.65875],[106.18737,17.65824],[106.18589,17.65762],[106.18207,17.65739],[106.18021,17.656],[106.17858,17.65514],[106.17695,17.6538],[106.17435,17.65243],[106.17188,17.65286],[106.16969,17.65187],[106.16791,17.65157],[106.16533,17.65149],[106.16255,17.65087],[106.16064,17.64987],[106.15762,17.64869],[106.15575,17.64726],[106.15337,17.64633],[106.1494,17.64602],[106.14656,17.64537],[106.14398,17.64599],[106.14082,17.64468],[106.13893,17.64292],[106.1366,17.64254],[106.13451,17.64132],[106.13231,17.64145],[106.13089,17.64073],[106.12855,17.64047],[106.12715,17.64059],[106.12484,17.64014],[106.1183,17.64009],[106.11674,17.64072],[106.11477,17.641],[106.1112,17.64207],[106.10881,17.64204],[106.10797,17.64246],[106.10582,17.64245],[106.10431,17.64185],[106.10313,17.64197],[106.10263,17.64314],[106.10158,17.643],[106.10071,17.64177],[106.09891,17.64177],[106.09784,17.64137],[106.09427,17.6421],[106.09344,17.64313],[106.09463,17.64452],[106.09396,17.64573],[106.09259,17.6464],[106.09235,17.64711],[106.09086,17.64709],[106.08916,17.6481],[106.09065,17.64905],[106.09216,17.64923],[106.09276,17.65108],[106.0907,17.65284],[106.0893,17.65363],[106.08964,17.65453],[106.08921,17.65546],[106.08825,17.6556],[106.08781,17.65641],[106.08858,17.65822],[106.08739,17.65929],[106.0842,17.66108],[106.08317,17.6627],[106.08593,17.66417],[106.08508,17.66597],[106.08273,17.66603],[106.08227,17.66681],[106.08335,17.66747],[106.08245,17.66846],[106.08286,17.67075],[106.08248,17.67172],[106.08066,17.67291],[106.07861,17.67371],[106.0757,17.67687],[106.07082,17.67937],[106.06782,17.6799],[106.0666,17.67987],[106.06116,17.67881],[106.05968,17.67907],[106.05786,17.68015],[106.05606,17.68056],[106.05446,17.68156],[106.05277,17.6818],[106.05176,17.68269],[106.0492,17.68282],[106.04742,17.68264],[106.04429,17.68169],[106.04318,17.68216],[106.04195,17.68371],[106.03951,17.68416],[106.03856,17.68574],[106.03744,17.68636],[106.03341,17.68653],[106.03272,17.68679],[106.02957,17.68885],[106.02219,17.69233],[106.0193,17.6941],[106.01777,17.69456],[106.01576,17.69473],[106.01073,17.69652],[106.00898,17.69734],[106.0074,17.69759],[106.00499,17.6975],[106.00224,17.69873],[106.00003,17.69873],[105.99861,17.69727],[105.99676,17.69682],[105.99488,17.69457],[105.99318,17.69426],[105.99066,17.69466],[105.98308,17.69646],[105.97888,17.69956],[105.97822,17.70024],[105.976,17.70389],[105.97434,17.70533],[105.97086,17.70992],[105.96681,17.71256],[105.9663,17.7132],[105.96531,17.71565],[105.96439,17.71648],[105.96239,17.71712],[105.95943,17.7197],[105.95683,17.7231],[105.95798,17.72475],[105.9579,17.72648],[105.95853,17.7285],[105.95814,17.73036],[105.95996,17.73312],[105.96095,17.73697],[105.95999,17.7401],[105.95937,17.74597],[105.9561,17.75273],[105.95061,17.75877],[105.94929,17.76163]],[[105.86006,18.02878],[105.85893,18.02994],[105.8558,18.03233],[105.85018,18.03609],[105.84576,18.04044],[105.83883,18.04987],[105.83379,18.05641],[105.82953,18.06007],[105.82689,18.06176],[105.82581,18.06274]],[[106.53965,17.48505],[106.54192,17.48434],[106.54412,17.48251],[106.55514,17.4729],[106.55625,17.47141],[106.55695,17.46896],[106.55843,17.46606],[106.56018,17.46314],[106.56173,17.4612],[106.56698,17.45605],[106.56818,17.45471],[106.5711,17.44994],[106.57648,17.44395],[106.57709,17.44308],[106.58143,17.4346],[106.58378,17.43041],[106.58461,17.42957],[106.58783,17.42871],[106.58898,17.42801],[106.5945,17.42356],[106.59504,17.42275],[106.59705,17.41766],[106.60076,17.41179],[106.60536,17.40428],[106.61017,17.3954],[106.61099,17.39337],[106.61121,17.39188],[106.61083,17.38748],[106.61145,17.38537],[106.61266,17.38418],[106.61387,17.38355],[106.61646,17.3823],[106.61787,17.38121],[106.61943,17.37773],[106.61983,17.3762],[106.62055,17.3711],[106.62224,17.36705],[106.6229,17.362],[106.62337,17.35751],[106.62491,17.35317],[106.62481,17.35079],[106.62404,17.3455],[106.62443,17.34369],[106.62626,17.33999],[106.62624,17.33747],[106.62568,17.335],[106.6256,17.33464],[106.6242,17.32844],[106.62363,17.32375],[106.62361,17.32177],[106.62405,17.32091],[106.62792,17.3177],[106.62809,17.31753],[106.63169,17.314],[106.63599,17.31144],[106.63748,17.31019],[106.63832,17.30882],[106.64032,17.30334],[106.64558,17.28958],[106.64713,17.28657],[106.64989,17.28309],[106.65785,17.2726],[106.6588,17.27119],[106.66277,17.26599],[106.6643,17.26441],[106.68054,17.25076],[106.68282,17.24812],[106.68504,17.24465],[106.68651,17.24283],[106.68888,17.24054],[106.69406,17.23579],[106.69504,17.23474]],[[106.92221,16.99153],[106.92155,16.99273],[106.92158,16.99722],[106.92107,17.00397],[106.92038,17.00863],[106.91969,17.01072],[106.91657,17.01419],[106.9146,17.01535],[106.90978,17.01708]],[[106.92363,16.99119],[106.92532,16.99024],[106.92637,16.98783],[106.92691,16.98718]]]},"properties":{"shield":"QL.15 · HCM","net":"ql","tier":"major"}},{"type":"Feature","geometry":{"type":"LineString","coordinates":[[106.53965,17.48505],[106.53182,17.4839]]},"properties":{"shield":"QL.15 · QL.9E · HCM","net":"ql","tier":"major"}},{"type":"Feature","geometry":{"type":"MultiLineString","coordinates":[[[107.34668,16.76765],[107.34235,16.76217],[107.32066,16.73446],[107.30755,16.72157],[107.29587,16.7133],[107.29302,16.71065],[107.27964,16.69713],[107.27191,16.68926],[107.26567,16.68375],[107.25894,16.67722],[107.25888,16.67716]],[[107.01674,16.36313],[107.01569,16.36183],[107.01611,16.36022],[107.01424,16.35996],[107.01354,16.36112],[107.01122,16.36255],[107.01014,16.36236],[107.00981,16.36114],[107.00865,16.36087],[107.00667,16.36103],[107.00544,16.36064],[107.00434,16.35942],[107.00093,16.35697],[106.99912,16.35604],[106.99719,16.35662],[106.99236,16.3557],[106.99143,16.35251],[106.99014,16.35125],[106.98909,16.3476],[106.9875,16.34671],[106.98798,16.34534],[106.98791,16.34268],[106.98763,16.34094],[106.98805,16.33946],[106.98958,16.33929],[106.99213,16.3365],[106.99185,16.33476],[106.99282,16.33328],[106.99308,16.33201],[106.99226,16.33139],[106.99025,16.33216],[106.98997,16.33089],[106.98887,16.33081],[106.98763,16.327],[106.98674,16.32635],[106.98679,16.32532],[106.98563,16.32487],[106.98551,16.32373],[106.98478,16.32255],[106.98339,16.32206],[106.98172,16.32093],[106.98164,16.31877],[106.98065,16.31806],[106.98002,16.31863],[106.97845,16.31673],[106.97577,16.31571],[106.97475,16.31598],[106.97422,16.31515],[106.97231,16.31558],[106.97121,16.31631],[106.96997,16.31592],[106.96647,16.31254]]]},"properties":{"shield":"QL.15D","net":"ql","tier":"major"}},{"type":"Feature","geometry":{"type":"LineString","coordinates":[[107.3043,16.63113],[107.30424,16.63127],[107.30389,16.63277],[107.3052,16.63558],[107.30744,16.63775]]},"properties":{"shield":"QL.49B","net":"ql","tier":"major"}},{"type":"Feature","geometry":{"type":"MultiLineString","coordinates":[[[107.35449,16.71064],[107.34971,16.71364],[107.34546,16.71749],[107.34343,16.71849],[107.34033,16.72123],[107.339,16.72152],[107.33377,16.72366],[107.32819,16.72791],[107.326,16.73016],[107.32451,16.7311],[107.32066,16.73446],[107.31783,16.73551],[107.31426,16.73861],[107.30939,16.74085],[107.30773,16.74209],[107.30539,16.74308],[107.30441,16.74384],[107.30256,16.74531],[107.30034,16.74597],[107.29897,16.74729],[107.29509,16.75022],[107.28801,16.75584],[107.27436,16.76616],[107.26957,16.76995],[107.26726,16.77097],[107.26352,16.77129],[107.25967,16.76998],[107.25797,16.76889],[107.25233,16.76687],[107.25029,16.7669],[107.24712,16.76624],[107.23946,16.7634],[107.2383,16.76354],[107.2335,16.76463],[107.23212,16.76515],[107.22936,16.76403],[107.22657,16.76441],[107.22546,16.76648],[107.22452,16.76716],[107.21704,16.76917],[107.21515,16.77068],[107.21309,16.77004],[107.20769,16.76872],[107.20386,16.7661],[107.20199,16.76201],[107.20078,16.76099],[107.19537,16.75763],[107.19271,16.7556],[107.19174,16.75326],[107.19099,16.74961],[107.19083,16.74501],[107.19148,16.7427],[107.19124,16.74003],[107.19124,16.73994]],[[107.18789,16.75814],[107.18861,16.75953],[107.19221,16.76424],[107.19287,16.76558],[107.19349,16.76778],[107.193,16.76953],[107.1896,16.77295],[107.18878,16.77428],[107.18628,16.77604],[107.18451,16.7802],[107.17904,16.78585],[107.17871,16.79045],[107.17874,16.79284],[107.17839,16.79707],[107.1779,16.80001],[107.18084,16.80888],[107.18125,16.8099],[107.18317,16.81261],[107.18405,16.81513],[107.18656,16.82263],[107.18747,16.82657],[107.1873,16.83007],[107.18537,16.83773],[107.18606,16.83932],[107.18691,16.8399],[107.19094,16.84127],[107.19328,16.84334],[107.19459,16.84542],[107.19577,16.84671],[107.19712,16.84945],[107.19917,16.85545],[107.20086,16.86094],[107.20083,16.86199],[107.1998,16.8648],[107.19906,16.86983],[107.19934,16.88307],[107.19869,16.88769],[107.19495,16.89313],[107.19248,16.8956],[107.19077,16.89636],[107.18844,16.89666],[107.18699,16.89794],[107.18202,16.90563]]]},"properties":{"shield":"QL.49C","net":"ql","tier":"major"}}]}