{"type":"FeatureCollection","features":[{"type":"Feature","geometry":{"type":"LineString","coordinates":[[106.96561,16.91278],[106.96921,16.91409],[106.97246,16.91479],[106.97593,16.91618],[106.97734,16.91721],[106.98206,16.91929],[106.98807,16.92004],[106.99196,16.92209],[106.99339,16.92249],[106.99631,16.92384],[106.9985,16.92467],[106.9997,16.92439],[107.00275,16.92319],[107.00589,16.9227],[107.00804,16.92214],[107.01001,16.92189],[107.01155,16.92149],[107.01383,16.92208],[107.01816,16.924],[107.02266,16.92617],[107.02596,16.92696],[107.02671,16.92707],[107.03002,16.92691],[107.03714,16.92634],[107.04106,16.92637],[107.04184,16.92625],[107.04386,16.92527],[107.04718,16.92543],[107.05854,16.92752],[107.06693,16.92897],[107.07365,16.93018],[107.07478,16.93065],[107.07493,16.93069]]},"properties":{"kind":"road","class":"secondary","ref":"ĐT.575B","name":"Đường tỉnh 575B"}},{"type":"Feature","geometry":{"type":"MultiLineString","coordinates":[[[107.02916,17.03787],[107.02555,17.04166],[107.02493,17.04247],[107.02478,17.04307]],[[107.16821,16.76614],[107.17023,16.76238]],[[107.18295,16.74182],[107.18417,16.74098],[107.18522,16.74042],[107.18552,16.74031],[107.18586,16.74019],[107.18774,16.73976],[107.19124,16.74003],[107.19166,16.74005]],[[107.02465,17.04236],[107.02472,17.04218],[107.02555,17.04166]],[[107.18294,16.74173],[107.18411,16.74092],[107.18553,16.74021],[107.18737,16.73965],[107.19124,16.73994],[107.19174,16.73998]],[[107.17007,16.76241],[107.16812,16.76611]]]},"properties":{"kind":"road","class":"primary","ref":"QL.1","name":"Lê Duẩn"}},{"type":"Feature","geometry":{"type":"MultiLineString","coordinates":[[[107.132,16.79461],[107.13454,16.79287],[107.136,16.79211],[107.13932,16.79072],[107.14424,16.78882],[107.14601,16.78787],[107.14638,16.78765],[107.15188,16.78413]],[[106.77312,17.27757],[106.77428,17.27622],[106.77772,17.27326],[106.7787,17.2723],[106.78018,17.2704],[106.78199,17.26846],[106.78255,17.26798],[106.78532,17.26608],[106.78572,17.26574],[106.78837,17.26309],[106.79058,17.2611],[106.79146,17.26051],[106.79452,17.25897],[106.79644,17.25791],[106.80009,17.25564],[106.80467,17.25186],[106.80499,17.2516],[106.80612,17.25058],[106.80619,17.25051],[106.80861,17.24834],[106.81375,17.24342],[106.81472,17.24262],[106.81821,17.24148],[106.82332,17.2388],[106.82513,17.23777],[106.82776,17.23602],[106.83068,17.23399],[106.83224,17.23278],[106.83632,17.23056],[106.83939,17.22878],[106.84082,17.22777],[106.84362,17.22531],[106.84416,17.22476],[106.84476,17.22362]],[[106.44302,17.87801],[106.44241,17.87703],[106.44154,17.87629],[106.43975,17.87548],[106.43873,17.8747],[106.43835,17.87402],[106.43677,17.86392],[106.43626,17.86026],[106.43571,17.85627],[106.43519,17.85288],[106.43516,17.85268],[106.43391,17.84349],[106.43343,17.83952],[106.43341,17.83938],[106.43316,17.83617],[106.43277,17.82326],[106.43248,17.81742],[106.43241,17.81599],[106.43221,17.81224],[106.4322,17.81196],[106.43202,17.80481],[106.43232,17.79893],[106.43233,17.79881],[106.43236,17.79822],[106.43304,17.79432],[106.4338,17.79062],[106.43572,17.78394],[106.43721,17.77917],[106.43858,17.77627],[106.43961,17.77474],[106.44171,17.77045],[106.444,17.76563],[106.44447,17.76448],[106.44442,17.76326],[106.44438,17.76309],[106.44192,17.7521],[106.44177,17.75136],[106.43961,17.7415],[106.43936,17.73978],[106.43946,17.73688],[106.43938,17.72869],[106.43931,17.72788],[106.43872,17.72449],[106.43881,17.72343],[106.43965,17.72226],[106.44314,17.71954],[106.4441,17.71829],[106.44415,17.71721],[106.44363,17.71586]],[[106.54757,17.54729],[106.5507,17.54375],[106.55135,17.54291],[106.55282,17.54097],[106.55302,17.5407],[106.55473,17.53841],[106.55492,17.53798]],[[106.44125,17.70952],[106.4405,17.70738],[106.44036,17.70614],[106.44059,17.70462],[106.44119,17.7034],[106.44201,17.70237],[106.44287,17.70163],[106.44415,17.701],[106.44517,17.70074],[106.45178,17.70024],[106.45299,17.70006],[106.45463,17.69951],[106.4589,17.69772],[106.46086,17.69744],[106.46466,17.69735],[106.46591,17.69725],[106.47311,17.69646],[106.47552,17.69593],[106.47604,17.69579],[106.4845,17.69362],[106.48633,17.69295],[106.48703,17.69231],[106.49048,17.68828],[106.49654,17.68073],[106.49847,17.67828],[106.50438,17.67112],[106.50472,17.67079],[106.50685,17.66873],[106.50898,17.66654],[106.50943,17.66588],[106.51024,17.66386],[106.51076,17.66282],[106.51169,17.6616]],[[106.7727,17.27804],[106.77179,17.27858],[106.76836,17.27898],[106.76501,17.27979],[106.76367,17.28071],[106.75737,17.28569],[106.75717,17.28585],[106.75489,17.28756],[106.74776,17.29268],[106.74632,17.29415],[106.74552,17.29527],[106.74165,17.30068],[106.73992,17.30268],[106.73807,17.30428],[106.73673,17.30514],[106.73659,17.30521],[106.73387,17.3066],[106.73238,17.30758],[106.72733,17.31204],[106.72622,17.31291],[106.72373,17.31455],[106.7209,17.31625],[106.71647,17.31921],[106.71221,17.32309],[106.70959,17.32532],[106.70681,17.32797],[106.70473,17.32949],[106.70379,17.33055],[106.70086,17.33552],[106.69909,17.33894],[106.69661,17.34309],[106.69476,17.34513],[106.69238,17.34672],[106.68956,17.34846],[106.68608,17.35183],[106.68322,17.35467],[106.68153,17.35731],[106.67633,17.36564],[106.67613,17.36595],[106.67371,17.36944],[106.67176,17.37198],[106.66963,17.37388],[106.66948,17.37401],[106.66885,17.37456],[106.66315,17.3795],[106.65612,17.38426],[106.65274,17.38709],[106.65053,17.38889],[106.64989,17.3895],[106.64803,17.39107],[106.64627,17.39251],[106.64574,17.39292],[106.64497,17.39361],[106.64239,17.39643]],[[106.89805,17.18206],[106.89736,17.18341],[106.89449,17.18622],[106.8912,17.18934],[106.88965,17.19029],[106.88764,17.1921],[106.88618,17.19301],[106.88475,17.19447],[106.88364,17.19513],[106.88158,17.19583],[106.87931,17.19684],[106.87324,17.20003],[106.86791,17.203],[106.86739,17.20346],[106.87332,17.20016],[106.87938,17.19697],[106.88164,17.19597],[106.88371,17.19526],[106.88486,17.19457],[106.88628,17.19313],[106.88774,17.19222],[106.88975,17.1904],[106.8913,17.18946],[106.8946,17.18632],[106.89747,17.18351],[106.8982,17.1821]],[[106.96781,17.11191],[106.96706,17.1136],[106.967,17.11463],[106.96715,17.1159],[106.96705,17.11707],[106.96647,17.11938],[106.96538,17.12163],[106.96339,17.12435],[106.963,17.12472],[106.96238,17.12516],[106.95587,17.12903],[106.95492,17.12967],[106.95211,17.1311],[106.94827,17.13326],[106.9468,17.13426],[106.94593,17.13508],[106.94471,17.13759],[106.94422,17.13833],[106.9404,17.14227],[106.93763,17.14558],[106.93603,17.1479],[106.93451,17.15139],[106.92939,17.15857],[106.92844,17.16],[106.92725,17.16134],[106.92107,17.16593],[106.92086,17.1661],[106.91698,17.16896],[106.91594,17.16963],[106.91385,17.17061],[106.9123,17.17118],[106.91213,17.17125],[106.90884,17.17272],[106.9078,17.17341],[106.90606,17.17492],[106.90124,17.17905],[106.89911,17.18021],[106.89862,17.18071],[106.8981,17.18189]],[[106.98792,17.08759],[106.98673,17.08921],[106.98233,17.09499],[106.9793,17.09907],[106.97698,17.10212],[106.97264,17.1076],[106.97139,17.10863],[106.96976,17.10943],[106.96907,17.10998],[106.96808,17.11146]],[[107.2778,16.66081],[107.27821,16.66034],[107.28074,16.65644],[107.28222,16.65427],[107.28275,16.65368],[107.28999,16.64603],[107.29303,16.64277],[107.30085,16.63447],[107.30217,16.63309],[107.30317,16.63202],[107.3043,16.63113],[107.30448,16.63103],[107.30576,16.63013],[107.30746,16.62842],[107.30789,16.62764],[107.30781,16.62599],[107.30759,16.6235],[107.30786,16.62179],[107.30811,16.62121],[107.30942,16.61839],[107.31036,16.6173],[107.31363,16.61548],[107.31413,16.61498],[107.31542,16.61244],[107.3155,16.61228],[107.31598,16.61157],[107.31681,16.61107],[107.31733,16.61075],[107.31813,16.61027],[107.32508,16.60474],[107.3262,16.60389],[107.32837,16.60262],[107.32959,16.60233],[107.33118,16.60227]],[[107.27709,16.66136],[107.27142,16.66575],[107.26422,16.67142],[107.26378,16.67182],[107.25888,16.67716],[107.25474,16.68175],[107.25343,16.68292],[107.24844,16.68681],[107.24545,16.6892],[107.24351,16.69044],[107.23961,16.69252],[107.23899,16.69283],[107.23597,16.69438],[107.23357,16.69568],[107.23303,16.69596],[107.23137,16.69685],[107.22968,16.69822],[107.22839,16.69952],[107.22205,16.70573],[107.22125,16.70672],[107.22053,16.70751],[107.2187,16.70899],[107.21417,16.71346],[107.21363,16.71413],[107.21283,16.71603],[107.21185,16.71709],[107.21018,16.71801],[107.20883,16.71906],[107.20654,16.7215],[107.20392,16.72432],[107.2033,16.72534],[107.20307,16.72625],[107.20296,16.73053],[107.20301,16.73266],[107.2027,16.73363],[107.20258,16.7338]],[[107.27715,16.66144],[107.27281,16.66478],[107.26428,16.67147],[107.26385,16.67185],[107.25894,16.67722],[107.2548,16.68179],[107.25348,16.68299],[107.24849,16.6869],[107.2455,16.68926],[107.24361,16.69051],[107.23965,16.69259],[107.23902,16.69292],[107.23604,16.69445],[107.23365,16.69575],[107.23315,16.69602],[107.23125,16.69704],[107.22997,16.69807],[107.22274,16.70515],[107.22129,16.70678],[107.22048,16.70767],[107.21897,16.70885],[107.21402,16.71373],[107.21346,16.71468],[107.21291,16.71607],[107.21224,16.71692],[107.21026,16.71805],[107.20896,16.71905],[107.20405,16.72428],[107.20337,16.72542],[107.20315,16.72632],[107.20304,16.72984],[107.2031,16.73247],[107.2029,16.73343],[107.20276,16.7337],[107.20266,16.73386]],[[107.15188,16.784],[107.15082,16.78473],[107.14749,16.7868],[107.14627,16.78747],[107.14593,16.7877],[107.14469,16.78849],[107.14299,16.78922],[107.13926,16.79065],[107.13561,16.79216],[107.13343,16.79347],[107.13196,16.79452]],[[107.07832,16.91457],[107.07829,16.91239],[107.07892,16.90765],[107.07945,16.90287],[107.07998,16.89846],[107.08001,16.89812],[107.08049,16.89469],[107.08116,16.8868],[107.08176,16.87996],[107.08185,16.87938],[107.08341,16.87238],[107.08352,16.87113],[107.08342,16.87023],[107.08332,16.86957],[107.08269,16.86644],[107.08025,16.85641],[107.08008,16.85551],[107.07943,16.85068],[107.07932,16.84902],[107.07928,16.84846],[107.07954,16.84739],[107.08183,16.8447],[107.08366,16.84265],[107.08397,16.84241]],[[107.07837,16.91534],[107.07841,16.91717],[107.07817,16.91834],[107.07709,16.92238],[107.07577,16.92789],[107.07501,16.93072],[107.07309,16.93805],[107.07248,16.94034],[107.07247,16.94148],[107.07294,16.94244],[107.07452,16.9445],[107.07508,16.94579],[107.07501,16.94672],[107.07429,16.94977],[107.07403,16.95047],[107.07277,16.95221],[107.07213,16.95279],[107.07074,16.95367],[107.0699,16.95416]],[[107.06983,16.9541],[107.07196,16.95281],[107.07254,16.95233],[107.07358,16.95103],[107.07424,16.94967],[107.07499,16.94643],[107.07498,16.94569],[107.07451,16.9446],[107.07258,16.94199],[107.07233,16.94101],[107.0724,16.94034],[107.07301,16.93804],[107.07493,16.93069],[107.07568,16.92787],[107.07702,16.92237],[107.07826,16.91761],[107.0783,16.91534],[107.07825,16.91458],[107.07822,16.91231],[107.07872,16.90849],[107.07938,16.90287],[107.07988,16.89845],[107.07991,16.89811],[107.08053,16.89361],[107.0814,16.88267],[107.08172,16.87966],[107.08341,16.87194],[107.08333,16.87027],[107.08323,16.86961],[107.08281,16.8673],[107.08057,16.8581],[107.08,16.85555],[107.07932,16.85041],[107.07922,16.84915],[107.07918,16.84857],[107.0794,16.84747],[107.08005,16.84658],[107.08353,16.84264],[107.08379,16.84231]],[[106.44316,17.87793],[106.44244,17.87685],[106.44161,17.87616],[106.43982,17.87535],[106.43886,17.87462],[106.4385,17.87397],[106.43677,17.86298],[106.43641,17.86024],[106.43587,17.85626],[106.43535,17.85286],[106.43532,17.85266],[106.43406,17.84348],[106.43358,17.83951],[106.43357,17.83936],[106.43331,17.83617],[106.43293,17.82326],[106.43263,17.81742],[106.43236,17.81224],[106.43235,17.81196],[106.43217,17.80481],[106.43247,17.79893],[106.43248,17.79881],[106.43251,17.79824],[106.43319,17.79434],[106.43394,17.79066],[106.43587,17.78398],[106.43736,17.77921],[106.43872,17.77634],[106.43975,17.77479],[106.44184,17.77054],[106.44415,17.76567],[106.44462,17.76449],[106.44457,17.76322],[106.44453,17.76307],[106.442,17.75171],[106.44197,17.75159],[106.43985,17.74195],[106.43953,17.74037],[106.43962,17.73709],[106.43953,17.72867],[106.43946,17.72786],[106.43887,17.72447],[106.43896,17.72347],[106.43976,17.72236],[106.44325,17.71965],[106.44383,17.7191],[106.44425,17.71832],[106.4443,17.71716],[106.44377,17.71581]],[[106.55524,17.53817],[106.55446,17.53904],[106.55314,17.54079],[106.55294,17.54106],[106.55083,17.54384],[106.54769,17.54738]],[[106.51181,17.66168],[106.51089,17.66288],[106.50955,17.66594],[106.5091,17.66662],[106.50694,17.66884],[106.50483,17.6709],[106.50449,17.67122],[106.5038,17.67194],[106.49859,17.67835],[106.4906,17.68836],[106.48714,17.6924],[106.48636,17.6931],[106.48453,17.69375],[106.47757,17.69554],[106.47606,17.69593],[106.47557,17.69605],[106.47403,17.69643],[106.4724,17.69667],[106.4659,17.69739],[106.46466,17.69749],[106.4609,17.69758],[106.45894,17.69786],[106.45466,17.69966],[106.45301,17.7002],[106.45183,17.70038],[106.44522,17.70087],[106.4436,17.70139],[106.44268,17.70195],[106.44125,17.7035],[106.44074,17.70465],[106.44051,17.70615],[106.44064,17.70734],[106.44139,17.70947]],[[106.63912,17.40006],[106.63838,17.40104],[106.63822,17.40151]],[[106.639,17.39996],[106.63786,17.40132]],[[106.84489,17.22338],[106.84545,17.22235],[106.84831,17.21871],[106.85272,17.21403],[106.85426,17.21264],[106.86739,17.20346]],[[106.89825,17.18192],[106.89875,17.18079],[106.89921,17.18032],[106.90134,17.17916],[106.9079,17.17352],[106.90891,17.17285],[106.91219,17.17139],[106.91236,17.17131],[106.91501,17.17021],[106.91677,17.1692],[106.92091,17.16617],[106.92113,17.166],[106.92666,17.16191],[106.92749,17.16122],[106.92867,17.15985],[106.93001,17.1578],[106.9327,17.15411],[106.93455,17.15148],[106.93614,17.14791],[106.93684,17.14676],[106.94045,17.14234],[106.94263,17.14014],[106.94436,17.1383],[106.94477,17.13764],[106.946,17.13517],[106.94686,17.13434],[106.94811,17.13345],[106.95215,17.13118],[106.95497,17.12974],[106.95618,17.12893],[106.96242,17.12523]],[[106.96304,17.12479],[106.96346,17.12439],[106.96546,17.12167],[106.96654,17.11942],[106.96713,17.11711],[106.96726,17.11624],[106.96707,17.1142],[106.96723,17.11328],[106.9679,17.11194]],[[106.96816,17.11149],[106.96915,17.11005],[106.97002,17.10937],[106.97145,17.10868],[106.97268,17.10767],[106.97705,17.10217],[106.98678,17.08928],[106.988,17.08762],[106.99105,17.08347],[106.99534,17.07754]],[[106.444,17.87983],[106.44641,17.88528],[106.44724,17.887],[106.44787,17.88766],[106.45007,17.88949],[106.4573,17.8959],[106.45949,17.89828],[106.46046,17.89961],[106.46053,17.89972],[106.46167,17.90129],[106.46213,17.90217],[106.46432,17.90697],[106.46584,17.9099],[106.46727,17.91203],[106.47127,17.91892],[106.47213,17.92025],[106.47446,17.92465],[106.4765,17.92827],[106.47731,17.93148],[106.47757,17.93498],[106.47727,17.93898],[106.47703,17.93967],[106.473,17.94682],[106.47266,17.94713],[106.47127,17.94777],[106.47026,17.9484],[106.46861,17.95041],[106.46718,17.95161],[106.46686,17.9522],[106.46679,17.95245],[106.46673,17.95398]],[[106.44414,17.87976],[106.44701,17.88626],[106.44798,17.88756],[106.45111,17.89016],[106.45323,17.89212],[106.45636,17.89486],[106.45644,17.89493],[106.4574,17.8958],[106.45959,17.8982],[106.46056,17.89953],[106.46064,17.89964],[106.46179,17.90122],[106.46224,17.90212],[106.465,17.90803],[106.46594,17.90985],[106.46739,17.91196],[106.46985,17.91623],[106.47138,17.91886],[106.47226,17.92019],[106.47354,17.92253],[106.475,17.92534],[106.47663,17.92822],[106.47719,17.93033],[106.47753,17.93217],[106.47771,17.93483],[106.47748,17.93851],[106.47722,17.93958],[106.47718,17.93966],[106.47313,17.9469],[106.47282,17.94727],[106.47043,17.94853],[106.46841,17.951],[106.46778,17.95204],[106.4677,17.95234],[106.46771,17.954]],[[107.27787,16.66091],[107.27835,16.66036],[107.28236,16.65432],[107.28852,16.64778],[107.29422,16.64167],[107.29781,16.6379],[107.30091,16.63456],[107.30228,16.63315],[107.30326,16.63209],[107.30424,16.63127],[107.30582,16.63019],[107.30772,16.62825],[107.308,16.62765],[107.30791,16.62599],[107.30769,16.62332],[107.30796,16.62182],[107.30954,16.61834],[107.31043,16.61737],[107.31365,16.61559],[107.31421,16.61501],[107.31554,16.61247],[107.31562,16.61231],[107.31609,16.61161],[107.31686,16.61116],[107.31739,16.61085],[107.31822,16.61036],[107.31946,16.60933],[107.3249,16.60504]],[[106.54711,17.54804],[106.54605,17.54929],[106.54437,17.55123],[106.54392,17.55223],[106.5435,17.55428],[106.54301,17.56028],[106.54277,17.56365],[106.54117,17.56857]],[[106.54102,17.56853],[106.54263,17.56362],[106.54287,17.56028],[106.54334,17.55424],[106.54377,17.5522],[106.54423,17.55116],[106.54636,17.5487],[106.54699,17.54795]],[[106.53351,17.58787],[106.5335,17.59002],[106.53362,17.60121],[106.53353,17.60174],[106.53218,17.60608],[106.53147,17.60845],[106.53134,17.6092],[106.53127,17.61199],[106.53116,17.61287],[106.52963,17.61843],[106.52911,17.62012],[106.52818,17.62163],[106.52284,17.62939],[106.52195,17.63076],[106.52154,17.63179],[106.52081,17.63609],[106.52048,17.63704],[106.52005,17.63764]],[[106.53367,17.58787],[106.53365,17.59002],[106.53377,17.60122],[106.53368,17.60177],[106.53233,17.60613],[106.5315,17.60921],[106.53142,17.61199],[106.53131,17.6129],[106.52978,17.61847],[106.52925,17.62017],[106.52887,17.62088],[106.52297,17.62947],[106.5221,17.63082],[106.52169,17.63182],[106.52096,17.63612],[106.52062,17.6371],[106.52016,17.63775]],[[107.08755,16.83804],[107.08431,16.84175],[107.08385,16.84215]],[[107.08766,16.83813],[107.08437,16.84181],[107.08408,16.84227]],[[106.51398,17.65316],[106.51451,17.65205],[106.51485,17.65021],[106.51519,17.64949],[106.51628,17.64798],[106.51679,17.64698],[106.51775,17.6436],[106.5182,17.64043],[106.51842,17.63983],[106.51918,17.63878]],[[106.5141,17.65323],[106.51464,17.65208],[106.515,17.65024],[106.5153,17.64956],[106.51641,17.64804],[106.51691,17.64702],[106.51788,17.64363],[106.51833,17.64045],[106.51854,17.63988],[106.5193,17.63886]],[[106.64227,17.39633],[106.64486,17.39351],[106.64566,17.39279],[106.64617,17.39241],[106.64793,17.39096],[106.64998,17.38924],[106.65053,17.38889]]]},"properties":{"kind":"road","class":"trunk","ref":"QL.1","name":"Quốc lộ 1"}},{"type":"Feature","geometry":{"type":"MultiLineString","coordinates":[[[107.17971,16.74282],[107.18295,16.74182]],[[107.18294,16.74173],[107.17969,16.74274]]]},"properties":{"kind":"road","class":"primary","ref":"QL.1","name":"Cầu Thạch Hãn"}},{"type":"Feature","geometry":{"type":"MultiLineString","coordinates":[[[105.86006,18.02878],[105.86151,18.02711],[105.86151,18.02643],[105.86073,18.02593],[105.85945,18.02441],[105.85789,18.02311],[105.85687,18.0225],[105.8553,18.02162],[105.85506,18.02085],[105.8541,18.02004],[105.85351,18.01898],[105.85284,18.01863],[105.85215,18.01873],[105.85147,18.0194],[105.85093,18.02027],[105.84996,18.02054],[105.84947,18.02002],[105.84943,18.01879],[105.8499,18.01797],[105.84993,18.01663],[105.84979,18.01606],[105.84882,18.01504],[105.84903,18.01434],[105.84882,18.01313],[105.84936,18.01213],[105.84988,18.01069],[105.84945,18.00893],[105.84934,18.00791],[105.84953,18.00705],[105.84908,18.00639],[105.84892,18.00518],[105.84952,18.00384],[105.84941,18.00331],[105.84867,18.00321],[105.84765,18.00388],[105.84579,18.00466],[105.8448,18.00556],[105.84349,18.00569],[105.84232,18.00518],[105.84168,18.00531],[105.84103,18.00593],[105.83961,18.00583],[105.83864,18.00534],[105.8382,18.00467],[105.83739,18.00293],[105.83571,17.99935],[105.83494,17.99846],[105.8345,17.99808],[105.83321,17.99694],[105.83302,17.99576],[105.83408,17.99377],[105.8341,17.99293],[105.83518,17.99205],[105.83566,17.99092],[105.83553,17.98973],[105.83535,17.98879],[105.83481,17.98753],[105.83489,17.98644],[105.83437,17.98615],[105.83218,17.986],[105.83158,17.98569],[105.83145,17.98548],[105.831,17.98477],[105.83022,17.98446],[105.82945,17.98353],[105.82816,17.98317],[105.82758,17.98254],[105.82617,17.98241],[105.82485,17.98306],[105.82415,17.98314],[105.82337,17.98275],[105.82013,17.98288],[105.81656,17.98131],[105.81624,17.98104],[105.81578,17.97991],[105.81489,17.97927],[105.81432,17.97847],[105.81276,17.97764],[105.81103,17.97762],[105.81039,17.97721],[105.80967,17.97579],[105.80958,17.97408],[105.81035,17.97314],[105.81035,17.97248],[105.80973,17.97188],[105.80979,17.97133],[105.81133,17.96932],[105.81148,17.96836],[105.81057,17.96728],[105.8098,17.96689],[105.80884,17.96712],[105.8083,17.96682],[105.80836,17.966],[105.80988,17.96516],[105.81016,17.96443],[105.80996,17.96397],[105.80905,17.96337],[105.80884,17.96291],[105.8092,17.9623],[105.80945,17.96193],[105.80992,17.96148],[105.81104,17.96097],[105.81169,17.96004],[105.81188,17.95922],[105.81207,17.95824],[105.81297,17.95601],[105.81282,17.9551],[105.81301,17.95458],[105.81528,17.95315],[105.81485,17.95158],[105.81499,17.95074],[105.81548,17.94975],[105.81481,17.94844],[105.81474,17.94778],[105.81543,17.94721],[105.81541,17.94656],[105.81415,17.94448],[105.8126,17.94392],[105.81151,17.94311],[105.81033,17.94106],[105.80895,17.94021],[105.8087,17.93859],[105.80894,17.93795],[105.80994,17.93708],[105.81054,17.93547],[105.81026,17.93311],[105.80976,17.93192],[105.80987,17.9312],[105.81026,17.93076],[105.81267,17.92905],[105.81348,17.92816],[105.81538,17.92743],[105.8162,17.9267],[105.81668,17.92554],[105.81873,17.92373],[105.81962,17.92358],[105.82033,17.92302],[105.82146,17.92091],[105.82365,17.91935],[105.82497,17.91766],[105.82518,17.91686],[105.8265,17.91503],[105.82741,17.91375],[105.82748,17.91324],[105.82682,17.91225],[105.82587,17.91136],[105.82574,17.91036],[105.8257,17.90956],[105.82541,17.90803],[105.82398,17.90577]],[[106.44364,17.33567],[106.44426,17.33669]]]},"properties":{"kind":"road","class":"trunk","ref":"HCM","name":"Đường Hồ Chí Minh"}},{"type":"Feature","geometry":{"type":"LineString","coordinates":[[105.82354,17.90501],[105.82306,17.9039],[105.82313,17.90338],[105.82389,17.90235],[105.8242,17.90145],[105.82521,17.90028],[105.82566,17.89936],[105.826,17.89772],[105.82601,17.89528],[105.82555,17.89449],[105.82441,17.89384],[105.82385,17.89291],[105.82395,17.89239],[105.82477,17.89148],[105.82543,17.89113],[105.8294,17.89018],[105.83137,17.88977],[105.83349,17.88906],[105.83557,17.88857],[105.83788,17.88716],[105.83832,17.88654],[105.83832,17.88584],[105.83761,17.88478],[105.83753,17.88387],[105.83813,17.8831],[105.83896,17.88284],[105.83958,17.8822],[105.83974,17.88138],[105.84051,17.88058],[105.84131,17.88054],[105.84267,17.88098],[105.84338,17.88065],[105.84373,17.88012],[105.84379,17.87851],[105.84315,17.8766],[105.84336,17.87556],[105.84416,17.87513],[105.84591,17.87509],[105.8467,17.87551],[105.84837,17.87683],[105.8508,17.8789],[105.85215,17.87978],[105.85341,17.87967],[105.85427,17.8799],[105.85477,17.88019],[105.85579,17.88039],[105.85638,17.88028],[105.85787,17.87954],[105.85903,17.87872],[105.86027,17.87835],[105.86154,17.8775],[105.86309,17.87628],[105.86575,17.87503],[105.86707,17.87484],[105.86862,17.87376],[105.86923,17.8727],[105.87021,17.8716],[105.87045,17.87007],[105.87167,17.86885],[105.87273,17.86629],[105.87467,17.86328],[105.8749,17.86249],[105.87517,17.85968],[105.87549,17.85756],[105.87529,17.85603],[105.87594,17.85284],[105.87672,17.8518],[105.88249,17.84825],[105.88374,17.84729],[105.88426,17.84654],[105.88621,17.84272],[105.88774,17.8394],[105.88837,17.83615],[105.8891,17.83428],[105.89106,17.82997],[105.89129,17.82924],[105.89236,17.82253],[105.89253,17.82115],[105.8937,17.81384],[105.89518,17.80674],[105.89603,17.8053],[105.90473,17.79701],[105.90626,17.79585],[105.9069,17.79472],[105.90786,17.79253],[105.90932,17.78984],[105.91119,17.78785],[105.91167,17.78759],[105.91285,17.78744],[105.91334,17.78718],[105.91433,17.78596],[105.91623,17.78517],[105.91837,17.78524],[105.92014,17.78492],[105.92204,17.78392],[105.92497,17.78297],[105.92674,17.7817],[105.92793,17.78157],[105.9287,17.78113],[105.92958,17.78024],[105.9299,17.77954],[105.93021,17.77713],[105.93062,17.77637],[105.93201,17.77511],[105.93502,17.77418],[105.93563,17.77381],[105.94006,17.76999],[105.94213,17.76855],[105.94592,17.76636],[105.94858,17.76473],[105.94918,17.76374],[105.94929,17.76163]]},"properties":{"kind":"road","class":"trunk","ref":"QL.12A;HCM","name":"Đường Hồ Chí Minh"}},{"type":"Feature","geometry":{"type":"MultiLineString","coordinates":[[[105.96067,17.73531],[105.96095,17.73697],[105.95999,17.7401],[105.95937,17.74597],[105.95923,17.74642],[105.9561,17.75273],[105.95561,17.75335],[105.95061,17.75877],[105.95014,17.75949],[105.94929,17.76163]],[[105.9603,17.7341],[105.95996,17.73312],[105.95814,17.73036],[105.95806,17.72987],[105.95853,17.7285],[105.9579,17.72648],[105.95798,17.72475],[105.95708,17.7237],[105.95683,17.7231],[105.95943,17.7197],[105.96041,17.7187],[105.96239,17.71712],[105.96322,17.71668],[105.96439,17.71648],[105.96531,17.71565],[105.9663,17.7132],[105.96681,17.71256],[105.97086,17.70992],[105.97434,17.70533],[105.976,17.70389],[105.97822,17.70024],[105.97888,17.69956],[105.98308,17.69646],[105.98444,17.69612],[105.99066,17.69466],[105.99318,17.69426],[105.99488,17.69457],[105.99556,17.69514],[105.99623,17.69644],[105.99676,17.69682],[105.99861,17.69727],[105.99923,17.69769],[106.00003,17.69873],[106.00058,17.6989],[106.00224,17.69873],[106.00499,17.6975],[106.0057,17.69743],[106.0074,17.69759],[106.00898,17.69734],[106.01073,17.69652],[106.01576,17.69473],[106.01777,17.69456],[106.0193,17.6941],[106.0212,17.69285],[106.02219,17.69233],[106.02957,17.68885],[106.03272,17.68679],[106.03341,17.68653],[106.03632,17.6863],[106.03744,17.68636],[106.03856,17.68574],[106.03889,17.6848],[106.03951,17.68416],[106.04098,17.68413],[106.04195,17.68371],[106.04232,17.68323],[106.04254,17.68295],[106.04318,17.68216],[106.04429,17.68169],[106.04532,17.68185],[106.04742,17.68264],[106.0492,17.68282],[106.05126,17.68283],[106.05176,17.68269],[106.05277,17.6818],[106.05446,17.68156],[106.05606,17.68056],[106.05786,17.68015],[106.05968,17.67907],[106.06116,17.67881],[106.06448,17.67952],[106.0649,17.6796],[106.0666,17.67987],[106.06782,17.6799],[106.07011,17.67959],[106.07082,17.67937],[106.0757,17.67687],[106.07638,17.67627],[106.07861,17.67371],[106.07917,17.67336],[106.08066,17.67291],[106.08248,17.67172],[106.08286,17.67075],[106.08245,17.66846],[106.08335,17.66747],[106.08335,17.66704],[106.08227,17.66681],[106.08273,17.66603],[106.08364,17.66613],[106.08508,17.66597],[106.0854,17.66555],[106.08593,17.66417],[106.08695,17.66386],[106.08655,17.6633],[106.08524,17.66359],[106.08431,17.66341],[106.08317,17.6627],[106.08327,17.66193],[106.0842,17.66108],[106.08739,17.65929],[106.08858,17.65822],[106.08863,17.65753],[106.08781,17.65641],[106.08825,17.6556],[106.08921,17.65546],[106.08964,17.65453],[106.0893,17.65363],[106.0897,17.65322],[106.0907,17.65284],[106.09149,17.65193],[106.09238,17.65154],[106.09276,17.65108],[106.09263,17.64969],[106.09216,17.64923],[106.09065,17.64905],[106.08916,17.6481],[106.08918,17.64752],[106.09036,17.64774],[106.09086,17.64709],[106.09188,17.64726],[106.09235,17.64711],[106.09259,17.6464],[106.09396,17.64573],[106.09457,17.64497],[106.09463,17.64452],[106.09344,17.64313],[106.09353,17.6426],[106.09427,17.6421],[106.09567,17.64173],[106.09784,17.64137],[106.09891,17.64177],[106.10071,17.64177],[106.10143,17.64223],[106.10158,17.643],[106.10215,17.6434],[106.10263,17.64314],[106.10313,17.64197],[106.10431,17.64185],[106.10582,17.64245],[106.10679,17.64233],[106.10797,17.64246],[106.10881,17.64204],[106.1112,17.64207],[106.11228,17.64176],[106.11264,17.64165],[106.11477,17.641],[106.11674,17.64072],[106.1183,17.64009],[106.12052,17.64022],[106.12199,17.64006],[106.12352,17.64022],[106.12484,17.64014],[106.12715,17.64059],[106.12855,17.64047],[106.13089,17.64073],[106.13231,17.64145],[106.13302,17.64155],[106.13451,17.64132],[106.13534,17.64167],[106.1366,17.64254],[106.13813,17.64257],[106.13893,17.64292],[106.14082,17.64468],[106.14229,17.64516],[106.14315,17.64558],[106.14336,17.6457],[106.14398,17.64599],[106.14483,17.64586],[106.14557,17.64542],[106.14656,17.64537],[106.1494,17.64602],[106.1516,17.64631],[106.15337,17.64633],[106.15464,17.64672],[106.15575,17.64726],[106.15762,17.64869],[106.16064,17.64987],[106.16255,17.65087],[106.16533,17.65149],[106.16791,17.65157],[106.16969,17.65187],[106.17188,17.65286],[106.17221,17.65289],[106.17435,17.65243],[106.17503,17.65271],[106.17695,17.6538],[106.17858,17.65514],[106.18021,17.656],[106.18135,17.65714],[106.18207,17.65739],[106.18589,17.65762],[106.18675,17.65793],[106.18737,17.65824],[106.19076,17.65875],[106.19372,17.65992],[106.19722,17.66094],[106.19893,17.66092],[106.20041,17.66057],[106.20107,17.66027],[106.20264,17.6592],[106.20384,17.6592],[106.2269,17.66038],[106.22994,17.66061],[106.23382,17.66025],[106.23477,17.66036],[106.2411,17.6617],[106.24816,17.66296],[106.2517,17.66301]],[[105.86006,18.02878],[105.85893,18.02994],[105.8558,18.03233],[105.85075,18.03564],[105.85018,18.03609],[105.84576,18.04044],[105.83883,18.04987],[105.83732,18.05174],[105.83434,18.05582],[105.83379,18.05641],[105.83221,18.05774],[105.83168,18.05818],[105.82953,18.06007],[105.82689,18.06176],[105.82581,18.06274]]]},"properties":{"kind":"road","class":"trunk","ref":"QL.15;HCM","name":"Đường Hồ Chí Minh"}},{"type":"Feature","geometry":{"type":"MultiLineString","coordinates":[[[106.3066,17.58413],[106.30803,17.5829],[106.30829,17.58235],[106.30846,17.57985],[106.30843,17.57775],[106.30785,17.57634],[106.30788,17.57518],[106.30639,17.57334],[106.30457,17.56922],[106.30297,17.56668],[106.30233,17.56595],[106.30268,17.56444],[106.30111,17.56227],[106.30071,17.56187],[106.30044,17.56052],[106.30051,17.55979],[106.30024,17.55898],[106.30067,17.55729],[106.30028,17.55618],[106.30074,17.55463],[106.30158,17.5533],[106.30161,17.55197],[106.30088,17.55089],[106.29902,17.55033],[106.29862,17.54955],[106.29729,17.54892],[106.29545,17.54731],[106.29429,17.5466],[106.29314,17.54558],[106.29274,17.5446],[106.29222,17.54395],[106.29125,17.54372],[106.28998,17.54264],[106.28915,17.5424],[106.28826,17.54262],[106.2879,17.54201],[106.28807,17.54133],[106.28721,17.54135],[106.28727,17.54261],[106.2871,17.54372],[106.28718,17.54477],[106.28661,17.54502],[106.28577,17.54409],[106.28583,17.54327],[106.28516,17.54239],[106.28414,17.54144],[106.28404,17.54105],[106.28316,17.54027],[106.28238,17.53852],[106.28238,17.53779],[106.28199,17.53648],[106.28079,17.53464],[106.28025,17.53343],[106.27984,17.53314],[106.27914,17.53011],[106.2773,17.52769],[106.27631,17.52615],[106.27398,17.52536],[106.27317,17.52463],[106.27348,17.52292],[106.27276,17.52163],[106.27312,17.51993],[106.27229,17.51901]],[[106.31936,17.61137],[106.31895,17.61112]]]},"properties":{"kind":"road","class":"primary","ref":"QL.9G","name":"Quốc lộ 9G (Đường 20)"}},{"type":"Feature","geometry":{"type":"MultiLineString","coordinates":[[[106.2517,17.66301],[106.2524,17.66243],[106.25304,17.66106],[106.25451,17.65553],[106.25451,17.65489],[106.25415,17.65442],[106.25381,17.65403],[106.25351,17.65354],[106.25397,17.65267],[106.25666,17.65108],[106.25888,17.64896],[106.26006,17.64822],[106.2622,17.64392],[106.26227,17.6433],[106.2621,17.64056],[106.26061,17.63584],[106.25942,17.63116],[106.25958,17.62897],[106.25932,17.62611],[106.25968,17.62476],[106.26105,17.62354],[106.26152,17.62173],[106.26384,17.6195],[106.26447,17.61721],[106.26509,17.6115],[106.26488,17.60962],[106.26527,17.60824],[106.2653,17.60696],[106.26458,17.60484],[106.26402,17.60375],[106.26067,17.60069],[106.25871,17.59953],[106.25826,17.59915],[106.25726,17.59756],[106.2572,17.59663],[106.25811,17.59246],[106.25928,17.59045],[106.25935,17.59011],[106.25875,17.58841],[106.25657,17.58644],[106.25633,17.58605],[106.2545,17.5807],[106.25443,17.58032],[106.25465,17.57757],[106.25431,17.57627],[106.25084,17.57408],[106.2502,17.57336],[106.24776,17.57166],[106.24597,17.5702],[106.24536,17.56912],[106.24539,17.56848],[106.24453,17.56758],[106.24339,17.56616],[106.24268,17.56558],[106.24233,17.56497],[106.24115,17.56365],[106.24088,17.56307],[106.2399,17.56195],[106.2395,17.56095],[106.23807,17.55994],[106.23746,17.55861],[106.23658,17.55771],[106.23569,17.55629],[106.23489,17.55388],[106.23526,17.55295],[106.23473,17.55143],[106.23496,17.55046],[106.23434,17.54927],[106.23415,17.54844],[106.23448,17.5472],[106.23385,17.54653],[106.2333,17.54533],[106.23373,17.54473],[106.23419,17.54475],[106.23487,17.54499],[106.23559,17.54444],[106.23489,17.54307],[106.2347,17.54224],[106.23527,17.54154],[106.23592,17.5412],[106.23653,17.54127],[106.23748,17.54175],[106.23938,17.54196],[106.24051,17.54196],[106.24244,17.54126],[106.24445,17.54129],[106.24514,17.54149],[106.24602,17.54215],[106.24699,17.54221],[106.24814,17.54187],[106.24912,17.54048],[106.24992,17.53975],[106.25207,17.53938],[106.25319,17.53699],[106.2541,17.53574],[106.2547,17.53536],[106.25609,17.53491],[106.25714,17.5349],[106.25808,17.53432],[106.25863,17.5332],[106.26111,17.53231],[106.26225,17.53115],[106.26306,17.52985],[106.26464,17.52784],[106.26486,17.5271],[106.26549,17.52626],[106.26581,17.52539],[106.26667,17.52385],[106.26811,17.52244],[106.26884,17.52071],[106.26979,17.51935],[106.27025,17.51918],[106.27123,17.51943],[106.27229,17.51901],[106.27278,17.51883]],[[106.27373,17.51838],[106.27397,17.51812],[106.27401,17.51686],[106.27476,17.51626],[106.27554,17.51624],[106.27632,17.51654],[106.27766,17.51742],[106.27942,17.51894],[106.28239,17.52112],[106.2848,17.52167],[106.28573,17.522],[106.28806,17.52205],[106.28977,17.52189],[106.29061,17.52236],[106.29158,17.52357],[106.29226,17.52365],[106.29285,17.52337],[106.29311,17.52284],[106.29309,17.52134],[106.29355,17.52145],[106.29381,17.52228],[106.29456,17.52232],[106.2956,17.52126],[106.29561,17.52064],[106.29522,17.51995],[106.29571,17.51957],[106.29542,17.51895],[106.29453,17.51835],[106.29439,17.51765],[106.29504,17.51696],[106.29505,17.51585],[106.29443,17.51525],[106.29472,17.51434],[106.29423,17.51348],[106.29295,17.51285],[106.29213,17.51154],[106.29161,17.51043],[106.29199,17.50938],[106.29157,17.50829],[106.29084,17.50776],[106.28969,17.50588],[106.28907,17.50432],[106.28842,17.50302],[106.2884,17.50233],[106.28878,17.49922],[106.28903,17.49884],[106.29015,17.49811],[106.29092,17.49696],[106.29143,17.49526],[106.29174,17.49481],[106.29396,17.49374],[106.29445,17.49329],[106.29467,17.49207],[106.29518,17.49024],[106.29525,17.48933],[106.29612,17.48842],[106.29711,17.48843],[106.29822,17.48883],[106.29929,17.48846],[106.30003,17.48852],[106.3003,17.4879],[106.30083,17.48776],[106.30229,17.48458],[106.30333,17.48383],[106.30431,17.48385],[106.30511,17.48352],[106.30674,17.48343],[106.3077,17.48406],[106.30864,17.4844],[106.30903,17.48523],[106.30981,17.48548],[106.31176,17.48477],[106.31143,17.48411],[106.31022,17.48467],[106.30974,17.48419],[106.30992,17.48305],[106.3094,17.48198],[106.30854,17.48251],[106.30782,17.48249],[106.30638,17.4815],[106.30664,17.48033],[106.30838,17.47823],[106.30948,17.47786],[106.31035,17.47803],[106.31114,17.47913],[106.31237,17.47958],[106.3126,17.47894],[106.312,17.47815],[106.31192,17.47665],[106.31305,17.47676],[106.31406,17.47767],[106.31478,17.47756],[106.31539,17.47821],[106.31566,17.47902],[106.31721,17.48045],[106.31761,17.48042],[106.31805,17.47927],[106.31912,17.4791],[106.31904,17.47758],[106.31963,17.47728],[106.32098,17.47783],[106.32141,17.47654],[106.32198,17.47617],[106.32154,17.47473],[106.32235,17.47448],[106.32355,17.47517],[106.32415,17.47523],[106.32493,17.47493],[106.32557,17.47505],[106.3262,17.4763],[106.32712,17.47628],[106.32741,17.47553],[106.32723,17.47483],[106.32673,17.47436],[106.32751,17.4736],[106.32743,17.47284],[106.32801,17.47216],[106.32816,17.47137],[106.32868,17.47144],[106.32884,17.47206],[106.32862,17.47333],[106.32897,17.47402],[106.32924,17.47538],[106.32952,17.47568],[106.33055,17.47576],[106.3313,17.47554],[106.33137,17.47619],[106.33219,17.47675],[106.33325,17.47625],[106.33411,17.47501],[106.33464,17.47525],[106.33419,17.47633],[106.33376,17.47669],[106.33384,17.47742],[106.33354,17.47801],[106.33387,17.47847],[106.3338,17.47923],[106.33444,17.47991],[106.33457,17.4805],[106.33329,17.48149],[106.33226,17.48193],[106.3317,17.48169],[106.3303,17.48181],[106.32999,17.48233],[106.32905,17.48249],[106.32911,17.48344],[106.33007,17.48344],[106.33067,17.4841],[106.33137,17.48368],[106.33268,17.48354],[106.33347,17.48318],[106.33507,17.48371],[106.33539,17.48443],[106.3361,17.48463],[106.33633,17.48547],[106.33624,17.48637],[106.33716,17.48626],[106.33855,17.48483],[106.3391,17.48499],[106.33958,17.48586],[106.34074,17.48567],[106.34157,17.48529],[106.34208,17.48444],[106.34308,17.48457],[106.34399,17.48397],[106.34485,17.48268],[106.34565,17.48071],[106.34602,17.4806],[106.34688,17.48122],[106.3468,17.48208],[106.3472,17.4826],[106.348,17.48212],[106.34866,17.48253],[106.3483,17.48367],[106.34867,17.48418],[106.34875,17.4855],[106.34913,17.48621],[106.34904,17.48682],[106.34953,17.48702],[106.34961,17.48784],[106.35006,17.48861],[106.35072,17.48852],[106.35063,17.48755],[106.35131,17.48707],[106.35204,17.48746],[106.3527,17.48734],[106.35276,17.48629],[106.35356,17.48585],[106.35487,17.48635],[106.35529,17.48613],[106.35535,17.48521],[106.35619,17.48444],[106.35716,17.48454],[106.35753,17.48371],[106.35906,17.48262],[106.35957,17.48299],[106.36002,17.48264],[106.36082,17.48258],[106.36162,17.48338],[106.36153,17.48411],[106.36073,17.48559],[106.36128,17.48743],[106.3622,17.4866],[106.36275,17.48653],[106.36321,17.486],[106.36417,17.48596],[106.3645,17.48629],[106.36431,17.4871],[106.3644,17.48791],[106.36514,17.48836],[106.3653,17.48996],[106.36555,17.49045],[106.36545,17.49153],[106.36704,17.49246],[106.36778,17.49224],[106.36861,17.49245],[106.36909,17.4922],[106.36977,17.49247],[106.37094,17.49147],[106.37121,17.49084],[106.37181,17.49031],[106.37293,17.49031],[106.37358,17.4898],[106.37482,17.48946],[106.37569,17.48803],[106.37686,17.48577],[106.37598,17.48376],[106.37535,17.4837],[106.37481,17.48279],[106.37498,17.48219],[106.37467,17.48109],[106.3755,17.47951],[106.37664,17.47828],[106.37745,17.47701],[106.37797,17.47651],[106.37803,17.47548],[106.37881,17.47422],[106.379,17.47314],[106.38022,17.47312],[106.38107,17.47409],[106.38186,17.47401],[106.38458,17.47422],[106.38468,17.47323],[106.38345,17.47186],[106.38217,17.47216],[106.38169,17.47132],[106.38168,17.46972],[106.382,17.46905],[106.38153,17.46726],[106.38138,17.4661],[106.38205,17.46533],[106.38179,17.46375],[106.38195,17.46285],[106.38131,17.46207],[106.38207,17.46129],[106.3813,17.46003],[106.38168,17.45919],[106.38282,17.45875],[106.38375,17.45809],[106.38518,17.4582],[106.38527,17.45709],[106.38463,17.45621],[106.38472,17.45565],[106.38368,17.45508],[106.38407,17.45448],[106.38332,17.4537],[106.38342,17.45199],[106.38411,17.45183],[106.38538,17.45117],[106.38572,17.45038],[106.38633,17.45063],[106.38722,17.45034],[106.38801,17.4509],[106.38843,17.44998],[106.38953,17.44997],[106.3904,17.44949],[106.3905,17.44894],[106.38885,17.44774],[106.38889,17.44663],[106.38871,17.44564],[106.38822,17.44483],[106.38887,17.44457],[106.38964,17.44383],[106.38959,17.44345],[106.38866,17.44289],[106.38923,17.44149],[106.38985,17.44116],[106.38986,17.44034],[106.39028,17.43966],[106.38987,17.43934],[106.39026,17.43874],[106.38942,17.43742],[106.38943,17.43677],[106.38892,17.43648],[106.38931,17.43568],[106.38872,17.43448],[106.3879,17.43349],[106.38812,17.43257],[106.38688,17.43199],[106.38662,17.43146],[106.3874,17.4309],[106.38848,17.42948],[106.38822,17.42904],[106.38825,17.42815],[106.38896,17.42768],[106.38861,17.42692],[106.38932,17.4264],[106.39112,17.42611],[106.39134,17.42584],[106.39133,17.42471],[106.39184,17.42419],[106.39158,17.42281],[106.39186,17.42217],[106.39343,17.42126],[106.39363,17.41972],[106.39406,17.4191],[106.39403,17.41842],[106.3947,17.41773],[106.39463,17.41642],[106.39543,17.41558],[106.39584,17.41455],[106.39594,17.41349],[106.39672,17.41291],[106.39706,17.41147],[106.39768,17.41161],[106.3982,17.41256],[106.39817,17.41328],[106.3985,17.41378],[106.39966,17.41464],[106.40002,17.41559],[106.40124,17.41674],[106.4018,17.4175],[106.40261,17.417],[106.40297,17.4144],[106.4028,17.41353],[106.40365,17.41365],[106.40425,17.41545],[106.40434,17.4163],[106.40491,17.41702],[106.4059,17.41636],[106.40592,17.41552],[106.40669,17.41444],[106.4075,17.4139],[106.40787,17.414],[106.40874,17.41524],[106.40948,17.41449],[106.40913,17.41402],[106.40961,17.41265],[106.41022,17.41245],[106.40998,17.41145],[106.40989,17.41013],[106.40896,17.4095],[106.40864,17.4088],[106.40885,17.40798],[106.4086,17.40753],[106.40771,17.40764],[106.4075,17.40713],[106.40784,17.40635],[106.40697,17.40562],[106.40727,17.40511],[106.40714,17.40379],[106.40675,17.40338],[106.40613,17.40354],[106.40594,17.40291],[106.40655,17.40229],[106.40613,17.40127],[106.40593,17.40021],[106.40608,17.39902],[106.40697,17.39873],[106.40671,17.39659],[106.40689,17.39597],[106.40664,17.3953],[106.40731,17.39456],[106.40795,17.39261],[106.40863,17.3928],[106.40928,17.39388],[106.41054,17.39343],[106.41075,17.39246],[106.41134,17.39195],[106.41165,17.3926],[106.41162,17.39432],[106.41228,17.39491],[106.41276,17.39427],[106.41308,17.39186],[106.41298,17.38963],[106.41247,17.38932],[106.4127,17.38834],[106.41266,17.38711],[106.41343,17.38558],[106.41395,17.38572],[106.41525,17.3868],[106.41603,17.38684],[106.41636,17.38557],[106.41572,17.38513],[106.4157,17.38457],[106.41649,17.38378],[106.4162,17.38283],[106.41525,17.3823],[106.4144,17.38114],[106.4137,17.38066],[106.41416,17.3801],[106.41449,17.37854],[106.41419,17.37757],[106.41417,17.37593],[106.4152,17.37528],[106.41448,17.37462],[106.41436,17.37397],[106.41457,17.37274],[106.41413,17.37141],[106.41284,17.37016],[106.41289,17.3698],[106.41368,17.36931],[106.41455,17.36794],[106.41462,17.36719],[106.41531,17.36659],[106.41551,17.36565],[106.41664,17.36503],[106.41673,17.36467],[106.4166,17.36425],[106.41696,17.36374],[106.41811,17.36372],[106.41986,17.36484],[106.42056,17.36475],[106.42068,17.36424],[106.42003,17.36319],[106.42001,17.36231],[106.41974,17.36173],[106.42126,17.36123],[106.42084,17.3604],[106.41993,17.3592],[106.41978,17.35862],[106.41918,17.35844],[106.41925,17.35787],[106.42,17.35762],[106.42087,17.35674],[106.42175,17.35654],[106.42163,17.35565],[106.42202,17.355],[106.42144,17.35412],[106.42151,17.35341],[106.42104,17.35282],[106.4209,17.3519],[106.42125,17.3511],[106.42067,17.3506],[106.42031,17.34909],[106.41995,17.34823],[106.42042,17.34803],[106.42094,17.34841],[106.42141,17.34791],[106.42083,17.3472],[106.42105,17.34594],[106.4215,17.3459],[106.42316,17.34819],[106.42495,17.34908],[106.42507,17.34989],[106.4258,17.35062],[106.42616,17.34988],[106.42605,17.34902],[106.42677,17.34833],[106.42756,17.3481],[106.42798,17.34631],[106.42847,17.34492],[106.4285,17.3446],[106.42845,17.34373],[106.42767,17.34233],[106.42743,17.34128],[106.42793,17.3402],[106.42834,17.33882],[106.42865,17.33849],[106.43029,17.33777],[106.43107,17.33762],[106.43318,17.33575],[106.43427,17.33549],[106.43549,17.33629],[106.43572,17.33712],[106.43718,17.33845],[106.43791,17.33929],[106.43822,17.34007],[106.43944,17.34097],[106.44082,17.34072],[106.44189,17.34009],[106.44242,17.33932],[106.44402,17.33746],[106.4444,17.33688],[106.44426,17.33669]],[[106.44364,17.33567],[106.44368,17.33524],[106.44455,17.33443],[106.4455,17.33313],[106.44685,17.33293],[106.44837,17.33309],[106.44881,17.33267],[106.44897,17.33191],[106.44825,17.33007],[106.44786,17.32978],[106.44554,17.32924],[106.44337,17.3274],[106.44276,17.32643],[106.44264,17.3246],[106.44191,17.32322],[106.44215,17.32229],[106.44272,17.32148],[106.4425,17.32065],[106.44395,17.31999],[106.44497,17.32008],[106.44578,17.3204],[106.4468,17.31962],[106.4472,17.3199],[106.44735,17.32074],[106.44813,17.32075],[106.44855,17.32114],[106.44929,17.32073],[106.45025,17.32132],[106.45151,17.32123],[106.45161,17.32204],[106.4548,17.32236],[106.4557,17.32302],[106.45655,17.32296],[106.4582,17.32345],[106.45926,17.32329],[106.45947,17.32275],[106.45892,17.32216],[106.4588,17.32153],[106.45739,17.31981],[106.45631,17.31989],[106.45469,17.3188],[106.45482,17.31822],[106.45441,17.31738],[106.45428,17.31648],[106.45392,17.31622],[106.45289,17.31627],[106.45122,17.31575],[106.44922,17.3142],[106.44806,17.31257],[106.44718,17.31155],[106.44662,17.3101],[106.44665,17.3096],[106.44831,17.30809],[106.44872,17.30746],[106.44873,17.30681],[106.44832,17.306],[106.44763,17.30528],[106.4473,17.30341],[106.44637,17.30379],[106.44519,17.30362],[106.44411,17.30226],[106.44397,17.3005],[106.44452,17.2995],[106.44539,17.29855],[106.44662,17.29791],[106.44681,17.29724],[106.44804,17.29668],[106.44946,17.2951],[106.45066,17.29462],[106.45095,17.29419],[106.45047,17.29311],[106.45057,17.2925],[106.45214,17.29158],[106.45194,17.29078],[106.45241,17.28841],[106.45206,17.28637],[106.45242,17.28563],[106.45387,17.285],[106.45427,17.28448],[106.45474,17.28322],[106.45391,17.28117],[106.45368,17.28022],[106.45303,17.27947],[106.45203,17.27933],[106.45184,17.27841],[106.45079,17.27782],[106.45032,17.27705],[106.45066,17.2764],[106.45056,17.2758],[106.44978,17.27529],[106.44936,17.27467],[106.4497,17.274],[106.45089,17.27371],[106.45115,17.27319],[106.45089,17.27244],[106.45017,17.27188],[106.44829,17.27215],[106.44898,17.27098],[106.44805,17.26921],[106.44701,17.26974],[106.44567,17.26945],[106.4448,17.26944],[106.44486,17.26869],[106.44573,17.26841],[106.44639,17.26854],[106.44691,17.26802],[106.4464,17.2674],[106.4447,17.26402],[106.44459,17.2627],[106.44435,17.26247],[106.44311,17.26239],[106.44238,17.26258],[106.44153,17.26248],[106.44077,17.26155],[106.44156,17.26097],[106.44247,17.26166],[106.44289,17.26109],[106.44269,17.2595],[106.44222,17.25804],[106.44146,17.25797],[106.44127,17.25749],[106.44209,17.2556],[106.44289,17.25469],[106.44577,17.25308],[106.44915,17.25164],[106.45075,17.25089],[106.4519,17.25121],[106.45291,17.25034],[106.45361,17.24888],[106.45484,17.2487],[106.45565,17.24812],[106.45634,17.24798],[106.45725,17.24821],[106.45791,17.24757],[106.45824,17.24633],[106.45904,17.24473],[106.45981,17.2436],[106.46052,17.242],[106.46136,17.24041],[106.46174,17.2392],[106.46078,17.23646],[106.4605,17.2352],[106.4585,17.23354],[106.45725,17.23328],[106.45663,17.23262],[106.45595,17.23244],[106.45436,17.23148],[106.45217,17.23141],[106.45099,17.23071],[106.44858,17.22951],[106.44562,17.22745],[106.44461,17.22727],[106.44412,17.22668],[106.44427,17.22597],[106.44474,17.22487],[106.44558,17.22395],[106.44739,17.22384],[106.44818,17.22316],[106.44894,17.22101],[106.4504,17.21889],[106.45038,17.21829],[106.44974,17.21725],[106.45015,17.21635],[106.45129,17.216],[106.45277,17.21521],[106.45294,17.21493],[106.45264,17.21331],[106.45292,17.2128],[106.45409,17.21175],[106.45513,17.21049],[106.45616,17.20945],[106.45682,17.20846],[106.45727,17.20731],[106.4579,17.20636],[106.45802,17.20571],[106.45934,17.20308],[106.45955,17.20184],[106.45949,17.19987],[106.45989,17.19838],[106.4615,17.19707],[106.46189,17.19634],[106.46254,17.19593],[106.4632,17.19565],[106.464,17.19545],[106.46562,17.19655],[106.46611,17.19666],[106.46703,17.19634],[106.46832,17.19712],[106.47137,17.19769],[106.47188,17.19758],[106.47266,17.19696],[106.47425,17.19499],[106.47624,17.19321],[106.47798,17.19145],[106.48061,17.18852],[106.48206,17.18633],[106.48275,17.18576],[106.48441,17.18507],[106.48562,17.18411],[106.48629,17.1834],[106.48842,17.18195],[106.48892,17.18088],[106.48989,17.18002],[106.4905,17.17835],[106.49004,17.17672],[106.49031,17.17384],[106.49014,17.17265],[106.49071,17.16906],[106.49151,17.16802],[106.49251,17.1671],[106.49357,17.16664],[106.49488,17.16678],[106.49638,17.16656],[106.49717,17.16623],[106.49736,17.16526],[106.4968,17.16396],[106.49613,17.16325],[106.49497,17.16243],[106.49411,17.16163],[106.49381,17.16015],[106.49418,17.15829],[106.49453,17.15762],[106.49695,17.15439],[106.49766,17.15378],[106.49795,17.15307],[106.49862,17.15243],[106.49935,17.15218],[106.50012,17.15112],[106.50104,17.15055],[106.49902,17.14996],[106.49712,17.14857],[106.49617,17.14653],[106.49603,17.14589],[106.49534,17.14549],[106.49468,17.14447],[106.49364,17.14233],[106.49374,17.13961],[106.49307,17.13853],[106.49195,17.13837],[106.49085,17.13736],[106.49088,17.13625],[106.49147,17.13574],[106.49277,17.13539],[106.49328,17.13465],[106.49427,17.13438],[106.49547,17.13356],[106.4964,17.13177],[106.49631,17.13056],[106.49704,17.12973],[106.49813,17.12997],[106.4986,17.12971],[106.49954,17.12858],[106.49952,17.12792],[106.49861,17.12727],[106.49698,17.12694],[106.49547,17.12583],[106.49479,17.1256],[106.49396,17.12434],[106.49394,17.12328],[106.49331,17.12179],[106.49262,17.12098],[106.49279,17.12014],[106.49253,17.11946],[106.49266,17.11893],[106.49238,17.11802],[106.49269,17.11709],[106.49323,17.11666],[106.49394,17.11656],[106.49464,17.11593],[106.49532,17.11567],[106.49627,17.11438],[106.49708,17.11451],[106.49892,17.11365],[106.49967,17.11311],[106.50156,17.1124],[106.50236,17.11229],[106.50383,17.1127],[106.50441,17.1125],[106.50487,17.11292],[106.50538,17.11278],[106.50552,17.11219],[106.50658,17.10965],[106.50812,17.10871],[106.50974,17.10867],[106.51006,17.10897],[106.5106,17.11081],[106.511,17.11113],[106.51252,17.11114],[106.51449,17.1102],[106.51679,17.10928],[106.51765,17.10909],[106.5183,17.10863],[106.51965,17.10701],[106.52083,17.10611],[106.52115,17.10547],[106.52201,17.10543],[106.52276,17.10642],[106.52372,17.10668],[106.52414,17.10582],[106.52433,17.10353],[106.52518,17.10139],[106.52635,17.10057],[106.5272,17.10027],[106.52828,17.09949],[106.53034,17.09878],[106.53106,17.09921],[106.53186,17.09862],[106.53298,17.09838],[106.53408,17.099],[106.53549,17.09853],[106.53731,17.09862],[106.53828,17.09889],[106.54107,17.09775],[106.54211,17.09707],[106.54266,17.09708],[106.5443,17.09763],[106.54542,17.09674],[106.54653,17.09644],[106.54784,17.09743],[106.55029,17.09672],[106.55151,17.09722],[106.55229,17.09788],[106.55262,17.09876],[106.55312,17.09881],[106.55406,17.09824],[106.55412,17.0966],[106.55462,17.09632],[106.5558,17.09625],[106.55665,17.09532],[106.55747,17.09565],[106.55826,17.09687],[106.55884,17.0973],[106.55946,17.09725],[106.56006,17.09639],[106.55963,17.09522],[106.55994,17.09186],[106.56075,17.0913],[106.56067,17.09039],[106.56035,17.08952],[106.56026,17.08838],[106.56,17.08743],[106.56024,17.08693],[106.56093,17.0865],[106.56204,17.08651],[106.56295,17.08591],[106.56436,17.08605],[106.56555,17.0858],[106.567,17.08592],[106.56855,17.08575],[106.57073,17.0858],[106.57219,17.08557],[106.57516,17.08487],[106.57852,17.0844],[106.58004,17.08394],[106.58222,17.08356],[106.58279,17.08276],[106.58351,17.0825],[106.58439,17.08249],[106.5857,17.08203],[106.58657,17.08192],[106.58955,17.08052],[106.59032,17.0797],[106.59263,17.07906],[106.59329,17.07935],[106.595,17.07925],[106.60014,17.0782],[106.60168,17.07706],[106.60257,17.07684],[106.60346,17.0763],[106.60546,17.07569],[106.60589,17.07533],[106.60684,17.07518],[106.60817,17.0745],[106.61069,17.07408],[106.61302,17.07391],[106.61467,17.07352],[106.61749,17.07356],[106.6183,17.07345],[106.62074,17.07271],[106.62381,17.0724],[106.62509,17.0718],[106.62647,17.07069],[106.62691,17.07071],[106.6283,17.07128],[106.63036,17.07133],[106.63187,17.07093],[106.633,17.07024],[106.63284,17.06927],[106.63354,17.06839],[106.6332,17.06673],[106.63349,17.06565],[106.63354,17.06441],[106.63485,17.06274],[106.63473,17.06155],[106.63502,17.06052],[106.63571,17.05909],[106.63615,17.05663],[106.63525,17.05465],[106.63519,17.05403],[106.6361,17.05277],[106.63653,17.05278],[106.63744,17.05346],[106.638,17.05318],[106.63813,17.05219],[106.6389,17.05078],[106.63994,17.05034],[106.64071,17.05128],[106.64137,17.05163],[106.64174,17.05082],[106.64128,17.04964],[106.64092,17.0477],[106.64131,17.04672],[106.64224,17.04574],[106.64262,17.04485],[106.64174,17.04282],[106.64093,17.04195],[106.64072,17.04118],[106.64084,17.04042],[106.64046,17.03984],[106.64059,17.03939],[106.64141,17.03879],[106.64148,17.03846],[106.64031,17.03782],[106.63985,17.03634],[106.63885,17.03522],[106.63904,17.03397],[106.63817,17.03369],[106.63789,17.03286],[106.63696,17.03245],[106.63693,17.03201],[106.6375,17.03043],[106.6393,17.03066],[106.63964,17.02989],[106.64094,17.02899],[106.64123,17.02796],[106.64132,17.02306],[106.64094,17.02198],[106.64135,17.02089],[106.6415,17.01946],[106.64137,17.01908],[106.63895,17.01697],[106.63839,17.01543],[106.63834,17.01425],[106.63862,17.0137],[106.63957,17.0134],[106.64001,17.01244],[106.64005,17.01136],[106.6406,17.01039],[106.64139,17.00982],[106.64135,17.00902],[106.63985,17.00754],[106.63971,17.00629],[106.63868,17.00433],[106.63872,17.00318],[106.63999,17.00216],[106.64096,17.00194],[106.64208,17.00221],[106.64348,17.00182],[106.64422,17.00201],[106.64449,17.00117],[106.64571,16.99964],[106.64612,16.99943],[106.64628,16.99846],[106.64696,16.99697],[106.64773,16.99631],[106.64706,16.99508],[106.64629,16.99398],[106.64576,16.9937],[106.64292,16.9933],[106.64102,16.99144],[106.64049,16.99042],[106.63974,16.98768],[106.63985,16.98659],[106.63956,16.98468],[106.63936,16.98431],[106.63858,16.98431],[106.63838,16.98492],[106.63879,16.98552],[106.6386,16.98623],[106.63786,16.98614],[106.63711,16.98458],[106.63689,16.98382],[106.63635,16.98343],[106.63521,16.98364],[106.63462,16.98352],[106.63376,16.98257],[106.63296,16.98204],[106.63129,16.98199],[106.63119,16.98018],[106.63064,16.9796],[106.62915,16.97972],[106.62875,16.97933],[106.62812,16.97962],[106.62705,16.97936],[106.62631,16.97952],[106.62593,16.97882],[106.62452,16.97933],[106.62513,16.98013],[106.62482,16.98146],[106.62258,16.98104],[106.62193,16.98048],[106.62075,16.98088],[106.6202,16.98064],[106.61869,16.98079],[106.61834,16.97886],[106.61777,16.97878],[106.61717,16.97826],[106.61643,16.97828],[106.61608,16.97791],[106.61491,16.97795],[106.61384,16.97885],[106.61325,16.97868],[106.61309,16.97701],[106.61484,16.97567],[106.6156,16.97541],[106.61635,16.97427],[106.61596,16.97286],[106.61488,16.97247],[106.61444,16.97209],[106.6136,16.97203],[106.61291,16.97135],[106.61216,16.97119],[106.6108,16.97172],[106.60979,16.97136],[106.60877,16.97055],[106.60873,16.96983],[106.60785,16.96925],[106.60721,16.96969],[106.60597,16.96932],[106.60527,16.96966],[106.60393,16.96937],[106.60324,16.96871],[106.60317,16.96808],[106.6011,16.96739],[106.60096,16.96709],[106.60136,16.96517],[106.60088,16.96445],[106.60093,16.96391],[106.60015,16.96335],[106.59967,16.96161],[106.59906,16.961],[106.59877,16.9617],[106.59799,16.96169],[106.59793,16.96077],[106.59702,16.95998],[106.59667,16.95998],[106.59574,16.96067],[106.59434,16.96082],[106.59402,16.96149],[106.59408,16.96233],[106.59326,16.96359],[106.5928,16.96311],[106.59207,16.96179],[106.5922,16.96103],[106.59105,16.95987],[106.58975,16.96022],[106.5887,16.95919],[106.5881,16.9596],[106.58699,16.95986],[106.58673,16.95946],[106.58669,16.95855],[106.58595,16.95806],[106.58534,16.95805],[106.58457,16.95885],[106.58403,16.95868],[106.58307,16.95939],[106.58207,16.95935],[106.58244,16.95803],[106.58252,16.95712],[106.58199,16.95562],[106.58316,16.95583],[106.58344,16.9551],[106.58451,16.95511],[106.58492,16.95421],[106.5849,16.95337],[106.58446,16.95253],[106.58468,16.95221],[106.58603,16.95226],[106.58589,16.95162],[106.58683,16.95114],[106.58794,16.95123],[106.58794,16.95077],[106.58604,16.94988],[106.58509,16.94886],[106.58561,16.94836],[106.5868,16.9487],[106.58723,16.94862],[106.58731,16.94791],[106.58802,16.94805],[106.58887,16.94783],[106.5898,16.94789],[106.58982,16.94785],[106.58903,16.94682],[106.58921,16.94549],[106.58818,16.94483],[106.58795,16.94372],[106.58712,16.94283],[106.58801,16.94252],[106.588,16.9419],[106.5885,16.9417],[106.58861,16.94101],[106.58629,16.94023],[106.58648,16.93931],[106.58574,16.93851],[106.58536,16.93701],[106.58438,16.93566],[106.58443,16.93461],[106.584,16.9342],[106.58437,16.93363],[106.58518,16.93318],[106.58461,16.9321],[106.58441,16.93122],[106.58357,16.9306],[106.58424,16.92934],[106.58427,16.92883],[106.58365,16.92625],[106.58478,16.92654],[106.58553,16.92582],[106.58537,16.9251],[106.58481,16.92448],[106.58476,16.92388],[106.58526,16.92302],[106.5845,16.9223],[106.58557,16.92116],[106.58537,16.92047],[106.58479,16.92005],[106.58408,16.91995],[106.58315,16.91943],[106.58284,16.91824],[106.58194,16.91711],[106.58111,16.91677],[106.581,16.91601],[106.58124,16.91553],[106.58102,16.91482],[106.58142,16.91412],[106.58087,16.91302],[106.5794,16.91236],[106.57944,16.91173],[106.57995,16.91117],[106.58013,16.90935],[106.57944,16.90887],[106.57852,16.90924],[106.57801,16.90893],[106.57747,16.90761],[106.57683,16.90722],[106.57607,16.90791],[106.57539,16.90792],[106.57441,16.90728],[106.57465,16.90607],[106.57533,16.90541],[106.57554,16.90449],[106.5752,16.90408],[106.57418,16.90397],[106.57231,16.90442],[106.57141,16.90398],[106.57171,16.90309],[106.57133,16.90214],[106.57053,16.90183],[106.56966,16.9009],[106.56865,16.90096],[106.568,16.90057],[106.56809,16.90012],[106.56894,16.89913],[106.57045,16.89833],[106.57044,16.89668],[106.57104,16.89571],[106.57239,16.89546],[106.57413,16.89538],[106.57604,16.89464],[106.57764,16.8943],[106.57782,16.89406],[106.57769,16.89229],[106.5767,16.89174],[106.57568,16.89204],[106.57479,16.89199],[106.57402,16.89142],[106.57298,16.89106],[106.57223,16.89025],[106.57204,16.88828],[106.57156,16.88701],[106.57024,16.88526],[106.56929,16.88404],[106.5692,16.88364],[106.56978,16.88309],[106.57044,16.88204],[106.57103,16.88159],[106.57193,16.88028],[106.57282,16.87862],[106.57335,16.87797],[106.57435,16.87722],[106.57498,16.87649],[106.57553,16.87461],[106.57381,16.8736],[106.57333,16.87351],[106.57252,16.87288],[106.57261,16.87248],[106.57348,16.87249],[106.57334,16.87124],[106.57403,16.86995],[106.57376,16.86942],[106.57282,16.86868],[106.57228,16.86777],[106.57057,16.86769],[106.57032,16.86741],[106.5708,16.86613],[106.56984,16.86573],[106.5697,16.86506],[106.56991,16.86383],[106.56882,16.86216],[106.56808,16.86167],[106.567,16.85976],[106.5674,16.85893],[106.56844,16.85845],[106.56892,16.85801],[106.56947,16.85686],[106.57014,16.85607],[106.57225,16.85463],[106.57431,16.85447],[106.57496,16.8537],[106.57587,16.85319],[106.57775,16.85115],[106.57848,16.85021],[106.57913,16.84971],[106.58007,16.84992],[106.58088,16.84965],[106.58149,16.84877],[106.58248,16.84778],[106.58335,16.84668],[106.58358,16.84615],[106.58465,16.84575],[106.58559,16.84506],[106.5855,16.8439],[106.58614,16.84279],[106.587,16.84233],[106.58782,16.84256],[106.58843,16.84223],[106.58875,16.84158],[106.58946,16.84116],[106.58949,16.84068],[106.58845,16.84062],[106.5874,16.84098],[106.58616,16.8395],[106.58543,16.8384],[106.5825,16.83715],[106.58168,16.83755],[106.58054,16.83689],[106.58,16.83611],[106.57936,16.83575],[106.57929,16.8357],[106.5788,16.83519],[106.57822,16.83506],[106.57792,16.83508],[106.57644,16.8344],[106.57453,16.83296],[106.57271,16.83255],[106.57051,16.83],[106.56976,16.82814],[106.56926,16.82799],[106.56847,16.8283],[106.56745,16.82804],[106.56741,16.82756],[106.56844,16.8266],[106.5694,16.82645],[106.57111,16.82501],[106.57232,16.82378],[106.57139,16.82358],[106.57075,16.82239],[106.56994,16.82222],[106.57053,16.82155],[106.57025,16.8207],[106.57051,16.81954],[106.5685,16.81922],[106.56741,16.81831],[106.56789,16.8174],[106.56737,16.81677],[106.56598,16.81684],[106.56533,16.81615],[106.56438,16.81613],[106.56383,16.81578],[106.5627,16.81553],[106.56161,16.81481],[106.5621,16.81443],[106.56228,16.81369],[106.56298,16.81354],[106.56357,16.81253],[106.56339,16.81145],[106.56437,16.8105],[106.56536,16.81016],[106.56679,16.81025],[106.56699,16.80942],[106.56581,16.80882],[106.56398,16.80725],[106.56385,16.80446],[106.56415,16.80381],[106.56362,16.80342],[106.56192,16.80416],[106.56113,16.80521],[106.56073,16.80505],[106.56109,16.804],[106.56189,16.80276],[106.56195,16.80175],[106.56296,16.80153],[106.56363,16.80108],[106.5655,16.80046],[106.56752,16.8012],[106.56798,16.80156],[106.56871,16.80138],[106.56924,16.80166],[106.56893,16.80301],[106.56824,16.80331],[106.56799,16.80403],[106.5689,16.80416],[106.56945,16.80388],[106.57116,16.80383],[106.57206,16.80408],[106.57237,16.80299],[106.57293,16.80365],[106.57355,16.80367],[106.57461,16.80467],[106.5757,16.80465],[106.57617,16.80515],[106.5769,16.80525],[106.57789,16.80582],[106.5784,16.80555],[106.57942,16.80546],[106.57938,16.80417],[106.58039,16.80453],[106.58151,16.80423],[106.58195,16.80483],[106.58262,16.80423],[106.58363,16.8042],[106.58417,16.80343],[106.58399,16.80229],[106.58474,16.80149],[106.58571,16.80129],[106.58634,16.80024],[106.5881,16.79941],[106.58871,16.79892],[106.58999,16.79919],[106.5903,16.79895],[106.5901,16.79797],[106.59078,16.79685],[106.59191,16.79594],[106.59332,16.79517],[106.59417,16.79507],[106.59536,16.79399],[106.5974,16.79411],[106.59826,16.79235],[106.599,16.79122],[106.60135,16.79053],[106.6033,16.79033],[106.60401,16.78981],[106.60368,16.78797],[106.60367,16.78636],[106.60277,16.78552],[106.60144,16.78509],[106.60058,16.78549],[106.59975,16.78518],[106.59914,16.7843],[106.59741,16.78307],[106.59662,16.78308],[106.59659,16.78521],[106.59579,16.78528],[106.59502,16.7844],[106.59457,16.7849],[106.59398,16.78483],[106.59372,16.78403],[106.59256,16.78398],[106.59274,16.78332],[106.59227,16.7826],[106.59185,16.78252],[106.59058,16.78303],[106.58989,16.78242],[106.59036,16.78058],[106.58909,16.78002],[106.58927,16.7796],[106.59071,16.78025],[106.59104,16.77944],[106.58966,16.77832],[106.58841,16.77842],[106.58748,16.77804],[106.58494,16.7786],[106.58426,16.77828],[106.58324,16.77862],[106.58218,16.77802],[106.58125,16.77786],[106.58051,16.77702],[106.5824,16.77601],[106.5823,16.77563],[106.58141,16.77538],[106.58146,16.77464],[106.57992,16.774],[106.57991,16.77251],[106.57973,16.77175],[106.58015,16.77028],[106.57972,16.76988],[106.57843,16.76994],[106.57722,16.76949],[106.57697,16.76872],[106.57474,16.76792],[106.57411,16.76727],[106.57293,16.76735],[106.57075,16.76718],[106.56988,16.76725],[106.5694,16.767],[106.56721,16.76654],[106.56538,16.76461],[106.56511,16.7642],[106.56464,16.76097],[106.565,16.7603],[106.567,16.75985],[106.56839,16.75831],[106.56857,16.75745],[106.56946,16.75732],[106.57125,16.75616],[106.57226,16.75589],[106.57265,16.75577],[106.57297,16.75506],[106.57216,16.7545],[106.57063,16.75479],[106.56981,16.75531],[106.56949,16.75504],[106.5699,16.75422],[106.56988,16.75256],[106.57077,16.75133],[106.57174,16.75076],[106.57236,16.74937],[106.57348,16.74912],[106.57469,16.74852],[106.57527,16.74732],[106.57477,16.74528],[106.57496,16.74471],[106.57665,16.74295],[106.57764,16.74241],[106.58109,16.74187],[106.58185,16.74174],[106.58999,16.74038],[106.59044,16.74044],[106.59297,16.74193],[106.59476,16.7422],[106.59537,16.74155],[106.59512,16.73888],[106.59834,16.73705],[106.59892,16.73708],[106.60092,16.73799],[106.6015,16.73794],[106.60284,16.73702],[106.6031,16.73618],[106.60397,16.7358],[106.60491,16.73641],[106.6055,16.73634],[106.60573,16.73563],[106.60876,16.73467],[106.6097,16.73375],[106.61178,16.73399],[106.61221,16.73382],[106.61372,16.73238],[106.61417,16.73221],[106.61652,16.732],[106.61867,16.73167],[106.62049,16.73097],[106.62208,16.73103],[106.62466,16.73056],[106.62551,16.72993],[106.62861,16.72997],[106.63123,16.72924],[106.63326,16.72892],[106.63644,16.72747],[106.63808,16.72734],[106.63904,16.72694],[106.64024,16.72719],[106.64084,16.72693],[106.64104,16.72627],[106.64286,16.72523],[106.6439,16.72423],[106.64422,16.72418],[106.64545,16.72483],[106.64649,16.72419],[106.64799,16.72381],[106.649,16.72373],[106.6496,16.72298],[106.64973,16.72217],[106.65073,16.72201],[106.65152,16.72134],[106.65196,16.72039],[106.65274,16.72057],[106.65356,16.72024],[106.65427,16.72077],[106.65651,16.72131],[106.65795,16.72069],[106.65874,16.72059],[106.65987,16.71951],[106.65994,16.71879],[106.66071,16.71857],[106.66122,16.71812],[106.66211,16.71822],[106.66278,16.71734],[106.66362,16.71748],[106.66411,16.71727],[106.66533,16.71745],[106.6662,16.71578],[106.66709,16.71585],[106.66867,16.71394],[106.6705,16.71223],[106.67078,16.71176],[106.67083,16.7106],[106.67044,16.70999],[106.66933,16.70992],[106.66899,16.70895],[106.67034,16.70799],[106.67047,16.70741],[106.669,16.7064],[106.66867,16.70591],[106.66902,16.70494],[106.66856,16.7047],[106.66744,16.70465],[106.66746,16.70386],[106.66896,16.70266],[106.67113,16.70215],[106.67225,16.70137],[106.67259,16.7001],[106.67524,16.69807],[106.6765,16.69794],[106.67744,16.69729],[106.67769,16.69683],[106.67771,16.69549],[106.67703,16.69458],[106.67721,16.69388],[106.6798,16.69212],[106.68106,16.6915],[106.68211,16.69142],[106.68277,16.69095],[106.68325,16.69006],[106.68385,16.69022],[106.68448,16.68993],[106.68486,16.68928],[106.68565,16.68912],[106.68627,16.68953],[106.68776,16.68926],[106.68899,16.68887],[106.68998,16.68812],[106.69112,16.68694],[106.69152,16.6863],[106.69413,16.68564],[106.69562,16.68478],[106.69735,16.68297],[106.69755,16.68192],[106.69806,16.68031],[106.69858,16.67927],[106.69945,16.67857],[106.70268,16.67786],[106.70295,16.67773],[106.70468,16.6757],[106.70511,16.67518],[106.70653,16.67325],[106.70803,16.67111],[106.70893,16.66868],[106.71043,16.66429],[106.71186,16.66246],[106.71419,16.66101],[106.71445,16.66067],[106.71643,16.65511],[106.71661,16.65481],[106.71938,16.65252],[106.72313,16.64958],[106.727,16.64661],[106.73399,16.64107],[106.73891,16.63737],[106.74125,16.63531],[106.74166,16.63531]]]},"properties":{"kind":"road","class":"trunk","ref":"HCM","name":"Đường Hồ Chí Minh nhánh Tây"}},{"type":"Feature","geometry":{"type":"MultiLineString","coordinates":[[[106.25991,17.65383],[106.25988,17.65622],[106.25968,17.65689],[106.25672,17.66194],[106.25565,17.66274],[106.25438,17.66295],[106.2517,17.66301]],[[106.31711,17.61473],[106.31905,17.61184],[106.3193,17.61146],[106.31936,17.61137],[106.32046,17.60973],[106.32102,17.60912],[106.32189,17.6087],[106.32628,17.60762],[106.32917,17.60689],[106.3295,17.60682],[106.33069,17.60661],[106.33318,17.60681],[106.34085,17.60761],[106.34249,17.60786],[106.34596,17.60865],[106.34663,17.60897],[106.35023,17.61102],[106.35149,17.61219],[106.35244,17.61337],[106.35344,17.61407],[106.35471,17.61582],[106.35679,17.61672],[106.3589,17.61675],[106.36106,17.6163],[106.36355,17.61624],[106.36626,17.61578],[106.36855,17.61579]],[[106.4795,17.52726],[106.48255,17.52414],[106.49445,17.51153],[106.49511,17.51097],[106.49666,17.51004],[106.50259,17.50658],[106.50448,17.50529],[106.50626,17.5029],[106.50635,17.50276],[106.50683,17.502]],[[106.5075,17.50086],[106.5127,17.49255],[106.51351,17.49186],[106.51491,17.49143],[106.51784,17.49101],[106.52255,17.49033],[106.52285,17.49028],[106.52471,17.49001],[106.52535,17.4898],[106.52635,17.48887],[106.52859,17.48593],[106.52981,17.48451],[106.53051,17.48411],[106.53182,17.4839]],[[106.31561,17.61697],[106.31295,17.62089],[106.31241,17.62136],[106.30402,17.62481],[106.30225,17.62524],[106.29543,17.62566],[106.29423,17.62594],[106.28939,17.62784],[106.28866,17.62823],[106.2863,17.63021],[106.28585,17.63071],[106.28445,17.63292],[106.28371,17.63607],[106.28375,17.63666],[106.28443,17.63827],[106.28445,17.63974],[106.28409,17.6403],[106.28044,17.64402],[106.27805,17.64542],[106.27452,17.6467],[106.27262,17.64724],[106.26962,17.64791],[106.266,17.6484],[106.26471,17.64882],[106.26056,17.65139],[106.25994,17.65242]],[[106.47929,17.52746],[106.47507,17.53164],[106.47161,17.53511],[106.46799,17.53868],[106.46752,17.53923],[106.46693,17.54047],[106.46539,17.5442],[106.46434,17.54542],[106.44538,17.5608],[106.44429,17.56201],[106.4434,17.56389],[106.44174,17.56998],[106.44053,17.57392],[106.43935,17.57632],[106.43893,17.57697],[106.43457,17.58299],[106.42962,17.58981],[106.42932,17.59056],[106.4291,17.59282],[106.42862,17.59393],[106.42799,17.59463],[106.42718,17.59514],[106.42399,17.59667],[106.42342,17.59693],[106.4183,17.5993],[106.4155,17.60068],[106.41418,17.6015],[106.41164,17.60344],[106.40771,17.60584],[106.40694,17.6066],[106.40668,17.6072],[106.40604,17.60998],[106.40568,17.61066],[106.40333,17.61356],[106.40225,17.61428],[106.40143,17.61449],[106.39944,17.61456],[106.39933,17.61456],[106.39917,17.61456],[106.39911,17.61456],[106.39517,17.61465],[106.38864,17.61471],[106.38693,17.61492],[106.38491,17.61566],[106.38079,17.61734],[106.38016,17.6176],[106.37816,17.61839],[106.37708,17.61856],[106.37639,17.61843],[106.37543,17.61787],[106.37377,17.61649],[106.3729,17.61608],[106.37121,17.61588],[106.37078,17.61587]],[[106.62363,17.32375],[106.62361,17.32177],[106.62405,17.32091],[106.62488,17.32018],[106.6272,17.31842],[106.62792,17.3177],[106.62809,17.31753],[106.63169,17.314],[106.63283,17.31322],[106.63599,17.31144],[106.63748,17.31019],[106.63832,17.30882],[106.63973,17.30516],[106.64032,17.30334],[106.64146,17.30058],[106.64229,17.2982],[106.64558,17.28958],[106.64626,17.28793],[106.64713,17.28657],[106.64868,17.28453],[106.64989,17.28309],[106.65145,17.28101],[106.65785,17.2726],[106.6588,17.27119],[106.66277,17.26599],[106.6643,17.26441],[106.68054,17.25076],[106.68129,17.25006],[106.68282,17.24812],[106.68504,17.24465],[106.68651,17.24283],[106.68888,17.24054],[106.68902,17.24041],[106.69406,17.23579],[106.69504,17.23474]],[[106.62385,17.32559],[106.6242,17.32844],[106.6256,17.33464],[106.62568,17.335],[106.62624,17.33747],[106.62626,17.33999],[106.62562,17.34151],[106.62443,17.34369],[106.62421,17.3444],[106.62404,17.3455],[106.62413,17.3466],[106.62481,17.35079],[106.62497,17.35231],[106.62491,17.35317],[106.62451,17.35439],[106.62378,17.35609],[106.62337,17.35751],[106.6232,17.35886],[106.62316,17.35926],[106.6229,17.362],[106.62224,17.36705],[106.62192,17.36805],[106.6209,17.37009],[106.62055,17.3711],[106.61983,17.3762],[106.61943,17.37773],[106.61836,17.38032],[106.61787,17.38121],[106.61646,17.3823],[106.6161,17.38249],[106.61387,17.38355],[106.61266,17.38418],[106.61145,17.38537],[106.61099,17.38647],[106.61083,17.38748],[106.61094,17.38901]],[[106.53965,17.48505],[106.54091,17.48485],[106.54192,17.48434],[106.54412,17.48251],[106.55492,17.47309],[106.55514,17.4729],[106.55581,17.4722],[106.55625,17.47141],[106.55695,17.46896],[106.55821,17.46646],[106.55843,17.46606],[106.56018,17.46314],[106.56173,17.4612],[106.56698,17.45605],[106.56818,17.45471],[106.56902,17.45334],[106.56914,17.45313],[106.5711,17.44994],[106.57133,17.44965],[106.57204,17.44879],[106.57648,17.44395],[106.57709,17.44308],[106.57982,17.43766],[106.58143,17.4346],[106.58378,17.43041],[106.58461,17.42957],[106.58584,17.42916],[106.58615,17.4291],[106.58783,17.42871],[106.58898,17.42801],[106.59201,17.42561],[106.5945,17.42356],[106.59504,17.42275],[106.59562,17.42127],[106.59577,17.42085]]]},"properties":{"kind":"road","class":"trunk","ref":"QL.15;HCM","name":"Đường Hồ Chí Minh nhánh Đông"}},{"type":"Feature","geometry":{"type":"MultiLineString","coordinates":[[[106.64383,17.41741],[106.64399,17.41575],[106.64369,17.41299],[106.64314,17.41125],[106.6401,17.40584],[106.63852,17.40289],[106.63828,17.402],[106.63838,17.40104]],[[106.63795,17.40169],[106.63837,17.40294],[106.63996,17.4059],[106.643,17.41132],[106.64353,17.41301],[106.64383,17.41576],[106.64368,17.41737]]]},"properties":{"kind":"road","class":"primary","ref":"QL.1","name":"Đường Hùng Vương"}},{"type":"Feature","geometry":{"type":"LineString","coordinates":[[106.47282,17.94727],[106.47266,17.94713],[106.47104,17.94747],[106.46995,17.94785],[106.46887,17.94899],[106.46819,17.95024],[106.46714,17.95117],[106.46549,17.95073],[106.46496,17.9504],[106.46353,17.95018],[106.4629,17.95073],[106.46095,17.951],[106.46047,17.95134],[106.46012,17.95227],[106.46035,17.9529],[106.4624,17.95369],[106.46288,17.95416],[106.46414,17.95454],[106.46479,17.95509],[106.46521,17.9559]]},"properties":{"kind":"road","class":"tertiary","ref":null,"name":"Đèo Ngang"}},{"type":"Feature","geometry":{"type":"MultiLineString","coordinates":[[[106.46774,17.95619],[106.46771,17.954]],[[106.46673,17.95398],[106.46676,17.95609]]]},"properties":{"kind":"road","class":"trunk","ref":"QL.1","name":"Hầm Đèo Ngang"}},{"type":"Feature","geometry":{"type":"MultiLineString","coordinates":[[[106.44302,17.87801],[106.444,17.87983]],[[106.44414,17.87976],[106.44316,17.87793]]]},"properties":{"kind":"road","class":"trunk","ref":"QL.1","name":"Cầu Roòn"}},{"type":"Feature","geometry":{"type":"LineString","coordinates":[[106.44377,17.71581],[106.44139,17.70947]]},"properties":{"kind":"road","class":"trunk","ref":"QL.1","name":"Cầu Gianh 1"}},{"type":"Feature","geometry":{"type":"MultiLineString","coordinates":[[[106.54757,17.54729],[106.54699,17.54795]],[[106.54711,17.54804],[106.54769,17.54738]]]},"properties":{"kind":"road","class":"trunk","ref":"QL.1","name":"Cầu Sông Dinh"}},{"type":"Feature","geometry":{"type":"LineString","coordinates":[[106.63912,17.40006],[106.64239,17.39643]]},"properties":{"kind":"road","class":"trunk","ref":"QL.1","name":"Cầu Quán Hàu"}},{"type":"Feature","geometry":{"type":"MultiLineString","coordinates":[[[106.52005,17.63764],[106.51918,17.63878]],[[106.5193,17.63886],[106.52016,17.63775]]]},"properties":{"kind":"road","class":"trunk","ref":"QL.1","name":"Cầu Lý Hoà"}},{"type":"Feature","geometry":{"type":"LineString","coordinates":[[106.31561,17.61697],[106.31696,17.61495],[106.31711,17.61473]]},"properties":{"kind":"road","class":"trunk","ref":"QL.15;HCM","name":"Cầu Khỉ Lầu"}},{"type":"Feature","geometry":{"type":"MultiLineString","coordinates":[[[106.61372,17.46934],[106.61138,17.46929],[106.61113,17.46928],[106.6104,17.46924]],[[106.6224,17.47125],[106.624,17.47169]],[[106.6322,17.47377],[106.63388,17.47436]],[[106.61112,17.46919],[106.61043,17.46905]],[[106.61367,17.46917],[106.61139,17.46919]],[[106.60453,17.46694],[106.60987,17.46893],[106.61012,17.46908]],[[106.60441,17.4667],[106.60351,17.46646]],[[106.62224,17.47103],[106.61842,17.47006],[106.61419,17.46934],[106.61389,17.4692]],[[106.63395,17.47403],[106.63223,17.4737]],[[106.62218,17.47119],[106.6184,17.47017],[106.61716,17.46998],[106.61548,17.46968],[106.61376,17.46936]],[[106.62402,17.4715],[106.62245,17.4711]],[[106.61034,17.46901],[106.60462,17.46677]],[[106.6035,17.46652],[106.60435,17.46686]],[[106.59957,17.46628],[106.59848,17.4659]],[[106.63082,17.47341],[106.63028,17.47327],[106.63011,17.47319],[106.6303,17.47319],[106.63085,17.47333]],[[106.63217,17.47368],[106.63088,17.47334]],[[106.63086,17.47342],[106.63216,17.47375]]]},"properties":{"kind":"road","class":"primary","ref":"QL.9E","name":"Đường Trần Hưng Đạo"}},{"type":"Feature","geometry":{"type":"MultiLineString","coordinates":[[[106.60025,17.48815],[106.60328,17.48495],[106.60372,17.48468],[106.60301,17.48537],[106.59809,17.49059]],[[106.62281,17.47018],[106.62296,17.46979],[106.62361,17.46642]],[[106.62345,17.46639],[106.62269,17.47012],[106.62254,17.47048],[106.62227,17.47101]],[[106.62245,17.47109],[106.62266,17.47053]],[[106.60415,17.48441],[106.60829,17.48337],[106.6084,17.48334],[106.60843,17.48334],[106.60915,17.48318],[106.61694,17.48128],[106.61842,17.48086],[106.61899,17.48051],[106.61944,17.48012],[106.62018,17.4791],[106.6206,17.47738],[106.62151,17.4732],[106.62172,17.47253],[106.6222,17.47122]],[[106.60425,17.4845],[106.60829,17.48348],[106.6084,17.48345],[106.60844,17.48344],[106.60918,17.48329],[106.61336,17.48223],[106.61697,17.48139],[106.61831,17.48103],[106.61952,17.48025],[106.62038,17.47889],[106.62073,17.4774],[106.6216,17.47334],[106.62183,17.47256],[106.62239,17.47126]],[[106.60408,17.48449],[106.60381,17.48463],[106.60372,17.48468]]]},"properties":{"kind":"road","class":"primary","ref":"QL.1","name":"Đường Lý Thường Kiệt"}},{"type":"Feature","geometry":{"type":"MultiLineString","coordinates":[[[106.5979,17.49079],[106.59382,17.49515],[106.59318,17.49589],[106.59242,17.49776],[106.59116,17.49992],[106.58866,17.50502],[106.58849,17.50545]],[[106.58835,17.5054],[106.59108,17.49987],[106.59234,17.49773],[106.59299,17.496],[106.59385,17.49495],[106.59782,17.49074],[106.59799,17.49056],[106.60025,17.48815]]]},"properties":{"kind":"road","class":"primary","ref":"QL.1","name":"Đường Lý Thánh Tông"}},{"type":"Feature","geometry":{"type":"MultiLineString","coordinates":[[[106.60025,17.48815],[106.5994,17.48728],[106.59886,17.48602],[106.59658,17.48487],[106.59422,17.48402],[106.59386,17.48391],[106.59324,17.4836],[106.59282,17.48242],[106.59248,17.4822],[106.58816,17.48096],[106.58718,17.48005],[106.58712,17.47934]],[[106.58724,17.47686],[106.58709,17.47727],[106.58711,17.47898]]]},"properties":{"kind":"road","class":"secondary","ref":"ĐT.567B","name":"Đường F325"}},{"type":"Feature","geometry":{"type":"LineString","coordinates":[[106.5979,17.49079],[106.59809,17.49059]]},"properties":{"kind":"road","class":"primary","ref":"QL.1","name":"Cầu Lộc Đại"}},{"type":"Feature","geometry":{"type":"LineString","coordinates":[[106.61952,17.48025],[106.61964,17.48058],[106.6197,17.48074],[106.61992,17.48311],[106.62043,17.48407],[106.62143,17.48461],[106.62243,17.48489],[106.62628,17.48467],[106.62716,17.48475],[106.62735,17.48475]]},"properties":{"kind":"road","class":"tertiary","ref":null,"name":"Đường Lê Thành Đồng"}},{"type":"Feature","geometry":{"type":"LineString","coordinates":[[106.62073,17.4774],[106.62149,17.47756],[106.62374,17.47726]]},"properties":{"kind":"road","class":"secondary","ref":"ĐT.568","name":"Lê Quý Đôn"}},{"type":"Feature","geometry":{"type":"MultiLineString","coordinates":[[[106.60366,17.47425],[106.60376,17.47613],[106.60411,17.48239],[106.60389,17.48423],[106.60425,17.48225],[106.60389,17.47614],[106.60381,17.4742]],[[106.6042,17.47232],[106.60377,17.4732],[106.60365,17.47412]],[[106.60381,17.47415],[106.60402,17.4729],[106.60434,17.47231]]]},"properties":{"kind":"road","class":"secondary","ref":"ĐT.568B","name":"Đường Hữu Nghị"}},{"type":"Feature","geometry":{"type":"MultiLineString","coordinates":[[[106.38079,17.61734],[106.38125,17.61759],[106.38016,17.6176]],[[106.5214,17.59212],[106.52059,17.59269],[106.52127,17.59202]],[[106.40897,17.62286],[106.4092,17.62295],[106.40997,17.62318],[106.41117,17.62304],[106.41428,17.62207],[106.4151,17.62199],[106.41946,17.62209],[106.42091,17.6222],[106.42157,17.62253],[106.42772,17.6265],[106.42854,17.62764],[106.4301,17.63026],[106.43175,17.63042],[106.43259,17.63011],[106.43467,17.62891],[106.43675,17.62755],[106.43733,17.6273],[106.44029,17.62676],[106.44133,17.6269],[106.44178,17.62737],[106.44241,17.62797],[106.44294,17.62801],[106.44717,17.62627],[106.44911,17.62607],[106.45174,17.62615],[106.4544,17.62555],[106.45782,17.62325],[106.46049,17.62188],[106.46092,17.62175],[106.46529,17.6213],[106.46709,17.62165],[106.46828,17.62155],[106.47048,17.62109],[106.47255,17.61954],[106.47274,17.61941],[106.47338,17.61903],[106.47568,17.61878],[106.47936,17.61718],[106.4822,17.61589],[106.48318,17.61483],[106.48504,17.61093],[106.48538,17.61046],[106.48707,17.60962],[106.48907,17.60921],[106.49079,17.60863],[106.49353,17.60807],[106.49481,17.60729],[106.49564,17.60629],[106.49697,17.60406],[106.50004,17.60143],[106.50045,17.60124],[106.50368,17.60072],[106.50804,17.60003],[106.50851,17.59988],[106.51183,17.59808],[106.51244,17.59763],[106.51554,17.59432],[106.51664,17.5936],[106.52059,17.59269]],[[106.38125,17.61759],[106.38229,17.61823],[106.38272,17.61873],[106.38316,17.62066],[106.38347,17.62101],[106.38455,17.62142],[106.39049,17.62243],[106.39474,17.6226],[106.39481,17.6226],[106.39498,17.62261],[106.39509,17.62261],[106.39722,17.62267],[106.40164,17.62317],[106.40218,17.62317],[106.40722,17.62231],[106.40897,17.62286]]]},"properties":{"kind":"road","class":"secondary","ref":"ĐT.561","name":"Đường tỉnh 561"}},{"type":"Feature","geometry":{"type":"MultiLineString","coordinates":[[[106.62448,17.463],[106.62481,17.46354],[106.62421,17.46383]],[[106.62727,17.46422],[106.6256,17.46377],[106.62481,17.46354]]]},"properties":{"kind":"road","class":"tertiary","ref":null,"name":"Mẹ Suốt"}},{"type":"Feature","geometry":{"type":"MultiLineString","coordinates":[[[106.62366,17.4661],[106.62367,17.46605],[106.62421,17.46383],[106.62448,17.463],[106.62494,17.46161],[106.62499,17.46147],[106.62527,17.46072],[106.62541,17.46038],[106.62566,17.45984],[106.62604,17.45942],[106.62617,17.45928],[106.62711,17.45829],[106.62862,17.45647],[106.63026,17.45313],[106.63034,17.45298],[106.63119,17.45092],[106.63169,17.44853],[106.63171,17.44841],[106.63469,17.43547]],[[106.62351,17.46608],[106.62353,17.46598],[106.62404,17.46379],[106.62433,17.46296],[106.62466,17.46196],[106.62475,17.46167],[106.6248,17.46153],[106.62489,17.46132],[106.6255,17.45985],[106.62594,17.45935],[106.62608,17.45921],[106.62703,17.45819],[106.62726,17.45796],[106.62731,17.45791],[106.62822,17.45682],[106.63016,17.4531],[106.63024,17.45293],[106.63108,17.45095],[106.63161,17.44851],[106.63163,17.4484],[106.63455,17.4354]]]},"properties":{"kind":"road","class":"primary","ref":"QL.1","name":"Đường Quang Trung"}},{"type":"Feature","geometry":{"type":"MultiLineString","coordinates":[[[106.31895,17.61112],[106.31715,17.60996],[106.31632,17.60904],[106.31576,17.60878],[106.31445,17.60873],[106.31202,17.60976],[106.30925,17.61037],[106.30852,17.61065],[106.30815,17.6108],[106.30667,17.61137],[106.30658,17.61139],[106.30567,17.61159],[106.30504,17.61134],[106.30286,17.60974],[106.30184,17.60873],[106.29894,17.60454],[106.29844,17.60347],[106.29688,17.60168],[106.29611,17.60101],[106.29411,17.59961],[106.29235,17.59851],[106.29006,17.59752],[106.28697,17.59545],[106.286,17.59466],[106.28765,17.59301],[106.29008,17.59163],[106.29293,17.59085],[106.29411,17.59032],[106.29424,17.59025],[106.2962,17.58952],[106.29708,17.58932],[106.29932,17.58911],[106.30056,17.58918],[106.30162,17.58898],[106.30367,17.58951],[106.30484,17.58852],[106.30552,17.58772],[106.30551,17.58517],[106.30644,17.58426],[106.3066,17.58413]],[[106.3193,17.61146],[106.31707,17.61005],[106.31633,17.60917],[106.31578,17.60887],[106.31454,17.60879],[106.31205,17.60985],[106.30929,17.61045],[106.30854,17.61074],[106.30818,17.6109],[106.30665,17.61144],[106.30572,17.61167],[106.30504,17.61134]],[[106.19084,17.28162],[106.19104,17.28206],[106.19105,17.28317],[106.19063,17.2842],[106.19137,17.28704],[106.19238,17.28679],[106.19311,17.28627],[106.1937,17.28631],[106.19421,17.28555],[106.19367,17.28493],[106.19397,17.28458],[106.1938,17.28386],[106.19466,17.2839],[106.19538,17.28304],[106.19535,17.28227],[106.19674,17.28237],[106.19689,17.28412],[106.19804,17.28414],[106.19867,17.28524],[106.1993,17.28526],[106.19947,17.28572],[106.20058,17.28494],[106.20145,17.28526],[106.20105,17.28621],[106.20182,17.28631],[106.20335,17.28756],[106.20354,17.28988],[106.20434,17.28956],[106.2054,17.28986],[106.20624,17.28975],[106.20628,17.29035],[106.20802,17.29213],[106.20846,17.29249],[106.20858,17.29312],[106.20939,17.294],[106.21001,17.29576],[106.20905,17.29536],[106.20837,17.29548],[106.20811,17.29602],[106.20754,17.29595],[106.20726,17.29682],[106.20746,17.29773],[106.2083,17.29932],[106.20834,17.30002],[106.20607,17.29946],[106.20567,17.29914],[106.20519,17.30009],[106.20433,17.30006],[106.20374,17.30054],[106.20423,17.30117],[106.20438,17.30234],[106.20386,17.30293],[106.20416,17.30399],[106.20358,17.30502],[106.20357,17.30591],[106.20395,17.30627],[106.204,17.30727],[106.20439,17.30863],[106.20408,17.31011],[106.20432,17.3114],[106.20418,17.31196],[106.20329,17.31305],[106.20324,17.31408],[106.2023,17.31539],[106.20186,17.3165],[106.20126,17.31741],[106.20167,17.31801],[106.20067,17.3195],[106.19999,17.32206],[106.19902,17.32219],[106.19985,17.3232],[106.19954,17.32362],[106.19981,17.3244],[106.19965,17.32497],[106.19991,17.32582],[106.20084,17.32599],[106.20083,17.32754],[106.20163,17.32812],[106.20171,17.32896],[106.20276,17.32954],[106.20259,17.33015],[106.202,17.33025],[106.20108,17.33172],[106.20133,17.33434],[106.20238,17.33748],[106.20236,17.33803],[106.20163,17.33855],[106.20117,17.33886]]]},"properties":{"kind":"road","class":"primary","ref":"QL.9G","name":"Quốc lộ 9G"}},{"type":"Feature","geometry":{"type":"MultiLineString","coordinates":[[[106.29424,17.59025],[106.29577,17.59272],[106.29807,17.59684],[106.29967,17.60086],[106.30139,17.60371],[106.30364,17.60606],[106.30427,17.607],[106.30515,17.60916],[106.30667,17.61137],[106.30665,17.61144],[106.30658,17.61139],[106.30496,17.60909],[106.30411,17.60694],[106.30377,17.60636],[106.3012,17.60374],[106.29984,17.60157],[106.29786,17.59672],[106.29562,17.5927],[106.29411,17.59032]],[[107.18586,16.74019],[107.18553,16.74053],[107.18522,16.74042]],[[106.61373,17.46913],[106.61388,17.46917],[106.61389,17.4692],[106.61376,17.46936],[106.61372,17.46934],[106.61367,17.46917],[106.61373,17.46913]],[[106.59486,17.4691],[106.59487,17.46907],[106.59503,17.46902],[106.59507,17.46906],[106.59502,17.46919],[106.59498,17.4692],[106.59486,17.4691]],[[106.60441,17.4667],[106.60445,17.46669],[106.60461,17.46674],[106.60462,17.46677],[106.60453,17.46694],[106.60436,17.46688],[106.60435,17.46686],[106.60441,17.4667]],[[106.59835,17.46599],[106.59835,17.46596],[106.59842,17.46589],[106.59848,17.4659],[106.59849,17.46603],[106.59846,17.46604],[106.59835,17.46599]],[[106.62402,17.47171],[106.624,17.47169],[106.62402,17.4715],[106.62408,17.47147],[106.62424,17.47152],[106.62426,17.47158],[106.62422,17.4717],[106.62402,17.47171]],[[106.63423,17.47395],[106.63446,17.4741],[106.6345,17.4742],[106.6345,17.47424],[106.6344,17.47447],[106.6343,17.47453],[106.63394,17.47446],[106.63388,17.47436],[106.63395,17.47403],[106.63406,17.47396],[106.63423,17.47395]],[[106.63086,17.47342],[106.63082,17.47341],[106.63085,17.47333],[106.63088,17.47334],[106.63086,17.47342]],[[106.63223,17.4737],[106.6322,17.47377],[106.63217,17.47376],[106.63216,17.47375],[106.63217,17.47368],[106.6322,17.47368],[106.63223,17.4737]],[[107.01677,16.80395],[107.01729,16.8039],[107.01677,16.80395]]]},"properties":{"kind":"road","class":"primary","ref":null,"name":null}},{"type":"Feature","geometry":{"type":"MultiLineString","coordinates":[[[106.32628,17.60762],[106.32711,17.60438],[106.32646,17.60335],[106.32488,17.60226],[106.32073,17.60005],[106.31571,17.59581],[106.3155,17.59383],[106.31517,17.59234],[106.31427,17.59077],[106.3128,17.58937],[106.31175,17.58811],[106.31106,17.58665],[106.31013,17.58501],[106.30921,17.58313],[106.30829,17.58235]],[[106.31715,17.60996],[106.31707,17.61005],[106.31693,17.6105],[106.31631,17.61433],[106.31696,17.61495],[106.31933,17.6159],[106.32179,17.61678],[106.32461,17.61757],[106.32549,17.61791],[106.33124,17.61929],[106.33291,17.6194],[106.33594,17.61936],[106.33874,17.61913],[106.34357,17.61865],[106.34431,17.61851],[106.34449,17.61847],[106.34506,17.61842],[106.34579,17.619],[106.34762,17.62084],[106.34981,17.62207],[106.3505,17.62276],[106.35348,17.62448],[106.35421,17.62449],[106.35539,17.62356],[106.35603,17.62355],[106.35673,17.62395],[106.35718,17.62414],[106.35905,17.62509],[106.36189,17.62461],[106.36225,17.62448],[106.36351,17.62225],[106.36715,17.62118],[106.36767,17.62078],[106.36887,17.61836],[106.3698,17.6175],[106.37121,17.61588]],[[107.16164,16.76215],[107.16024,16.76117],[107.15901,16.76067],[107.15658,16.75831],[107.15485,16.75687],[107.15369,16.75345],[107.15334,16.75191],[107.15301,16.75152],[107.15114,16.75113],[107.14965,16.74919],[107.14898,16.7487],[107.14802,16.7485],[107.14577,16.74736],[107.14481,16.74664],[107.14447,16.74609],[107.14432,16.74503],[107.14326,16.74312],[107.143,16.7417],[107.14308,16.73936],[107.14207,16.73797],[107.14175,16.73707],[107.14114,16.7366],[107.14005,16.73621],[107.14001,16.7343],[107.13924,16.73315],[107.13934,16.73255],[107.14101,16.73105],[107.14199,16.73053],[107.14227,16.73008],[107.14197,16.72949],[107.14021,16.72707],[107.14057,16.72638],[107.14296,16.72602],[107.14417,16.72629],[107.14494,16.72714],[107.1456,16.72837],[107.14773,16.7305],[107.14966,16.73183],[107.15115,16.7322],[107.15343,16.73334],[107.15522,16.73326],[107.1564,16.73339],[107.15817,16.73287],[107.15907,16.73312],[107.16077,16.73267],[107.16134,16.73283],[107.16199,16.7338],[107.16458,16.73357],[107.16545,16.73316],[107.16618,16.73345],[107.16801,16.73387],[107.16913,16.734],[107.17039,16.73493],[107.17152,16.73529],[107.17227,16.73597],[107.17302,16.73742],[107.17368,16.7394],[107.17405,16.74103],[107.17436,16.74174],[107.17417,16.74355],[107.17377,16.7444],[107.17352,16.7456],[107.17355,16.74636],[107.17389,16.7472],[107.17542,16.74802],[107.17642,16.74807]],[[106.95156,16.9518],[106.95208,16.95257],[106.95245,16.95414],[106.9529,16.95489],[106.95361,16.9538],[106.95599,16.95507],[106.9568,16.95506],[106.9612,16.95456],[106.96346,16.9551],[106.96594,16.956],[106.96957,16.95657],[106.97109,16.95469],[106.97165,16.95452],[106.97299,16.95555],[106.97322,16.9564],[106.97403,16.95723],[106.9761,16.95789],[106.97788,16.95897],[106.97956,16.96083],[106.98199,16.96304],[106.98266,16.96436],[106.98453,16.96647],[106.98656,16.96793],[106.98715,16.96919],[106.98786,16.97015],[106.98896,16.97056],[106.99366,16.97085],[106.99431,16.97099],[106.99557,16.97207],[106.99778,16.97276],[106.99933,16.97355],[106.99963,16.97433],[107.00119,16.97574],[107.0022,16.97642],[107.00317,16.97681],[107.00435,16.97683],[107.0051,16.97661],[107.00589,16.97589],[107.00755,16.97624],[107.00813,16.9762],[107.01049,16.97708],[107.01294,16.97756],[107.01353,16.97748],[107.01471,16.9767],[107.01779,16.97558],[107.01926,16.97481],[107.0209,16.97438],[107.02335,16.97323],[107.02616,16.97203],[107.0268,16.97191],[107.02848,16.97216],[107.02998,16.97186],[107.03017,16.97181],[107.03163,16.97147]],[[106.58758,17.46041],[106.58693,17.46033]],[[106.43946,17.73688],[106.43663,17.73773],[106.43533,17.7384],[106.43601,17.73994],[106.43349,17.7421],[106.43292,17.74245],[106.42953,17.74501],[106.42937,17.74608]],[[107.08485,16.82764],[107.08489,16.82766],[107.08693,16.82874],[107.08799,16.82876],[107.08804,16.82922]],[[107.07495,16.87334],[107.07459,16.87393],[107.07491,16.87479],[107.07466,16.87537]],[[107.07374,16.78987],[107.07391,16.79136],[107.07459,16.79219],[107.0793,16.79437],[107.08065,16.79585],[107.08186,16.79644],[107.08517,16.79888],[107.08618,16.79895]],[[106.52159,17.56948],[106.52047,17.56762],[106.5197,17.56703],[106.51835,17.56555],[106.51629,17.563],[106.51471,17.56151],[106.51457,17.56137],[106.51389,17.56038],[106.51315,17.55784],[106.51215,17.55629],[106.51178,17.55494],[106.50531,17.55292],[106.50697,17.55766],[106.51042,17.56833],[106.51043,17.56885],[106.5111,17.57166],[106.51186,17.57528],[106.51237,17.57744],[106.51293,17.57731],[106.51666,17.57754],[106.51687,17.57754],[106.52029,17.57773],[106.52083,17.57752],[106.52475,17.57297]],[[107.18905,16.84056],[107.19357,16.83705],[107.19406,16.8368],[107.19854,16.83543],[107.20853,16.83232],[107.20954,16.8315],[107.21422,16.8252],[107.22033,16.8174],[107.22316,16.8139],[107.22481,16.81222],[107.22862,16.8077],[107.23211,16.80279],[107.23364,16.80139],[107.23581,16.79988],[107.23811,16.79756],[107.24075,16.79528],[107.24324,16.79323],[107.24396,16.7925],[107.24505,16.7909],[107.24606,16.79012],[107.25603,16.78505],[107.25777,16.7855],[107.26005,16.78436],[107.26095,16.78364],[107.2632,16.78151],[107.26497,16.7796],[107.26732,16.77692],[107.26759,16.77582],[107.2678,16.77552],[107.26791,16.77536]],[[107.26543,16.70901],[107.26326,16.70869],[107.26181,16.7087],[107.26156,16.70826],[107.26187,16.70448],[107.26179,16.70385]],[[107.29735,16.7486],[107.29852,16.75044],[107.2993,16.75017],[107.30013,16.74954],[107.30116,16.74845],[107.30331,16.74715],[107.30436,16.7483],[107.30492,16.74936],[107.30528,16.74933],[107.30663,16.74809],[107.30751,16.74752]],[[107.27256,16.76762],[107.27514,16.77019],[107.276,16.7712],[107.27234,16.77393],[107.27119,16.77443],[107.26852,16.77588]],[[107.19389,16.74526],[107.1938,16.74547]],[[107.19592,16.74012],[107.19589,16.74004],[107.19579,16.73988]],[[107.1896,16.77295],[107.18944,16.77094],[107.18894,16.76912],[107.18877,16.76851],[107.18844,16.76743],[107.18758,16.76584],[107.18745,16.76483],[107.18748,16.76382]],[[107.19094,16.733],[107.1897,16.7332],[107.18933,16.73389],[107.1888,16.73421],[107.18857,16.73436]],[[107.17823,16.76323],[107.17806,16.76116],[107.17815,16.75749],[107.17742,16.75615]],[[107.29781,16.6379],[107.30041,16.64037],[107.30416,16.64379],[107.30887,16.64932],[107.30945,16.64987],[107.31063,16.6505],[107.31374,16.65183],[107.31525,16.65228],[107.3159,16.65264],[107.3187,16.65404],[107.31831,16.65573],[107.3173,16.65743],[107.31786,16.65845],[107.31757,16.65981],[107.31751,16.66224],[107.31823,16.66304]],[[107.2482,16.69499],[107.25255,16.69106],[107.25792,16.68592]],[[107.16464,16.77008],[107.16326,16.7688],[107.15989,16.76591],[107.1596,16.76581],[107.15945,16.76577]],[[107.00254,17.07897],[107.00405,17.0803],[107.00686,17.08469],[107.00744,17.086],[107.00898,17.09128],[107.00913,17.09148],[107.01331,17.09527],[107.01749,17.09895],[107.01905,17.10068],[107.02034,17.10172],[107.01797,17.10449],[107.01743,17.10497],[107.01311,17.10956],[107.01195,17.11074],[107.00986,17.11218],[107.0072,17.1145],[107.00595,17.11542],[107.00312,17.11706],[107.00124,17.11779],[106.99762,17.11859]],[[107.09775,16.81778],[107.09755,16.81749],[107.09733,16.81775]],[[106.60365,17.47412],[106.60301,17.47418],[106.60366,17.47425]],[[107.17904,16.78585],[107.17639,16.78361],[107.17364,16.78058],[107.17206,16.77861],[107.17004,16.77746],[107.16959,16.77717],[107.16925,16.77691],[107.16742,16.7754],[107.16715,16.77517]],[[107.18469,16.77987],[107.18477,16.78018],[107.18451,16.7802]],[[107.00503,17.06938],[107.00496,17.06943]],[[107.00407,17.06845],[107.00401,17.06851]],[[107.00475,17.0691],[107.00468,17.06916]],[[106.98328,16.39283],[106.98354,16.39301],[106.98648,16.39238],[106.98787,16.39231],[106.9888,16.39264]],[[107.01327,16.41091],[107.01256,16.41092],[107.01108,16.41035],[107.00936,16.41025],[107.00854,16.41048],[107.00721,16.41033],[107.00659,16.40985],[107.00629,16.40869],[107.00462,16.4057],[107.00392,16.40485],[107.00118,16.40372],[106.99948,16.40349],[106.99774,16.40265],[106.996,16.4025],[106.99379,16.40212],[106.99267,16.40067],[106.99267,16.39996],[106.99236,16.39922],[106.99141,16.39891]],[[106.23527,17.54154],[106.23539,17.54094],[106.23484,17.54014],[106.23372,17.53914],[106.23226,17.53846],[106.23208,17.53756],[106.23128,17.53669],[106.23135,17.53557],[106.23009,17.53318],[106.22996,17.53185],[106.22918,17.53108],[106.22716,17.52971]],[[106.43457,17.58299],[106.43547,17.58317],[106.43885,17.58353],[106.44194,17.58401],[106.44777,17.58509],[106.44967,17.58513],[106.45219,17.58602],[106.45395,17.58619],[106.45528,17.58609],[106.45649,17.58647],[106.45836,17.58628],[106.46612,17.5866],[106.46734,17.58637],[106.46951,17.58652],[106.47187,17.58803],[106.47269,17.5884],[106.47391,17.58867],[106.47644,17.58904],[106.47749,17.58956],[106.48036,17.5917],[106.4844,17.5931],[106.48681,17.59414],[106.48749,17.59485],[106.48926,17.59871],[106.49303,17.60235],[106.49563,17.60194],[106.5004,17.59883],[106.49921,17.59787],[106.49837,17.59697],[106.49598,17.59546],[106.49481,17.59442],[106.49273,17.59305],[106.48692,17.59402],[106.48681,17.59414]],[[106.93575,16.74811],[106.93455,16.75593],[106.93407,16.7587],[106.93184,16.7607],[106.93163,16.76148],[106.93058,16.7665],[106.93011,16.77061],[106.92983,16.77116],[106.92881,16.7718],[106.92741,16.77245],[106.92465,16.77261],[106.92275,16.77305],[106.92007,16.77381],[106.91937,16.77413],[106.91729,16.77636],[106.91613,16.77747],[106.91521,16.77794],[106.91413,16.77817],[106.91303,16.77865],[106.91161,16.7798],[106.9107,16.78001],[106.90977,16.77986],[106.90802,16.78016],[106.90618,16.77978],[106.90524,16.78001],[106.90314,16.78178]],[[106.64049,17.42349],[106.63684,17.42266],[106.63177,17.42146],[106.6317,17.42144],[106.63165,17.42142],[106.63085,17.42111],[106.62492,17.41816],[106.62296,17.41724],[106.62185,17.4172],[106.61968,17.41694],[106.61893,17.41707],[106.61705,17.41691],[106.60998,17.41702],[106.60536,17.41788],[106.60466,17.41764],[106.6003,17.41499],[106.59932,17.41405]],[[106.99324,16.80731],[106.99241,16.81019],[106.99402,16.81051],[106.99668,16.81076],[107.00006,16.81184],[107.00664,16.81402],[107.00829,16.81465]],[[107.16872,16.86619],[107.16844,16.86937]],[[107.00022,16.86088],[106.99968,16.8603],[107.00039,16.85861],[107.0013,16.85685],[107.00207,16.85623],[107.00475,16.85509],[107.00537,16.85445],[107.00642,16.85406],[107.00725,16.85428],[107.00875,16.854],[107.01024,16.85328],[107.01332,16.85237],[107.01458,16.85128],[107.01475,16.85039],[107.01593,16.8491],[107.01701,16.84885],[107.01825,16.8479],[107.01881,16.84691],[107.01945,16.84633],[107.02025,16.84627],[107.02136,16.8456],[107.02263,16.84391],[107.02513,16.84126],[107.02637,16.83984],[107.0265,16.83861],[107.02841,16.83282],[107.0293,16.82935],[107.03009,16.82671],[107.03016,16.82476],[107.03088,16.82435],[107.03227,16.82423],[107.03447,16.82425],[107.03648,16.82357],[107.03853,16.82313],[107.0405,16.82245],[107.04177,16.82083],[107.04321,16.8188],[107.04296,16.8162],[107.04288,16.81538],[107.04528,16.80982],[107.04636,16.8079],[107.04653,16.80697],[107.0472,16.80701],[107.04724,16.80674],[107.04759,16.80665],[107.05229,16.808],[107.0534,16.80849],[107.05713,16.81182],[107.06049,16.81589]],[[107.09702,16.8488],[107.09711,16.84718],[107.09737,16.8464],[107.09756,16.84599]],[[107.11808,16.9975],[107.11203,16.9947],[107.11157,16.99456],[107.10873,16.99481],[107.10278,16.99421],[107.10025,16.99298],[107.09898,16.99089],[107.09718,16.98874],[107.09631,16.98858],[107.09475,16.98915],[107.09397,16.98988],[107.09339,16.98997],[107.09186,16.98934],[107.09012,16.98912],[107.08814,16.98922],[107.08648,16.98965],[107.08511,16.99026],[107.08309,16.99086],[107.08259,16.99083],[107.08064,16.99015],[107.07725,16.98908],[107.0766,16.98908],[107.076,16.98914],[107.07212,16.98932],[107.06289,16.98832],[107.05604,16.98813]],[[107.07162,16.85781],[107.07123,16.85618],[107.07209,16.8526],[107.07378,16.84443],[107.07474,16.84014],[107.07375,16.83984],[107.07476,16.83993],[107.07706,16.83352],[107.07707,16.83259]],[[107.23194,16.7613],[107.23334,16.76177],[107.23558,16.76182],[107.23733,16.76223],[107.24008,16.76105],[107.24132,16.76082],[107.24235,16.76113],[107.24369,16.76241],[107.2447,16.76314],[107.24547,16.76337],[107.24766,16.76338],[107.24935,16.76322],[107.25085,16.7624],[107.25256,16.762],[107.25352,16.76014],[107.25561,16.75847],[107.25616,16.75828],[107.25798,16.75713],[107.26284,16.75373],[107.26562,16.75186],[107.26594,16.75145],[107.26861,16.74964],[107.27242,16.74674],[107.27427,16.74575],[107.27484,16.74528],[107.27105,16.74085],[107.26842,16.73624],[107.26854,16.73545],[107.26827,16.73412],[107.26676,16.73147],[107.26551,16.73131],[107.26029,16.73398]],[[107.12869,16.9812],[107.12865,16.98013],[107.12785,16.98013],[107.12567,16.98044],[107.12349,16.97972],[107.11775,16.98186],[107.11265,16.98365],[107.11151,16.98424],[107.10788,16.98652],[107.10569,16.98768],[107.1049,16.98642],[107.10319,16.98487],[107.10204,16.98412],[107.10187,16.98201],[107.10054,16.98095],[107.10028,16.9805],[107.10042,16.97941],[107.10007,16.97819],[107.09512,16.97982],[107.09484,16.97798],[107.09649,16.9694],[107.09824,16.96106],[107.09866,16.95903],[107.10244,16.95616],[107.106,16.95437],[107.1098,16.95136],[107.1098,16.95047],[107.11402,16.94614],[107.11656,16.94159],[107.11825,16.93886],[107.1192,16.93639],[107.12003,16.93391],[107.12269,16.92689],[107.12349,16.92527],[107.12392,16.92334],[107.12439,16.92227],[107.12606,16.92104],[107.12746,16.91845],[107.12786,16.91679],[107.12743,16.91543],[107.12737,16.9132],[107.12647,16.91112],[107.12476,16.90914],[107.12412,16.90792],[107.12399,16.9076],[107.12291,16.90485],[107.12605,16.90316],[107.12692,16.90223],[107.12907,16.89899],[107.13053,16.89709],[107.13243,16.89414],[107.13327,16.89284],[107.13333,16.89276],[107.13378,16.89199],[107.13705,16.88468],[107.13505,16.87963],[107.13527,16.87435],[107.13625,16.87314]],[[107.1452,16.89831],[107.14373,16.89744],[107.14296,16.8974],[107.14107,16.89759],[107.13804,16.89684],[107.13648,16.89637],[107.13611,16.89602],[107.1339,16.89505],[107.13243,16.89414]],[[107.16661,16.79619],[107.16641,16.79421],[107.1664,16.79278],[107.16663,16.79104],[107.16701,16.78992],[107.16702,16.78894],[107.1676,16.78847],[107.16743,16.78705],[107.16743,16.78558],[107.16739,16.78517],[107.1655,16.78356],[107.16612,16.78227],[107.1663,16.78148],[107.1685,16.779],[107.16947,16.77733],[107.16902,16.77701],[107.16733,16.77569],[107.16699,16.77537],[107.16655,16.77532],[107.16565,16.77644],[107.16468,16.77722],[107.16354,16.77773],[107.162,16.77913],[107.1605,16.78081],[107.1602,16.78084],[107.15709,16.77907],[107.15651,16.77873],[107.15643,16.77867],[107.15535,16.77752],[107.15532,16.77721],[107.15722,16.77495],[107.15871,16.77314]],[[106.66754,17.26249],[106.6686,17.26174],[106.67112,17.26099],[106.67388,17.26034],[106.67746,17.25808],[106.67883,17.25696],[106.68058,17.25608],[106.68544,17.25254],[106.68716,17.25118],[106.6908,17.24867],[106.69133,17.24785],[106.69106,17.24636],[106.69192,17.24561],[106.69291,17.24188],[106.69377,17.24076],[106.69633,17.23954],[106.6982,17.23788],[106.70035,17.23549],[106.70253,17.23411],[106.70376,17.23273],[106.70381,17.23242],[106.70753,17.23174],[106.71042,17.23294],[106.71134,17.23357],[106.71171,17.23409],[106.71276,17.23475],[106.71584,17.23799],[106.71636,17.23824],[106.71939,17.239],[106.71986,17.23961],[106.71932,17.24175],[106.71815,17.24486],[106.71848,17.24506]],[[106.03688,17.87594],[106.03677,17.87627],[106.03544,17.87821],[106.03327,17.8802],[106.03155,17.88153],[106.02997,17.88306],[106.02879,17.88442],[106.02692,17.88627]],[[106.4301,17.63026],[106.42543,17.63005],[106.42444,17.63023],[106.42306,17.63156],[106.42127,17.63308],[106.41854,17.63416],[106.4172,17.6346],[106.41451,17.63444],[106.41302,17.63392],[106.40997,17.63388],[106.40828,17.63499],[106.40543,17.6359],[106.40499,17.63586],[106.402,17.6348],[106.40136,17.63479],[106.39904,17.63558],[106.39676,17.63534],[106.39655,17.63532],[106.39274,17.63472],[106.39181,17.6349],[106.39167,17.63494],[106.38922,17.63564],[106.38808,17.63561],[106.38693,17.63539],[106.38683,17.63537],[106.38666,17.63533],[106.38659,17.63532],[106.38446,17.63491],[106.38424,17.63539],[106.38413,17.63559],[106.38311,17.63842],[106.38224,17.64063],[106.38199,17.641],[106.38204,17.64103],[106.38217,17.64112],[106.38222,17.64115],[106.38238,17.64125],[106.3819,17.64222],[106.38272,17.64434],[106.38294,17.64522],[106.38346,17.64553],[106.38424,17.6466],[106.38632,17.64842],[106.387,17.64949],[106.3869,17.65061],[106.38547,17.65138],[106.38508,17.6523],[106.38617,17.65347],[106.38837,17.65459],[106.38873,17.65426],[106.39,17.65474],[106.39084,17.65561],[106.392,17.65654],[106.39267,17.656],[106.39317,17.65613]],[[106.50778,17.52738],[106.50739,17.53093],[106.50715,17.5313],[106.50543,17.53139],[106.50405,17.53167],[106.50175,17.53188],[106.50129,17.53207],[106.50041,17.53305],[106.50027,17.53322],[106.49928,17.5349],[106.49936,17.53653],[106.49885,17.5393],[106.49794,17.53905],[106.49273,17.53782],[106.48892,17.53722],[106.48593,17.53669],[106.48428,17.53628],[106.47989,17.53376],[106.47858,17.53307],[106.47707,17.53266],[106.47507,17.53164]],[[106.50856,17.57802],[106.51055,17.57779],[106.51237,17.57744]],[[106.63823,17.23816],[106.63858,17.23796],[106.64247,17.2364],[106.6431,17.23585],[106.64346,17.23488],[106.6441,17.23439],[106.64553,17.23434],[106.64652,17.23412],[106.6477,17.23419],[106.65333,17.23361],[106.65355,17.23348],[106.65613,17.23085],[106.65802,17.2292],[106.6627,17.22728],[106.6634,17.22702],[106.66912,17.22604],[106.67102,17.22692],[106.67247,17.22661],[106.67593,17.22571],[106.67722,17.22626],[106.67917,17.22667],[106.68262,17.22722],[106.68275,17.22724],[106.68299,17.22728],[106.68313,17.2273],[106.6855,17.22775],[106.68705,17.2282],[106.68882,17.22912],[106.6917,17.23017],[106.69355,17.23128],[106.6915,17.2333],[106.69148,17.23344],[106.68724,17.23753],[106.68677,17.23791],[106.68502,17.23848],[106.68671,17.23782],[106.68715,17.23747],[106.6915,17.2333]],[[106.58795,17.28171],[106.5879,17.28156],[106.58772,17.28091],[106.58764,17.27928],[106.58783,17.27743],[106.58862,17.2749],[106.58859,17.27366],[106.58839,17.27325],[106.58836,17.27198],[106.5874,17.27096],[106.58542,17.2686],[106.5841,17.26824],[106.58319,17.26825],[106.58176,17.2678],[106.58102,17.26718],[106.57953,17.26667],[106.57936,17.26652],[106.57806,17.26562],[106.57642,17.26602],[106.57581,17.26578],[106.57457,17.2625],[106.57413,17.26209],[106.57075,17.26097],[106.57026,17.26018],[106.56933,17.2595],[106.56864,17.25931],[106.56792,17.25997],[106.56728,17.26012],[106.56617,17.25904],[106.56532,17.25879],[106.56416,17.25767],[106.56411,17.25526],[106.5639,17.25488],[106.56263,17.25486],[106.56134,17.25454],[106.5595,17.25365],[106.55872,17.25288],[106.55799,17.25176],[106.55752,17.25071]],[[107.24351,16.69044],[107.24343,16.69037],[107.24163,16.68874],[107.24034,16.68853],[107.23854,16.6868],[107.23845,16.68523],[107.23818,16.68383],[107.23814,16.68364],[107.23848,16.68282],[107.2375,16.67955],[107.23541,16.67629],[107.23374,16.67522],[107.23366,16.67492],[107.23418,16.67286],[107.23477,16.67138],[107.23458,16.6703],[107.23387,16.66979],[107.22955,16.66697],[107.22873,16.66618],[107.22753,16.66583],[107.22622,16.66243],[107.22547,16.66126],[107.22515,16.66042],[107.22341,16.65932],[107.22228,16.65895],[107.22098,16.65904],[107.22017,16.65834],[107.21862,16.65611],[107.21721,16.65587],[107.21443,16.65449],[107.21348,16.65357],[107.21263,16.65179],[107.21209,16.65176],[107.21132,16.65124],[107.21147,16.65048],[107.21115,16.64973],[107.21161,16.64702],[107.2104,16.64509],[107.2092,16.64467],[107.209,16.64362],[107.20893,16.64197],[107.20859,16.64125]],[[106.96806,17.06157],[106.96861,17.06094],[106.96891,17.05858],[106.96911,17.05808],[106.97006,17.05705],[106.97179,17.05759],[106.97299,17.05755],[106.97649,17.05645],[106.981,17.05541],[106.98275,17.05507],[106.98726,17.05515],[106.98786,17.05499],[106.9899,17.0552],[106.99143,17.05475],[106.9969,17.05283],[107.00194,17.05117],[107.00448,17.05026],[107.00639,17.04965],[107.00591,17.04803],[107.0059,17.04798],[107.0055,17.04613],[107.00567,17.04426],[107.0058,17.04333],[107.00584,17.04289],[107.00133,17.04321],[106.99587,17.04333],[106.99421,17.04332],[106.99357,17.04315],[106.99312,17.04186],[106.99276,17.04005],[106.98857,17.04103],[106.98718,17.04142],[106.97769,17.04546],[106.97635,17.04557],[106.97468,17.04515],[106.97427,17.04534],[106.97401,17.04624],[106.9723,17.0472],[106.97042,17.04708],[106.96993,17.04662],[106.96956,17.04547],[106.96827,17.04477],[106.9652,17.04499],[106.96051,17.04578],[106.95928,17.04558],[106.95827,17.0445],[106.9568,17.04422],[106.95549,17.04353],[106.95452,17.04326],[106.95227,17.04396],[106.94991,17.04496],[106.94901,17.04879],[106.9489,17.04951],[106.9495,17.05157],[106.94895,17.05275],[106.94866,17.0544],[106.94808,17.05577],[106.94806,17.05582],[106.94767,17.0568]],[[107.30448,16.63103],[107.3039,16.63072],[107.30328,16.63011],[107.30364,16.62922],[107.30531,16.6266],[107.30656,16.62447],[107.30811,16.62121]],[[106.05683,17.74572],[106.05687,17.74832],[106.05688,17.74848],[106.0555,17.74983],[106.05617,17.75089],[106.05744,17.75175],[106.05641,17.75382],[106.05637,17.75392],[106.0545,17.75792],[106.05142,17.76203],[106.05108,17.76304],[106.05084,17.76365],[106.05093,17.76393],[106.05202,17.76439],[106.0529,17.76513],[106.05094,17.76671],[106.05019,17.76796],[106.05042,17.76906],[106.05018,17.76964],[106.04725,17.77124],[106.04542,17.77165],[106.04329,17.77228],[106.03891,17.77334],[106.03855,17.77351],[106.03803,17.77584],[106.0369,17.77901],[106.03598,17.7806],[106.02873,17.78452],[106.02761,17.7849],[106.02519,17.78503],[106.02265,17.78539],[106.0214,17.78596],[106.02005,17.78607],[106.01996,17.78607],[106.01848,17.78604],[106.01583,17.7858],[106.01446,17.78556],[106.01382,17.78518],[106.01246,17.78391],[106.0117,17.78367],[106.01063,17.78392],[106.00982,17.78509],[106.00891,17.78574],[106.00645,17.78683],[106.00608,17.78687],[106.00544,17.78549],[106.00511,17.78437],[106.00443,17.78333],[106.0044,17.78325],[106.00424,17.78232],[106.00431,17.78129],[106.00344,17.77983],[106.00295,17.77962],[106.00199,17.77967],[106.00084,17.78025],[106.00022,17.78022],[105.99885,17.77927],[105.99759,17.77891],[105.99721,17.7784],[105.99679,17.77765],[105.99615,17.77705],[105.99234,17.7757],[105.99499,17.77389],[105.99547,17.77353],[105.99696,17.77339],[105.99818,17.77351],[105.99983,17.77389],[106.00094,17.77369],[106.00213,17.77404],[106.00284,17.77532],[106.00401,17.77547],[106.00472,17.77646],[106.00475,17.77704],[106.00694,17.77706],[106.00957,17.77682],[106.01132,17.77659],[106.0158,17.77685],[106.02084,17.77703],[106.02173,17.77694],[106.02323,17.7761],[106.02396,17.7759],[106.02814,17.77672],[106.03517,17.77676]],[[107.07367,17.0641],[107.07483,17.06319],[107.07519,17.06191],[107.07522,17.06037],[107.07543,17.05775],[107.0759,17.05392],[107.07428,17.05142],[107.0727,17.04996],[107.07126,17.04781],[107.06952,17.04413],[107.06734,17.03973]],[[107.06975,17.06599],[107.07143,17.06827],[107.07382,17.07219],[107.07474,17.07268],[107.07579,17.07294],[107.07586,17.07418],[107.07754,17.07457],[107.0783,17.07513],[107.07932,17.07764],[107.07994,17.08077],[107.08557,17.08126],[107.08617,17.08179],[107.08863,17.08438],[107.09054,17.08633],[107.09157,17.08807],[107.09201,17.08834],[107.09492,17.08841],[107.09955,17.08642],[107.10088,17.08561],[107.1025,17.08514],[107.10403,17.0849],[107.10481,17.08613],[107.10651,17.08837],[107.10647,17.0888],[107.10574,17.08971],[107.10504,17.08998],[107.1028,17.09049],[107.10162,17.09109],[107.10063,17.09134],[107.09991,17.09259],[107.09908,17.09367],[107.09802,17.09452],[107.09543,17.0963],[107.09354,17.09722],[107.09302,17.09726],[107.09127,17.09765],[107.09017,17.09901],[107.08852,17.10069],[107.08747,17.10069],[107.0868,17.10116],[107.08567,17.10159],[107.08151,17.10347],[107.08132,17.10451],[107.07928,17.10593],[107.07861,17.10657],[107.07797,17.10582],[107.07747,17.10576],[107.07622,17.10446],[107.07515,17.10513],[107.07395,17.10657],[107.071,17.10885],[107.0699,17.11047],[107.06774,17.11105],[107.06725,17.11135],[107.06612,17.11195],[107.06503,17.11244],[107.06522,17.11331],[107.06277,17.11424],[107.06174,17.11476],[107.0604,17.11626],[107.05927,17.11708],[107.05674,17.11764],[107.05514,17.11823],[107.05514,17.11931],[107.05017,17.11916],[107.04666,17.11889],[107.04266,17.11946],[107.04247,17.12088],[107.04067,17.12131],[107.0399,17.12188],[107.0363,17.12508],[107.03576,17.12562],[107.03426,17.1287],[107.03008,17.13423],[107.02932,17.13476],[107.02598,17.13611],[107.0249,17.13701],[107.02243,17.13878],[107.02115,17.14107],[107.01515,17.14254],[107.01373,17.1436]],[[107.29158,16.73088],[107.29078,16.73184],[107.28923,16.73326],[107.28751,16.73505],[107.28589,16.73646],[107.28492,16.73755],[107.28334,16.73897],[107.28175,16.74075],[107.27951,16.74219],[107.27819,16.74328],[107.27484,16.74528],[107.2749,16.74538],[107.2752,16.74582],[107.27536,16.74607],[107.27924,16.75205],[107.27915,16.75369],[107.27895,16.75412],[107.27706,16.75407]],[[107.00576,16.37053],[107.00724,16.37092],[107.00827,16.3709],[107.00925,16.3718],[107.01046,16.37213],[107.01184,16.37179],[107.01476,16.37039],[107.01505,16.36983],[107.01481,16.3685],[107.01364,16.36747],[107.01354,16.36384],[107.01338,16.36186],[107.01326,16.36161],[107.01308,16.36131]],[[107.02486,16.36498],[107.02326,16.36391],[107.02168,16.36351],[107.01986,16.36256],[107.01852,16.36157],[107.01722,16.36094],[107.01682,16.36047],[107.01611,16.36022]],[[107.02539,16.36552],[107.02746,16.36723],[107.02773,16.36753],[107.03032,16.36913],[107.03189,16.3697],[107.03287,16.36944],[107.03379,16.37001],[107.03498,16.37023],[107.03691,16.36997],[107.03764,16.3693]],[[106.84159,16.54789],[106.84164,16.54815],[106.84309,16.54881],[106.84411,16.54903],[106.84436,16.54986],[106.84518,16.55021]],[[106.75095,16.60092],[106.75094,16.60013],[106.75132,16.59874],[106.75083,16.59795],[106.75011,16.59789],[106.74977,16.59725],[106.75055,16.59688],[106.75077,16.59645],[106.75067,16.595],[106.74935,16.59441],[106.7485,16.5942],[106.74784,16.59436],[106.74739,16.59365],[106.74761,16.59249],[106.74715,16.59178],[106.74593,16.59194],[106.74544,16.59234],[106.74431,16.59243],[106.74375,16.59301],[106.74296,16.59292],[106.74301,16.59236],[106.74351,16.5919],[106.74311,16.59],[106.74379,16.58977],[106.74429,16.5885],[106.7448,16.58808],[106.74577,16.58789],[106.7471,16.58707],[106.74785,16.58587],[106.74788,16.58464],[106.74764,16.58371],[106.74813,16.5828],[106.74813,16.58146],[106.74856,16.58059],[106.74769,16.58016],[106.74768,16.57968],[106.74827,16.57931],[106.74852,16.578],[106.74841,16.57738],[106.74784,16.57691],[106.74684,16.575],[106.74651,16.57267],[106.74708,16.57093],[106.74803,16.56973],[106.74736,16.56884],[106.74769,16.56809],[106.74778,16.56695],[106.74761,16.5661],[106.74777,16.56536],[106.74863,16.56448],[106.74868,16.56357],[106.74803,16.56268],[106.74882,16.56128],[106.74866,16.56052],[106.74876,16.55883],[106.74834,16.55826],[106.74848,16.55715],[106.74892,16.55645],[106.7492,16.55525],[106.75045,16.55421],[106.75123,16.55304],[106.752,16.55142],[106.75268,16.55053],[106.75398,16.54921],[106.7539,16.54861],[106.75336,16.54831],[106.75305,16.54734],[106.75326,16.54689],[106.75467,16.54605],[106.75575,16.54572],[106.75624,16.545],[106.75634,16.54393],[106.75756,16.54234],[106.75832,16.54115],[106.75851,16.54025],[106.75799,16.53902],[106.75744,16.53818],[106.75765,16.53643],[106.75858,16.53508],[106.75853,16.53363],[106.75952,16.53225],[106.75973,16.5316],[106.75913,16.52975],[106.7595,16.52896],[106.76004,16.52845],[106.75956,16.52721],[106.7603,16.52564],[106.76039,16.5249],[106.76123,16.52421],[106.76191,16.52407],[106.76237,16.52361],[106.76249,16.52265],[106.76444,16.52012],[106.76508,16.51965],[106.76524,16.51881],[106.76506,16.51786],[106.76517,16.51698],[106.76607,16.51586],[106.76727,16.51489],[106.76862,16.51454],[106.76999,16.51327],[106.77032,16.51266],[106.77054,16.51106],[106.77158,16.50936],[106.77197,16.50804],[106.77193,16.50723],[106.77226,16.5054],[106.77285,16.50458],[106.77373,16.50196],[106.77411,16.50052],[106.77546,16.49997],[106.77503,16.49864],[106.77498,16.49797],[106.77411,16.49643],[106.77427,16.49442],[106.77426,16.49427],[106.77419,16.49332],[106.7738,16.49264],[106.77382,16.49181],[106.77351,16.49046],[106.77294,16.48957],[106.77296,16.48829]],[[106.65274,17.38709],[106.65233,17.38786],[106.65145,17.39013],[106.65011,17.39371],[106.65586,17.39504],[106.65869,17.39577],[106.65982,17.39629],[106.66115,17.39592],[106.66153,17.39628],[106.66344,17.39965],[106.66728,17.40374],[106.66826,17.4044],[106.67627,17.40777],[106.67904,17.40899],[106.6817,17.41062],[106.68458,17.41213],[106.68498,17.41224]],[[106.65337,17.40664],[106.65248,17.40595],[106.65251,17.40386],[106.65547,17.39944],[106.64849,17.39728],[106.64921,17.3961],[106.65011,17.39371]],[[107.14114,16.96334],[107.13977,16.96298],[107.13648,16.96317],[107.13517,16.9628],[107.13123,16.96071],[107.12432,16.95669],[107.1231,16.95573],[107.12183,16.9552],[107.12043,16.95438],[107.11843,16.95394],[107.11748,16.9536],[107.11626,16.95343],[107.11398,16.95211],[107.1128,16.95122]],[[107.18669,16.83234],[107.18931,16.83234],[107.19208,16.83324],[107.19725,16.83452],[107.19773,16.83463],[107.19848,16.8353],[107.19852,16.83538],[107.19854,16.83543]],[[107.16915,16.86092],[107.16744,16.86063],[107.16623,16.86062],[107.16352,16.86134],[107.16244,16.86223],[107.16031,16.86133],[107.15872,16.86118],[107.15789,16.86083],[107.156,16.85976],[107.15422,16.85899],[107.15283,16.8589],[107.15235,16.85905],[107.15239,16.86028],[107.15209,16.86037]],[[105.83095,18.05979],[105.83222,18.06114],[105.83386,18.06242],[105.83486,18.06105],[105.83658,18.05989],[105.8375,18.0595],[105.83772,18.05891],[105.83965,18.0564],[105.84153,18.05581],[105.84416,18.05417],[105.8462,18.05292]],[[105.8382,18.00467],[105.83744,18.00586],[105.83607,18.00631],[105.83525,18.00666],[105.83337,18.00829],[105.83258,18.00836],[105.8313,18.00813],[105.83064,18.00909],[105.82956,18.00959],[105.82839,18.01094],[105.82742,18.01122],[105.82545,18.01118],[105.82485,18.01076],[105.82419,18.01092]],[[105.83739,18.00293],[105.83808,18.0025],[105.83966,18.00105],[105.84022,18.0007],[105.84121,17.99933],[105.84194,17.999],[105.8432,17.99894],[105.844,17.99958],[105.84492,17.99925],[105.84584,17.99778],[105.8467,17.99722],[105.84984,17.99673],[105.8513,17.99627],[105.85296,17.9956],[105.85446,17.99392],[105.8554,17.99331],[105.85705,17.99334],[105.85823,17.99318],[105.85939,17.99269],[105.86041,17.99264],[105.8634,17.99385],[105.86408,17.99438],[105.86443,17.99564],[105.86398,17.99708],[105.86485,17.9977],[105.8659,17.99928],[105.86651,18.0001],[105.86656,18.00016],[105.86744,18.0004],[105.86856,18.00017],[105.86969,18.00118],[105.87074,18.00026],[105.87211,17.99989],[105.87276,17.99888],[105.8732,17.99908],[105.87435,17.99782],[105.87532,17.9979],[105.87701,17.99746]],[[105.84795,17.9807],[105.8473,17.98041],[105.8461,17.97942],[105.84447,17.97946],[105.84359,17.97916],[105.84285,17.97951],[105.84173,17.98124],[105.84093,17.98093],[105.83922,17.98114],[105.83721,17.98082],[105.83635,17.98147],[105.83534,17.98081],[105.83482,17.98098],[105.83366,17.98299],[105.8328,17.98438],[105.83216,17.98469],[105.831,17.98477]],[[106.25517,17.80396],[106.25496,17.80193],[106.25332,17.79829],[106.25207,17.79537]],[[106.24519,17.79801],[106.24601,17.80429],[106.2464,17.80654],[106.24684,17.80714]],[[106.26835,17.78803],[106.26734,17.78999],[106.26764,17.79155]],[[106.2352,17.80782],[106.23323,17.80449],[106.23014,17.80052]],[[106.23875,17.7852],[106.23577,17.78902],[106.23271,17.79278],[106.23041,17.79509],[106.22989,17.79572],[106.22704,17.79782],[106.22637,17.79822],[106.22374,17.79907],[106.21919,17.80038],[106.21697,17.80046],[106.21439,17.80033],[106.2135,17.80042],[106.20839,17.80226],[106.20663,17.80276],[106.20665,17.80322],[106.20185,17.80598],[106.19753,17.80871],[106.19486,17.8103],[106.19302,17.81098],[106.19169,17.81125],[106.19029,17.81117],[106.18954,17.81129]],[[106.21045,17.81579],[106.20774,17.81693],[106.20507,17.81747],[106.20217,17.81864],[106.19527,17.82126],[106.19424,17.82179],[106.19392,17.82299],[106.19288,17.82313],[106.19141,17.81966]],[[106.14289,17.84183],[106.14133,17.84337],[106.13546,17.84748],[106.13232,17.84945],[106.12992,17.84942],[106.12845,17.85005],[106.12719,17.85049],[106.12564,17.8508],[106.12292,17.85184],[106.12199,17.85167],[106.12017,17.85036],[106.11856,17.84906],[106.11774,17.84898],[106.1176,17.8493],[106.11648,17.85034],[106.11473,17.85294],[106.11428,17.85445],[106.11049,17.85963],[106.10909,17.86086],[106.10659,17.85973],[106.10445,17.85851],[106.10409,17.85796],[106.10326,17.85788],[106.10138,17.85837],[106.10058,17.85838],[106.09955,17.85805],[106.09816,17.8581],[106.09742,17.8589],[106.09412,17.86147],[106.09346,17.86228],[106.09061,17.86481],[106.08923,17.8657],[106.08844,17.86648],[106.08819,17.86667],[106.08723,17.8676],[106.08286,17.8711],[106.08238,17.87125],[106.08124,17.8694],[106.08091,17.8692],[106.07793,17.8685],[106.07771,17.86853],[106.07511,17.87052],[106.07286,17.87132],[106.0718,17.87214],[106.0712,17.87321],[106.07265,17.877],[106.0726,17.87742],[106.07125,17.87841],[106.07044,17.8785],[106.06898,17.87901],[106.06671,17.88086],[106.06389,17.8838],[106.06207,17.8852],[106.05997,17.88635],[106.05831,17.88737],[106.05666,17.88855],[106.05385,17.89024],[106.04725,17.89334],[106.04588,17.89368]],[[106.11301,17.82533],[106.11526,17.82475],[106.11669,17.82271],[106.118,17.82171],[106.11969,17.82161],[106.12169,17.82006],[106.12199,17.81949],[106.12191,17.81761],[106.12244,17.81697],[106.123,17.81674],[106.12308,17.81671],[106.12347,17.81653],[106.12566,17.81736],[106.1284,17.8174],[106.13023,17.8169],[106.13059,17.81712],[106.13184,17.81885],[106.13498,17.82156],[106.13967,17.82573],[106.14015,17.82588],[106.14365,17.82537],[106.14522,17.82525],[106.14765,17.82521],[106.14988,17.82488],[106.15153,17.82426],[106.15478,17.82239],[106.15515,17.82238],[106.15954,17.82516],[106.16259,17.8273],[106.16373,17.82765],[106.16491,17.82736],[106.16549,17.82854],[106.16738,17.82911],[106.16898,17.82936]],[[106.10178,17.83824],[106.1018,17.83769],[106.10135,17.837],[106.1005,17.83647],[106.09953,17.83553],[106.09887,17.83452],[106.09766,17.83302],[106.09751,17.83258],[106.09665,17.83143],[106.09534,17.83081],[106.09431,17.83001],[106.0931,17.8285],[106.09293,17.82842],[106.09145,17.82872],[106.09071,17.82797],[106.08901,17.82759],[106.08898,17.82751],[106.08888,17.82708]],[[106.06773,17.85416],[106.06737,17.85257],[106.06843,17.85149],[106.06884,17.85069],[106.06829,17.84923],[106.06806,17.848],[106.06739,17.84752],[106.06735,17.84642],[106.06811,17.8456],[106.06811,17.84445]],[[106.00842,17.88875],[106.00909,17.88703],[106.00975,17.88646],[106.00993,17.88625],[106.01074,17.88495],[106.01092,17.88435]],[[105.88762,17.74509],[105.88928,17.74373],[105.88941,17.74271],[105.8904,17.74213],[105.89164,17.74225],[105.89181,17.74263],[105.89148,17.74347],[105.891,17.74378],[105.89052,17.74466],[105.88955,17.74575],[105.88971,17.74656],[105.88925,17.74753],[105.88852,17.74824],[105.88829,17.75005],[105.88777,17.75088],[105.88722,17.75124],[105.88656,17.75221],[105.88657,17.75362],[105.88521,17.75439],[105.88616,17.75452],[105.88694,17.75529],[105.88731,17.75698],[105.88788,17.75797],[105.88809,17.75874],[105.88747,17.7596],[105.8857,17.75936],[105.88524,17.75999],[105.88494,17.76265],[105.88406,17.76487],[105.88232,17.76617],[105.88123,17.76737],[105.88082,17.76844],[105.88172,17.7683],[105.88193,17.76875],[105.88072,17.7698],[105.88044,17.77114],[105.8801,17.77184],[105.88035,17.77306],[105.88036,17.77402],[105.88009,17.77549],[105.87903,17.77692],[105.87861,17.77721],[105.87779,17.77917],[105.87771,17.77999],[105.87792,17.78068],[105.87754,17.78135],[105.87651,17.78168],[105.87574,17.78307],[105.87569,17.78315],[105.87499,17.78433],[105.87482,17.78513],[105.87412,17.78707],[105.87455,17.78779],[105.87461,17.78784],[105.87392,17.78903],[105.87512,17.7895],[105.87624,17.7888],[105.87849,17.78906],[105.87922,17.7888],[105.88022,17.78881],[105.88115,17.78947],[105.88303,17.79007],[105.88349,17.78981],[105.88433,17.79016],[105.88515,17.79022],[105.88732,17.78934],[105.88795,17.78808],[105.88818,17.78725],[105.88886,17.78677],[105.89007,17.78663],[105.89102,17.78748],[105.89054,17.78853],[105.89058,17.78929],[105.89014,17.78976],[105.89015,17.79036],[105.89087,17.79119],[105.89356,17.79152],[105.89591,17.79203],[105.89893,17.79039],[105.89964,17.79041],[105.90205,17.79153],[105.90418,17.79163],[105.90628,17.79195],[105.90786,17.79253]],[[105.95996,17.73312],[105.96137,17.73341],[105.96352,17.735],[105.96417,17.73518],[105.96554,17.73465],[105.96652,17.73395],[105.96925,17.73418],[105.9705,17.73456],[105.97161,17.73517],[105.9738,17.73562],[105.97732,17.73719],[105.97999,17.73703],[105.98527,17.73744],[105.98722,17.73818],[105.98778,17.73851],[105.98797,17.73869],[105.98899,17.73938],[105.9898,17.74217],[105.98842,17.74276],[105.98779,17.74321],[105.98449,17.74776],[105.98391,17.74876],[105.98206,17.7504],[105.98024,17.75182],[105.97915,17.75305],[105.9787,17.75505],[105.97858,17.75548],[105.97829,17.7561],[105.9777,17.75644],[105.97634,17.75761]],[[105.96212,17.83013],[105.95721,17.83026],[105.95564,17.83166],[105.95466,17.83274],[105.95249,17.8346],[105.95061,17.83662],[105.94853,17.83845],[105.94647,17.84093],[105.94524,17.84208],[105.94306,17.84315],[105.94239,17.8433],[105.94164,17.84474],[105.94,17.8457],[105.9395,17.84584],[105.93765,17.84699]],[[105.98955,17.82068],[105.98649,17.82226],[105.98456,17.8229],[105.98284,17.82294],[105.98246,17.82265],[105.98184,17.82144],[105.97716,17.82219],[105.97509,17.82261],[105.97342,17.82248],[105.97186,17.82251],[105.96935,17.8227],[105.96466,17.82327]],[[106.77436,17.10606],[106.77495,17.10688],[106.7752,17.10769],[106.77567,17.10821],[106.77625,17.10825],[106.77742,17.10906],[106.77888,17.11065],[106.77908,17.11125],[106.78054,17.11208],[106.78114,17.11262],[106.78139,17.11321],[106.78322,17.11462],[106.78389,17.11822],[106.7851,17.12134],[106.78554,17.12197],[106.78555,17.12198],[106.78565,17.12209],[106.78575,17.1222],[106.78707,17.12327]],[[106.80942,17.11649],[106.81228,17.11551],[106.81497,17.11452],[106.81595,17.11406],[106.81917,17.11294],[106.821,17.11238],[106.8223,17.11257],[106.82348,17.1132],[106.82639,17.11375],[106.82688,17.11392],[106.82882,17.11522],[106.82941,17.11504]],[[106.80833,17.10718],[106.80814,17.10901],[106.80878,17.10954],[106.80883,17.1112],[106.80986,17.11135],[106.81063,17.11186],[106.81142,17.11348],[106.81157,17.11435],[106.81228,17.11551]],[[106.71413,16.61971],[106.71366,16.61647],[106.71337,16.61575],[106.71346,16.61464],[106.71401,16.61401],[106.71519,16.61325],[106.71644,16.61294],[106.71661,16.61241],[106.71628,16.61147],[106.71632,16.60908],[106.71543,16.6082],[106.71434,16.60616],[106.71409,16.60533],[106.71334,16.60456],[106.71328,16.60404],[106.71371,16.60354],[106.71386,16.60282],[106.71385,16.60257],[106.71376,16.60169],[106.71436,16.60128],[106.71415,16.60077],[106.71459,16.59962],[106.71412,16.59887],[106.71385,16.59785],[106.7147,16.59681],[106.71384,16.59607],[106.7131,16.59429],[106.71327,16.59351],[106.71242,16.59249],[106.71154,16.59216],[106.71101,16.59153],[106.71143,16.5904],[106.71099,16.58932],[106.71035,16.58937],[106.70917,16.58817],[106.70814,16.58789],[106.70644,16.58784],[106.70346,16.58836],[106.70228,16.58837],[106.70188,16.58758],[106.70053,16.58666],[106.699,16.58685],[106.69863,16.5865],[106.69741,16.58632],[106.69732,16.5863],[106.69584,16.58612],[106.69447,16.58636],[106.69224,16.58641],[106.69183,16.58626],[106.69132,16.58536],[106.69023,16.5848],[106.68937,16.58374],[106.68874,16.58243],[106.68563,16.57935],[106.68461,16.57897],[106.6816,16.5811],[106.68113,16.58112],[106.68022,16.58067],[106.6795,16.58098],[106.67825,16.58042],[106.6764,16.58018],[106.67478,16.5797],[106.67295,16.58017],[106.67189,16.57994],[106.67022,16.57921]],[[106.69816,16.61179],[106.7005,16.61107],[106.70172,16.61057],[106.70236,16.61009],[106.70389,16.60858],[106.7051,16.60784],[106.70652,16.60632]],[[106.69683,16.61103],[106.69757,16.60962],[106.69995,16.60815],[106.70057,16.60767],[106.70089,16.60689],[106.70076,16.60607],[106.7001,16.6044],[106.7004,16.60415],[106.70152,16.60429],[106.70215,16.60377],[106.7035,16.60308]],[[106.70511,16.67518],[106.70539,16.67601],[106.70668,16.67707],[106.70852,16.67893],[106.70891,16.67912],[106.70971,16.67651]],[[106.90485,17.01951],[106.90439,17.0191],[106.90265,17.01811],[106.90183,17.01865],[106.90056,17.02009],[106.90016,17.02087]],[[106.49131,17.69759],[106.49219,17.69737],[106.49208,17.69682],[106.48877,17.69765],[106.48835,17.69697],[106.48746,17.69634],[106.48477,17.695]],[[106.47975,17.7008],[106.47924,17.70009],[106.47886,17.69863],[106.47851,17.69797],[106.47757,17.69554]],[[106.9278,16.87008],[106.92898,16.87102],[106.93058,16.87176],[106.93176,16.87259],[106.93224,16.87375],[106.93317,16.87405],[106.93537,16.87521],[106.93629,16.87655],[106.93737,16.8771],[106.9381,16.87771],[106.93863,16.87869],[106.93936,16.87938],[106.9406,16.87964],[106.94153,16.88106],[106.94147,16.8823],[106.94199,16.88266],[106.94243,16.8834],[106.94311,16.88364],[106.94438,16.88377],[106.95652,16.8839],[106.95915,16.88401],[106.9633,16.89153],[106.965,16.89472],[106.96772,16.89964],[106.96279,16.90212],[106.95961,16.90373],[106.95944,16.90414],[106.96148,16.90763],[106.96289,16.91031],[106.96317,16.91112],[106.96378,16.91122],[106.9643,16.91183],[106.96463,16.91235],[106.96471,16.91223],[106.9643,16.91183]],[[106.64622,17.33574],[106.64798,17.33495],[106.64877,17.3351],[106.64982,17.33563],[106.65217,17.33635],[106.65645,17.33806],[106.65795,17.3388],[106.66128,17.34152],[106.66242,17.34207],[106.66928,17.34189],[106.67061,17.34163]],[[106.66953,17.3378],[106.66912,17.33869],[106.66928,17.34189],[106.66953,17.34842],[106.67091,17.34866],[106.67276,17.34827]],[[107.08579,16.80401],[107.0859,16.80883],[107.0857,16.8094],[107.08508,16.81005],[107.08517,16.81015],[107.08566,16.80968],[107.08604,16.80884],[107.08605,16.80783],[107.08602,16.80717],[107.08591,16.80404]],[[107.0889,16.81201],[107.08668,16.81167],[107.08557,16.81108],[107.08451,16.81107],[107.08417,16.81449],[107.0838,16.81689],[107.08354,16.81752],[107.08267,16.81856],[107.08066,16.82053],[107.08033,16.82085],[107.08007,16.82113],[107.07988,16.82098],[107.07972,16.82111],[107.07846,16.82246]],[[106.44244,17.87685],[106.44295,17.87626],[106.44322,17.87588],[106.44362,17.87555],[106.44537,17.87502],[106.44712,17.87433],[106.4484,17.87422],[106.45013,17.87439],[106.45136,17.87419],[106.45213,17.8743],[106.45255,17.87393],[106.45192,17.87234],[106.45007,17.86896],[106.44932,17.86752],[106.44775,17.86388],[106.44739,17.86368],[106.44566,17.86428],[106.44612,17.86622],[106.44685,17.86802],[106.44746,17.87003],[106.44623,17.87059],[106.44602,17.87169],[106.44637,17.87331],[106.44712,17.87433]],[[106.47956,17.93958],[106.47946,17.93248],[106.47927,17.92838],[106.47983,17.92841],[106.47947,17.92815],[106.48212,17.92426],[106.48255,17.9242],[106.48354,17.92524],[106.4836,17.92556],[106.48301,17.92693],[106.48309,17.92784],[106.48356,17.92849],[106.48337,17.9294],[106.48509,17.93015],[106.48597,17.93034],[106.48954,17.93082],[106.49277,17.93084],[106.4956,17.93138],[106.49652,17.93184],[106.49676,17.9321],[106.4968,17.93221]],[[106.49721,17.93218],[106.49822,17.93185],[106.50279,17.92963]],[[106.50274,17.92952],[106.49833,17.93166],[106.49699,17.93206],[106.49652,17.93184]],[[106.4765,17.92827],[106.47663,17.92822],[106.47883,17.92835],[106.47936,17.92811],[106.48201,17.92417],[106.48204,17.92352],[106.48255,17.9242]],[[106.38082,17.86763],[106.38189,17.8673],[106.38269,17.86641],[106.38378,17.86592],[106.38616,17.86457],[106.38773,17.86406],[106.39149,17.86581],[106.39448,17.8653],[106.40079,17.86589],[106.40417,17.8669],[106.40445,17.86722],[106.4044,17.8681],[106.40493,17.86876],[106.40769,17.86973],[106.40929,17.86925],[106.40988,17.86923],[106.41134,17.8699],[106.41169,17.87032],[106.41203,17.87292],[106.41427,17.87674],[106.41517,17.87748],[106.41623,17.87743],[106.4202,17.87673],[106.42092,17.87643],[106.42294,17.87456],[106.42361,17.87379],[106.42389,17.87308],[106.42436,17.87033],[106.42471,17.86974],[106.43187,17.86637],[106.4324,17.86619],[106.4362,17.86408],[106.43677,17.86392]],[[107.19257,16.7179],[107.18976,16.71743],[107.18731,16.71586],[107.18677,16.71384],[107.18587,16.71294],[107.1853,16.71098],[107.18418,16.71],[107.18395,16.70983],[107.18426,16.70979],[107.18838,16.7084],[107.18915,16.70827],[107.18967,16.70603],[107.1896,16.70517],[107.18856,16.70332],[107.18849,16.70247],[107.18905,16.7017],[107.19077,16.70345],[107.19152,16.70459],[107.19327,16.7063],[107.19382,16.70728],[107.19329,16.70959],[107.19337,16.70982],[107.18992,16.70843],[107.18915,16.70827]],[[107.20654,16.7215],[107.20648,16.72143],[107.20603,16.72094],[107.20469,16.72102],[107.20108,16.7208],[107.20098,16.72079],[107.19945,16.72099],[107.19804,16.72103],[107.19261,16.72093]],[[107.17786,16.75551],[107.17841,16.75571],[107.18141,16.75578],[107.18139,16.75596],[107.18141,16.75578]],[[107.17767,16.75581],[107.18139,16.75596]],[[107.12298,16.76972],[107.12269,16.77085],[107.12385,16.77362],[107.12393,16.77377],[107.12453,16.77474],[107.12563,16.77544],[107.12692,16.77658],[107.12898,16.77773],[107.13044,16.7784],[107.13146,16.77916],[107.13247,16.78062],[107.13306,16.7827],[107.13365,16.78384],[107.13518,16.78566],[107.13668,16.78707],[107.13771,16.78875],[107.13849,16.78968],[107.13854,16.78976],[107.13926,16.79065]],[[106.39642,17.84866],[106.39267,17.84784],[106.38939,17.84917],[106.38759,17.84839],[106.38734,17.84845],[106.38435,17.85081],[106.38342,17.85395],[106.38093,17.85597],[106.37943,17.85576],[106.37925,17.85586],[106.37839,17.85621],[106.37719,17.8561],[106.37619,17.85621],[106.37543,17.85683],[106.37013,17.86175],[106.36842,17.86392],[106.36783,17.86504],[106.36717,17.8656],[106.36664,17.86795],[106.36381,17.86923],[106.3629,17.87086],[106.36216,17.87168],[106.35903,17.87472],[106.35571,17.87576],[106.35459,17.87656],[106.35285,17.87733],[106.352,17.87817],[106.35159,17.87906],[106.34895,17.87927],[106.34889,17.87927],[106.34803,17.8794],[106.3478,17.87944],[106.3469,17.87957]],[[106.39152,17.84185],[106.39088,17.84225],[106.38863,17.84585],[106.38847,17.84663],[106.38759,17.84839]],[[106.46985,17.91623],[106.47382,17.915],[106.47493,17.91421],[106.476,17.91347],[106.47705,17.91308],[106.47722,17.91399],[106.47716,17.91513],[106.47681,17.91607],[106.47679,17.91623],[106.4769,17.91612],[106.477,17.91674],[106.47949,17.91992],[106.48201,17.92328],[106.48289,17.9245],[106.48361,17.92518],[106.48381,17.92537],[106.48377,17.92539],[106.48354,17.92524]],[[106.46619,17.9018],[106.46606,17.90161],[106.46323,17.90311],[106.46186,17.90016],[106.46163,17.89983],[106.45796,17.89564],[106.45857,17.895]],[[106.80644,17.20815],[106.80501,17.20896],[106.80304,17.20963],[106.79982,17.21062],[106.79878,17.2111],[106.79607,17.21281],[106.7952,17.21381],[106.79439,17.2151],[106.79377,17.21574],[106.79267,17.21727],[106.79087,17.21909],[106.78894,17.22073],[106.78641,17.22231],[106.78449,17.22273],[106.78291,17.22279],[106.78272,17.22282],[106.7805,17.2235],[106.77742,17.22472],[106.77705,17.22489],[106.77613,17.22558],[106.77436,17.22749],[106.7731,17.22864],[106.77128,17.22974],[106.76902,17.23156],[106.76804,17.23251],[106.76722,17.23271],[106.76666,17.23239],[106.76539,17.23084],[106.76427,17.23057],[106.76282,17.23164],[106.76262,17.23181],[106.76056,17.23462],[106.75833,17.23677]],[[106.69504,17.23474],[106.69553,17.23517],[106.69622,17.2353],[106.69919,17.2352],[106.70035,17.23549]],[[106.70221,17.23026],[106.70351,17.23162],[106.70358,17.23179],[106.70375,17.23231],[106.70381,17.23242]],[[106.28572,17.78916],[106.2861,17.78856],[106.28683,17.78888]],[[105.90795,17.84044],[105.90887,17.83996],[105.90921,17.8394],[105.91018,17.83934],[105.91117,17.83762],[105.91258,17.83621],[105.91377,17.8364],[105.91439,17.83594],[105.91551,17.83555],[105.91643,17.83555],[105.91677,17.83527],[105.91725,17.83394],[105.91912,17.83152],[105.91979,17.83128],[105.92084,17.82962],[105.9211,17.82947],[105.92208,17.82833],[105.92222,17.82755],[105.92285,17.82666],[105.92384,17.82587],[105.92457,17.82452],[105.92582,17.82328],[105.92707,17.82358],[105.92753,17.8235],[105.92875,17.82255],[105.92942,17.82221],[105.92904,17.82096],[105.92956,17.82062],[105.9298,17.81997],[105.9317,17.8193],[105.93225,17.8186],[105.93264,17.81763],[105.93372,17.81698],[105.93488,17.81596],[105.93515,17.81475],[105.93513,17.81325],[105.93622,17.812],[105.93693,17.81077],[105.9377,17.81013],[105.939,17.80834],[105.93935,17.80675],[105.9403,17.80547],[105.94095,17.80429],[105.9418,17.80309],[105.94524,17.80408],[105.94658,17.80386],[105.94742,17.80395],[105.94949,17.80513],[105.9506,17.80548],[105.95129,17.80535],[105.95239,17.80456],[105.95714,17.80604],[105.95912,17.80635],[105.96045,17.80686],[105.9609,17.80709],[105.96149,17.80753],[105.96555,17.80759],[105.96758,17.80795],[105.96902,17.80844]],[[105.93635,17.80188],[105.93784,17.80155],[105.93822,17.80137],[105.93905,17.80136],[105.9418,17.80309]],[[105.98444,17.69612],[105.98429,17.6955],[105.98363,17.69492],[105.98353,17.69471],[105.98396,17.69311],[105.9849,17.69239],[105.98471,17.69079],[105.98309,17.6898],[105.98195,17.68982],[105.98094,17.68941],[105.97976,17.68927],[105.98033,17.68771],[105.98089,17.6871],[105.98055,17.6862],[105.98068,17.68498],[105.98128,17.68339],[105.98229,17.68186],[105.98539,17.67965],[105.9865,17.6771],[105.98631,17.67634],[105.98491,17.67575],[105.98376,17.67584],[105.98198,17.67577],[105.98164,17.67516],[105.98064,17.67657],[105.9789,17.67689],[105.9772,17.67692],[105.97647,17.67664],[105.97569,17.67563],[105.97567,17.67495],[105.97528,17.67442],[105.9725,17.67231],[105.97078,17.67233],[105.97019,17.67207],[105.96934,17.67334],[105.96882,17.67361],[105.96795,17.67341],[105.96787,17.67339],[105.96726,17.67328],[105.96631,17.67262],[105.96614,17.67103],[105.96643,17.66806],[105.96608,17.6676],[105.9644,17.66771],[105.96333,17.66804],[105.96234,17.66805],[105.96138,17.66837],[105.95939,17.66964],[105.95781,17.66983],[105.95727,17.6696],[105.95722,17.66954],[105.95693,17.6695],[105.95558,17.67055],[105.95497,17.67075],[105.95439,17.67047],[105.953,17.67048],[105.95155,17.67099],[105.94988,17.67207],[105.94776,17.67247],[105.94724,17.67283],[105.94718,17.67289],[105.945,17.67494],[105.94425,17.67484],[105.94295,17.67421],[105.93936,17.67405],[105.93795,17.67389],[105.93652,17.67407],[105.93398,17.67497],[105.93284,17.67559],[105.931,17.67585],[105.92872,17.67565],[105.92733,17.67565],[105.92282,17.67812],[105.92212,17.67856],[105.92159,17.67926],[105.91929,17.68077],[105.91776,17.68163]],[[106.58109,16.74187],[106.58069,16.74106],[106.5794,16.73944],[106.57883,16.73906],[106.57811,16.73794],[106.5767,16.73699],[106.57534,16.73696],[106.57414,16.73598],[106.57356,16.73491],[106.57279,16.73389],[106.57244,16.73285],[106.57264,16.73192],[106.57174,16.7294],[106.57071,16.72825],[106.57073,16.72682],[106.5713,16.72565],[106.57145,16.72373],[106.57077,16.72235],[106.57067,16.7215],[106.57078,16.71945],[106.57042,16.7188],[106.57029,16.71792],[106.57077,16.71564],[106.57045,16.71504],[106.56944,16.7145],[106.56866,16.71332],[106.56903,16.71288],[106.56978,16.71141],[106.56863,16.70986],[106.56883,16.70901],[106.57001,16.70841],[106.57014,16.70829],[106.57105,16.70752],[106.572,16.70616],[106.57275,16.70574],[106.57441,16.70535],[106.57542,16.70457],[106.5769,16.70426],[106.57882,16.70348],[106.5818,16.70305],[106.58506,16.70206],[106.58547,16.70177],[106.58558,16.7016],[106.58573,16.70128],[106.58563,16.69996],[106.58592,16.69831],[106.58672,16.69708],[106.58656,16.69627],[106.58776,16.6947],[106.58756,16.69401],[106.58887,16.69334],[106.58916,16.69239],[106.59015,16.69212],[106.59113,16.69063],[106.59177,16.69031],[106.59264,16.68952],[106.59188,16.68858],[106.59248,16.68784],[106.59334,16.68777],[106.59397,16.68724],[106.59373,16.68679],[106.59366,16.6855],[106.59455,16.68466],[106.59509,16.68385],[106.59498,16.68212],[106.59458,16.68119],[106.59478,16.67945],[106.59585,16.67764],[106.59661,16.67584],[106.59744,16.67491],[106.59723,16.67318],[106.59831,16.67218],[106.59881,16.67134],[106.60034,16.67082],[106.60035,16.6702],[106.59961,16.66984],[106.59878,16.66895],[106.59887,16.66732],[106.59887,16.66724],[106.59896,16.66689],[106.60009,16.66629],[106.60214,16.66477],[106.60508,16.66397],[106.60638,16.66399],[106.60718,16.66428],[106.60786,16.66424],[106.60992,16.66361],[106.61053,16.66296],[106.61052,16.66195],[106.61083,16.66138],[106.61149,16.661],[106.61282,16.66082],[106.61336,16.66005],[106.61346,16.65905],[106.61304,16.6578],[106.61063,16.65486],[106.61084,16.65349],[106.61113,16.65294],[106.61196,16.65244],[106.61322,16.6524],[106.61401,16.6514],[106.61426,16.65034],[106.6152,16.64874],[106.61507,16.64837],[106.61427,16.64791],[106.61264,16.64788],[106.61115,16.64702],[106.6108,16.64661],[106.61071,16.64545],[106.61039,16.64422],[106.60954,16.64297],[106.60907,16.64068],[106.60816,16.64006],[106.60776,16.63855],[106.60663,16.63844],[106.60549,16.63888],[106.60452,16.63999],[106.60386,16.63942],[106.60456,16.63813],[106.60538,16.63804],[106.6054,16.63728],[106.60613,16.63689],[106.60608,16.63543],[106.60507,16.63495],[106.60484,16.63416],[106.6043,16.63394],[106.60401,16.63282],[106.60353,16.6326],[106.60188,16.6331],[106.60172,16.63242],[106.60078,16.63163],[106.60092,16.63049],[106.59967,16.63005],[106.5987,16.62905],[106.5985,16.62861],[106.5987,16.62793],[106.59711,16.62633]],[[107.17893,16.78774],[107.17925,16.78781],[107.17936,16.78783],[107.1813,16.78835],[107.18396,16.78894],[107.18537,16.78963],[107.1863,16.79027],[107.1878,16.79192],[107.19059,16.79273],[107.19193,16.79455],[107.19312,16.79585],[107.19731,16.79981],[107.20135,16.80251],[107.2022,16.80293],[107.2027,16.80318],[107.20372,16.80363]],[[106.62413,17.32565],[106.62406,17.32566],[106.62399,17.32552],[106.62382,17.32383],[106.62386,17.32383],[106.62391,17.32382]],[[107.28274,16.8236],[107.27522,16.81616],[107.27061,16.81248],[107.27037,16.81228],[107.2691,16.81124],[107.2671,16.80997],[107.26196,16.80659],[107.25809,16.80411],[107.25288,16.80071],[107.2522,16.80021],[107.25107,16.79882],[107.24972,16.79765],[107.24834,16.79718],[107.2472,16.79652],[107.24619,16.79477],[107.24534,16.7941],[107.24396,16.7925],[107.24374,16.79218],[107.24362,16.79209],[107.2425,16.79083],[107.24138,16.78891],[107.24127,16.7874],[107.24069,16.78606],[107.2369,16.78199],[107.23641,16.7816],[107.23139,16.77973],[107.23081,16.77934],[107.22704,16.77505],[107.22624,16.77465],[107.22572,16.77447],[107.22724,16.77603],[107.22867,16.77801],[107.22914,16.77919],[107.23002,16.77903],[107.23081,16.77934]],[[107.21515,16.77068],[107.21607,16.77105],[107.22572,16.77447]],[[106.58288,17.50931],[106.5808,17.51006],[106.5765,17.51083],[106.5755,17.5109],[106.57509,17.51041],[106.57486,17.50952],[106.57372,17.50898],[106.57285,17.50803],[106.57193,17.50764],[106.57013,17.50644],[106.569,17.50592],[106.5684,17.50514],[106.56788,17.50404],[106.56749,17.50364],[106.56552,17.50031],[106.56479,17.49964],[106.56315,17.49712],[106.56293,17.49621],[106.56232,17.49518]],[[106.5851,17.49569],[106.58407,17.49609],[106.58197,17.49586],[106.57755,17.49525],[106.57475,17.49479],[106.57353,17.49509],[106.57174,17.49513],[106.56459,17.49461],[106.56293,17.49621]],[[106.63617,17.36588],[106.63654,17.36411],[106.63664,17.36371],[106.63832,17.35569],[106.63871,17.35394]],[[106.95831,16.795],[106.95834,16.7963],[106.95788,16.79856],[106.95709,16.79982],[106.95561,16.80037],[106.95496,16.80127],[106.95485,16.80239],[106.95442,16.80408],[106.95412,16.80587],[106.95333,16.80775],[106.95377,16.80897],[106.95458,16.80914],[106.9564,16.8086],[106.95721,16.80835],[106.95933,16.80841],[106.96288,16.80793],[106.96619,16.80793],[106.96852,16.80803],[106.97044,16.80824],[106.97629,16.8068],[106.9791,16.80686],[106.9812,16.80735],[106.98617,16.80959],[106.987,16.81031],[106.9895,16.81163],[106.99183,16.81207],[106.99241,16.81019],[106.9896,16.80954],[106.98874,16.80912],[106.98761,16.8082],[106.9846,16.80527],[106.98356,16.80447],[106.98214,16.80386],[106.98154,16.80292],[106.9815,16.80222],[106.98178,16.80094]],[[107.04715,16.29964],[107.04745,16.30016],[107.04819,16.30049]],[[106.57315,17.51936],[106.57233,17.51842],[106.57183,17.5177],[106.57233,17.51703],[106.57266,17.51513],[106.57448,17.51198],[106.5755,17.5109]],[[106.7401,17.24463],[106.74096,17.2448],[106.74197,17.24438],[106.74339,17.24447],[106.7439,17.24467],[106.7442,17.24481],[106.74419,17.245],[106.74475,17.24535],[106.74554,17.24591],[106.74569,17.24611],[106.74451,17.24728],[106.74411,17.24836],[106.74425,17.2484],[106.74469,17.24846],[106.74519,17.24852],[106.74511,17.25035],[106.7458,17.25052]],[[106.72922,17.32246],[106.7316,17.32494],[106.73644,17.33087],[106.74206,17.337],[106.74398,17.33952],[106.74598,17.34282],[106.74665,17.34394],[106.74884,17.34687],[106.74957,17.3478],[106.75094,17.34889]],[[106.89183,16.68783],[106.89207,16.68883],[106.89146,16.68949],[106.89059,16.68982],[106.88969,16.69054],[106.88863,16.6917],[106.88783,16.69211],[106.88482,16.69229],[106.88385,16.69192],[106.88349,16.69166],[106.88278,16.69108]],[[106.63542,17.31712],[106.63583,17.31826],[106.63457,17.31804],[106.63413,17.31777]],[[106.72464,17.23641],[106.72186,17.23614],[106.72072,17.23714],[106.71939,17.23818],[106.71896,17.23819],[106.71687,17.23759],[106.71653,17.23721],[106.71616,17.23583],[106.71548,17.23535],[106.71431,17.23504],[106.71183,17.23329],[106.71084,17.23228],[106.70953,17.2319],[106.70761,17.23113],[106.70562,17.23145],[106.70351,17.23162]],[[106.77014,16.716],[106.77085,16.71369],[106.77045,16.71287],[106.7708,16.71201],[106.77283,16.70998],[106.7744,16.70976],[106.77591,16.70885],[106.77618,16.70843],[106.77648,16.70686],[106.77726,16.70471],[106.77659,16.7037],[106.77595,16.70348],[106.77491,16.70214],[106.77514,16.70087],[106.77472,16.70012],[106.77495,16.69908],[106.77477,16.698],[106.77517,16.69724],[106.77608,16.69664],[106.77673,16.69703],[106.77742,16.69665],[106.77742,16.69616],[106.77816,16.69547],[106.7793,16.696],[106.77977,16.69591],[106.78175,16.69677],[106.78204,16.69655],[106.78194,16.6957],[106.78274,16.69427],[106.78232,16.69257],[106.78237,16.69173],[106.78197,16.69107],[106.78192,16.69041],[106.78234,16.69008],[106.78383,16.68996],[106.78397,16.68903],[106.78442,16.68841],[106.78448,16.68756],[106.78598,16.68693],[106.78653,16.68603],[106.78723,16.68559],[106.78808,16.68653],[106.78888,16.6871],[106.78989,16.68704],[106.79054,16.68841],[106.79148,16.68973],[106.79211,16.6891],[106.7928,16.6878],[106.79349,16.68763],[106.7947,16.68885],[106.7956,16.68936],[106.79581,16.68857],[106.79552,16.68636],[106.79559,16.68531],[106.79492,16.68483],[106.79338,16.68483],[106.7933,16.68443],[106.7939,16.68368],[106.79393,16.68322],[106.79488,16.6829],[106.79553,16.6829],[106.79656,16.6823],[106.79717,16.68204],[106.79791,16.68124],[106.79742,16.68093],[106.79753,16.68008],[106.79639,16.67933],[106.7949,16.67902],[106.7944,16.6791],[106.79382,16.67823],[106.79307,16.67793],[106.79359,16.67718],[106.79284,16.67581],[106.79286,16.67544],[106.79387,16.67406],[106.79479,16.67369],[106.79494,16.67256],[106.79585,16.67179],[106.79589,16.67111],[106.7964,16.67079],[106.79628,16.66945],[106.7953,16.66923],[106.79506,16.66853],[106.79508,16.66718],[106.79546,16.66643],[106.79658,16.6654],[106.7965,16.66507],[106.79488,16.66555],[106.79432,16.66598],[106.79348,16.66606],[106.79285,16.66674],[106.79273,16.66767],[106.79217,16.66816],[106.79205,16.66685],[106.79178,16.66629],[106.79246,16.66537],[106.79203,16.66452],[106.79104,16.66442],[106.79138,16.6637],[106.7922,16.66302],[106.79252,16.66197],[106.79353,16.66175],[106.79397,16.66104],[106.7951,16.66081],[106.79517,16.65939],[106.79587,16.65887],[106.79604,16.65836],[106.79744,16.65781],[106.7984,16.65692],[106.79955,16.65685],[106.80046,16.65648]],[[107.0512,16.68776],[107.05258,16.68883],[107.05375,16.68922]],[[106.44241,17.62797],[106.44305,17.63079],[106.44374,17.63223],[106.44404,17.63388],[106.44387,17.63751],[106.44393,17.63895],[106.44569,17.64105],[106.44665,17.64137],[106.44717,17.64189],[106.44834,17.64238],[106.45063,17.64134],[106.45304,17.63996],[106.45349,17.63968],[106.45436,17.63841],[106.45758,17.63771],[106.45894,17.63792],[106.46348,17.63793],[106.46476,17.63771],[106.4658,17.63725],[106.46774,17.63707],[106.46949,17.63662],[106.47127,17.63668],[106.47331,17.63731],[106.47548,17.63766],[106.47615,17.63772],[106.4789,17.63746],[106.47953,17.63728],[106.48006,17.63713],[106.48453,17.63673],[106.48991,17.63602],[106.49081,17.63597],[106.49186,17.63757],[106.49226,17.63766],[106.49978,17.63703],[106.50119,17.63704],[106.50788,17.63692],[106.5113,17.63702],[106.5165,17.6373],[106.51691,17.63765],[106.5182,17.64043]],[[107.09135,16.80515],[107.09338,16.80564],[107.09432,16.80569],[107.09522,16.80558],[107.09639,16.80555],[107.09937,16.80646]],[[106.3769,17.90701],[106.37578,17.90502],[106.3756,17.90356],[106.375,17.90235],[106.3757,17.90007],[106.37721,17.89647],[106.37737,17.8952],[106.37785,17.89469],[106.37883,17.8943],[106.38007,17.89341],[106.37997,17.89288],[106.37724,17.89092],[106.37693,17.88993],[106.37704,17.88955],[106.37864,17.88789],[106.37909,17.88673],[106.37892,17.88502],[106.3797,17.88289],[106.38118,17.87955],[106.38189,17.87861],[106.38338,17.87758],[106.38441,17.8771],[106.38605,17.87665],[106.38954,17.87623],[106.39071,17.8759],[106.39226,17.87597],[106.39432,17.87679],[106.39791,17.87876],[106.39976,17.8785],[106.40051,17.87862],[106.40206,17.87886],[106.40436,17.87931],[106.40609,17.87938],[106.40866,17.87973],[106.41007,17.88007],[106.41065,17.88041],[106.41191,17.88054],[106.41346,17.87969],[106.41517,17.87748]],[[105.83224,18.01351],[105.83173,18.01259],[105.83189,18.01212],[105.83281,18.01162],[105.83386,18.00993],[105.83594,18.00729],[105.83607,18.00631]],[[106.74552,17.29527],[106.747,17.29658],[106.74916,17.29805],[106.7504,17.29997],[106.75148,17.30056],[106.75388,17.3024],[106.75506,17.3034],[106.75725,17.30486],[106.75907,17.30546],[106.76009,17.30551],[106.76166,17.30479],[106.7621,17.30481],[106.76428,17.30579],[106.76546,17.30714],[106.76562,17.30762],[106.76659,17.3154],[106.76864,17.32217]],[[106.95607,16.94451],[106.9562,16.94471],[106.95544,16.94919],[106.95458,16.95092],[106.95406,16.95291],[106.95361,16.9538]],[[105.85687,18.0225],[105.85597,18.02066],[105.85621,18.01958],[105.85672,18.01915],[105.85753,18.01891],[105.85907,18.01822],[105.85972,18.01699],[105.85976,18.01617],[105.8588,18.0119],[105.85848,18.01105],[105.85695,18.00814],[105.8565,18.00668],[105.85659,18.00593],[105.85775,18.0048],[105.85865,18.00353],[105.85886,18.00284],[105.85947,18.00241],[105.86207,17.99975],[105.86342,17.99814],[105.86398,17.99708]],[[106.43241,17.81599],[106.43057,17.81599],[106.42775,17.81615],[106.42662,17.81638],[106.41694,17.82033],[106.41595,17.82071],[106.411,17.82273],[106.40859,17.82294],[106.40065,17.82509],[106.40047,17.82536],[106.4005,17.82917],[106.40336,17.82986],[106.40437,17.83198],[106.40557,17.83217],[106.41258,17.8339],[106.4151,17.83638],[106.41603,17.83819],[106.41753,17.84505],[106.41722,17.84727],[106.41686,17.84899],[106.41689,17.84949],[106.41786,17.85669],[106.41831,17.85975]],[[106.89597,16.68621],[106.8959,16.68702],[106.8949,16.68879],[106.89379,16.69042],[106.89308,16.69168],[106.89133,16.69293],[106.88914,16.69563],[106.88853,16.69674],[106.88789,16.69712],[106.88742,16.69774],[106.88702,16.69884],[106.8864,16.69975],[106.88524,16.7005],[106.8846,16.70051],[106.88297,16.69998],[106.88163,16.6986],[106.88105,16.69737],[106.87913,16.69684]],[[106.50368,17.60072],[106.50222,17.59966],[106.50092,17.59931],[106.5004,17.59883]],[[106.66885,17.37456],[106.66561,17.37233],[106.66473,17.37168],[106.66399,17.37106]],[[107.14426,16.80458],[107.14363,16.8067],[107.14262,16.80916],[107.14254,16.80939],[107.14244,16.80961],[107.14207,16.81126],[107.14166,16.8121],[107.14028,16.81444],[107.13832,16.81662],[107.13716,16.81803],[107.1362,16.8201],[107.13519,16.82105],[107.13363,16.82207],[107.13103,16.82543],[107.12937,16.82725],[107.12803,16.82931],[107.12593,16.83351],[107.12454,16.83446],[107.12361,16.8346],[107.12157,16.83439],[107.12107,16.83434],[107.12034,16.83426],[107.11979,16.8342],[107.11577,16.83374],[107.10546,16.83042]],[[106.37411,17.73035],[106.3765,17.72629],[106.37693,17.72522],[106.38189,17.72695],[106.38421,17.72805],[106.38615,17.72918],[106.39005,17.73089],[106.39242,17.73171],[106.39538,17.73294],[106.39379,17.73648]],[[106.37279,17.72992],[106.37322,17.72511],[106.37298,17.72396],[106.37305,17.72378],[106.37384,17.72167],[106.37524,17.71723],[106.37931,17.71868],[106.38055,17.7153],[106.38155,17.71405],[106.37756,17.71014],[106.37648,17.70988],[106.37442,17.71058],[106.37114,17.71208],[106.37136,17.7132],[106.37042,17.71531],[106.36934,17.71748],[106.37147,17.71842],[106.37248,17.71912],[106.37263,17.71953],[106.37198,17.7205],[106.37188,17.721],[106.37248,17.72215],[106.37298,17.72396]],[[107.11268,17.00881],[107.11058,17.00839],[107.10982,17.00841],[107.10934,17.00617],[107.10896,17.00548],[107.10907,17.00451],[107.10822,17.00419],[107.10866,17.00271],[107.10939,16.99766],[107.10873,16.99481],[107.10806,16.992],[107.10745,16.99039],[107.10669,16.989],[107.10569,16.98768]],[[107.15127,16.86054],[107.14861,16.86083],[107.14824,16.85886],[107.14733,16.85568],[107.14655,16.85523],[107.14516,16.8552],[107.14204,16.85345],[107.14029,16.85301],[107.13946,16.8519],[107.13747,16.85164],[107.13481,16.85098],[107.13354,16.85016],[107.13216,16.84901],[107.1318,16.84843],[107.13086,16.84582],[107.13016,16.84415],[107.13015,16.84412]],[[106.67471,17.36383],[106.67378,17.36323],[106.66636,17.36073],[106.65127,17.35884],[106.64842,17.35855],[106.64728,17.35826],[106.63832,17.35569]],[[107.00739,17.00272],[107.00744,17.00266],[107.01201,16.99704],[107.01549,16.99255],[107.01623,16.99313],[107.01683,16.99363],[107.01858,16.99497],[107.01848,16.99534],[107.02273,16.99875],[107.0209,17.00119],[107.02041,17.0023],[107.01715,17.00811],[107.01379,17.00632],[107.01019,17.00434],[107.00854,17.00324],[107.00584,17.00224],[107.00521,17.00253],[107.00321,17.00583],[107.00283,17.00626],[106.99946,17.0085],[106.99853,17.00887],[106.99648,17.00922],[106.99216,17.01063],[106.98961,17.01066],[106.98967,17.014],[106.98907,17.01578],[106.98856,17.01622],[106.98983,17.01937],[106.98994,17.01985],[106.99018,17.0227],[106.99004,17.02481],[106.9907,17.02719],[106.99085,17.0289],[106.99157,17.03132],[106.99235,17.03613],[106.99276,17.04005]],[[106.72959,16.62372],[106.72884,16.62382],[106.72866,16.62318],[106.72803,16.62293],[106.72692,16.6235],[106.72572,16.62357],[106.72492,16.62341],[106.72427,16.62432],[106.72434,16.62487],[106.72395,16.62531],[106.72284,16.62542]],[[107.11985,16.83406],[107.12029,16.83356],[107.12093,16.83386],[107.12107,16.83434]],[[106.72147,16.62332],[106.72044,16.62372],[106.71861,16.62492],[106.71741,16.6255],[106.71691,16.62604],[106.71653,16.62777],[106.71626,16.62828],[106.71573,16.62899],[106.71598,16.62919]],[[107.0926,16.823],[107.09246,16.82563],[107.09221,16.82616],[107.09209,16.82643],[107.09094,16.8276],[107.08973,16.82834],[107.08811,16.82874],[107.08799,16.82876]],[[106.61902,17.50159],[106.61981,17.50221]],[[106.3916,17.73619],[106.39157,17.73632]],[[106.35822,17.63197],[106.35976,17.63011],[106.36041,17.62895],[106.36099,17.62875],[106.36133,17.62746],[106.36148,17.6262],[106.36225,17.62448]],[[106.65625,16.80007],[106.65625,16.79986],[106.65609,16.79803],[106.65674,16.79725],[106.6569,16.79698],[106.65813,16.79619],[106.65852,16.79491],[106.6594,16.79398],[106.66002,16.79372],[106.66091,16.79258],[106.6613,16.79175],[106.66079,16.7906],[106.66087,16.79038],[106.6605,16.78959],[106.66058,16.78887],[106.66146,16.78849],[106.66238,16.78712],[106.66215,16.78641],[106.66251,16.78545],[106.66247,16.78521],[106.66282,16.78421],[106.66296,16.78307],[106.66354,16.78244],[106.66382,16.78158],[106.66348,16.78078],[106.66398,16.78013],[106.6648,16.77846],[106.66566,16.7764],[106.66561,16.77607],[106.66629,16.77449],[106.66615,16.77363],[106.66649,16.77327],[106.66651,16.77238],[106.66733,16.77183],[106.66558,16.77072],[106.66496,16.76938],[106.66406,16.76926],[106.66271,16.76818],[106.66201,16.76862],[106.66154,16.76891],[106.65957,16.76943],[106.65886,16.76913],[106.65683,16.76965],[106.65546,16.77043],[106.65492,16.77053],[106.65382,16.76983],[106.6538,16.76886],[106.65356,16.7682],[106.65297,16.76807],[106.65204,16.76839],[106.65063,16.76834],[106.65027,16.76799],[106.64928,16.76774],[106.64901,16.76698],[106.64844,16.76628],[106.64594,16.76584],[106.64526,16.76551],[106.64392,16.76411],[106.64331,16.76377],[106.63929,16.76279],[106.63689,16.76304],[106.63567,16.76263],[106.6343,16.76252],[106.63223,16.76139],[106.63085,16.76022],[106.63073,16.76014],[106.62986,16.75969],[106.62697,16.7597],[106.62645,16.75957],[106.62588,16.76039],[106.6246,16.76034],[106.62292,16.76096],[106.62249,16.76088],[106.62236,16.76077],[106.62106,16.76004],[106.61984,16.75891],[106.61955,16.75643],[106.61871,16.75559],[106.61861,16.75479],[106.61812,16.75466],[106.61744,16.75498],[106.61632,16.75476],[106.61575,16.75568],[106.6152,16.75556],[106.61416,16.75362],[106.61257,16.75313],[106.61101,16.75229],[106.60959,16.75081],[106.6085,16.74922],[106.60733,16.74938],[106.6064,16.75001],[106.606,16.75083],[106.60436,16.75045],[106.60229,16.75057],[106.6011,16.7503],[106.60037,16.74986],[106.59812,16.75006],[106.59725,16.75054],[106.59462,16.75142],[106.59222,16.75137],[106.59161,16.75119],[106.59012,16.75132],[106.58867,16.75114],[106.5878,16.75138],[106.5862,16.75132],[106.58553,16.75012],[106.58541,16.74951],[106.58393,16.74807],[106.58257,16.74804],[106.58192,16.74686],[106.5827,16.74547],[106.58225,16.74413],[106.58185,16.74174]],[[106.68862,16.72709],[106.68676,16.72762],[106.6863,16.72837],[106.68527,16.72935],[106.68489,16.73044],[106.68319,16.73339],[106.68255,16.73381],[106.68194,16.73501],[106.68138,16.73694],[106.68089,16.73762],[106.67954,16.73815],[106.6789,16.7388],[106.67824,16.74016],[106.67793,16.74132],[106.67739,16.74182],[106.67732,16.74188],[106.67471,16.74266],[106.67304,16.74387],[106.67268,16.74503],[106.67227,16.74578],[106.67071,16.74779],[106.67015,16.74881],[106.67023,16.75008],[106.66986,16.75186],[106.6694,16.7524],[106.66918,16.75356],[106.66885,16.75402],[106.66789,16.7547],[106.66756,16.75622],[106.66716,16.75689],[106.66644,16.75729],[106.66587,16.75728],[106.66447,16.75792],[106.66364,16.75887],[106.66316,16.76091],[106.66284,16.76134],[106.6608,16.76228],[106.65991,16.76281],[106.65966,16.76334],[106.66049,16.76455],[106.66084,16.76559],[106.66207,16.76743],[106.66271,16.76818]],[[107.38537,16.74033],[107.38496,16.74068],[107.38297,16.74294],[107.38284,16.74311],[107.3817,16.7443],[107.37989,16.74544],[107.37582,16.74871],[107.37286,16.75085],[107.37146,16.75192],[107.37018,16.75261],[107.36856,16.7532],[107.36556,16.75551],[107.36498,16.75567],[107.36436,16.75512],[107.36365,16.75487],[107.36296,16.75532],[107.36104,16.75707],[107.35805,16.75918],[107.3564,16.76075],[107.35485,16.76248],[107.35377,16.76346],[107.35224,16.76455],[107.34834,16.76664],[107.34668,16.76765],[107.34357,16.76973],[107.33992,16.77207],[107.33858,16.77369],[107.33534,16.77486],[107.33289,16.77745],[107.33212,16.77855],[107.33055,16.7804],[107.3297,16.78086],[107.32955,16.78095],[107.32562,16.78288],[107.32344,16.78379],[107.32286,16.78415],[107.32124,16.78591],[107.32036,16.78714],[107.31784,16.78894],[107.31574,16.79129],[107.31473,16.79229],[107.31353,16.79286],[107.31069,16.79605],[107.30812,16.79832],[107.30691,16.7996]],[[106.00531,17.73578],[105.99148,17.74162],[105.9898,17.74217]],[[106.63599,16.70284],[106.63485,16.70387],[106.63454,16.70478],[106.63409,16.70543],[106.63305,16.70613],[106.63138,16.70682],[106.63025,16.70765],[106.62941,16.70848],[106.62911,16.70994],[106.62844,16.71074],[106.62745,16.71076],[106.62656,16.71112],[106.62569,16.7104],[106.62447,16.70988],[106.62301,16.70973],[106.62234,16.70909],[106.62155,16.70893],[106.62087,16.70964],[106.61963,16.71039],[106.61983,16.71117],[106.61964,16.71419],[106.62033,16.71448],[106.62112,16.71434],[106.62171,16.71556],[106.62172,16.71681],[106.62281,16.71724],[106.622,16.71763],[106.62153,16.71823],[106.62208,16.71961],[106.62085,16.72021],[106.6198,16.72002],[106.61825,16.72104],[106.61701,16.72163],[106.61493,16.72241],[106.61299,16.72272],[106.61148,16.72363],[106.61071,16.72389],[106.60958,16.7237],[106.60795,16.72457],[106.60727,16.72462],[106.60563,16.72439],[106.60463,16.72465],[106.6029,16.72605],[106.60119,16.72586],[106.60048,16.72614],[106.60045,16.72708],[106.60158,16.72758],[106.6011,16.72897],[106.60119,16.73001],[106.60096,16.73169],[106.60078,16.73195],[106.5994,16.7324],[106.59905,16.73359],[106.59764,16.73451],[106.59768,16.73518],[106.59834,16.73705]],[[106.76251,17.18646],[106.76069,17.18602],[106.76037,17.18611],[106.76,17.18623],[106.75668,17.18709],[106.75451,17.18849],[106.75278,17.18867],[106.75134,17.18918],[106.74972,17.19075],[106.74849,17.19122],[106.74697,17.19151],[106.74178,17.1928],[106.7372,17.19432],[106.7359,17.19458],[106.73551,17.19457],[106.73217,17.19509],[106.73118,17.19576],[106.72977,17.19578],[106.72814,17.19565],[106.72536,17.1969],[106.72228,17.19886],[106.72059,17.1997]],[[106.79926,17.21559],[106.79719,17.21789],[106.7949,17.22029]],[[106.4966,17.92446],[106.49617,17.92398],[106.49501,17.92373],[106.49398,17.92384],[106.49226,17.92314],[106.49082,17.9234],[106.49001,17.92303],[106.48912,17.92265],[106.48813,17.92268],[106.48602,17.92342],[106.485,17.9245],[106.48399,17.92523],[106.48361,17.92518]],[[107.2715,16.60976],[107.2735,16.60978],[107.27578,16.60904],[107.27717,16.60979],[107.27785,16.61049],[107.27948,16.61255],[107.2812,16.61342],[107.28164,16.61377],[107.28259,16.61397],[107.28198,16.61654],[107.28311,16.61675],[107.2842,16.61667],[107.28459,16.61705],[107.28669,16.61907],[107.28852,16.61983],[107.29028,16.6198],[107.29232,16.62013],[107.29412,16.62055],[107.2953,16.62123],[107.29692,16.62169],[107.29763,16.62208],[107.29896,16.6232],[107.29817,16.624],[107.29819,16.62474],[107.29845,16.62488],[107.29936,16.62523],[107.30051,16.6263],[107.30196,16.62787],[107.30364,16.62922]],[[107.0379,17.06897],[107.03836,17.07138],[107.039,17.0754],[107.03963,17.07842],[107.04075,17.08026],[107.03893,17.08115],[107.03368,17.08565],[107.03388,17.08657],[107.03036,17.08862],[107.02994,17.08915],[107.02879,17.09121],[107.02787,17.09307],[107.02543,17.09663],[107.02295,17.09912],[107.02176,17.10017],[107.02034,17.10172]],[[107.08307,16.8238],[107.083,16.824]],[[107.01407,17.06011],[107.01323,17.0589],[107.01298,17.05851],[107.01223,17.05734],[107.01144,17.05648],[107.01038,17.05568],[107.0088,17.0552],[107.00817,17.0548],[107.00718,17.05172],[107.00639,17.04965]],[[106.61709,17.48181],[106.61717,17.48206]],[[106.60389,17.48423],[106.60314,17.48401]],[[106.47354,17.92253],[106.47938,17.91998],[106.48191,17.92334],[106.48204,17.92352]],[[106.77153,17.2308],[106.77147,17.23086],[106.7704,17.23141],[106.76914,17.23258],[106.76828,17.23314],[106.76711,17.23331],[106.76649,17.23296],[106.76512,17.23151],[106.7643,17.23138],[106.76359,17.23213],[106.76296,17.23266],[106.76109,17.23502],[106.75977,17.23627],[106.75937,17.23706],[106.75921,17.23723],[106.75839,17.238],[106.75794,17.23926],[106.75771,17.24082],[106.7571,17.24177],[106.75654,17.24202],[106.75503,17.24218],[106.75238,17.24212],[106.75107,17.24232],[106.75037,17.24275],[106.74836,17.24518],[106.74715,17.24617],[106.74722,17.24695]],[[106.23491,17.92783],[106.23442,17.92738],[106.23509,17.92674],[106.23488,17.92611],[106.2357,17.92404],[106.23571,17.92332],[106.2369,17.92108],[106.23726,17.91932],[106.2376,17.91837],[106.23851,17.91736],[106.23863,17.91689],[106.23865,17.9149],[106.23916,17.91313],[106.23935,17.91198],[106.23891,17.91015],[106.23844,17.9097],[106.2378,17.90864],[106.23751,17.9071],[106.23679,17.90717],[106.23582,17.90668],[106.23476,17.90693],[106.23432,17.90677],[106.23425,17.90603],[106.23463,17.90473],[106.23425,17.90435],[106.23402,17.90347],[106.23494,17.90217],[106.23404,17.9011],[106.23432,17.89974],[106.23473,17.89926],[106.23404,17.89805],[106.23288,17.89742],[106.23255,17.89679],[106.23266,17.8948],[106.23215,17.89417],[106.23169,17.8931],[106.22909,17.89274],[106.22841,17.89238],[106.22814,17.89216]],[[106.61623,17.50593],[106.61513,17.50543],[106.61205,17.504],[106.60941,17.50258],[106.60331,17.49916],[106.59968,17.49719],[106.59727,17.49573],[106.59533,17.4943]],[[106.59835,17.46596],[106.59817,17.46585],[106.59842,17.46589]],[[106.59249,17.46413],[106.59285,17.46365],[106.59573,17.46171]],[[106.59569,17.46162],[106.59277,17.46357],[106.59242,17.46419]],[[106.63516,17.46934],[106.63463,17.47158]],[[106.63476,17.47163],[106.63529,17.46941]],[[106.63784,17.46346],[106.63599,17.46744],[106.63598,17.46747]],[[106.6384,17.46221],[106.63967,17.45914],[106.64088,17.45692],[106.64194,17.45483],[106.64199,17.45474],[106.64266,17.45324],[106.64301,17.45184],[106.64302,17.45182]],[[106.42167,17.75297],[106.42098,17.75313]],[[106.42513,17.7532],[106.42443,17.75287],[106.42414,17.75265],[106.42429,17.75244],[106.42401,17.75253],[106.42394,17.75273],[106.42406,17.75275],[106.42443,17.75287]],[[107.14771,16.62629],[107.14898,16.62773],[107.15046,16.6281],[107.1508,16.62868],[107.15232,16.6293],[107.15333,16.62905],[107.15406,16.62919],[107.15496,16.62876],[107.15589,16.62882],[107.1573,16.62991],[107.15741,16.63057],[107.15687,16.63133],[107.15679,16.63248],[107.15694,16.63339],[107.15767,16.63384],[107.15857,16.63405],[107.15951,16.6345],[107.15973,16.63495],[107.16095,16.63616],[107.16256,16.63692],[107.16277,16.63754],[107.16417,16.63807],[107.16524,16.63902],[107.16704,16.63982],[107.16754,16.6396],[107.16861,16.64029],[107.1685,16.6411],[107.16872,16.64274],[107.16773,16.64356],[107.16747,16.64428],[107.16826,16.64516],[107.16794,16.64593],[107.16829,16.64636],[107.16827,16.64714],[107.16881,16.64821],[107.169,16.64952],[107.1696,16.65059],[107.16983,16.65084],[107.17006,16.65108],[107.17073,16.65292],[107.17174,16.65378],[107.17314,16.65438],[107.17453,16.65468],[107.17528,16.65541],[107.17544,16.6561],[107.17529,16.65699],[107.17593,16.65775],[107.17587,16.6586],[107.17724,16.66014],[107.17747,16.66163],[107.17817,16.6633],[107.17768,16.66476],[107.17773,16.66546],[107.18074,16.66929],[107.18027,16.67078],[107.18078,16.67196],[107.18154,16.67252],[107.18181,16.67407],[107.18165,16.67517],[107.18026,16.6756],[107.17955,16.67609],[107.17936,16.6768],[107.1797,16.67788],[107.18213,16.67847],[107.18309,16.67921],[107.18376,16.67925],[107.18475,16.67978],[107.18536,16.68052],[107.18544,16.68104],[107.18507,16.68287],[107.18416,16.68392],[107.18434,16.6849],[107.18571,16.68684],[107.18584,16.68745],[107.18562,16.68825],[107.18485,16.68897],[107.18455,16.68959],[107.18457,16.69041],[107.18487,16.69109],[107.18481,16.6928],[107.18525,16.69402],[107.18492,16.69512],[107.18431,16.6959],[107.18492,16.69669],[107.18681,16.6975],[107.18803,16.6988],[107.18905,16.7017]],[[106.43232,17.79893],[106.42159,17.79622],[106.41669,17.79499],[106.41642,17.79493],[106.41476,17.79452],[106.41462,17.79448],[106.40893,17.79311],[106.40865,17.79293],[106.4062,17.79231],[106.4059,17.79224],[106.4032,17.79156],[106.40292,17.79149],[106.39914,17.79056]],[[106.43233,17.79881],[106.42161,17.7961],[106.41671,17.79487],[106.41644,17.7948],[106.41479,17.7944],[106.4157,17.79122],[106.41558,17.79119],[106.41694,17.78642],[106.41736,17.78532],[106.41962,17.78178],[106.41983,17.78174],[106.41744,17.78542],[106.41706,17.78643],[106.4157,17.79122]],[[106.41145,17.80575],[106.41226,17.8029],[106.41203,17.80265],[106.41237,17.80253],[106.41362,17.79819],[106.41369,17.79793],[106.4138,17.79757],[106.41384,17.79723],[106.41462,17.79448],[106.41465,17.79436],[106.41558,17.79119]],[[106.39891,17.80598],[106.40068,17.79979],[106.40298,17.79175],[106.4032,17.79156]],[[106.45644,17.89493],[106.45882,17.89119],[106.46443,17.89698],[106.4646,17.89773],[106.46471,17.89837],[106.46501,17.89979],[106.46606,17.90161]],[[106.45636,17.89486],[106.45904,17.89072],[106.45972,17.89026],[106.4627,17.89005],[106.46348,17.89051],[106.46416,17.89169],[106.4648,17.89229],[106.46709,17.8939],[106.46768,17.89493],[106.46779,17.89555],[106.46796,17.90109],[106.46837,17.90236],[106.46864,17.90288],[106.46955,17.90408],[106.47076,17.90502],[106.47186,17.90689],[106.47272,17.90782],[106.47443,17.90942],[106.47661,17.91168],[106.47697,17.91234],[106.47734,17.91396],[106.4772,17.91544],[106.4769,17.91612]],[[107.07869,16.82263],[107.0799,16.8213],[107.08007,16.82113]],[[107.07724,16.82549],[107.0766,16.82517],[107.07698,16.82433]],[[106.96575,16.74853],[106.96561,16.74798],[106.96503,16.74699],[106.96508,16.74485],[106.96331,16.74456],[106.96184,16.74485],[106.96122,16.74327],[106.95971,16.74026],[106.95772,16.73922],[106.95745,16.73883]],[[107.19926,16.87974],[107.19949,16.87992]],[[107.20301,16.73379],[107.20278,16.73384],[107.20266,16.73386]],[[106.48429,17.70775],[106.48228,17.70832],[106.47918,17.70902],[106.47889,17.70872],[106.47693,17.70923],[106.4752,17.70873]],[[106.78467,17.21679],[106.78241,17.2174]],[[106.45074,17.75169],[106.4507,17.7518]],[[106.79006,17.2244],[106.78968,17.22501]],[[106.63547,17.40878],[106.63259,17.40789],[106.62041,17.40518],[106.61973,17.40617],[106.61871,17.41004]],[[106.61886,17.41008],[106.62006,17.40571],[106.62037,17.4053],[106.63263,17.40807],[106.63545,17.40893]],[[107.23946,16.7634],[107.24076,16.76284],[107.24288,16.76285],[107.2439,16.76356],[107.24572,16.76417],[107.24781,16.76413],[107.24934,16.76396],[107.25115,16.76309],[107.2518,16.76364],[107.24979,16.76524],[107.24968,16.76611],[107.2499,16.76653]],[[106.63242,17.43545],[106.63684,17.42266],[106.63815,17.41892],[106.64051,17.41967]],[[107.13133,16.86837],[107.13048,16.8688],[107.12585,16.86728],[107.12184,16.86694],[107.11903,16.86757],[107.11824,16.86764],[107.11586,16.86704],[107.11308,16.86667],[107.10956,16.8677],[107.10906,16.86804],[107.10795,16.86963],[107.10661,16.8713],[107.1033,16.87516],[107.09981,16.878],[107.09777,16.87935],[107.09582,16.88036],[107.09325,16.88184],[107.08627,16.88601],[107.08559,16.88627],[107.0824,16.8867],[107.08116,16.8868]],[[105.83553,17.98973],[105.83589,17.98894],[105.83655,17.98862],[105.83809,17.98871],[105.83819,17.98868],[105.83908,17.98792],[105.83985,17.9857],[105.84067,17.98484],[105.84073,17.98384],[105.84101,17.98224],[105.84173,17.98124]],[[107.02019,16.83532],[107.0139,16.83671],[107.00999,16.83752],[107.00971,16.83757],[107.00954,16.83761],[107.00905,16.83771],[107.00727,16.83808],[107.00489,16.83828],[107.00008,16.83775]],[[106.50153,17.4631],[106.5028,17.4647],[106.50318,17.4655],[106.50421,17.46845],[106.50497,17.46908],[106.50798,17.47116]],[[106.78247,17.2175],[106.7847,17.2169]],[[106.39769,17.72763],[106.39538,17.73294]],[[106.6044,17.46781],[106.60401,17.46772]],[[106.56224,17.58238],[106.55018,17.58504],[106.5502,17.58521],[106.56218,17.58256]],[[106.77539,17.23266],[106.77547,17.23313],[106.77525,17.23514]],[[107.10451,16.80676],[107.10438,16.8067]],[[107.08612,16.81779],[107.08591,16.81824],[107.08621,16.81785]],[[107.08833,16.83101],[107.08833,16.83113],[107.08834,16.83125]],[[107.08822,16.83124],[107.08821,16.83112],[107.0882,16.83101]],[[107.08816,16.82921],[107.08811,16.82874]],[[107.02713,16.368],[107.02746,16.36723]],[[106.69625,17.23329],[106.69355,17.23128]],[[106.62103,17.44582],[106.62124,17.44572]],[[106.64411,17.4425],[106.64558,17.438],[106.6463,17.43674],[106.64876,17.4341],[106.65805,17.42524]],[[106.52644,17.58869],[106.52672,17.59035],[106.52674,17.59495],[106.52656,17.59553],[106.52497,17.59923],[106.52492,17.59978],[106.52673,17.59559],[106.52692,17.59494],[106.5269,17.59034],[106.52662,17.58866]],[[106.5243,17.60075],[106.52431,17.60074],[106.52463,17.60044],[106.52492,17.59978]],[[106.52447,17.6008],[106.52463,17.60044]],[[106.47161,17.53511],[106.47706,17.53686],[106.47869,17.53768],[106.48033,17.53902],[106.48593,17.54445],[106.48819,17.54618],[106.49059,17.54767],[106.49323,17.54889],[106.49537,17.54962],[106.50531,17.55292],[106.50367,17.54794],[106.50201,17.54291],[106.50182,17.54257],[106.49885,17.5393]],[[106.52082,17.5584],[106.51864,17.55712],[106.5169,17.5564],[106.51433,17.55562],[106.51386,17.5555],[106.51178,17.55494],[106.51097,17.55225],[106.51066,17.5516],[106.50884,17.54963],[106.50367,17.54794]],[[106.64295,17.45067],[106.64295,17.45062],[106.64301,17.44959],[106.64302,17.44947],[106.64332,17.44755],[106.64318,17.44948],[106.64318,17.4496],[106.64311,17.45063],[106.6431,17.45067]],[[106.64289,17.45184],[106.64289,17.45186],[106.64257,17.45318],[106.64187,17.45469],[106.64182,17.45479],[106.64074,17.45688],[106.63954,17.45908],[106.63825,17.46216],[106.63771,17.46339],[106.63585,17.4674],[106.63583,17.46745]],[[106.74646,17.24573],[106.74631,17.24415],[106.74583,17.24294]],[[106.74572,17.243],[106.74619,17.24419],[106.74634,17.24578]],[[106.74686,17.24647],[106.74709,17.24701],[106.74675,17.24653]],[[106.39129,17.7429],[106.39329,17.73785],[106.39356,17.73717],[106.39354,17.73707]],[[106.96512,16.9127],[106.96499,16.91263],[106.9647,16.91241],[106.96463,16.91235]],[[106.96519,16.91256],[106.96506,16.9125],[106.96477,16.91228],[106.96471,16.91223]],[[106.74691,17.2471],[106.74636,17.24659],[106.74572,17.24695],[106.74534,17.24756],[106.74519,17.24852]],[[106.4836,17.92556],[106.48377,17.92539]],[[106.48381,17.92537],[106.48399,17.92523]],[[107.2803,16.7662],[107.28082,16.76587],[107.28376,16.76466],[107.28539,16.76386],[107.28767,16.76221],[107.28747,16.76191],[107.2885,16.761],[107.28995,16.76007],[107.28971,16.75956],[107.292,16.75847],[107.29226,16.75806],[107.29166,16.75728],[107.293,16.75628],[107.29649,16.75258],[107.2987,16.75151],[107.29852,16.75044]],[[107.18521,16.78045],[107.18486,16.78023],[107.18477,16.78018]],[[107.18521,16.78045],[107.18536,16.78055],[107.19096,16.78568],[107.19146,16.78619],[107.19527,16.78857],[107.19676,16.7905],[107.19777,16.79099],[107.20197,16.79178],[107.20633,16.79243],[107.20807,16.79224],[107.20853,16.7918],[107.20875,16.79077],[107.20964,16.78882],[107.20969,16.78831],[107.20862,16.78547],[107.20876,16.78544],[107.20972,16.7852],[107.21137,16.78479],[107.21199,16.78417],[107.21517,16.77358],[107.21607,16.77105]],[[106.37524,17.71723],[106.37142,17.71579],[106.37042,17.71531]],[[106.37305,17.72378],[106.37693,17.72522],[106.37931,17.71868]],[[107.02169,17.0374],[107.01899,17.03174],[107.01819,17.03035],[107.01648,17.02592],[107.01583,17.02276],[107.01465,17.01878],[107.0138,17.01677],[107.01485,17.01258],[107.01715,17.00811]],[[107.02273,16.99875],[107.02596,16.99495],[107.03182,16.99036],[107.0339,16.989],[107.04259,16.98044],[107.04449,16.97824],[107.0454,16.97632],[107.04195,16.97509],[107.04054,16.97469],[107.03659,16.9738],[107.03399,16.97352],[107.03305,16.97352],[107.02737,16.97439],[107.02516,16.97509],[107.0246,16.97542],[107.02494,16.97784],[107.0235,16.98438],[107.02333,16.98485],[107.02216,16.98627],[107.01665,16.99256],[107.01623,16.99313]],[[107.00584,17.04289],[107.0133,17.04155],[107.0141,17.04126],[107.02169,17.0374]],[[107.09824,16.96106],[107.10485,16.96339],[107.10827,16.96475],[107.10937,16.9648],[107.1107,16.96575],[107.11413,16.96755],[107.12104,16.97108],[107.1276,16.97503],[107.12827,16.97567],[107.12985,16.97661],[107.12889,16.97916],[107.12865,16.98013]],[[107.16959,16.77717],[107.16947,16.77733],[107.17004,16.77746]],[[105.84107,18.05248],[105.84016,18.05222],[105.84091,18.05123],[105.8408,18.04906],[105.84186,18.04712],[105.84241,18.04767],[105.84325,18.04804],[105.84462,18.04775],[105.84732,18.04565],[105.84604,18.04411],[105.84542,18.04375],[105.84498,18.04268],[105.84582,18.0419],[105.84727,18.03984],[105.84807,18.03914],[105.84832,18.03864],[105.84963,18.03726],[105.85073,18.03657],[105.85274,18.03554],[105.85446,18.03487],[105.85594,18.03376],[105.85826,18.03158],[105.85982,18.03058],[105.86039,18.03066],[105.8605,18.03069],[105.8622,18.03025],[105.86303,18.0296],[105.86404,18.03083],[105.86444,18.03155],[105.86518,18.03228],[105.86606,18.03157],[105.86776,18.03133],[105.86862,18.03161],[105.87025,18.03066],[105.87122,18.03091],[105.87178,18.03035],[105.87326,18.02954],[105.87242,18.02844],[105.87059,18.02749],[105.86748,18.0274],[105.86366,18.02829],[105.86277,18.02879],[105.86303,18.0296]],[[105.86969,18.00118],[105.86815,18.00266],[105.86665,18.00221],[105.86627,18.00073],[105.86656,18.00016]],[[105.83922,17.98114],[105.83781,17.98233],[105.83635,17.98147]],[[107.08436,16.81106],[107.08508,16.81005]],[[107.08517,16.81015],[107.08451,16.81107]],[[107.33606,17.15296],[107.33651,17.15243],[107.33738,17.15215],[107.34099,17.15272],[107.34192,17.15343],[107.34275,17.15382],[107.34412,17.15383],[107.34471,17.1542],[107.34519,17.15512],[107.34522,17.15757],[107.34629,17.15865],[107.34642,17.15944],[107.34602,17.16014],[107.34561,17.16138],[107.34468,17.1623],[107.34365,17.16305],[107.34293,17.16389],[107.3415,17.16524],[107.34027,17.16525],[107.33948,17.16495],[107.33828,17.16525],[107.33707,17.16533],[107.33644,17.16497],[107.33558,17.16505],[107.33519,17.16539],[107.33459,17.16487],[107.33433,17.16366],[107.33335,17.16275],[107.33239,17.16238],[107.33219,17.16038],[107.33223,17.15961],[107.33263,17.15898],[107.33218,17.15843],[107.33254,17.15766],[107.33274,17.15659],[107.33339,17.15564],[107.33478,17.15442],[107.33606,17.15296]],[[106.44746,17.87003],[106.45007,17.86896]],[[106.48337,17.9294],[106.48141,17.92855],[106.47983,17.92841]],[[106.47927,17.92838],[106.47883,17.92835]],[[106.47705,17.91308],[106.47651,17.91172],[106.47434,17.90951],[106.47262,17.90792],[106.47174,17.90697],[106.47096,17.90558],[106.47024,17.90473],[106.46946,17.90418],[106.46851,17.90294],[106.46824,17.9024],[106.46784,17.90112],[106.46766,17.89555],[106.46757,17.89495],[106.46701,17.89397],[106.46472,17.89239],[106.46405,17.89175],[106.46337,17.89055],[106.46268,17.89012],[106.45972,17.89032],[106.45882,17.89119]],[[106.42414,17.75265],[106.42406,17.75275]],[[106.42401,17.75253],[106.42414,17.75265]],[[107.2802,16.76629],[107.2803,16.7662]],[[107.276,16.7712],[107.27911,16.76886],[107.27944,16.76835],[107.27968,16.76684],[107.2802,16.76629]],[[106.65785,17.34518],[106.65957,17.34552],[106.66327,17.34612],[106.6689,17.34841],[106.66953,17.34842]],[[106.65785,17.34518],[106.65525,17.34393],[106.6545,17.34329],[106.65293,17.34251],[106.6517,17.34173],[106.65084,17.34078],[106.64973,17.33858],[106.64811,17.336],[106.64798,17.33495],[106.64769,17.33428],[106.6471,17.33375],[106.64892,17.33207],[106.64914,17.3317],[106.64941,17.3302],[106.64898,17.32899],[106.64729,17.32671],[106.64612,17.32604],[106.64399,17.32452],[106.64262,17.32322],[106.64005,17.32155],[106.6382,17.32107],[106.63641,17.32079],[106.63605,17.32054],[106.63583,17.31826]],[[106.74636,17.24659],[106.74669,17.24642],[106.7468,17.24636],[106.74715,17.24617]],[[105.84146,18.05246],[105.84107,18.05248]],[[105.84416,18.05417],[105.84288,18.05291],[105.84146,18.05246]],[[106.38415,17.63479],[106.38292,17.6343],[106.38064,17.63196],[106.37908,17.63134],[106.37754,17.63104],[106.37433,17.63081],[106.37094,17.63015],[106.37,17.63021],[106.369,17.62979],[106.36732,17.62964],[106.36452,17.62979],[106.36288,17.62963],[106.36099,17.62875]],[[106.75196,17.3358],[106.75318,17.33646],[106.75457,17.33741],[106.75556,17.33786],[106.75604,17.33825],[106.75632,17.33878],[106.75652,17.34023],[106.75691,17.341],[106.75643,17.34025],[106.75631,17.3391],[106.75601,17.33834],[106.75194,17.33586],[106.75196,17.3358],[106.75194,17.33586]],[[106.65957,17.34552],[106.66128,17.34152]],[[106.47938,17.91998],[106.47669,17.9165],[106.47593,17.91545],[106.47493,17.91421]],[[106.47949,17.91992],[106.47938,17.91998]],[[106.38446,17.63491],[106.38427,17.63483],[106.38415,17.63479]],[[106.41479,17.7944],[106.41476,17.79452],[106.41397,17.79726],[106.41384,17.79723]],[[106.41397,17.79726],[106.4138,17.79757]],[[106.41237,17.80253],[106.41226,17.8029]],[[106.41096,17.80238],[106.40068,17.79979]],[[106.41203,17.80265],[106.41096,17.80238]],[[106.40897,17.79296],[106.41465,17.79436],[106.41479,17.7944]],[[106.47593,17.91545],[106.47654,17.91612],[106.47673,17.91638],[106.477,17.91674]],[[106.47669,17.9165],[106.47673,17.91638],[106.47679,17.91623]],[[106.47654,17.91612],[106.47681,17.91607]],[[106.47935,17.92826],[106.47936,17.92811]],[[106.47947,17.92815],[106.47935,17.92826],[106.47927,17.92838]],[[107.08403,16.81447],[107.08436,16.81106]],[[107.08059,16.8204],[107.08256,16.81847],[107.08341,16.81745],[107.08365,16.81686],[107.08403,16.81447]],[[107.0799,16.8213],[107.07984,16.82129],[107.07974,16.82121],[107.07972,16.82111]],[[107.07984,16.82129],[107.07966,16.82139],[107.07974,16.82121]],[[107.12093,16.83386],[107.12157,16.83439]],[[107.12034,16.83426],[107.12093,16.83386]],[[106.40865,17.79293],[106.40897,17.79296]],[[106.40298,17.79175],[106.40292,17.79149]],[[107.07988,16.82098],[107.08026,16.82072],[107.08059,16.8204]],[[107.18426,16.70979],[107.18418,16.71]]]},"properties":{"kind":"road","class":"tertiary","ref":null,"name":null}},{"type":"Feature","geometry":{"type":"LineString","coordinates":[[106.50683,17.502],[106.5075,17.50086]]},"properties":{"kind":"road","class":"trunk","ref":"QL.15;HCM","name":"Cầu Đá Mài"}},{"type":"Feature","geometry":{"type":"LineString","coordinates":[[106.5711,17.44994],[106.57136,17.44982],[106.57406,17.44944],[106.5757,17.44908],[106.58259,17.44674],[106.58704,17.44519],[106.58832,17.44473],[106.58961,17.44444],[106.59187,17.44424],[106.59366,17.44353],[106.59794,17.44174],[106.59971,17.44035],[106.60033,17.44018],[106.60255,17.44017],[106.60389,17.4402],[106.60491,17.44061]]},"properties":{"kind":"road","class":"secondary","ref":"ĐT.570B","name":"Đường Lý Thái Tổ"}},{"type":"Feature","geometry":{"type":"MultiLineString","coordinates":[[[106.61373,17.46913],[106.61551,17.46769],[106.61577,17.46744],[106.6171,17.46617],[106.61718,17.4661],[106.6172,17.46608],[106.61844,17.46494],[106.61947,17.4642],[106.6195,17.46418],[106.61953,17.46416],[106.62219,17.46247],[106.62281,17.46219]],[[106.62475,17.46167],[106.6245,17.46176],[106.623,17.46229]],[[106.62291,17.46233],[106.62188,17.46281],[106.61957,17.46427],[106.61854,17.46503],[106.6173,17.46617],[106.61585,17.46755],[106.61561,17.46777],[106.61388,17.46917]],[[106.6248,17.46153],[106.6245,17.46164],[106.62342,17.46198],[106.62296,17.46213]]]},"properties":{"kind":"road","class":"secondary","ref":null,"name":"Đường Nguyễn Hữu Cảnh"}},{"type":"Feature","geometry":{"type":"LineString","coordinates":[[106.6206,17.47738],[106.61914,17.47711],[106.61821,17.47727],[106.61595,17.47703],[106.61155,17.4766],[106.61133,17.47658],[106.61032,17.47651],[106.60778,17.47636],[106.60766,17.47635],[106.60389,17.47614],[106.60376,17.47613]]},"properties":{"kind":"road","class":"secondary","ref":"ĐT.568","name":"Đường Trần Quang Khải"}},{"type":"Feature","geometry":{"type":"MultiLineString","coordinates":[[[106.62639,17.49268],[106.62541,17.49543],[106.62286,17.4989],[106.61981,17.50221],[106.61839,17.50374],[106.61668,17.50477],[106.61623,17.50593],[106.61564,17.50773],[106.61521,17.50862],[106.61487,17.50932],[106.61156,17.51281],[106.60859,17.51566],[106.60733,17.51779],[106.60675,17.52022],[106.60611,17.52116],[106.60559,17.52148],[106.60423,17.52181]],[[106.62638,17.49259],[106.62715,17.48941],[106.62737,17.48738],[106.62728,17.48535],[106.62716,17.48475],[106.6265,17.48379],[106.62512,17.48137],[106.62508,17.47997],[106.62438,17.47884]],[[106.62647,17.49262],[106.62726,17.48943],[106.62759,17.48622],[106.62756,17.48534],[106.62735,17.48475],[106.62662,17.48373],[106.62524,17.48133],[106.62515,17.47976],[106.62449,17.47882]]]},"properties":{"kind":"road","class":"secondary","ref":"ĐT.567","name":"Đường Trương Pháp"}},{"type":"Feature","geometry":{"type":"LineString","coordinates":[[106.62727,17.46422],[106.62713,17.46204],[106.62698,17.46159],[106.62586,17.46008],[106.62566,17.45984]]},"properties":{"kind":"road","class":"secondary","ref":"ĐT.567","name":"Đường Hương Giang"}},{"type":"Feature","geometry":{"type":"LineString","coordinates":[[106.61899,17.48051],[106.61821,17.47727],[106.61761,17.47466],[106.61732,17.47278],[106.61716,17.46998]]},"properties":{"kind":"road","class":"tertiary","ref":null,"name":"Đường Hai Bà Trưng"}},{"type":"Feature","geometry":{"type":"MultiLineString","coordinates":[[[106.62438,17.47884],[106.62427,17.47853],[106.62374,17.47726],[106.62314,17.47565],[106.623,17.47487],[106.62329,17.47376],[106.62364,17.473],[106.62402,17.47171]],[[106.62449,17.47882],[106.62439,17.47852],[106.62323,17.47563],[106.6231,17.47506],[106.62337,17.4738],[106.62422,17.4717]]]},"properties":{"kind":"road","class":"secondary","ref":"ĐT.567","name":"Đường Nguyễn Du"}},{"type":"Feature","geometry":{"type":"MultiLineString","coordinates":[[[106.62727,17.46422],[106.62719,17.46478],[106.62661,17.46607],[106.62468,17.46939],[106.62424,17.47152]],[[106.62408,17.47147],[106.6245,17.46954],[106.62621,17.46654],[106.62719,17.46478]]]},"properties":{"kind":"road","class":"secondary","ref":"ĐT.567","name":"Đường Quách Xuân Kỳ"}},{"type":"Feature","geometry":{"type":"MultiLineString","coordinates":[[[106.62493,17.46616],[106.6256,17.46377],[106.62605,17.46243],[106.62601,17.46144],[106.62527,17.46072]],[[107.09756,16.84599],[107.09788,16.84531],[107.09794,16.84318],[107.09845,16.83371],[107.09952,16.83099],[107.09929,16.83003],[107.09788,16.8287]]]},"properties":{"kind":"road","class":"tertiary","ref":null,"name":"Thanh Niên"}},{"type":"Feature","geometry":{"type":"LineString","coordinates":[[106.62266,17.47053],[106.62281,17.47018]]},"properties":{"kind":"road","class":"primary","ref":"QL.1","name":"Cầu Bắc Thành"}},{"type":"Feature","geometry":{"type":"MultiLineString","coordinates":[[[106.59422,17.48402],[106.59477,17.48212],[106.59553,17.48198],[106.59753,17.48209],[106.60016,17.4828],[106.60314,17.48401]],[[106.52522,17.57377],[106.52156,17.57805]]]},"properties":{"kind":"road","class":"tertiary","ref":null,"name":"Đường Trường Chinh"}},{"type":"Feature","geometry":{"type":"LineString","coordinates":[[106.62541,17.46038],[106.62586,17.46008],[106.62617,17.45928],[106.62608,17.45921],[106.62527,17.45905],[106.62309,17.45837],[106.62162,17.45849]]},"properties":{"kind":"road","class":"tertiary","ref":null,"name":"Nguyễn Văn Trỗi"}},{"type":"Feature","geometry":{"type":"MultiLineString","coordinates":[[[107.04256,17.06671],[107.04723,17.06547],[107.04793,17.06569],[107.04997,17.0677],[107.05038,17.06836],[107.05107,17.07002],[107.05243,17.07062],[107.05549,17.07271],[107.05637,17.07267],[107.05892,17.07121],[107.06027,17.07092],[107.06247,17.06991],[107.06449,17.06883],[107.06567,17.06759],[107.06607,17.06693],[107.0673,17.06656],[107.06801,17.06717],[107.06901,17.06716],[107.06975,17.06599],[107.07026,17.06486],[107.07118,17.06319],[107.07168,17.0629],[107.07289,17.06302],[107.07367,17.0641],[107.07434,17.06532],[107.07553,17.06538],[107.07654,17.0651],[107.07761,17.06529],[107.07948,17.06614],[107.0817,17.06661],[107.0862,17.06835],[107.08762,17.06818],[107.08852,17.06765],[107.09053,17.06686],[107.09244,17.06682],[107.09367,17.06629],[107.09377,17.06546],[107.09807,17.06531],[107.09985,17.0651],[107.10068,17.06444],[107.10196,17.06404],[107.10397,17.06391],[107.10494,17.06276],[107.10489,17.06091],[107.10429,17.0592],[107.10369,17.05902],[107.10506,17.0555],[107.10514,17.05491],[107.10446,17.05125],[107.1044,17.04982],[107.10416,17.0475],[107.1042,17.04649],[107.10485,17.04499],[107.10501,17.04427],[107.10497,17.04242],[107.10537,17.04084],[107.10569,17.03869],[107.1057,17.03733],[107.10688,17.03547],[107.10724,17.03517],[107.10835,17.03468],[107.10869,17.03431],[107.10939,17.03038],[107.10971,17.02963],[107.11065,17.02856],[107.11145,17.02682],[107.1114,17.02647],[107.11,17.02471],[107.10934,17.02267],[107.10946,17.02091],[107.10993,17.01985],[107.1104,17.01928],[107.11107,17.01833],[107.11106,17.01762],[107.1106,17.01724],[107.10957,17.01727],[107.10797,17.01781],[107.10625,17.0179],[107.10557,17.01753],[107.10503,17.01659],[107.10429,17.01508],[107.1045,17.01464],[107.10641,17.01392]],[[107.11044,17.01248],[107.11132,17.01211],[107.11172,17.01133],[107.11268,17.00881],[107.11292,17.00756],[107.11337,17.00633],[107.11606,17.00062],[107.11808,16.9975],[107.12008,16.99433],[107.12279,16.98942],[107.12519,16.98521],[107.12742,16.98288],[107.12869,16.9812],[107.12994,16.9794],[107.13137,16.97606],[107.1317,16.97565],[107.13199,16.9753],[107.13526,16.97122],[107.13778,16.96821],[107.13958,16.96537],[107.14114,16.96334],[107.14363,16.96018],[107.14395,16.95964],[107.14511,16.95671],[107.14633,16.95563],[107.14859,16.95403],[107.15081,16.95187],[107.1518,16.95057],[107.1533,16.94805],[107.15354,16.94777],[107.15442,16.94675],[107.15926,16.9409],[107.16474,16.9343],[107.16799,16.93035],[107.17161,16.92604],[107.17245,16.92514],[107.17809,16.92053],[107.18296,16.91661],[107.18417,16.91553],[107.18874,16.91037],[107.18844,16.90952],[107.18896,16.90985],[107.18874,16.91037]],[[106.988,17.08762],[106.98792,17.08759],[106.9836,17.08602],[106.98276,17.08546],[106.97961,17.08245],[106.97929,17.08167],[106.97937,17.07951],[106.9791,17.07829],[106.97715,17.0743],[106.97697,17.07396],[106.97672,17.07337],[106.97666,17.07315],[106.97628,17.07195],[106.97499,17.06915],[106.9746,17.06865],[106.96806,17.06157],[106.96753,17.06134],[106.96495,17.06145],[106.9643,17.06132],[106.96355,17.06044],[106.96155,17.05751],[106.96139,17.05729],[106.96101,17.05682],[106.96034,17.05664],[106.95509,17.05698],[106.94966,17.05729],[106.94868,17.0572],[106.94767,17.0568],[106.94523,17.05578],[106.945,17.05569],[106.94121,17.05414],[106.94002,17.05347],[106.92968,17.04518],[106.92819,17.04426],[106.92289,17.0423],[106.92172,17.04173],[106.91941,17.03992],[106.9187,17.03955],[106.91601,17.03847],[106.91558,17.03807],[106.91538,17.03709],[106.9156,17.03486],[106.91536,17.03302],[106.9153,17.03272],[106.91471,17.02922],[106.91427,17.02817],[106.91143,17.02537],[106.91011,17.02468],[106.9084,17.02427],[106.90823,17.02425],[106.90783,17.02419],[106.90527,17.02378],[106.90318,17.02282],[106.90207,17.02176]],[[107.18601,16.90822],[107.18844,16.90952]]]},"properties":{"kind":"road","class":"primary","ref":"QL.9D","name":"Quốc lộ 9D"}},{"type":"Feature","geometry":{"type":"LineString","coordinates":[[106.84489,17.22338],[106.84476,17.22362]]},"properties":{"kind":"road","class":"trunk","ref":"QL.1","name":"Cầu Phú Chánh"}},{"type":"Feature","geometry":{"type":"MultiLineString","coordinates":[[[107.04821,17.01655],[107.04862,17.01746],[107.04797,17.01749]],[[107.10503,17.01659],[107.10098,17.0187],[107.10029,17.01879],[107.09578,17.01806],[107.09122,17.01724],[107.08919,17.01706],[107.08598,17.01769],[107.08449,17.01763],[107.08381,17.01776],[107.07994,17.01959],[107.07918,17.01978],[107.07732,17.01986],[107.07343,17.01926],[107.07292,17.01981],[107.07298,17.02015],[107.07354,17.02204],[107.07338,17.02254],[107.07254,17.02315],[107.07058,17.02524],[107.06902,17.02627],[107.06707,17.02819],[107.06532,17.0292],[107.0645,17.0294],[107.05873,17.02885],[107.0541,17.02814],[107.05331,17.02778],[107.05277,17.02713],[107.05124,17.02344],[107.04862,17.01746]]]},"properties":{"kind":"road","class":"secondary","ref":"ĐT.574","name":"Đường tỉnh 574"}},{"type":"Feature","geometry":{"type":"LineString","coordinates":[[107.05108,17.00505],[107.05188,17.00275]]},"properties":{"kind":"road","class":"primary","ref":"QL.1","name":"Cầu Hiền Lương"}},{"type":"Feature","geometry":{"type":"MultiLineString","coordinates":[[[107.05108,17.00505],[107.05069,17.00621],[107.05009,17.00904],[107.04821,17.01655],[107.04797,17.01749],[107.04763,17.01864],[107.04729,17.01912],[107.02916,17.03787]],[[107.06762,16.96011],[107.06964,16.95549],[107.0701,16.95446],[107.07074,16.95367]],[[107.06728,16.96089],[107.06203,16.9729],[107.059,16.97977],[107.05819,16.98157],[107.05725,16.98388],[107.05604,16.98813],[107.05489,16.99212],[107.05259,17.00065],[107.05188,17.00275]],[[107.06983,16.9541],[107.0698,16.95422],[107.06964,16.95549]]]},"properties":{"kind":"road","class":"primary","ref":"QL.1","name":"Quốc lộ 1 cũ"}},{"type":"Feature","geometry":{"type":"LineString","coordinates":[[107.10716,17.03545],[107.10837,17.03753],[107.10957,17.04078],[107.11038,17.04198],[107.11197,17.04295],[107.11408,17.04466],[107.11459,17.04578],[107.11428,17.0467],[107.11321,17.04786],[107.11298,17.04843],[107.1118,17.05259],[107.1118,17.05351],[107.11305,17.0584],[107.11302,17.0591],[107.11233,17.06047],[107.11199,17.06169],[107.11188,17.06324],[107.11113,17.06513],[107.11089,17.06627],[107.11087,17.06786],[107.1112,17.07093],[107.11063,17.07196],[107.10957,17.07287],[107.10782,17.07334]]},"properties":{"kind":"road","class":"secondary","ref":"574","name":null}},{"type":"Feature","geometry":{"type":"MultiLineString","coordinates":[[[107.0877,16.83787],[107.09339,16.83146],[107.09469,16.83001],[107.09538,16.8295],[107.09781,16.82859],[107.09903,16.82751],[107.09909,16.82741],[107.09965,16.82632]],[[107.10023,16.82493],[107.10039,16.82453],[107.10066,16.8239],[107.10071,16.8238],[107.10104,16.82332],[107.10121,16.82314],[107.1025,16.82196],[107.10553,16.81929],[107.10701,16.81798],[107.11483,16.811],[107.11566,16.81003],[107.11826,16.80584],[107.11934,16.80416],[107.12046,16.80331],[107.12378,16.80105],[107.1257,16.79941],[107.12598,16.79916]],[[107.12614,16.79922],[107.12354,16.80141],[107.12055,16.80342],[107.11946,16.80424],[107.11578,16.8101],[107.11493,16.8111],[107.10563,16.81939],[107.10131,16.82324],[107.10037,16.82498]],[[107.09978,16.82638],[107.09933,16.82731],[107.0987,16.82812],[107.09788,16.8287],[107.09587,16.82944],[107.0945,16.83041],[107.08781,16.83795]]]},"properties":{"kind":"road","class":"trunk","ref":"QL.1","name":"Đường Lê Duẩn"}},{"type":"Feature","geometry":{"type":"MultiLineString","coordinates":[[[107.0877,16.83787],[107.08755,16.83804]],[[107.08766,16.83813],[107.08781,16.83795]]]},"properties":{"kind":"road","class":"trunk","ref":"QL.1","name":"Cầu Sòng"}},{"type":"Feature","geometry":{"type":"LineString","coordinates":[[107.06728,16.96089],[107.06762,16.96011]]},"properties":{"kind":"road","class":"primary","ref":"QL.1","name":"Cầu Cao Xá"}},{"type":"Feature","geometry":{"type":"MultiLineString","coordinates":[[[107.10023,16.82493],[107.09965,16.82632]],[[107.09978,16.82638],[107.10037,16.82498]]]},"properties":{"kind":"road","class":"trunk","ref":"QL.1","name":"Cầu Đông Hà"}},{"type":"Feature","geometry":{"type":"MultiLineString","coordinates":[[[106.96808,17.11146],[106.96781,17.11191]],[[106.9679,17.11194],[106.96816,17.11149]]]},"properties":{"kind":"road","class":"trunk","ref":"QL.1","name":"Cầu Chấp Lễ"}},{"type":"Feature","geometry":{"type":"MultiLineString","coordinates":[[[107.15188,16.78413],[107.1525,16.78359]],[[107.1524,16.78354],[107.15188,16.784]]]},"properties":{"kind":"road","class":"trunk","ref":"QL.1","name":"Cầu Ái Tử"}},{"type":"Feature","geometry":{"type":"MultiLineString","coordinates":[[[107.17971,16.74282],[107.17875,16.74371],[107.17811,16.74602],[107.17794,16.74759],[107.17828,16.74983],[107.17814,16.7543],[107.17786,16.75551],[107.17767,16.75581],[107.17742,16.75615],[107.1766,16.75716],[107.17567,16.75906],[107.17532,16.75944],[107.17471,16.76003],[107.17354,16.76074],[107.17173,16.76126],[107.17087,16.76173],[107.17023,16.76238]],[[107.19166,16.74005],[107.19199,16.74009],[107.19451,16.74027],[107.19579,16.73988],[107.19682,16.73885],[107.19836,16.73672],[107.19917,16.73606],[107.20099,16.73502],[107.20208,16.73438],[107.20266,16.73386]],[[106.58849,17.50545],[106.5875,17.50754],[106.58745,17.50765],[106.58532,17.51219],[106.58467,17.51287],[106.57246,17.51993],[106.56982,17.52144],[106.56878,17.52218],[106.56506,17.52572],[106.56486,17.52592],[106.55893,17.53162],[106.55781,17.5327],[106.55669,17.53399],[106.55625,17.53481],[106.55535,17.53715],[106.55526,17.53782]],[[107.20258,16.7338],[107.20198,16.73436],[107.20095,16.73495],[107.19882,16.73621],[107.19836,16.73662],[107.19676,16.73881],[107.19589,16.7397],[107.19503,16.7401],[107.19422,16.74019],[107.19212,16.74002],[107.192,16.74001],[107.19174,16.73998]],[[107.17969,16.74274],[107.17916,16.743],[107.17862,16.74384],[107.17793,16.74635],[107.17785,16.74767],[107.17817,16.7494],[107.17807,16.75386],[107.17796,16.75502],[107.17737,16.75607],[107.17635,16.75747],[107.17562,16.75894],[107.17525,16.75938],[107.17462,16.75998],[107.17355,16.76065],[107.1715,16.76126],[107.17061,16.76183],[107.17007,16.76241]],[[106.55494,17.53791],[106.55611,17.53475],[106.55703,17.53328],[106.55887,17.53147],[106.56475,17.52582],[106.56495,17.52562],[106.56866,17.52209],[106.56973,17.52132],[106.57315,17.51936],[106.58457,17.51275],[106.58519,17.51211],[106.58567,17.51117],[106.58636,17.50968],[106.58835,17.5054]],[[106.63455,17.4354],[106.63531,17.43249],[106.63672,17.42903],[106.63755,17.4277],[106.64049,17.42349],[106.64339,17.41814],[106.64368,17.41737]],[[106.64383,17.41741],[106.64353,17.4182],[106.64063,17.42356],[106.63768,17.42778],[106.63686,17.4291],[106.63677,17.42926],[106.63545,17.43253],[106.63469,17.43547]]]},"properties":{"kind":"road","class":"primary","ref":"QL.1","name":"Quốc lộ 1"}},{"type":"Feature","geometry":{"type":"MultiLineString","coordinates":[[[107.1311,16.79525],[107.132,16.79461]],[[107.13196,16.79452],[107.13113,16.79511]]]},"properties":{"kind":"road","class":"trunk","ref":"QL.1","name":"Cầu Lai Phước"}},{"type":"Feature","geometry":{"type":"MultiLineString","coordinates":[[[107.1311,16.79525],[107.12933,16.79653],[107.12757,16.79796],[107.12621,16.79917],[107.12614,16.79922]],[[107.12598,16.79916],[107.12605,16.7991],[107.12638,16.79882],[107.12916,16.79652],[107.13113,16.79511]],[[107.02465,17.04236],[107.02495,17.04623],[107.02454,17.04921],[107.02404,17.05011],[107.02239,17.05179],[107.01766,17.05684],[107.01723,17.05732],[107.01513,17.05951]],[[107.1524,16.78354],[107.15288,16.7831],[107.15643,16.77867],[107.15918,16.7754],[107.16035,16.7742],[107.16183,16.77272],[107.16464,16.77008],[107.16716,16.76775],[107.16807,16.76622],[107.16812,16.76611]],[[107.01522,17.05958],[107.01727,17.05737],[107.0194,17.05509],[107.02389,17.0504],[107.02464,17.04913],[107.02503,17.04587],[107.02478,17.04307],[107.02472,17.04218]],[[107.16821,16.76614],[107.16815,16.76626],[107.16719,16.76784],[107.16588,16.76908],[107.1619,16.77278],[107.15878,16.77598],[107.15651,16.77873],[107.15399,16.78188],[107.1525,16.78359]]]},"properties":{"kind":"road","class":"trunk","ref":"QL.1","name":"Lê Duẩn"}},{"type":"Feature","geometry":{"type":"MultiLineString","coordinates":[[[106.99507,17.07778],[106.99703,17.07495],[106.99912,17.07277],[107.00162,17.07033],[107.00281,17.06919],[107.00355,17.06809],[107.00361,17.06802],[107.00855,17.06303],[107.00907,17.06267],[107.01407,17.06011],[107.01513,17.05951]],[[107.01522,17.05958],[107.01413,17.06019],[107.00913,17.06275],[107.0085,17.06323],[107.0037,17.0681],[107.00364,17.06816],[107.0029,17.06923],[107.00171,17.0704],[106.9979,17.07413],[106.99713,17.07503],[106.99534,17.07754]]]},"properties":{"kind":"road","class":"trunk","ref":"QL.1;QL.9D","name":"Lê Duẩn"}},{"type":"Feature","geometry":{"type":"MultiLineString","coordinates":[[[107.2778,16.66081],[107.27709,16.66136]],[[107.27715,16.66144],[107.27787,16.66091]]]},"properties":{"kind":"road","class":"trunk","ref":"QL.1","name":"Cầu Bến Đá"}},{"type":"Feature","geometry":{"type":"LineString","coordinates":[[107.16035,16.7742],[107.15992,16.7739],[107.15871,16.77314],[107.15602,16.77144],[107.15462,16.77052]]},"properties":{"kind":"road","class":"secondary","ref":"ĐT.579","name":"Hai Bà Trưng"}},{"type":"Feature","geometry":{"type":"MultiLineString","coordinates":[[[106.92221,16.99153],[106.92155,16.99273],[106.92158,16.99722],[106.92107,17.00397],[106.92092,17.00533],[106.92038,17.00863],[106.91969,17.01072],[106.91754,17.01329],[106.91657,17.01419],[106.9146,17.01535],[106.91181,17.01626],[106.90978,17.01708]],[[106.47929,17.52746],[106.4795,17.52726]],[[106.59577,17.42085],[106.59646,17.41894],[106.59705,17.41766],[106.59932,17.41405],[106.60076,17.41179],[106.60443,17.40587],[106.60536,17.40428],[106.61017,17.3954],[106.61099,17.39337],[106.61121,17.39188],[106.61103,17.38972],[106.61094,17.38901]],[[106.92363,16.99119],[106.92485,16.99081],[106.92532,16.99024],[106.92637,16.98783],[106.92691,16.98718]]]},"properties":{"kind":"road","class":"trunk","ref":"HCM;QL.15","name":"Đường Hồ Chí Minh nhánh Đông"}},{"type":"Feature","geometry":{"type":"MultiLineString","coordinates":[[[106.95084,16.95294],[106.95156,16.9518],[106.95281,16.94995],[106.95551,16.94566],[106.95607,16.94451],[106.9563,16.944],[106.95761,16.93906],[106.95827,16.93684],[106.95936,16.93413],[106.95958,16.93198],[106.9594,16.9303],[106.95908,16.92596],[106.9591,16.92446],[106.9595,16.92296],[106.96238,16.91786],[106.96512,16.9127],[106.96519,16.91256],[106.96732,16.90856],[106.9678,16.90791],[106.96934,16.90665],[106.98701,16.89909],[106.98857,16.89804],[106.98965,16.89676],[106.99082,16.89511],[106.992,16.89322],[106.99243,16.89173],[106.99277,16.88589],[106.99286,16.88444],[106.99286,16.8804],[106.99248,16.87609],[106.9928,16.87406],[106.99393,16.87152],[106.99599,16.86787],[106.99733,16.86473]],[[106.90978,17.01708],[106.90854,17.0176],[106.9063,17.01855],[106.90485,17.01951],[106.90207,17.02176],[106.90134,17.02278],[106.9009,17.0239],[106.90073,17.02489],[106.90048,17.02757],[106.90013,17.02892],[106.89952,17.03005],[106.89869,17.03112],[106.89685,17.033],[106.8952,17.03566],[106.89417,17.03678],[106.89096,17.03892],[106.88865,17.0398],[106.88731,17.04066],[106.88552,17.04229],[106.88253,17.04438],[106.88129,17.04509],[106.8776,17.04684],[106.87622,17.04772],[106.87463,17.04924],[106.87332,17.05016],[106.87104,17.05123],[106.86932,17.0515],[106.8683,17.05213],[106.86823,17.05272],[106.86823,17.05279],[106.86823,17.05294],[106.86823,17.053],[106.86814,17.05413],[106.86769,17.05461],[106.86454,17.05611],[106.86357,17.057],[106.86181,17.06018],[106.86138,17.06151],[106.86086,17.06527],[106.85994,17.06877],[106.85985,17.06965],[106.86014,17.07086],[106.86105,17.07257],[106.86157,17.07397],[106.86181,17.07688],[106.86191,17.08163],[106.86169,17.08291],[106.86086,17.08459],[106.8592,17.08718],[106.85816,17.08827],[106.85621,17.08983],[106.85483,17.09172],[106.8543,17.09312],[106.85348,17.09448],[106.85266,17.09517],[106.85166,17.09569],[106.84873,17.09675],[106.84783,17.09732],[106.84712,17.09872],[106.84626,17.10291],[106.84596,17.1041],[106.84533,17.10524],[106.8446,17.10577],[106.84327,17.10623],[106.8399,17.10719],[106.83832,17.10799],[106.83726,17.10947],[106.83654,17.11174],[106.83549,17.11319],[106.82927,17.11785],[106.82771,17.11871],[106.8263,17.11908],[106.81927,17.12041],[106.81818,17.12054],[106.81707,17.12035],[106.81549,17.11978],[106.8148,17.1195],[106.81295,17.11855],[106.81173,17.1175],[106.81077,17.11688],[106.80942,17.11649],[106.80801,17.11654],[106.80327,17.11701],[106.80166,17.11732],[106.7977,17.11882],[106.7967,17.11926],[106.79262,17.12136],[106.78788,17.12289],[106.78707,17.12327],[106.7826,17.12587],[106.78164,17.12658],[106.78116,17.12718],[106.7802,17.12895],[106.77944,17.12983],[106.7772,17.13117],[106.7768,17.13154],[106.77617,17.13266],[106.77552,17.13448],[106.77496,17.13508],[106.77396,17.13553],[106.77208,17.13578],[106.77064,17.13634],[106.76825,17.13792],[106.76733,17.1387],[106.76426,17.14243],[106.76324,17.14405],[106.76275,17.14515],[106.76196,17.14529],[106.76175,17.14525],[106.76158,17.14522],[106.76137,17.14518],[106.76054,17.14527],[106.75916,17.14627]],[[106.7581,17.14701],[106.75486,17.14931],[106.75359,17.15029],[106.75071,17.15278],[106.74835,17.15514],[106.74679,17.15691],[106.74403,17.1605],[106.74335,17.16157],[106.74181,17.16463],[106.73961,17.16929],[106.73909,17.17075],[106.73873,17.17216],[106.73821,17.17507],[106.73753,17.17745],[106.73735,17.17788],[106.73695,17.17874],[106.73174,17.18487],[106.72922,17.18768],[106.72586,17.19174],[106.72543,17.19215],[106.72375,17.19328],[106.72261,17.19425],[106.72046,17.19631],[106.72017,17.19685],[106.72031,17.19795],[106.72033,17.198],[106.72037,17.19815],[106.72043,17.19834],[106.72059,17.1997],[106.7192,17.20153],[106.71667,17.20367],[106.71594,17.20465],[106.7155,17.20587],[106.71549,17.20818],[106.7152,17.20954],[106.71379,17.21114],[106.71351,17.21137],[106.71254,17.2123],[106.71203,17.21304],[106.71142,17.21472],[106.71136,17.21497],[106.71131,17.21517],[106.71064,17.21776],[106.71033,17.21861],[106.70956,17.21984],[106.70615,17.22297],[106.70311,17.22566],[106.70012,17.22857],[106.69769,17.2314],[106.6973,17.23193],[106.69625,17.23329],[106.69504,17.23474]],[[106.94989,16.95445],[106.94798,16.95738],[106.94388,16.96288],[106.94069,16.96731],[106.93995,16.96849],[106.93639,16.97523],[106.93338,16.98081],[106.93208,16.9826],[106.93095,16.98374],[106.92974,16.98475]],[[106.99986,16.85793],[106.99802,16.8552],[106.99751,16.85423],[106.9973,16.85336],[106.99741,16.85207],[106.99888,16.84834],[106.99918,16.84704],[106.99908,16.84573],[106.99793,16.84283],[106.99759,16.84153],[106.9978,16.84037],[106.99837,16.83952],[107.00008,16.83775],[107.00048,16.83679],[107.00055,16.83585],[107.0003,16.83327],[107.00055,16.83219],[107.00155,16.83055],[107.00395,16.82708],[107.00482,16.82629],[107.00581,16.82593],[107.00707,16.82588],[107.01047,16.82595],[107.01157,16.82581],[107.01234,16.82543],[107.0129,16.82485],[107.01329,16.82353],[107.01309,16.82194]],[[106.92948,16.98497],[106.92691,16.98718]],[[106.92221,16.99153],[106.92313,16.99126],[106.92322,16.99125],[106.9234,16.99122],[106.92363,16.99119]]]},"properties":{"kind":"road","class":"trunk","ref":"HCM","name":"Đường Hồ Chí Minh nhánh Đông"}},{"type":"Feature","geometry":{"type":"LineString","coordinates":[[106.4444,17.33688],[106.44473,17.33613],[106.44564,17.33472],[106.44677,17.33417],[106.44832,17.33529],[106.44862,17.33584],[106.44847,17.33676],[106.44878,17.33714],[106.44863,17.33891],[106.44914,17.34012],[106.45038,17.34113],[106.45122,17.34109],[106.4524,17.34076],[106.45328,17.34014],[106.45418,17.33895],[106.45603,17.33779],[106.45602,17.33673],[106.45553,17.33591],[106.45447,17.33494],[106.45459,17.33463],[106.45591,17.3345],[106.45739,17.33492],[106.45878,17.33634],[106.45977,17.33846],[106.46035,17.33882],[106.46068,17.33883],[106.4618,17.33936],[106.46272,17.3393],[106.46325,17.33758],[106.46363,17.33678],[106.4648,17.33536],[106.46561,17.33476],[106.46691,17.33509],[106.4676,17.33505],[106.46816,17.33538],[106.46892,17.3369],[106.47067,17.33829],[106.47098,17.3391],[106.47206,17.33956],[106.47262,17.34078],[106.47217,17.34158],[106.47232,17.34237],[106.47307,17.34246],[106.47312,17.3434],[106.4727,17.3453],[106.47301,17.34581],[106.47399,17.34615],[106.47517,17.34587],[106.47561,17.3461],[106.47549,17.3468],[106.47653,17.34705],[106.47664,17.34753],[106.47601,17.34824],[106.47586,17.34887],[106.47714,17.34981],[106.47854,17.34956],[106.4788,17.35009],[106.47845,17.35119],[106.47739,17.35179],[106.47763,17.3527],[106.47929,17.3537],[106.47847,17.35449],[106.47882,17.35482],[106.4796,17.3547],[106.47981,17.35608],[106.47952,17.35667],[106.48017,17.35685],[106.48059,17.35633],[106.48141,17.3561],[106.48291,17.35684],[106.48311,17.35643],[106.48396,17.35609],[106.48423,17.35665],[106.48522,17.35711],[106.48676,17.35867],[106.48623,17.35948],[106.48559,17.3597],[106.48486,17.36063],[106.48589,17.36071],[106.48572,17.36153],[106.48481,17.36227],[106.48377,17.3621],[106.4836,17.36264],[106.48421,17.36287],[106.48481,17.36389],[106.48425,17.36482],[106.48345,17.36476],[106.48352,17.36545],[106.4848,17.36638],[106.48504,17.36697],[106.48449,17.36843],[106.48389,17.36927],[106.48482,17.36944],[106.48504,17.36976],[106.48406,17.37164],[106.48303,17.37274],[106.4825,17.3745],[106.48249,17.37525],[106.48125,17.37527],[106.48055,17.37558],[106.48084,17.37643],[106.48072,17.37725],[106.48107,17.37812],[106.48201,17.37943],[106.48218,17.3803],[106.48313,17.38098],[106.4835,17.38171],[106.48314,17.38289],[106.48191,17.38441],[106.48082,17.38453],[106.48039,17.38574],[106.48145,17.38677],[106.48089,17.38791],[106.48118,17.38895],[106.48063,17.39046],[106.48006,17.3914],[106.47972,17.39316],[106.47978,17.39405],[106.47915,17.3949],[106.47931,17.39782],[106.48003,17.39837],[106.47954,17.39972],[106.47949,17.40086],[106.47826,17.40221],[106.47792,17.40374],[106.47775,17.40624],[106.47758,17.40747],[106.47809,17.40826],[106.4772,17.41074],[106.4765,17.41185],[106.4762,17.41398],[106.47639,17.4153],[106.47625,17.41675],[106.47587,17.41779],[106.47653,17.41837],[106.47644,17.4197],[106.47618,17.4202],[106.47533,17.42094],[106.47518,17.42133],[106.47545,17.42256],[106.47547,17.42264],[106.4762,17.42399],[106.47678,17.42539],[106.47761,17.42584],[106.47864,17.42773],[106.47883,17.43225],[106.47912,17.4328],[106.48065,17.43394],[106.4823,17.43489],[106.48349,17.43493],[106.4852,17.43637],[106.48603,17.43676],[106.49116,17.44009],[106.49218,17.44148],[106.49371,17.44247],[106.50086,17.44936],[106.50097,17.44996],[106.49794,17.45311],[106.4976,17.45411],[106.49838,17.45708],[106.49971,17.46064],[106.50044,17.46149],[106.50068,17.46208],[106.50153,17.4631],[106.50409,17.46374],[106.50476,17.46411],[106.50895,17.46866],[106.5092,17.4695],[106.50798,17.47116],[106.51156,17.47395],[106.51181,17.4745],[106.51329,17.48008],[106.51379,17.4804],[106.51836,17.47983],[106.51855,17.47981],[106.51875,17.47978],[106.51978,17.48008],[106.52395,17.48231],[106.52474,17.48255],[106.53038,17.48366],[106.53182,17.4839]]},"properties":{"kind":"road","class":"primary","ref":"QL.9E","name":"Quốc Lộ 9E"}},{"type":"Feature","geometry":{"type":"MultiLineString","coordinates":[[[106.43056,17.75686],[106.43104,17.75678],[106.43539,17.75477],[106.44071,17.75201],[106.44158,17.75176]],[[106.43037,17.75686],[106.42704,17.75685],[106.42093,17.75681],[106.41774,17.75678],[106.41699,17.75684]],[[106.43036,17.75672],[106.42704,17.7567],[106.42093,17.75666],[106.41773,17.75663],[106.41699,17.75669]],[[106.41667,17.75687],[106.41349,17.75711],[106.40874,17.75763],[106.40756,17.75784],[106.39505,17.76101]],[[106.43055,17.75671],[106.43264,17.75588],[106.43531,17.75464],[106.44064,17.75189],[106.44156,17.75162]],[[106.41665,17.75673],[106.41349,17.75711]]]},"properties":{"kind":"road","class":"trunk","ref":"QL.12A","name":"Quang Trung"}},{"type":"Feature","geometry":{"type":"MultiLineString","coordinates":[[[106.17535,17.82427],[106.17361,17.82348],[106.17188,17.82368],[106.17103,17.82454],[106.17033,17.82698],[106.1696,17.8281],[106.16898,17.82936],[106.1685,17.83156],[106.16698,17.83401],[106.16624,17.83493],[106.16579,17.83583],[106.16289,17.83775],[106.16127,17.83909],[106.16013,17.83984],[106.15737,17.84104],[106.15535,17.84163],[106.15464,17.84183],[106.1541,17.84195],[106.15105,17.84206],[106.14907,17.84201],[106.14858,17.84221],[106.14734,17.84375],[106.14677,17.844],[106.14619,17.84374]],[[106.14438,17.84251],[106.14289,17.84183],[106.12904,17.83794],[106.12865,17.83772],[106.1245,17.83445],[106.11721,17.82863],[106.1164,17.82777],[106.11549,17.82649],[106.11513,17.82612],[106.11301,17.82533],[106.1125,17.82532],[106.11094,17.82575],[106.1097,17.82659],[106.10889,17.82755],[106.10802,17.82821],[106.10605,17.82907],[106.10421,17.83029],[106.10159,17.83189],[106.09866,17.83222],[106.09751,17.83258],[106.09617,17.833],[106.09586,17.8331],[106.09312,17.83383],[106.09253,17.83408],[106.0912,17.83517],[106.08902,17.83757],[106.08758,17.8383],[106.08671,17.83932],[106.08661,17.83944],[106.08339,17.8436],[106.07818,17.84692],[106.07707,17.84752],[106.07574,17.84848],[106.07544,17.84868],[106.07262,17.85192],[106.06996,17.85376],[106.06878,17.8541],[106.06773,17.85416],[106.06627,17.85483],[106.06603,17.85554],[106.06605,17.85613],[106.06516,17.85686],[106.06383,17.8585],[106.06339,17.859],[106.06219,17.86023],[106.0585,17.8616],[106.05565,17.86331],[106.0543,17.86367],[106.05227,17.86352],[106.05055,17.86451],[106.0468,17.86616],[106.04457,17.86803],[106.04128,17.87153],[106.04058,17.87211],[106.03893,17.87317],[106.03823,17.87436],[106.03688,17.87594],[106.03088,17.87995],[106.02617,17.88154],[106.02538,17.88202],[106.02521,17.88216],[106.02406,17.88384],[106.02345,17.88524]],[[105.76549,17.67328],[105.76737,17.67471],[105.76766,17.67556],[105.7675,17.67641],[105.7671,17.67716],[105.76704,17.67725],[105.76624,17.67813],[105.76593,17.67862],[105.76572,17.67896],[105.76516,17.67993],[105.76467,17.6819],[105.76441,17.68375],[105.76473,17.68487],[105.76483,17.68666],[105.7651,17.6874],[105.76485,17.68866],[105.76518,17.68945],[105.76485,17.69051],[105.76533,17.69229],[105.76527,17.69491],[105.76538,17.69648],[105.76491,17.69822],[105.7652,17.6989],[105.76494,17.70046],[105.76526,17.70172],[105.76619,17.70248],[105.76757,17.70447],[105.76764,17.70458],[105.76875,17.70638],[105.76864,17.70892],[105.76774,17.70995],[105.76785,17.71042],[105.76853,17.71128],[105.76793,17.71212],[105.76771,17.71365],[105.76818,17.71453],[105.76863,17.71614],[105.76968,17.71691],[105.77004,17.71783],[105.76999,17.71947],[105.76901,17.72025],[105.76884,17.72077],[105.7689,17.72124],[105.76839,17.72232],[105.76838,17.72314],[105.76887,17.72438],[105.77034,17.72564],[105.77124,17.72594],[105.7718,17.72684],[105.77353,17.72816],[105.77434,17.72863],[105.7751,17.7295],[105.77597,17.72967],[105.77681,17.73126],[105.77678,17.7319],[105.77635,17.73225],[105.77521,17.73207],[105.77462,17.73307],[105.7739,17.73379],[105.77387,17.73526],[105.77442,17.7357],[105.77503,17.73547],[105.77578,17.73439],[105.77633,17.73413],[105.77779,17.7347],[105.77914,17.73442],[105.7799,17.73498],[105.77988,17.73639],[105.77931,17.7378],[105.77848,17.73838],[105.77861,17.74067],[105.77745,17.74109],[105.7754,17.74039],[105.77368,17.7406],[105.77309,17.74119],[105.77294,17.74212],[105.77305,17.74301],[105.77338,17.74355],[105.77412,17.74403],[105.77432,17.74451],[105.77373,17.74517],[105.7729,17.74554],[105.77177,17.74472],[105.77133,17.74467],[105.77094,17.74539],[105.77128,17.74626],[105.77147,17.74768],[105.77193,17.74827],[105.77191,17.74932],[105.77102,17.74988],[105.771,17.75039],[105.77158,17.75111],[105.77149,17.75184],[105.77074,17.75237],[105.77054,17.75336],[105.7692,17.75346],[105.7688,17.75383],[105.7689,17.75489],[105.76878,17.75627],[105.76916,17.7571],[105.76986,17.75798],[105.77066,17.75795],[105.77173,17.75703],[105.77282,17.75653],[105.77371,17.75726],[105.77401,17.75804],[105.7741,17.75826],[105.77364,17.75915],[105.7735,17.76153],[105.77296,17.76264],[105.77281,17.76371],[105.77323,17.76481],[105.77303,17.76568],[105.77323,17.7662],[105.77425,17.76674],[105.77479,17.7673],[105.77475,17.76798],[105.77356,17.7685],[105.77316,17.76894],[105.77325,17.76989],[105.77412,17.77062],[105.77548,17.77274],[105.77558,17.77374],[105.77623,17.77452],[105.77609,17.7762],[105.77549,17.77699],[105.77534,17.77764],[105.77557,17.77835],[105.77539,17.77914],[105.77552,17.77997],[105.77492,17.78231],[105.77553,17.7835],[105.77696,17.78424],[105.77791,17.7844],[105.77871,17.78531],[105.78001,17.78653],[105.78025,17.78696],[105.78047,17.78768],[105.78093,17.78881],[105.78188,17.78997],[105.78214,17.79077],[105.78301,17.7916],[105.78336,17.79223],[105.7835,17.79357],[105.78335,17.79433],[105.78293,17.79471],[105.78218,17.79483],[105.78144,17.79546],[105.78112,17.79698],[105.78149,17.7976],[105.78182,17.79808],[105.78192,17.79972],[105.78092,17.80111],[105.78007,17.80174],[105.77837,17.80374],[105.77822,17.80492],[105.7786,17.80674],[105.77798,17.80868],[105.77742,17.80981],[105.77763,17.81074],[105.77671,17.81283],[105.77518,17.81357],[105.77484,17.81413],[105.77481,17.81579],[105.77511,17.81744],[105.7755,17.81791],[105.77699,17.81888],[105.77952,17.82112],[105.78088,17.82243],[105.78139,17.82353],[105.78136,17.82468],[105.78093,17.82554],[105.77954,17.82566],[105.77937,17.82616],[105.77975,17.82685],[105.78107,17.82841],[105.78223,17.82867],[105.78265,17.82922],[105.78281,17.83037],[105.78235,17.83167],[105.78181,17.83225],[105.78155,17.83317],[105.78176,17.83353],[105.78277,17.83403],[105.78304,17.83536],[105.78342,17.83593],[105.78367,17.83688],[105.7838,17.83828],[105.78518,17.83879],[105.78572,17.83919],[105.78617,17.84009],[105.7868,17.84073],[105.78844,17.84167],[105.78933,17.84217],[105.78996,17.84256],[105.79059,17.84402],[105.79064,17.84516],[105.79116,17.84568],[105.79175,17.84768],[105.79277,17.84819],[105.79366,17.84893],[105.79429,17.84992],[105.7952,17.84938],[105.79533,17.84813],[105.796,17.84742],[105.79718,17.84721],[105.79768,17.84671],[105.79867,17.84656],[105.79907,17.84606],[105.79914,17.8452],[105.79977,17.84501],[105.80035,17.8453],[105.80088,17.84662],[105.80156,17.84718],[105.80207,17.84711],[105.80245,17.84656],[105.8041,17.84524],[105.80479,17.84531],[105.80504,17.8457],[105.8052,17.84605],[105.80504,17.84677],[105.80418,17.84754],[105.80386,17.84891],[105.80304,17.85042],[105.80353,17.85448],[105.80455,17.85641],[105.80465,17.8592],[105.80489,17.86052],[105.8055,17.861],[105.80656,17.86136],[105.80666,17.86222],[105.80445,17.86355],[105.80434,17.86492],[105.80393,17.86555],[105.80275,17.86595],[105.80272,17.86781],[105.80253,17.86867],[105.80259,17.87015],[105.80298,17.87044],[105.80409,17.87072],[105.80418,17.87173],[105.80369,17.87269],[105.80443,17.87402],[105.80472,17.87581],[105.80462,17.87628],[105.8037,17.87696],[105.80379,17.87765],[105.80454,17.87811],[105.8053,17.87961],[105.8052,17.88103],[105.80575,17.88151],[105.80544,17.88273],[105.80559,17.88427],[105.80519,17.88495],[105.8052,17.88559],[105.80573,17.88619],[105.80617,17.88779],[105.80551,17.88892],[105.80592,17.88969],[105.80635,17.89115],[105.80664,17.8918],[105.80703,17.89353],[105.8084,17.89383],[105.80917,17.89348],[105.80968,17.89372],[105.81076,17.89528],[105.81083,17.89732],[105.81025,17.89852],[105.81015,17.89973],[105.81074,17.90026],[105.81194,17.90033],[105.81228,17.90146],[105.81213,17.9027],[105.81145,17.90488],[105.81186,17.90603],[105.8126,17.90625],[105.81328,17.90537],[105.8138,17.9053],[105.81427,17.90582],[105.81487,17.90731],[105.8155,17.90749],[105.81598,17.90709],[105.81625,17.90627],[105.81722,17.90583],[105.81865,17.90585],[105.81957,17.90616],[105.82103,17.90662],[105.82231,17.90671],[105.82341,17.90564]],[[106.17675,17.82492],[106.17781,17.82522],[106.17883,17.82464],[106.1797,17.82368],[106.18205,17.82094],[106.18288,17.82061],[106.18594,17.81991],[106.18777,17.82025],[106.19141,17.81966],[106.20101,17.81793],[106.20813,17.81666],[106.21102,17.81542],[106.21417,17.81377],[106.21667,17.81197],[106.21825,17.81096],[106.21887,17.81051],[106.21908,17.81035],[106.22364,17.80586],[106.22598,17.80384],[106.22686,17.80279],[106.22825,17.80164],[106.23014,17.80052],[106.23055,17.80024],[106.23248,17.79918],[106.23403,17.79906],[106.23747,17.79932],[106.23886,17.7998],[106.24073,17.79974],[106.24466,17.7982],[106.24482,17.79814],[106.24519,17.79801],[106.25207,17.79537],[106.25667,17.79355],[106.25927,17.7932],[106.2613,17.79263],[106.26512,17.79231],[106.26523,17.7923],[106.26764,17.79155],[106.27082,17.79014],[106.27432,17.78972],[106.2757,17.78947],[106.27779,17.78933],[106.28261,17.78943],[106.28472,17.78937],[106.28572,17.78916],[106.28683,17.78888],[106.28905,17.78939],[106.29135,17.78948],[106.29271,17.78914],[106.29464,17.78897],[106.29658,17.78814],[106.29957,17.78672],[106.2998,17.78653],[106.30344,17.78263],[106.30411,17.78218],[106.3065,17.78135],[106.30679,17.78125],[106.31217,17.77939],[106.31751,17.77819],[106.3199,17.77698],[106.3228,17.77479],[106.32617,17.77341],[106.32928,17.77203],[106.33054,17.77166],[106.33107,17.77155],[106.33343,17.77107],[106.33476,17.77107],[106.33815,17.77195],[106.33953,17.77221],[106.34326,17.77316],[106.34655,17.77278],[106.35056,17.77073],[106.35377,17.76973],[106.35548,17.76936],[106.36373,17.76814],[106.36723,17.76768],[106.36878,17.76713],[106.37487,17.76422],[106.37501,17.76416],[106.37554,17.76394],[106.37673,17.76389],[106.37938,17.76407],[106.38366,17.76384],[106.38702,17.76303],[106.39505,17.76101]],[[105.76637,17.67886],[105.76615,17.67923],[105.76516,17.67993]],[[105.7675,17.67641],[105.76718,17.6772],[105.76712,17.67729],[105.76667,17.67836],[105.76637,17.67886]]]},"properties":{"kind":"road","class":"trunk","ref":"QL.12A","name":"Quốc lộ 12A"}},{"type":"Feature","geometry":{"type":"MultiLineString","coordinates":[[[106.86418,16.62246],[106.86378,16.62359],[106.8604,16.62777],[106.86021,16.62845],[106.86072,16.62934],[106.86049,16.6298],[106.85985,16.62993],[106.85944,16.63056],[106.85952,16.63147],[106.859,16.63209],[106.85902,16.63295],[106.85864,16.63377],[106.85781,16.63408],[106.85768,16.63451],[106.85512,16.63576],[106.85493,16.63721],[106.85444,16.63667],[106.85382,16.63652],[106.85253,16.63705],[106.85163,16.63761],[106.85065,16.63796],[106.85003,16.63893],[106.84933,16.63846],[106.84683,16.63866],[106.84622,16.63942],[106.84523,16.64018],[106.84474,16.64033],[106.84343,16.64007],[106.84235,16.64089],[106.84147,16.64049],[106.83963,16.64051],[106.83815,16.6411],[106.83743,16.64119],[106.83684,16.6405],[106.83592,16.64023],[106.83443,16.64045],[106.83386,16.64105],[106.83328,16.64115],[106.83232,16.64078],[106.83167,16.64076],[106.8302,16.64129],[106.82957,16.64211],[106.82973,16.64275],[106.82925,16.64327],[106.82749,16.64315],[106.82677,16.64372],[106.82656,16.64478],[106.82571,16.64602],[106.82487,16.6469],[106.82443,16.64792],[106.82295,16.64883],[106.82232,16.64959],[106.82106,16.65075],[106.81995,16.65151],[106.81931,16.65224],[106.81738,16.65385],[106.8168,16.65559],[106.81673,16.65629]],[[107.09528,16.39884],[107.09524,16.39863]],[[107.09371,16.402],[107.09417,16.4016],[107.09449,16.40076],[107.095,16.40018],[107.09516,16.39911]],[[107.09379,16.40272],[107.09369,16.40202]],[[107.09386,16.40288],[107.09383,16.4028]],[[107.09361,16.40399],[107.09372,16.40322]],[[107.09388,16.40419],[107.0937,16.40408]],[[107.09443,16.40406],[107.09405,16.40424]],[[107.09731,16.39949],[107.09702,16.40044]],[[107.0984,16.3987],[107.09795,16.39886]],[[107.09979,16.39677],[107.09946,16.39723]],[[107.1021,16.39537],[107.10172,16.39558]],[[107.10408,16.39378],[107.10389,16.39393]],[[107.105,16.39254],[107.10505,16.39294]],[[107.10448,16.39232],[107.10485,16.39247]],[[107.10942,16.38691],[107.10963,16.38647],[107.10963,16.38645]],[[107.05902,16.38745],[107.05801,16.38564],[107.05751,16.38516],[107.05629,16.38496],[107.05572,16.38451],[107.05506,16.38318],[107.0546,16.38261],[107.05372,16.38213],[107.05281,16.38208],[107.0518,16.38248],[107.05115,16.38315],[107.05098,16.38334],[107.05047,16.38364],[107.04936,16.38346],[107.04879,16.3828],[107.0464,16.38135],[107.0453,16.38081],[107.04412,16.37965],[107.04137,16.37573],[107.041,16.37424],[107.04027,16.37357],[107.03947,16.37253],[107.03905,16.37229],[107.03669,16.37196],[107.03509,16.37211],[107.03448,16.37197],[107.03285,16.37073],[107.03081,16.3709],[107.0298,16.37058],[107.02835,16.3688],[107.02713,16.368],[107.02454,16.36696],[107.02319,16.36603],[107.01965,16.36397],[107.01789,16.363],[107.01734,16.36305],[107.01688,16.3641],[107.0171,16.36666],[107.01678,16.36877],[107.01677,16.36993],[107.01653,16.37127],[107.01594,16.37253],[107.0152,16.37309],[107.01384,16.37377],[107.01183,16.37441],[107.00347,16.37413],[107.00293,16.37426],[107.00158,16.37517],[107.00118,16.37568],[107.00067,16.37844],[107.00071,16.38125],[107.00041,16.38404],[106.9999,16.38477],[106.99966,16.38581],[106.99843,16.38764],[106.99831,16.38781],[106.99718,16.38879],[106.99582,16.38951],[106.99539,16.3899],[106.99301,16.39094],[106.98935,16.39217],[106.9888,16.39264],[106.98841,16.39361],[106.98921,16.39601],[106.99011,16.39774],[106.99141,16.39891],[106.99147,16.39906],[106.99145,16.39938],[106.99153,16.40092],[106.99066,16.40416],[106.99118,16.40601],[106.99203,16.4069],[106.99297,16.40846],[106.99385,16.40954],[106.99415,16.41068],[106.99377,16.41202],[106.99149,16.41414],[106.99104,16.41504],[106.99026,16.41577],[106.98796,16.41714],[106.9875,16.41784],[106.9874,16.42113],[106.98759,16.42188],[106.98849,16.42372],[106.98864,16.42399],[106.98872,16.42437],[106.98787,16.42589],[106.98618,16.42723],[106.98534,16.42748],[106.98274,16.42757],[106.98187,16.42808],[106.9816,16.42866],[106.98248,16.43041],[106.98298,16.43262],[106.9833,16.43475],[106.98289,16.43707],[106.98237,16.43918],[106.98155,16.44061],[106.98057,16.44178],[106.9804,16.44279],[106.98108,16.4441],[106.98308,16.44606],[106.98334,16.44626],[106.9836,16.44677],[106.98299,16.44896],[106.98212,16.45121],[106.98146,16.45182],[106.98087,16.45303],[106.98022,16.45505],[106.98028,16.45657],[106.9812,16.45803],[106.98265,16.45933],[106.9841,16.45954],[106.98558,16.45892],[106.9876,16.45726],[106.98964,16.45598],[106.99128,16.45515],[106.99312,16.45553],[106.99443,16.45611],[106.99507,16.45674],[106.99522,16.45783],[106.99473,16.45953],[106.99417,16.46026],[106.9932,16.461],[106.99308,16.46135],[106.99369,16.46208],[106.99358,16.4625],[106.9925,16.46282],[106.99066,16.46431],[106.98969,16.466],[106.98929,16.46629],[106.98866,16.46795],[106.98939,16.47089],[106.98939,16.47174],[106.9891,16.47231],[106.98724,16.4744],[106.98612,16.47672],[106.98608,16.4786],[106.9848,16.48013],[106.98388,16.48048],[106.98298,16.4805],[106.98202,16.48099],[106.97905,16.48224],[106.97791,16.48242],[106.97724,16.48275],[106.9763,16.48367],[106.97467,16.485],[106.97378,16.48545],[106.9731,16.48604],[106.97268,16.48684],[106.97286,16.48793],[106.97234,16.48998],[106.97235,16.49053],[106.97177,16.49183],[106.97168,16.493],[106.97223,16.49397],[106.97355,16.49453],[106.97482,16.4941],[106.97624,16.49425],[106.97835,16.49594],[106.97894,16.49755],[106.97899,16.4986],[106.97848,16.5004],[106.97916,16.5014],[106.9804,16.50164],[106.98116,16.50266],[106.98185,16.50315],[106.98258,16.50443],[106.98328,16.50488],[106.98373,16.50553],[106.98391,16.50635],[106.98507,16.50844],[106.98585,16.50958],[106.98741,16.5127],[106.98805,16.51487],[106.98855,16.51594],[106.98871,16.51803],[106.98843,16.51895],[106.98792,16.51956],[106.9863,16.52005],[106.98571,16.52006],[106.9816,16.51945],[106.97891,16.5193],[106.97836,16.51964],[106.97702,16.52139],[106.97696,16.52214],[106.97512,16.52325],[106.97485,16.52433],[106.97312,16.52604],[106.97241,16.52641],[106.97184,16.52748],[106.9701,16.5288],[106.9693,16.53035],[106.96823,16.53024],[106.96742,16.53055],[106.96666,16.5312],[106.96598,16.53132],[106.9654,16.53175],[106.96387,16.53178],[106.96346,16.53244],[106.96263,16.5329],[106.96218,16.53361],[106.96103,16.53429],[106.96081,16.53545],[106.96133,16.53629],[106.9612,16.538],[106.96206,16.54054],[106.96206,16.542],[106.96251,16.54279],[106.96203,16.54377],[106.9615,16.54563],[106.96107,16.54615],[106.95982,16.54914],[106.95963,16.55078],[106.95899,16.55185],[106.95716,16.55366],[106.95617,16.55523],[106.95622,16.55559],[106.95698,16.55635],[106.95781,16.55683],[106.9579,16.55799],[106.9574,16.55862],[106.95717,16.55951],[106.95655,16.56028],[106.95681,16.56123],[106.95526,16.56309],[106.95505,16.56421],[106.95457,16.56535],[106.95357,16.56643],[106.95382,16.56703],[106.9547,16.56737],[106.95507,16.56795],[106.95574,16.56816],[106.95666,16.56767],[106.95816,16.56788],[106.95881,16.56832],[106.96106,16.5682],[106.96243,16.56867],[106.96252,16.5692],[106.96215,16.57005],[106.96142,16.57099],[106.96112,16.57196],[106.96055,16.57272],[106.95981,16.5735],[106.9581,16.57545],[106.95743,16.57584],[106.95645,16.57602],[106.9561,16.57634],[106.95577,16.57744],[106.95578,16.57825],[106.95413,16.58028],[106.9538,16.58083],[106.95281,16.58113],[106.95239,16.58217],[106.95051,16.58304],[106.94932,16.58202],[106.94834,16.58193],[106.94801,16.58248],[106.94821,16.58347],[106.94741,16.5838],[106.94687,16.58444],[106.94602,16.58465],[106.94541,16.58591],[106.94472,16.58623],[106.9445,16.58711],[106.94366,16.58752],[106.94226,16.58862],[106.94101,16.58842],[106.93903,16.58915],[106.93825,16.58914],[106.93688,16.58943],[106.9347,16.58872],[106.93375,16.58894],[106.93249,16.58976],[106.93162,16.59076],[106.92857,16.59169],[106.92728,16.5925],[106.92677,16.59421],[106.92636,16.59461],[106.92532,16.59411],[106.92402,16.59518],[106.92289,16.59575],[106.92208,16.59573],[106.91844,16.59724],[106.91662,16.59841],[106.91438,16.5997],[106.91283,16.59975],[106.91123,16.60074],[106.91054,16.60104],[106.90943,16.60201],[106.90856,16.60231],[106.90814,16.60231],[106.90708,16.60208],[106.90663,16.6022],[106.9058,16.60294],[106.90563,16.60353],[106.90495,16.60356],[106.90422,16.60266],[106.90289,16.60272],[106.90099,16.60382],[106.89986,16.60376],[106.89891,16.60398],[106.89856,16.60432],[106.89814,16.60558]],[[107.08091,16.40049],[107.07992,16.4006]],[[107.08254,16.40044],[107.08257,16.40021]],[[107.08218,16.40142],[107.08253,16.40051]],[[107.08168,16.40217],[107.08179,16.40176]],[[107.08197,16.40267],[107.08168,16.40219]],[[107.08688,16.40276],[107.08643,16.40261]],[[107.0899,16.40321],[107.08963,16.40279]],[[107.09042,16.40331],[107.09039,16.4033]],[[107.09089,16.40408],[107.09062,16.40394]],[[107.09137,16.40388],[107.09095,16.40407]],[[106.81631,16.65824],[106.81639,16.65802]],[[106.89698,16.60573],[106.89763,16.60586]],[[106.8643,16.62217],[106.86423,16.62135],[106.86448,16.6201],[106.86514,16.61914],[106.86579,16.61891],[106.86636,16.61782],[106.86808,16.61736],[106.86857,16.61679],[106.8717,16.61597],[106.87227,16.61574],[106.87308,16.61482],[106.87408,16.61425],[106.87541,16.61283],[106.87754,16.61129],[106.8782,16.61104],[106.88132,16.6107],[106.88183,16.61027],[106.8831,16.61021],[106.88406,16.60958],[106.88562,16.60964],[106.88662,16.60906],[106.88838,16.60898],[106.88945,16.60804],[106.89046,16.60839],[106.89082,16.60749],[106.89141,16.60728],[106.89186,16.60655],[106.8936,16.60556],[106.89435,16.60581],[106.89504,16.60534],[106.8961,16.60534],[106.89657,16.60565]]]},"properties":{"kind":"road","class":"trunk","ref":"QL.14;HCM","name":"Quốc lộ 14"}},{"type":"Feature","geometry":{"type":"LineString","coordinates":[[107.1256,16.79899],[107.1257,16.79941]]},"properties":{"kind":"road","class":"primary","ref":"QL.9C","name":"Điện Biên Phủ"}},{"type":"Feature","geometry":{"type":"MultiLineString","coordinates":[[[106.54636,17.5487],[106.54602,17.54836],[106.54446,17.54689],[106.54293,17.54656],[106.54233,17.54623],[106.53825,17.54352],[106.53686,17.54283],[106.53548,17.54068],[106.53394,17.53989],[106.53221,17.53829],[106.53012,17.53741],[106.52689,17.53738],[106.52477,17.53808],[106.52216,17.53787],[106.52028,17.53846],[106.51976,17.53824],[106.51806,17.53666],[106.51383,17.53332],[106.51065,17.53075],[106.50906,17.52849],[106.50778,17.52738],[106.5055,17.5254],[106.50277,17.5223],[106.50169,17.52155],[106.50011,17.51973],[106.49889,17.51857],[106.49843,17.51762],[106.49834,17.51585],[106.49741,17.51385],[106.4971,17.51098],[106.49666,17.51004]],[[106.54605,17.54929],[106.55177,17.55266],[106.55201,17.55273],[106.56024,17.55239],[106.56212,17.5516],[106.563,17.55141],[106.56439,17.55144],[106.56899,17.55048],[106.57063,17.55052],[106.57268,17.55163],[106.57466,17.55184],[106.57835,17.55263],[106.58002,17.55324],[106.58108,17.55385],[106.58182,17.55449],[106.58187,17.55525],[106.57988,17.55867],[106.57971,17.55878]]]},"properties":{"kind":"road","class":"secondary","ref":"ĐT.566","name":"Đường tỉnh 566"}},{"type":"Feature","geometry":{"type":"MultiLineString","coordinates":[[[107.01774,16.82386],[107.01944,16.8246],[107.02028,16.82481],[107.02726,16.82593],[107.03009,16.82671],[107.03586,16.8285],[107.03736,16.82902],[107.03916,16.82931],[107.0402,16.82926],[107.04503,16.82852],[107.04591,16.82846],[107.04759,16.82864],[107.04954,16.8293],[107.05023,16.82956],[107.05255,16.83044],[107.05532,16.83227],[107.05712,16.83335],[107.06082,16.83499],[107.06423,16.83646],[107.065,16.83687],[107.06415,16.83658],[107.06155,16.83541],[107.06082,16.83499]],[[107.18071,16.90588],[107.1793,16.90509],[107.17424,16.9006],[107.173,16.8993],[107.17092,16.89773],[107.16826,16.8955],[107.16735,16.89492],[107.16571,16.89427],[107.16067,16.89195],[107.15885,16.89089],[107.15566,16.88874],[107.15381,16.88743],[107.1509,16.8846],[107.14698,16.88221],[107.14598,16.88132],[107.1431,16.87902],[107.14046,16.87829]],[[106.81778,16.65851],[106.8192,16.65873],[106.8211,16.65931],[106.82199,16.65977],[106.82337,16.66133],[106.82548,16.66221],[106.82816,16.66317],[106.83038,16.66288]],[[106.71837,16.6205],[106.71793,16.62049],[106.71682,16.6199],[106.71587,16.61969],[106.71413,16.61971],[106.71314,16.61975],[106.70911,16.61937],[106.70702,16.61927],[106.70474,16.61941],[106.70399,16.61934],[106.70316,16.6189],[106.70141,16.61734],[106.70062,16.61633],[106.69946,16.6143],[106.69852,16.61222],[106.69816,16.61179],[106.69683,16.61103],[106.69423,16.60973],[106.69303,16.60939],[106.68976,16.60896],[106.68753,16.60946],[106.68664,16.6095],[106.68387,16.60884],[106.68273,16.60828],[106.68162,16.60741],[106.68007,16.60677],[106.67898,16.60574],[106.67805,16.60378],[106.67733,16.60185],[106.67606,16.60079],[106.67483,16.60067],[106.67337,16.60086],[106.67073,16.59999],[106.66782,16.59985],[106.6659,16.60007],[106.66367,16.60065],[106.66245,16.60056],[106.65979,16.59953],[106.6585,16.5985],[106.65537,16.59721],[106.65489,16.59704],[106.65193,16.59595],[106.65086,16.59588],[106.64392,16.5967],[106.64276,16.59668],[106.64198,16.59648]],[[107.08129,16.84129],[107.08254,16.84173],[107.08344,16.84202],[107.08385,16.84215]],[[107.08103,16.84122],[107.0776,16.84057]],[[107.00666,16.808],[107.00599,16.80839],[107.00418,16.80881],[107.0031,16.80874],[106.99199,16.80696],[106.99065,16.80669],[106.99007,16.80637],[106.98802,16.80488],[106.98198,16.80026],[106.97863,16.7977],[106.97689,16.79681],[106.97571,16.79638],[106.96793,16.79444],[106.96523,16.79384],[106.96401,16.79392],[106.96028,16.79499],[106.95924,16.79512],[106.95831,16.795],[106.95651,16.79454],[106.95568,16.79379],[106.95441,16.79225],[106.95385,16.79198],[106.95158,16.7915],[106.94919,16.79042],[106.9471,16.79027],[106.94229,16.79105],[106.94007,16.79113],[106.93938,16.79101],[106.93697,16.79014],[106.93609,16.79],[106.93177,16.78989],[106.9308,16.78963],[106.92647,16.78628],[106.92513,16.78481],[106.92455,16.7845],[106.9225,16.78424],[106.92169,16.78442],[106.91756,16.78649],[106.9163,16.78688],[106.91524,16.7866],[106.9106,16.78482],[106.90847,16.78425],[106.90754,16.78388],[106.90558,16.78246],[106.90314,16.78178],[106.90152,16.78144],[106.89976,16.78163],[106.89752,16.78205]],[[106.59028,16.62292],[106.59076,16.62339],[106.59133,16.62457],[106.59187,16.62487],[106.59329,16.62507],[106.59479,16.62482],[106.59675,16.62318],[106.59744,16.62278],[106.59956,16.62213],[106.60008,16.62168],[106.6006,16.62069],[106.60102,16.618],[106.60147,16.61717],[106.60532,16.61279],[106.6068,16.61152],[106.60753,16.61102],[106.60974,16.60987],[106.60932,16.60997],[106.60749,16.61094],[106.60675,16.61145],[106.60526,16.61274],[106.60139,16.61711],[106.60084,16.61832],[106.60046,16.62088],[106.60002,16.62162],[106.59902,16.62227],[106.5976,16.62263],[106.59668,16.62312],[106.59471,16.62472],[106.59375,16.62498],[106.5924,16.62485],[106.59176,16.62461],[106.59112,16.62361],[106.59076,16.62339]],[[107.14011,16.8782],[107.13907,16.87782],[107.13837,16.87718],[107.13781,16.87557],[107.13625,16.87314],[107.13401,16.87051],[107.13204,16.86914],[107.13133,16.86837],[107.12785,16.86281],[107.12685,16.86197],[107.11984,16.85969],[107.11635,16.85906],[107.11335,16.85797],[107.11186,16.85735],[107.10893,16.85619],[107.10818,16.85582]],[[106.61071,16.60949],[106.61125,16.60923],[106.61242,16.60802],[106.61368,16.60752],[106.61605,16.60759],[106.61749,16.60792],[106.61893,16.60778],[106.62246,16.60644],[106.62653,16.6046],[106.62965,16.60341],[106.63051,16.6029],[106.63317,16.60079],[106.63379,16.59989],[106.63402,16.59825],[106.63435,16.59745],[106.63512,16.59675],[106.63569,16.59651],[106.63871,16.59594],[106.64006,16.59599],[106.6411,16.59625]],[[107.07604,16.84029],[107.07375,16.83984],[107.07001,16.83874],[107.06664,16.83759],[107.065,16.83687]],[[107.08408,16.84227],[107.08461,16.84257],[107.08512,16.8429],[107.09102,16.84511],[107.09526,16.84764],[107.09702,16.8488],[107.1006,16.85091],[107.10475,16.85355],[107.10784,16.85564]],[[107.08379,16.84231],[107.08339,16.84212],[107.08254,16.84173]],[[107.08397,16.84241],[107.08446,16.84262],[107.08512,16.8429]],[[106.81631,16.65824],[106.81719,16.65845]],[[106.85498,16.76621],[106.85611,16.76657],[106.85677,16.76704],[106.85744,16.76852],[106.85807,16.76916],[106.85975,16.76982],[106.86026,16.77041],[106.86024,16.77121],[106.8591,16.77359],[106.85906,16.77433],[106.86008,16.77538],[106.86218,16.77615],[106.86301,16.77671],[106.86397,16.77774],[106.86596,16.7792],[106.86768,16.78088],[106.87291,16.78518],[106.87366,16.78572],[106.87485,16.78617],[106.87771,16.7863],[106.87892,16.78593],[106.88083,16.78485],[106.88224,16.78469],[106.88533,16.78559],[106.88687,16.78578],[106.89103,16.78533],[106.892,16.7848],[106.89248,16.78365],[106.89353,16.78261],[106.89495,16.78188],[106.89662,16.78215]],[[106.85418,16.76599],[106.85409,16.76597],[106.85377,16.7657],[106.85391,16.76364],[106.85466,16.75948],[106.85487,16.75793],[106.85461,16.75605]],[[106.87584,16.70061],[106.87382,16.7025],[106.8723,16.70353],[106.87099,16.70464],[106.86844,16.70753],[106.86795,16.70825],[106.86616,16.71158],[106.86386,16.71734],[106.86359,16.72143],[106.86357,16.72288],[106.86323,16.72449],[106.86085,16.72951],[106.85996,16.73067],[106.85858,16.7316],[106.85762,16.7332],[106.85592,16.73433],[106.85455,16.7358],[106.85374,16.7398],[106.85387,16.7411],[106.85506,16.74651],[106.85514,16.74809],[106.85482,16.75116],[106.85463,16.75558]],[[106.87611,16.70035],[106.87788,16.6987],[106.87913,16.69684],[106.8795,16.69579]],[[106.87963,16.6951],[106.87997,16.69397],[106.88131,16.69237],[106.88228,16.69176],[106.88278,16.69108],[106.88422,16.68881],[106.88427,16.68869],[106.88429,16.68827],[106.8835,16.68642],[106.88307,16.68589],[106.88135,16.68456],[106.87992,16.68403],[106.87911,16.68404],[106.8766,16.68443],[106.87434,16.68441],[106.87314,16.68391]],[[106.84976,16.66848],[106.8503,16.66852],[106.85165,16.66903],[106.85511,16.67085],[106.85651,16.67176],[106.85729,16.67257],[106.85793,16.67286],[106.86242,16.67552],[106.86543,16.67755],[106.86673,16.67825],[106.86801,16.67928],[106.86952,16.68128],[106.87036,16.68204],[106.87213,16.68336]],[[106.84613,16.66737],[106.84715,16.66787],[106.8484,16.66813],[106.84916,16.6686]],[[106.84048,16.66502],[106.8429,16.66623],[106.84573,16.66726]],[[107.01393,16.82232],[107.01309,16.82194]],[[107.00684,16.80849],[107.00634,16.8083],[107.00669,16.80809]],[[106.87236,16.68361],[106.87261,16.68376]],[[107.00634,16.8083],[107.00566,16.80864],[107.00421,16.80895],[107.00296,16.80886],[106.99324,16.80731],[106.99085,16.80688],[106.99025,16.80662],[106.98802,16.80488]]]},"properties":{"kind":"road","class":"trunk","ref":"QL.9","name":"Quốc lộ 9"}},{"type":"Feature","geometry":{"type":"LineString","coordinates":[[107.08341,16.87194],[107.07941,16.87184],[107.07858,16.87177],[107.07699,16.87215],[107.07495,16.87334],[107.0696,16.87697],[107.06561,16.88005],[107.06463,16.88051],[107.06248,16.88217],[107.06131,16.8835],[107.06078,16.88372],[107.05771,16.88406],[107.05695,16.88548],[107.05529,16.88647],[107.05362,16.8881],[107.05184,16.88901],[107.05064,16.891],[107.04961,16.89173],[107.04725,16.8927],[107.04587,16.89344],[107.04487,16.89365],[107.04367,16.89354],[107.04185,16.89311],[107.03774,16.89226],[107.0318,16.89147],[107.02851,16.89042],[107.02551,16.88871],[107.02491,16.88829],[107.02242,16.88749],[107.02155,16.88734],[107.01968,16.88776],[107.01841,16.88884],[107.01742,16.8895],[107.01676,16.88969],[107.01364,16.89016],[107.01217,16.88933],[107.01158,16.88884],[107.01022,16.88731],[107.01018,16.88588],[107.00949,16.88513],[107.00716,16.88504],[107.00241,16.88342],[107.00115,16.8826],[106.99965,16.88197],[106.99809,16.88545],[106.99576,16.88536],[106.99453,16.88588],[106.99277,16.88589]]},"properties":{"kind":"road","class":"secondary","ref":"ĐT.578","name":"Đường tỉnh 578"}},{"type":"Feature","geometry":{"type":"LineString","coordinates":[[107.0696,16.87697],[107.07083,16.87753],[107.07137,16.87746],[107.07418,16.87589],[107.07466,16.87537],[107.07794,16.87673],[107.07807,16.87697],[107.07822,16.8793],[107.0779,16.8822],[107.07952,16.88239],[107.0814,16.88267]]},"properties":{"kind":"road","class":"tertiary","ref":"73","name":null}},{"type":"Feature","geometry":{"type":"LineString","coordinates":[[106.99082,16.89511],[106.99881,16.89742],[107.00162,16.89926],[107.00235,16.89944],[107.00361,16.89944],[107.00788,16.8991],[107.0099,16.89887],[107.01313,16.89805],[107.01382,16.89829],[107.01661,16.89973],[107.0179,16.90066],[107.01886,16.9009],[107.02017,16.90193],[107.02067,16.90321],[107.02108,16.90339],[107.02565,16.90364],[107.0274,16.90424],[107.02845,16.90485],[107.03088,16.90533],[107.03585,16.90459],[107.03879,16.90421],[107.0415,16.90473],[107.04355,16.9047],[107.0449,16.90478],[107.04645,16.90472],[107.04862,16.90492],[107.05099,16.90539],[107.05769,16.90461],[107.05913,16.90366],[107.06085,16.90132],[107.06336,16.90013],[107.06501,16.89965],[107.06681,16.8989],[107.06744,16.89891],[107.0724,16.9009],[107.07367,16.90162],[107.07442,16.90182],[107.07509,16.90268],[107.07656,16.90289],[107.07778,16.90266],[107.07938,16.90287]]},"properties":{"kind":"road","class":"secondary","ref":"ĐT.577","name":"Đường tỉnh 577"}},{"type":"Feature","geometry":{"type":"LineString","coordinates":[[107.01217,16.88933],[107.01176,16.89039],[107.01071,16.89124],[107.00992,16.89347],[107.00919,16.89473],[107.00878,16.89574],[107.00877,16.89669],[107.00844,16.89725],[107.00788,16.8991],[107.00753,16.90003],[107.00711,16.90231],[107.00712,16.90464],[107.00637,16.9067],[107.00624,16.90757],[107.00511,16.90927],[107.00446,16.91059],[107.00341,16.91227],[107.00267,16.91382],[107.00099,16.91651],[106.9993,16.91973],[106.99919,16.92161],[106.9997,16.92439],[107.00044,16.92813],[107.00261,16.9295],[107.00707,16.93208],[107.00818,16.93303],[107.01084,16.93411],[107.01145,16.93444],[107.01482,16.93673],[107.01707,16.93739],[107.018,16.93788],[107.01905,16.93912],[107.01985,16.94029],[107.02382,16.94372],[107.02633,16.94565],[107.02764,16.94615],[107.02891,16.94713],[107.03132,16.94973],[107.03151,16.9505],[107.03149,16.9518],[107.03128,16.95284],[107.03122,16.95469],[107.03135,16.95664],[107.03123,16.95969],[107.03134,16.96097],[107.03141,16.96512],[107.03129,16.96836],[107.03111,16.97077],[107.03111,16.97084],[107.03122,16.9711],[107.03163,16.97147],[107.03305,16.97158],[107.03539,16.97146],[107.03749,16.97166],[107.04211,16.97261],[107.04343,16.97322],[107.0466,16.97423],[107.04978,16.97611],[107.05332,16.97858],[107.05453,16.97867]]},"properties":{"kind":"road","class":"secondary","ref":"ĐT.576","name":"Đường tỉnh 576"}},{"type":"Feature","geometry":{"type":"LineString","coordinates":[[106.20117,17.33886],[106.19913,17.3393],[106.1985,17.33963],[106.19865,17.34038],[106.19782,17.34164],[106.1989,17.34211],[106.19954,17.34283],[106.20075,17.34242],[106.20182,17.34249],[106.2021,17.34382],[106.20344,17.34304],[106.20378,17.34448],[106.20451,17.34428],[106.20532,17.34491],[106.20567,17.34447],[106.20771,17.34538],[106.20962,17.34554],[106.21053,17.3461],[106.2096,17.3467],[106.20857,17.34654],[106.20769,17.34706],[106.20723,17.34697],[106.20572,17.34792],[106.20585,17.3485],[106.20683,17.34965],[106.20612,17.35046],[106.20586,17.35207],[106.20597,17.35268],[106.20655,17.35295],[106.20759,17.3526],[106.2091,17.3525],[106.20943,17.35191],[106.21077,17.35235],[106.21118,17.35201],[106.21195,17.35305],[106.21124,17.35346],[106.21072,17.35418],[106.21075,17.35462],[106.2102,17.35569],[106.21046,17.35616],[106.21037,17.35872],[106.21129,17.35886],[106.21043,17.36021],[106.21086,17.36086],[106.21181,17.36133],[106.21219,17.36058],[106.21295,17.36077],[106.21259,17.36175],[106.21201,17.36229],[106.21196,17.36321],[106.21323,17.3629],[106.21441,17.36345],[106.21398,17.36389],[106.213,17.36436],[106.21231,17.36543],[106.21322,17.36566],[106.21408,17.36505],[106.21476,17.36556],[106.21529,17.36641],[106.21618,17.36676],[106.21735,17.36612],[106.21809,17.36598],[106.21854,17.36659],[106.21917,17.36625],[106.21951,17.36722],[106.21906,17.36838],[106.22002,17.36805],[106.22059,17.36849],[106.22129,17.36831],[106.22213,17.36868],[106.22232,17.36812],[106.22339,17.36865],[106.22378,17.36949],[106.22306,17.3701],[106.22217,17.37004],[106.22123,17.3703],[106.22137,17.37077],[106.22213,17.37081],[106.22313,17.37161],[106.22313,17.37249],[106.22354,17.37341],[106.22094,17.37421],[106.22028,17.37467],[106.21912,17.37506],[106.21863,17.3748],[106.2181,17.3755],[106.21615,17.37597],[106.21444,17.37805],[106.21363,17.37816],[106.21275,17.37856],[106.21126,17.3798],[106.21083,17.3805],[106.21096,17.38221],[106.21068,17.38243],[106.21105,17.38421],[106.21089,17.38505],[106.21156,17.38583],[106.21154,17.38634],[106.21216,17.38689],[106.21218,17.38749],[106.21265,17.38767],[106.215,17.388],[106.21748,17.38814],[106.21758,17.38963],[106.2174,17.39065],[106.21691,17.39152],[106.21584,17.39216],[106.21453,17.39315],[106.21439,17.39413],[106.21525,17.39522],[106.21655,17.39499],[106.21702,17.39534],[106.21749,17.39666],[106.2171,17.39778],[106.21773,17.40103],[106.21905,17.40461],[106.21894,17.40492],[106.21772,17.40549],[106.21779,17.40603],[106.21883,17.40631],[106.21926,17.40693],[106.21912,17.40811],[106.21937,17.40944],[106.22054,17.41194],[106.22099,17.4127],[106.22338,17.41577],[106.22347,17.41654],[106.22272,17.41702],[106.22216,17.41806],[106.22138,17.41885],[106.22027,17.41941],[106.21955,17.41933],[106.21916,17.42008],[106.22007,17.42111],[106.22078,17.42097],[106.22114,17.42166],[106.22178,17.42162],[106.22265,17.42283],[106.22311,17.42288],[106.22632,17.42457],[106.22791,17.42469],[106.22864,17.42493],[106.23418,17.42881],[106.23424,17.42995],[106.23341,17.43094],[106.23226,17.43153],[106.23064,17.43153],[106.23043,17.4322],[106.23104,17.43264],[106.2319,17.43372],[106.23193,17.43451],[106.23301,17.43438],[106.23376,17.43456],[106.23522,17.43453],[106.23623,17.43523],[106.23654,17.43649],[106.23628,17.43778],[106.2354,17.43793],[106.23467,17.43773],[106.23445,17.43836],[106.23331,17.43977],[106.23276,17.44003],[106.23198,17.43976],[106.23198,17.44045],[106.23136,17.44072],[106.23099,17.44136],[106.23023,17.44108],[106.23008,17.44161],[106.23047,17.4445],[106.23142,17.44609],[106.23182,17.44649],[106.23222,17.44808],[106.23099,17.44909],[106.23059,17.44973],[106.23032,17.45094],[106.22835,17.45102],[106.22726,17.45055],[106.22633,17.44967],[106.22591,17.44892],[106.22441,17.44777],[106.2226,17.44766],[106.22216,17.44789],[106.22177,17.44953],[106.22217,17.4505],[106.22177,17.45072],[106.2201,17.44941],[106.21926,17.449],[106.21818,17.44961],[106.21744,17.45032],[106.21676,17.45067],[106.21775,17.45164],[106.21811,17.45342],[106.21864,17.45484],[106.21853,17.45588],[106.21886,17.45704],[106.21941,17.45729],[106.21939,17.45779],[106.22073,17.45802],[106.22187,17.45909],[106.22142,17.46001],[106.22313,17.46087],[106.22272,17.46132],[106.22297,17.46191],[106.22436,17.46293],[106.22589,17.46359],[106.22719,17.46381],[106.2282,17.46435],[106.22895,17.46541],[106.22955,17.46584],[106.23018,17.46714],[106.23078,17.46801],[106.23164,17.46873],[106.23228,17.46896],[106.23352,17.46978],[106.23485,17.47173],[106.23486,17.47246],[106.23535,17.47369],[106.2356,17.47382],[106.23664,17.47304],[106.23763,17.47295],[106.23814,17.47452],[106.23987,17.47575],[106.24059,17.47575],[106.24088,17.47643],[106.24154,17.47681],[106.24205,17.47652],[106.24316,17.47646],[106.24546,17.47927],[106.24644,17.48],[106.24713,17.48118],[106.24793,17.48169],[106.24874,17.48256],[106.24883,17.48347],[106.24943,17.48508],[106.25003,17.48565],[106.25148,17.4865],[106.25175,17.48688],[106.25145,17.4875],[106.25219,17.48824],[106.25277,17.48993],[106.25272,17.4909],[106.2536,17.49158],[106.25439,17.49176],[106.25526,17.49342],[106.25625,17.4946],[106.25697,17.49491],[106.25771,17.49564],[106.25781,17.49686],[106.2573,17.49828],[106.25806,17.49904],[106.25788,17.49985],[106.25847,17.50118],[106.25934,17.50151],[106.26013,17.50244],[106.26033,17.503],[106.2612,17.50377],[106.26205,17.50355],[106.26328,17.5041],[106.26419,17.50598],[106.26412,17.50688],[106.26536,17.50792],[106.26531,17.50883],[106.26603,17.50995],[106.26628,17.51105],[106.26697,17.51209],[106.268,17.51316],[106.26826,17.51373],[106.26949,17.51494],[106.26946,17.51569],[106.27027,17.51755],[106.27117,17.51836],[106.27229,17.51901]]},"properties":{"kind":"road","class":"primary","ref":"QL.9G","name":"Quốc lộ 9G (ĐT.562)"}},{"type":"Feature","geometry":{"type":"LineString","coordinates":[[107.18553,16.74021],[107.18552,16.74031],[107.18553,16.74053],[107.18546,16.74218],[107.18523,16.74677],[107.18513,16.74915],[107.18573,16.75115],[107.18747,16.75714],[107.18789,16.75814]]},"properties":{"kind":"road","class":"primary","ref":null,"name":"Trần Hưng Đạo"}},{"type":"Feature","geometry":{"type":"MultiLineString","coordinates":[[[107.3545,16.71063],[107.35572,16.70981]],[[107.35449,16.71064],[107.35175,16.71244],[107.35073,16.71287],[107.34971,16.71364],[107.34658,16.71648],[107.34546,16.71749],[107.34343,16.71849],[107.34033,16.72123],[107.339,16.72152],[107.337,16.72229],[107.33377,16.72366],[107.3314,16.72553],[107.32819,16.72791],[107.326,16.73016],[107.32451,16.7311],[107.32066,16.73446],[107.31933,16.73482],[107.31783,16.73551],[107.31636,16.73667],[107.31426,16.73861],[107.31236,16.73953],[107.30939,16.74085],[107.30773,16.74209],[107.30539,16.74308],[107.30441,16.74384],[107.30256,16.74531],[107.30034,16.74597],[107.29897,16.74729],[107.29735,16.7486],[107.29509,16.75022],[107.28801,16.75584],[107.28087,16.76122],[107.27978,16.76208],[107.27968,16.76215],[107.27436,16.76616],[107.27256,16.76762],[107.26957,16.76995],[107.26886,16.77042],[107.26726,16.77097],[107.26352,16.77129],[107.26301,16.77114],[107.2629,16.77109],[107.25967,16.76998],[107.25797,16.76889],[107.25625,16.76818],[107.2542,16.76761],[107.25233,16.76687],[107.25129,16.76671],[107.25029,16.7669],[107.2499,16.76653],[107.24911,16.7666],[107.24712,16.76624],[107.24245,16.76448],[107.24026,16.76359],[107.23946,16.7634],[107.2383,16.76354],[107.23478,16.76434],[107.23457,16.76439],[107.2335,16.76463],[107.23212,16.76515],[107.22936,16.76403],[107.22838,16.76406],[107.22657,16.76441],[107.22597,16.76579],[107.22546,16.76648],[107.22452,16.76716],[107.21904,16.76868],[107.21704,16.76917],[107.21614,16.76967],[107.21607,16.76976],[107.21593,16.76993],[107.21536,16.77049],[107.21528,16.77056],[107.21515,16.77068],[107.21309,16.77004],[107.20769,16.76872],[107.20708,16.76842],[107.20554,16.76721],[107.2048,16.76679],[107.20386,16.7661],[107.20199,16.76201],[107.20095,16.76108],[107.20078,16.76099],[107.1974,16.75882],[107.19537,16.75763],[107.1931,16.75604],[107.19271,16.7556]],[[107.1816,16.90623],[107.18164,16.90617],[107.18202,16.90563],[107.18171,16.9062],[107.18167,16.90626]],[[107.18789,16.75814],[107.18861,16.75953],[107.19221,16.76424],[107.19287,16.76558],[107.19334,16.7671],[107.19349,16.76778],[107.19341,16.76879],[107.193,16.76953],[107.19148,16.77118],[107.1896,16.77295],[107.18878,16.77428],[107.18705,16.77541],[107.18628,16.77604],[107.18469,16.77987],[107.18451,16.7802],[107.18152,16.78336],[107.17904,16.78585],[107.17893,16.78774],[107.17871,16.79045],[107.17874,16.79284],[107.17839,16.79707],[107.17805,16.7984],[107.1779,16.80001],[107.17946,16.80479],[107.18084,16.80888],[107.18086,16.80892],[107.18125,16.8099],[107.1825,16.8118],[107.18317,16.81261],[107.18405,16.81513],[107.18436,16.81624],[107.18656,16.82263],[107.18734,16.82536],[107.18747,16.82657],[107.1873,16.82954],[107.1873,16.83007],[107.18669,16.83234],[107.18603,16.83534],[107.18537,16.83773],[107.18543,16.83837],[107.18606,16.83932],[107.18691,16.8399],[107.18888,16.84049],[107.189,16.84054],[107.18905,16.84056],[107.19094,16.84127],[107.19184,16.84192],[107.19328,16.84334],[107.19459,16.84542],[107.19577,16.84671],[107.19712,16.84945],[107.19917,16.85545],[107.20086,16.86094],[107.20083,16.86199],[107.1998,16.8648],[107.19906,16.86983],[107.19905,16.87235],[107.19919,16.87595],[107.19926,16.87974],[107.19926,16.88013],[107.19934,16.88307],[107.19913,16.88538],[107.19869,16.88769],[107.19685,16.8903],[107.19495,16.89313],[107.19248,16.8956],[107.19193,16.89599],[107.19077,16.89636],[107.18844,16.89666],[107.18786,16.89694],[107.18699,16.89794],[107.18236,16.9051],[107.18202,16.90563]]]},"properties":{"kind":"road","class":"primary","ref":"QL.49C","name":"Quốc lộ 49C"}},{"type":"Feature","geometry":{"type":"LineString","coordinates":[[107.26352,16.77129],[107.26366,16.77173],[107.26532,16.77365],[107.26791,16.77536],[107.26852,16.77588],[107.2702,16.77731],[107.27184,16.77814],[107.27502,16.77873],[107.27812,16.77962],[107.27951,16.78028],[107.28208,16.7819],[107.28575,16.78384],[107.28839,16.78544],[107.29133,16.78776],[107.29475,16.79026],[107.29639,16.79195],[107.29892,16.79373],[107.29918,16.79387],[107.30252,16.79579],[107.30434,16.7972],[107.30538,16.7984],[107.30691,16.7996]]},"properties":{"kind":"road","class":"secondary","ref":"ĐT.583","name":"Đường tỉnh 583"}},{"type":"Feature","geometry":{"type":"MultiLineString","coordinates":[[[107.29166,16.73095],[107.29158,16.73088],[107.2918,16.72957],[107.29122,16.72737],[107.28697,16.72071],[107.28652,16.72028],[107.28085,16.71617],[107.27904,16.71506],[107.27419,16.71305],[107.26963,16.71122],[107.26656,16.70993],[107.26576,16.70951],[107.26543,16.70901],[107.2668,16.70454],[107.26689,16.7039]],[[107.29196,16.73121],[107.29383,16.73276],[107.29511,16.73335],[107.2954,16.73384]],[[107.29548,16.73441],[107.29568,16.7348],[107.30163,16.74142],[107.30323,16.74301],[107.30387,16.74336],[107.30401,16.74344],[107.30441,16.74384],[107.30624,16.74612],[107.30751,16.74752],[107.30865,16.74892],[107.31006,16.75187],[107.31109,16.75295],[107.31418,16.75528],[107.31626,16.75803],[107.31786,16.76056],[107.32083,16.76442],[107.32345,16.76815],[107.32525,16.7709],[107.32704,16.7733],[107.32722,16.77349],[107.33116,16.77788],[107.33212,16.77855]]]},"properties":{"kind":"road","class":"secondary","ref":"ĐT.582","name":"Đường tỉnh 582"}},{"type":"Feature","geometry":{"type":"LineString","coordinates":[[107.06049,16.81589],[107.06183,16.81661],[107.06383,16.81718],[107.06657,16.81707],[107.06917,16.81745],[107.07152,16.81861],[107.07309,16.8199],[107.07319,16.81999],[107.07575,16.82237],[107.07588,16.82249],[107.07743,16.82383],[107.07817,16.82447],[107.0813,16.8271],[107.08397,16.82911],[107.08425,16.82928]]},"properties":{"kind":"road","class":"tertiary","ref":null,"name":"Hoàng Diệu"}},{"type":"Feature","geometry":{"type":"MultiLineString","coordinates":[[[107.09811,16.82042],[107.0983,16.82067],[107.09829,16.82034]],[[107.10039,16.82453],[107.10029,16.82367],[107.10012,16.82347],[107.09881,16.8222],[107.0983,16.82067]]]},"properties":{"kind":"road","class":"secondary","ref":null,"name":"Trần Hưng Đạo"}},{"type":"Feature","geometry":{"type":"MultiLineString","coordinates":[[[107.10012,16.82347],[107.10034,16.82359],[107.10104,16.82332]],[[106.58711,17.47898],[106.58712,17.47934]],[[107.11988,16.7783],[107.12043,16.77739],[107.12063,16.77705],[107.12086,16.77689],[107.12203,16.7751],[107.123,16.77414],[107.12393,16.77377],[107.13371,16.76995],[107.13382,16.76991],[107.13446,16.76966],[107.13451,16.76964],[107.13481,16.76953],[107.13489,16.76949],[107.13757,16.76845],[107.14263,16.76696]],[[106.62475,17.46167],[106.62494,17.46161]],[[106.62499,17.46147],[106.6248,17.46153]],[[107.10724,17.03517],[107.10716,17.03545],[107.10688,17.03547]],[[106.7264,17.3748],[106.72473,17.37352],[106.72402,17.37295]],[[106.47722,17.93958],[106.47956,17.93958],[106.48224,17.93957],[106.48545,17.93923],[106.49133,17.93728],[106.49229,17.9368],[106.49283,17.93614],[106.49359,17.93455],[106.49543,17.9327],[106.49676,17.9321],[106.49692,17.93207],[106.4968,17.93221],[106.49693,17.93236],[106.49553,17.93276],[106.4937,17.93459],[106.49295,17.93617],[106.49199,17.9371],[106.49139,17.93735],[106.48599,17.9392],[106.48224,17.93967],[106.47718,17.93966]],[[106.51595,17.94153],[106.5152,17.94135],[106.5146,17.9409],[106.51348,17.94045],[106.51307,17.93982],[106.51218,17.93951],[106.51142,17.93873],[106.51006,17.93812],[106.50881,17.93819],[106.50762,17.93787],[106.50615,17.93684],[106.50457,17.93627],[106.50278,17.93478],[106.49989,17.9335],[106.49721,17.93218],[106.4971,17.93235],[106.49693,17.93236]],[[106.51758,17.94175],[106.51823,17.94183],[106.51881,17.94165],[106.51832,17.94192],[106.51772,17.94184]],[[107.07938,16.90287],[107.07945,16.90287]],[[107.07493,16.93069],[107.07501,16.93072]],[[106.65537,16.59721],[106.65519,16.59691],[106.65489,16.59704]],[[106.21887,17.81051],[106.21903,17.81092],[106.21825,17.81096]],[[106.6195,17.46418],[106.61957,17.46427]],[[106.60415,17.48441],[106.60389,17.48423]],[[106.62489,17.46132],[106.6245,17.46164]],[[106.6245,17.46176],[106.62466,17.46196]],[[106.57133,17.44965],[106.57136,17.44982]],[[106.58684,17.47727],[106.58709,17.47727]],[[106.58502,17.47944],[106.58488,17.47928]],[[106.61854,17.46503],[106.61844,17.46494]],[[106.6172,17.46608],[106.6173,17.46617]],[[106.61577,17.46744],[106.61585,17.46755]],[[106.61561,17.46777],[106.61551,17.46769]],[[106.51586,17.9416],[106.51516,17.94142],[106.51455,17.94098],[106.51367,17.94073],[106.51298,17.93988],[106.51212,17.93959],[106.51133,17.93881],[106.51005,17.93823],[106.50849,17.93827],[106.50757,17.93795],[106.50609,17.93692],[106.50453,17.93634],[106.50275,17.93487],[106.49983,17.93358],[106.49793,17.93263],[106.4971,17.93235]],[[106.24221,17.80893],[106.24213,17.80896],[106.23988,17.80976],[106.22619,17.81132],[106.22537,17.81139],[106.21903,17.81092]],[[106.62647,17.49262],[106.62639,17.49268],[106.62638,17.49259]],[[106.62382,17.4632],[106.62378,17.46332]],[[106.61978,17.44386],[106.61968,17.44397]],[[107.34658,16.71648],[107.34789,16.71803],[107.35012,16.72108],[107.35771,16.7323],[107.37286,16.75085]],[[107.3331,16.75028],[107.35385,16.73487],[107.35771,16.7323]],[[106.63795,17.40169],[106.63762,17.4016],[106.63725,17.40156],[106.63779,17.40143]],[[106.83488,17.27646],[106.83501,17.2764]],[[106.83632,17.2757],[106.83645,17.27563]],[[107.10029,16.82367],[107.10066,16.8239]],[[107.10071,16.8238],[107.10034,16.82359]],[[106.64966,17.42416],[106.65805,17.42524],[106.66453,17.42606],[106.66506,17.42574],[106.66654,17.42272],[106.67557,17.41273],[106.67904,17.40899],[106.68062,17.4073],[106.68386,17.40272],[106.68469,17.39487],[106.68504,17.39283],[106.68566,17.39203],[106.69401,17.3829],[106.69568,17.38102],[106.70347,17.37177],[106.70601,17.36864]],[[106.29843,17.92929],[106.29663,17.93198],[106.29542,17.93451],[106.29266,17.93923],[106.29181,17.94112],[106.29059,17.94322]],[[106.44125,17.7035],[106.44119,17.7034]],[[107.1426,16.76686],[107.13753,16.76838],[107.13483,16.76941],[107.13475,16.76944],[107.13447,16.76955],[107.13442,16.76957],[107.13372,16.76984],[107.13362,16.76987],[107.12385,16.77362],[107.12291,16.774],[107.12188,16.77502],[107.12063,16.77705]],[[106.64213,17.43177],[106.64221,17.4316]],[[106.39132,17.74089],[106.38835,17.74075],[106.38497,17.74014],[106.38304,17.74003],[106.38016,17.74003],[106.37557,17.74055],[106.37264,17.74107],[106.36876,17.7424],[106.36862,17.74245],[106.36502,17.74368],[106.36,17.74547],[106.35232,17.74846],[106.34833,17.75015],[106.34612,17.75092],[106.34328,17.75151],[106.33012,17.75306],[106.3273,17.75363],[106.32148,17.75578],[106.32,17.75617],[106.31723,17.75655],[106.31529,17.75658],[106.31248,17.7564],[106.30941,17.75584],[106.30798,17.7558],[106.30536,17.75678],[106.30384,17.75682],[106.30267,17.75635]],[[107.09811,16.82042],[107.09804,16.82028],[107.09813,16.82019],[107.09824,16.82021],[107.09829,16.82034],[107.09811,16.82042]],[[107.1066,16.80184],[107.10657,16.80181],[107.1066,16.80159],[107.10671,16.80153],[107.10692,16.80163],[107.10694,16.80168],[107.10691,16.80183],[107.10682,16.80189],[107.1066,16.80184]],[[106.79072,17.22366],[106.79063,17.22376],[106.79072,17.22366]],[[106.62293,17.46212],[106.62296,17.46213],[106.623,17.46229],[106.62291,17.46233],[106.62281,17.46219],[106.62282,17.46217],[106.6229,17.46212],[106.62293,17.46212]],[[106.61506,17.45875],[106.61516,17.45891],[106.61515,17.45895],[106.61499,17.45905],[106.61492,17.45904],[106.61482,17.45887],[106.61484,17.45881],[106.61503,17.45873],[106.61506,17.45875]],[[106.65071,17.45217],[106.65076,17.45233],[106.65034,17.45284],[106.65019,17.45283],[106.64989,17.45263],[106.64983,17.45251],[106.64981,17.45243],[106.65013,17.45196],[106.65025,17.45193],[106.65041,17.45194],[106.65071,17.45217]],[[106.49692,17.93207],[106.49699,17.93206],[106.49721,17.93218]],[[106.60365,17.47412],[106.60381,17.47415],[106.60381,17.4742],[106.60366,17.47425],[106.60365,17.47412]],[[106.62134,17.44554],[106.62152,17.44566],[106.62141,17.4458],[106.62124,17.44572],[106.62123,17.44567],[106.62134,17.44554]]]},"properties":{"kind":"road","class":"secondary","ref":null,"name":null}},{"type":"Feature","geometry":{"type":"LineString","coordinates":[[107.10546,16.83042],[107.10526,16.82971],[107.10537,16.82789],[107.10586,16.82586],[107.10623,16.82324],[107.10626,16.82028],[107.10563,16.81939]]},"properties":{"kind":"road","class":"tertiary","ref":null,"name":"Đặng Dung"}},{"type":"Feature","geometry":{"type":"MultiLineString","coordinates":[[[107.1025,16.82196],[107.10118,16.82087],[107.09931,16.82007],[107.0986,16.82019],[107.09829,16.82034]],[[107.09824,16.82021],[107.0986,16.82019]]]},"properties":{"kind":"road","class":"tertiary","ref":null,"name":"Lê Quý Đôn"}},{"type":"Feature","geometry":{"type":"MultiLineString","coordinates":[[[107.10701,16.81798],[107.10671,16.81768],[107.10581,16.81672],[107.10511,16.81599],[107.1046,16.81566],[107.10112,16.81411],[107.10097,16.81404],[107.09782,16.8126],[107.0971,16.81215],[107.09788,16.81247],[107.10103,16.81392],[107.10118,16.81399],[107.10168,16.81421],[107.10415,16.8153],[107.10511,16.81599]],[[107.0838,16.81689],[107.08562,16.81748],[107.08612,16.81779],[107.08618,16.81771],[107.08635,16.81745],[107.08646,16.81738],[107.08644,16.8175],[107.08627,16.81776],[107.08621,16.81785],[107.08612,16.81779]],[[107.01677,16.80395],[107.01239,16.80443],[107.01146,16.80483],[107.00798,16.80716]],[[107.08365,16.81686],[107.08172,16.81654],[107.08149,16.8165],[107.07989,16.81624],[107.07695,16.81648],[107.07576,16.81637],[107.07562,16.81634],[107.07164,16.81507],[107.07042,16.8149],[107.06674,16.81478],[107.06556,16.81449],[107.06479,16.81411],[107.06162,16.8117],[107.06014,16.8107],[107.05565,16.80863],[107.05501,16.80808],[107.05423,16.80672],[107.05375,16.80621],[107.0528,16.80577],[107.04856,16.80538],[107.04493,16.80436],[107.04374,16.80409],[107.04275,16.80426],[107.04248,16.80432],[107.04096,16.80465],[107.0366,16.80498],[107.03574,16.80509],[107.03512,16.80514],[107.03506,16.80514],[107.03434,16.8052],[107.03334,16.80524],[107.03192,16.80528],[107.03088,16.80509],[107.02714,16.80403],[107.02364,16.80345],[107.02148,16.80352]],[[107.0189,16.80377],[107.01729,16.8039]],[[107.08646,16.81738],[107.08807,16.81478],[107.08876,16.81336],[107.08891,16.81229],[107.08995,16.81129],[107.09081,16.81112],[107.09252,16.81127],[107.09315,16.81133],[107.09516,16.8115],[107.09575,16.81157],[107.0971,16.81215]],[[107.03434,16.80513],[107.03506,16.80507],[107.03512,16.80506],[107.03575,16.80501],[107.0366,16.80498]],[[107.03334,16.80524],[107.03434,16.80513]],[[107.08588,16.81756],[107.08618,16.81771],[107.08627,16.81776]],[[107.08562,16.81748],[107.08588,16.81756]]]},"properties":{"kind":"road","class":"primary","ref":null,"name":"Quốc lộ 9 cũ"}},{"type":"Feature","geometry":{"type":"MultiLineString","coordinates":[[[106.59472,17.46013],[106.5932,17.46128],[106.59071,17.46439],[106.58888,17.46666],[106.58804,17.46739],[106.58359,17.46934],[106.58083,17.47133],[106.57566,17.47512],[106.57473,17.47582],[106.56828,17.48233],[106.56742,17.48386],[106.56632,17.48645],[106.56487,17.48955],[106.56236,17.4951],[106.56232,17.49518],[106.56142,17.49707],[106.55734,17.50671],[106.55727,17.5069],[106.5561,17.5098],[106.55597,17.51071],[106.55594,17.51969],[106.55598,17.5237],[106.55618,17.52444],[106.55871,17.53105],[106.55879,17.53128],[106.55887,17.53147],[106.55893,17.53162],[106.55905,17.53196],[106.55941,17.53296],[106.55944,17.53375],[106.55926,17.53452],[106.55872,17.53536],[106.55581,17.53769],[106.55526,17.53782]],[[106.61535,17.44791],[106.60864,17.45192],[106.60685,17.45293]],[[106.62488,17.43459],[106.61841,17.44563],[106.61771,17.44645],[106.61609,17.44747]],[[106.62614,17.43245],[106.6295,17.42678],[106.63056,17.42474],[106.6317,17.42144],[106.63509,17.41174],[106.63545,17.40893],[106.63547,17.40878],[106.6359,17.40457],[106.6361,17.40355],[106.63681,17.40249],[106.63795,17.40169]],[[106.63779,17.40143],[106.63762,17.4016],[106.63681,17.40249]],[[106.55529,17.53813],[106.55581,17.53769]],[[106.60115,17.45629],[106.59494,17.46]],[[106.60666,17.45304],[106.60258,17.45547]]]},"properties":{"kind":"road","class":"trunk","ref":"QL.1","name":"Đường tránh Đồng Hới"}},{"type":"Feature","geometry":{"type":"LineString","coordinates":[[106.61535,17.44791],[106.61578,17.44765],[106.61609,17.44747]]},"properties":{"kind":"road","class":"trunk","ref":"QL.1","name":"Cầu vượt đường Lê Lợi"}},{"type":"Feature","geometry":{"type":"LineString","coordinates":[[106.62614,17.43245],[106.62488,17.43459]]},"properties":{"kind":"road","class":"trunk","ref":"QL.1","name":"Cầu Lệ Kỳ"}},{"type":"Feature","geometry":{"type":"MultiLineString","coordinates":[[[107.12605,16.7991],[107.12569,16.79894],[107.12529,16.79879],[107.12441,16.79846],[107.12523,16.79884],[107.1256,16.79899],[107.12598,16.79916]],[[107.04234,16.79903],[107.04397,16.79905],[107.04549,16.79852],[107.04605,16.79797],[107.04841,16.79424],[107.049,16.79355],[107.05044,16.79276],[107.05996,16.7899],[107.06109,16.78964],[107.06241,16.78957],[107.07374,16.78987],[107.08775,16.79033],[107.08938,16.79035],[107.10531,16.79081],[107.10704,16.79126],[107.10883,16.79226],[107.11053,16.79335],[107.11068,16.79343],[107.11213,16.79418],[107.11076,16.79328],[107.11061,16.7932],[107.10883,16.79226]],[[107.03512,16.80506],[107.03518,16.80454],[107.0357,16.8034],[107.0351,16.8045],[107.03506,16.80507]],[[107.04207,16.79902],[107.03917,16.79897],[107.03814,16.79943],[107.03718,16.80041],[107.0357,16.8034]],[[107.11213,16.79418],[107.11619,16.79653],[107.1175,16.79727],[107.11842,16.79761],[107.12303,16.79814],[107.12441,16.79846]]]},"properties":{"kind":"road","class":"primary","ref":"QL.9","name":"Điện Biên Phủ"}},{"type":"Feature","geometry":{"type":"LineString","coordinates":[[106.61521,17.50862],[106.61441,17.50787],[106.61304,17.50662],[106.60789,17.50503],[106.60648,17.50411],[106.60443,17.50327],[106.60089,17.50168],[106.59798,17.4997],[106.59787,17.49963],[106.59647,17.49849],[106.59485,17.49675],[106.59382,17.49515]]},"properties":{"kind":"road","class":"tertiary","ref":null,"name":"Đường Cao Thắng"}},{"type":"Feature","geometry":{"type":"LineString","coordinates":[[106.59108,17.49987],[106.58789,17.4984],[106.5867,17.49787],[106.5851,17.49569]]},"properties":{"kind":"road","class":"tertiary","ref":null,"name":"Đường Hồ Tùng Mậu"}},{"type":"Feature","geometry":{"type":"LineString","coordinates":[[106.60711,17.51761],[106.6074,17.51661],[106.60802,17.51569],[106.60906,17.51456],[106.60934,17.51353],[106.61063,17.51212],[106.61397,17.50873],[106.61441,17.50787],[106.61513,17.50543],[106.61535,17.50473],[106.61593,17.50399],[106.6175,17.50306],[106.61902,17.50159]]},"properties":{"kind":"road","class":"tertiary","ref":null,"name":"Đường Nguyễn Hữu Hào"}},{"type":"Feature","geometry":{"type":"LineString","coordinates":[[106.55781,17.5327],[106.55938,17.53371],[106.55944,17.53375],[106.55949,17.53378],[106.56216,17.53565],[106.56872,17.53931],[106.57048,17.54019],[106.5725,17.54143],[106.57494,17.54238],[106.57731,17.54448],[106.57787,17.54459],[106.57944,17.54437],[106.58052,17.54405],[106.5813,17.54266],[106.58285,17.5426],[106.58572,17.54213],[106.58681,17.54205],[106.59018,17.54113],[106.59112,17.5403],[106.59186,17.53842],[106.59277,17.53646],[106.59313,17.53449],[106.59477,17.53121],[106.59582,17.52963],[106.59669,17.52895],[106.59898,17.52675],[106.59961,17.52558],[106.59982,17.52532],[106.60189,17.52394],[106.60357,17.5221],[106.60423,17.52181],[106.60366,17.52218],[106.60198,17.52403],[106.59961,17.52558]]},"properties":{"kind":"road","class":"secondary","ref":"ĐT.567","name":"Đường tỉnh 567"}},{"type":"Feature","geometry":{"type":"LineString","coordinates":[[106.58678,17.44829],[106.58555,17.44801],[106.58433,17.44791],[106.58259,17.44674]]},"properties":{"kind":"road","class":"secondary","ref":null,"name":"Đường Lê Hồng Phong"}},{"type":"Feature","geometry":{"type":"LineString","coordinates":[[106.58645,17.47249],[106.58846,17.4735],[106.58974,17.47435],[106.59084,17.4752],[106.5921,17.47647],[106.59318,17.47692],[106.59471,17.47695],[106.59652,17.4758]]},"properties":{"kind":"road","class":"secondary","ref":"ĐT.568","name":"Đường Nguyễn Công Hoan"}},{"type":"Feature","geometry":{"type":"LineString","coordinates":[[106.59248,17.4822],[106.59308,17.48041],[106.59281,17.47862],[106.59318,17.47692],[106.59383,17.47471],[106.59383,17.47428],[106.59431,17.47408],[106.59508,17.47312],[106.59579,17.47268]]},"properties":{"kind":"road","class":"tertiary","ref":null,"name":"Đường Hoàng Sâm"}},{"type":"Feature","geometry":{"type":"LineString","coordinates":[[106.59697,17.46548],[106.59703,17.46369],[106.59652,17.46243],[106.59573,17.46171],[106.59569,17.46162],[106.59519,17.46066],[106.59511,17.4605],[106.59487,17.46004],[106.59394,17.45808],[106.59271,17.45677],[106.59225,17.45647]]},"properties":{"kind":"road","class":"tertiary","ref":null,"name":"Đường Tạ Quang Bửu"}},{"type":"Feature","geometry":{"type":"LineString","coordinates":[[106.59154,17.46527],[106.59242,17.46419],[106.59249,17.46413],[106.59296,17.46405],[106.59494,17.46488],[106.59697,17.46548],[106.59817,17.46585]]},"properties":{"kind":"road","class":"tertiary","ref":null,"name":"Đường Tôn Đức Thắng"}},{"type":"Feature","geometry":{"type":"LineString","coordinates":[[106.58732,17.46079],[106.58758,17.46041],[106.59153,17.45851],[106.59271,17.45677],[106.59318,17.45628],[106.59399,17.45611],[106.5957,17.45579],[106.5964,17.45548],[106.5981,17.45355],[106.5985,17.45298],[106.59878,17.45185],[106.60205,17.45064]]},"properties":{"kind":"road","class":"tertiary","ref":null,"name":"Đường Triệu Quang Phục"}},{"type":"Feature","geometry":{"type":"MultiLineString","coordinates":[[[106.42704,17.75685],[106.42693,17.75901],[106.42637,17.7609],[106.42611,17.7637],[106.42621,17.76442],[106.42743,17.76721],[106.42752,17.77003]],[[107.10415,16.8153],[107.10438,16.81492],[107.10964,16.80926],[107.11306,16.80566],[107.11344,16.8051],[107.11407,16.80335],[107.11445,16.80142],[107.11512,16.79941],[107.11602,16.79697],[107.11619,16.79653]],[[106.74057,16.63222],[106.73997,16.63224],[106.73948,16.63086],[106.73735,16.62978],[106.73582,16.62859],[106.73388,16.62762],[106.73299,16.62678],[106.73314,16.62594]],[[106.42885,17.75187],[106.42889,17.75168],[106.42913,17.74996],[106.4289,17.74864],[106.42858,17.74654],[106.42937,17.74608]],[[107.16812,16.76611],[107.16648,16.76522],[107.16372,16.7637],[107.16185,16.76231],[107.16164,16.76215]],[[107.11602,16.79697],[107.11522,16.7994],[107.11453,16.80145],[107.11407,16.80335]]]},"properties":{"kind":"road","class":"tertiary","ref":null,"name":"Lê Lợi"}},{"type":"Feature","geometry":{"type":"MultiLineString","coordinates":[[[106.42098,17.75313],[106.41907,17.75469],[106.41812,17.7557],[106.41773,17.75663]],[[107.00361,17.06802],[107.0037,17.0681],[107.00407,17.06845],[107.00475,17.0691],[107.00503,17.06938],[107.00546,17.06981],[107.00574,17.07012],[107.00539,17.06987],[107.00496,17.06943],[107.00468,17.06916],[107.00401,17.06851],[107.00364,17.06816],[107.00355,17.06809]],[[106.43264,17.75588],[106.43085,17.75529],[106.43069,17.75525],[106.42815,17.7543],[106.42513,17.7532]],[[106.42401,17.75253],[106.42167,17.75297],[106.42394,17.75273]],[[107.00686,17.07118],[107.00574,17.07012]]]},"properties":{"kind":"road","class":"tertiary","ref":null,"name":"Hùng Vương"}},{"type":"Feature","geometry":{"type":"MultiLineString","coordinates":[[[106.43961,17.7415],[106.43671,17.74407],[106.43446,17.74572],[106.43127,17.74763],[106.4289,17.74864],[106.42672,17.75014],[106.42595,17.751],[106.42559,17.7514],[106.42429,17.75244]],[[107.19143,16.7412],[107.18574,16.74219],[107.18546,16.74218],[107.19143,16.74113]]]},"properties":{"kind":"road","class":"tertiary","ref":null,"name":"Lý Thường Kiệt"}},{"type":"Feature","geometry":{"type":"MultiLineString","coordinates":[[[107.09811,16.82042],[107.09771,16.82053],[107.09804,16.82028]],[[106.99885,17.07615],[107.00539,17.06987],[107.00546,17.06981]],[[106.64226,17.40219],[106.64207,17.40278],[106.64419,17.40871],[106.64465,17.41017],[106.64501,17.41482],[106.64471,17.4159],[106.64383,17.41741]],[[107.08627,16.81776],[107.08683,16.81816],[107.09,16.82037],[107.09018,16.82057],[107.08676,16.81823],[107.08621,16.81785]],[[107.09018,16.82057],[107.09086,16.8211],[107.09124,16.82199],[107.09187,16.82298],[107.0926,16.823],[107.09771,16.82053]]]},"properties":{"kind":"road","class":"tertiary","ref":null,"name":"Trần Hưng Đạo"}},{"type":"Feature","geometry":{"type":"MultiLineString","coordinates":[[[107.10007,16.81604],[107.0976,16.8153],[107.09479,16.81562],[107.09272,16.81596],[107.092,16.81595],[107.08949,16.81551],[107.08807,16.81478]],[[107.19592,16.74012],[107.19389,16.74526]],[[107.1938,16.74547],[107.19242,16.74892],[107.19207,16.74928],[107.19099,16.74961]],[[106.42752,17.77003],[106.42759,17.77297],[106.42712,17.77393],[106.42619,17.77699],[106.42517,17.78105],[106.42399,17.78615],[106.42161,17.7961],[106.42159,17.79622],[106.42126,17.79736]],[[106.62621,17.46654],[106.62493,17.46616],[106.62367,17.46605],[106.62353,17.46598],[106.62288,17.46565],[106.62017,17.46488],[106.61957,17.46427]],[[107.10553,16.81929],[107.10379,16.81813],[107.1029,16.81761],[107.10019,16.8161]]]},"properties":{"kind":"road","class":"tertiary","ref":null,"name":"Nguyễn Trãi"}},{"type":"Feature","geometry":{"type":"LineString","coordinates":[[107.08683,16.81816],[107.08676,16.81823],[107.08643,16.8187],[107.08597,16.82076],[107.08515,16.82381],[107.08488,16.82451],[107.08481,16.8247],[107.08422,16.82719],[107.08485,16.82764]]},"properties":{"kind":"road","class":"tertiary","ref":null,"name":"Thành Cổ"}},{"type":"Feature","geometry":{"type":"MultiLineString","coordinates":[[[107.08307,16.8238],[107.08412,16.82087],[107.08591,16.81824]],[[107.083,16.824],[107.08221,16.82558]]]},"properties":{"kind":"road","class":"tertiary","ref":null,"name":"Khóa Bảo"}},{"type":"Feature","geometry":{"type":"MultiLineString","coordinates":[[[107.09813,16.82019],[107.09823,16.81997],[107.09904,16.81828],[107.10007,16.81604],[107.10097,16.81404],[107.10103,16.81392],[107.1016,16.81274],[107.1041,16.80734]],[[107.09824,16.82021],[107.09842,16.81992],[107.09917,16.81833],[107.10019,16.8161],[107.10112,16.81411],[107.10118,16.81399],[107.10171,16.81279],[107.10423,16.80739]],[[107.10419,16.80713],[107.10438,16.8067],[107.1066,16.80184]],[[107.10682,16.80189],[107.10668,16.80205],[107.10451,16.80676],[107.10432,16.80719]],[[107.11988,16.7783],[107.11927,16.77925],[107.11061,16.7932],[107.11053,16.79335],[107.10886,16.79694],[107.10686,16.8013],[107.10671,16.80153]],[[106.72551,16.63988],[106.72787,16.6381],[106.72891,16.63771],[106.73008,16.63762],[106.73152,16.63801],[106.73235,16.63807],[106.73315,16.63781],[106.73367,16.6374],[106.73418,16.63633],[106.73451,16.63159],[106.73478,16.63055],[106.73564,16.62889],[106.73508,16.62981],[106.73447,16.63114],[106.73411,16.63593],[106.73369,16.63724],[106.73276,16.63787],[106.73181,16.63797],[106.73017,16.63755],[106.72884,16.63766],[106.7278,16.63807],[106.72545,16.63981]],[[106.73697,16.62651],[106.73582,16.62859],[106.73564,16.62889]],[[107.10692,16.80163],[107.10902,16.79701],[107.11068,16.79343],[107.11076,16.79328],[107.1192,16.77968],[107.11927,16.77925]]]},"properties":{"kind":"road","class":"secondary","ref":null,"name":"Hùng Vương"}},{"type":"Feature","geometry":{"type":"MultiLineString","coordinates":[[[107.11826,16.80584],[107.11737,16.80511],[107.11573,16.80372],[107.11407,16.80335],[107.10993,16.80206],[107.10769,16.80183],[107.10694,16.80168]],[[107.09266,16.80033],[107.09472,16.80048],[107.10277,16.8013],[107.10504,16.80154],[107.1066,16.80159]],[[107.10691,16.80183],[107.10769,16.80183]],[[107.10657,16.80181],[107.10504,16.80154]]]},"properties":{"kind":"road","class":"secondary","ref":null,"name":"Lý Thường Kiệt"}},{"type":"Feature","geometry":{"type":"MultiLineString","coordinates":[[[107.09516,16.8115],[107.09551,16.81111],[107.09581,16.81],[107.09518,16.80826],[107.09432,16.80569],[107.0937,16.80329],[107.09266,16.80033]],[[107.09575,16.81157],[107.09551,16.81111]]]},"properties":{"kind":"road","class":"tertiary","ref":null,"name":"Nguyễn Du"}},{"type":"Feature","geometry":{"type":"MultiLineString","coordinates":[[[107.09788,16.81247],[107.09817,16.81086],[107.09904,16.80723],[107.09937,16.80646],[107.10011,16.80526],[107.10136,16.80401],[107.10252,16.80205],[107.10277,16.8013]],[[107.09782,16.8126],[107.09749,16.81343],[107.0976,16.8153],[107.09777,16.8166],[107.09755,16.81749]]]},"properties":{"kind":"road","class":"tertiary","ref":null,"name":"Hàm Nghi"}},{"type":"Feature","geometry":{"type":"LineString","coordinates":[[107.08422,16.82719],[107.08221,16.82558],[107.08039,16.82395],[107.07869,16.82263],[107.07859,16.82256],[107.07846,16.82246],[107.07713,16.82142],[107.07489,16.81978],[107.07404,16.81905],[107.07394,16.81895],[107.073,16.8179],[107.07137,16.81662]]},"properties":{"kind":"road","class":"tertiary","ref":null,"name":"Bà Triệu"}},{"type":"Feature","geometry":{"type":"LineString","coordinates":[[107.08602,16.80717],[107.08656,16.80716],[107.08836,16.8077],[107.09323,16.80942]]},"properties":{"kind":"road","class":"tertiary","ref":null,"name":"Hàn Mặc Tử"}},{"type":"Feature","geometry":{"type":"LineString","coordinates":[[107.09135,16.80515],[107.09147,16.80734],[107.09208,16.80811],[107.09354,16.80845]]},"properties":{"kind":"road","class":"tertiary","ref":null,"name":"Mai Hắc Đế"}},{"type":"Feature","geometry":{"type":"LineString","coordinates":[[107.09661,16.80995],[107.09621,16.80821],[107.09522,16.80558],[107.09469,16.80416],[107.09472,16.80048]]},"properties":{"kind":"road","class":"tertiary","ref":null,"name":"Nguyễn Chí Thanh"}},{"type":"Feature","geometry":{"type":"LineString","coordinates":[[106.52156,17.57805],[106.52842,17.58167],[106.52866,17.5818],[106.52968,17.58235],[106.53183,17.58404],[106.53444,17.5849]]},"properties":{"kind":"road","class":"tertiary","ref":null,"name":"Đường Quách Xuân Kỳ"}},{"type":"Feature","geometry":{"type":"LineString","coordinates":[[106.53408,17.57873],[106.53183,17.58404],[106.53124,17.58549]]},"properties":{"kind":"road","class":"tertiary","ref":null,"name":"Đường Trần Phú"}},{"type":"Feature","geometry":{"type":"LineString","coordinates":[[106.55135,17.54291],[106.55105,17.54251],[106.55088,17.54136],[106.55005,17.5389],[106.54883,17.5383],[106.54458,17.53594],[106.54289,17.53393],[106.54119,17.53212],[106.53835,17.5295],[106.53447,17.52632],[106.53282,17.52393],[106.53041,17.5199],[106.52873,17.51897],[106.52825,17.51832],[106.52842,17.51751],[106.5295,17.51559],[106.53195,17.51359],[106.53245,17.51284],[106.53348,17.51086],[106.53371,17.50982],[106.53368,17.5083],[106.53457,17.50704],[106.53685,17.50471],[106.53808,17.50316],[106.53911,17.50223],[106.54154,17.50204],[106.5416,17.50056],[106.54115,17.49862],[106.54109,17.49685],[106.54241,17.49479],[106.54294,17.4932],[106.54428,17.49272],[106.54622,17.49188],[106.54704,17.49087],[106.54788,17.49021],[106.54825,17.48921],[106.55052,17.48685],[106.55017,17.48609]]},"properties":{"kind":"road","class":"tertiary","ref":null,"name":"4"}},{"type":"Feature","geometry":{"type":"MultiLineString","coordinates":[[[106.53332,17.58747],[106.52575,17.58864],[106.52548,17.58868],[106.52405,17.58924],[106.52225,17.5908],[106.52156,17.59165],[106.52127,17.59202]],[[106.53327,17.58763],[106.52662,17.58866],[106.52644,17.58869],[106.52576,17.58879],[106.52549,17.58883],[106.52417,17.58935],[106.52237,17.59089],[106.52171,17.59173],[106.5214,17.59212]]]},"properties":{"kind":"road","class":"secondary","ref":"ĐT.561","name":"Nguyễn Văn Linh"}},{"type":"Feature","geometry":{"type":"LineString","coordinates":[[106.6053,17.44078],[106.60491,17.44061]]},"properties":{"kind":"road","class":"secondary","ref":"ĐT.570B","name":"Cầu Đức Nghĩa"}},{"type":"Feature","geometry":{"type":"LineString","coordinates":[[106.59366,17.44353],[106.59432,17.44448],[106.59489,17.44689],[106.59442,17.44907],[106.59445,17.44942],[106.59449,17.44983],[106.59461,17.45134],[106.59456,17.45273],[106.59399,17.45611]]},"properties":{"kind":"road","class":"tertiary","ref":null,"name":"Đường Lý Nhân Tông"}},{"type":"Feature","geometry":{"type":"MultiLineString","coordinates":[[[106.58704,17.44519],[106.58731,17.44639],[106.58678,17.44829],[106.58703,17.45094],[106.58688,17.45136],[106.58673,17.45176],[106.58643,17.45343],[106.58631,17.45924],[106.58693,17.46033],[106.58732,17.46079],[106.59071,17.46439],[106.59128,17.46498],[106.59139,17.46508],[106.59154,17.46527],[106.59486,17.46881],[106.59503,17.46902]],[[106.59487,17.46907],[106.59486,17.46881]]]},"properties":{"kind":"road","class":"secondary","ref":null,"name":"Đường Hà Huy Tập"}},{"type":"Feature","geometry":{"type":"LineString","coordinates":[[107.10667,17.01383],[107.10641,17.01392]]},"properties":{"kind":"road","class":"primary","ref":"QL.9D","name":"Cầu Cửa Tùng"}},{"type":"Feature","geometry":{"type":"LineString","coordinates":[[106.27373,17.51838],[106.27278,17.51883]]},"properties":{"kind":"road","class":"trunk","ref":"HCM","name":"Cầu Trạ Ang"}},{"type":"Feature","geometry":{"type":"LineString","coordinates":[[107.10782,17.07334],[107.1071,17.07161],[107.1043,17.06809],[107.10316,17.06651],[107.10196,17.06404]]},"properties":{"kind":"road","class":"secondary","ref":"573","name":null}},{"type":"Feature","geometry":{"type":"LineString","coordinates":[[107.26689,16.7039],[107.26193,16.70373],[107.26185,16.70363],[107.26172,16.70365],[107.26169,16.70378],[107.26179,16.70385],[107.26193,16.70373]]},"properties":{"kind":"road","class":"secondary","ref":"ĐT.584;ĐT.582","name":"Đường tỉnh 584;Đường tỉnh 582"}},{"type":"Feature","geometry":{"type":"LineString","coordinates":[[107.26172,16.70365],[107.26074,16.70313],[107.25629,16.70223],[107.25591,16.70209],[107.25313,16.69961],[107.2482,16.69499],[107.24361,16.69051]]},"properties":{"kind":"road","class":"secondary","ref":"ĐT.582","name":"Hùng Vương"}},{"type":"Feature","geometry":{"type":"LineString","coordinates":[[107.26185,16.70363],[107.26247,16.70243],[107.26325,16.70051],[107.26326,16.69962],[107.26261,16.6992],[107.2579,16.6965],[107.25255,16.69106],[107.24849,16.6869]]},"properties":{"kind":"road","class":"tertiary","ref":null,"name":"Ba Tháng Hai"}},{"type":"Feature","geometry":{"type":"MultiLineString","coordinates":[[[107.22994,16.71424],[107.2306,16.71443],[107.2361,16.71402],[107.24134,16.71355],[107.24273,16.71304],[107.24496,16.71154],[107.25262,16.70698],[107.25928,16.70476],[107.26169,16.70378]],[[107.26689,16.7039],[107.26713,16.70111],[107.26776,16.6978],[107.26894,16.69409],[107.27036,16.69142],[107.27191,16.68926],[107.27308,16.68748],[107.27609,16.6824],[107.27664,16.6747],[107.27706,16.66965],[107.28028,16.66345]],[[107.28063,16.6627],[107.28127,16.66174],[107.2875,16.65867],[107.30258,16.65106],[107.30311,16.65012],[107.30306,16.64962],[107.30041,16.64037],[107.30141,16.63836],[107.30184,16.63625],[107.30091,16.63456],[107.30085,16.63447]],[[107.22941,16.71386],[107.22891,16.71382],[107.22821,16.71443],[107.22084,16.71934],[107.21996,16.72011],[107.2179,16.72215],[107.21715,16.7227],[107.21507,16.7247],[107.21238,16.72713],[107.20979,16.72961],[107.20842,16.73066],[107.20301,16.73379]]]},"properties":{"kind":"road","class":"secondary","ref":"ĐT.584","name":"Đường tỉnh 584"}},{"type":"Feature","geometry":{"type":"MultiLineString","coordinates":[[[107.19098,16.74738],[107.18809,16.74686],[107.18523,16.74677]],[[107.10243,16.81263],[107.10168,16.81421]]]},"properties":{"kind":"road","class":"tertiary","ref":null,"name":"Lê Hồng Phong"}},{"type":"Feature","geometry":{"type":"LineString","coordinates":[[107.18444,16.75152],[107.18573,16.75115],[107.19099,16.74961]]},"properties":{"kind":"road","class":"tertiary","ref":null,"name":"Quang Trung"}},{"type":"Feature","geometry":{"type":"LineString","coordinates":[[107.18748,16.76382],[107.18748,16.76249],[107.18677,16.75872],[107.18633,16.7576],[107.18503,16.754],[107.18444,16.75152]]},"properties":{"kind":"road","class":"tertiary","ref":null,"name":"Ngô Quyền"}},{"type":"Feature","geometry":{"type":"LineString","coordinates":[[107.19271,16.7556],[107.19037,16.75601],[107.18747,16.75714],[107.18633,16.7576],[107.18565,16.75784]]},"properties":{"kind":"road","class":"trunk","ref":"QL.1","name":"Phan Đình Phùng"}},{"type":"Feature","geometry":{"type":"LineString","coordinates":[[107.19124,16.73994],[107.19118,16.73883],[107.19078,16.73788],[107.18946,16.73588],[107.18943,16.73583],[107.1894,16.73579],[107.1885,16.73443]]},"properties":{"kind":"road","class":"tertiary","ref":null,"name":"Phan Bội Châu"}},{"type":"Feature","geometry":{"type":"LineString","coordinates":[[107.18251,16.7377],[107.18325,16.73756],[107.18506,16.73669],[107.18692,16.73532],[107.18716,16.73485],[107.1885,16.73443],[107.18857,16.73436]]},"properties":{"kind":"road","class":"tertiary","ref":null,"name":"Phan Thành Chung"}},{"type":"Feature","geometry":{"type":"LineString","coordinates":[[107.28063,16.6627],[107.28028,16.66345]]},"properties":{"kind":"road","class":"secondary","ref":"ĐT.584","name":"Cầu Bến Đá"}},{"type":"Feature","geometry":{"type":"MultiLineString","coordinates":[[[107.34668,16.76765],[107.34252,16.7624],[107.34235,16.76217],[107.33399,16.75151],[107.3331,16.75028],[107.33037,16.74688],[107.32486,16.73979],[107.32066,16.73446],[107.32009,16.7339],[107.31993,16.73375],[107.31163,16.72558],[107.31122,16.72518],[107.30755,16.72157],[107.30242,16.71794],[107.30221,16.71778],[107.29587,16.7133],[107.29419,16.71191],[107.29394,16.71165],[107.29302,16.71065],[107.28674,16.70429],[107.28628,16.70385],[107.28481,16.70233],[107.27979,16.69728],[107.27964,16.69713],[107.27191,16.68926],[107.27033,16.6879],[107.26567,16.68375],[107.26144,16.6797],[107.25894,16.67722],[107.25888,16.67716]],[[107.01674,16.36313],[107.01569,16.36183],[107.01564,16.36144],[107.016,16.36056],[107.01611,16.36022],[107.01559,16.35986],[107.01424,16.35996],[107.01354,16.36112],[107.01308,16.36131],[107.01231,16.36167],[107.01122,16.36255],[107.01056,16.3626],[107.01014,16.36236],[107.00981,16.36114],[107.00865,16.36087],[107.00667,16.36103],[107.00544,16.36064],[107.00434,16.35942],[107.00321,16.35872],[107.0027,16.35813],[107.00093,16.35697],[107.00012,16.35683],[106.99912,16.35604],[106.99797,16.35611],[106.99719,16.35662],[106.99625,16.35632],[106.9956,16.35638],[106.99236,16.3557],[106.99214,16.35548],[106.99185,16.35376],[106.99143,16.35251],[106.99057,16.35188],[106.99014,16.35125],[106.98952,16.34918],[106.98916,16.34837],[106.98909,16.3476],[106.98858,16.34712],[106.9875,16.34671],[106.98744,16.34603],[106.98798,16.34534],[106.98786,16.34428],[106.98791,16.34268],[106.98763,16.34094],[106.98775,16.33981],[106.98805,16.33946],[106.98846,16.33939],[106.98958,16.33929],[106.99135,16.33713],[106.99145,16.33694],[106.99213,16.3365],[106.99188,16.33591],[106.99185,16.33476],[106.99226,16.33469],[106.99282,16.33328],[106.99371,16.33327],[106.99415,16.33173],[106.99353,16.3312],[106.99308,16.33201],[106.99226,16.33139],[106.99206,16.33201],[106.99156,16.33215],[106.99105,16.33172],[106.99025,16.33216],[106.98997,16.33089],[106.98887,16.33081],[106.98859,16.33],[106.9891,16.32953],[106.98844,16.32902],[106.98864,16.32782],[106.98799,16.32783],[106.98763,16.327],[106.98674,16.32635],[106.98679,16.32532],[106.98563,16.32487],[106.98551,16.32373],[106.98481,16.32363],[106.98478,16.32255],[106.98339,16.32206],[106.98295,16.32147],[106.98172,16.32093],[106.98161,16.31964],[106.98232,16.3188],[106.9822,16.3187],[106.98164,16.31877],[106.98065,16.31806],[106.98002,16.31863],[106.97891,16.31752],[106.97845,16.31673],[106.9775,16.31673],[106.97719,16.31626],[106.97577,16.31571],[106.97475,16.31598],[106.97422,16.31515],[106.97231,16.31558],[106.972,16.31623],[106.97121,16.31631],[106.97071,16.31593],[106.96997,16.31592],[106.9679,16.31382],[106.96729,16.31365],[106.96647,16.31254]],[[106.96997,16.31592],[106.96926,16.31606],[106.9674,16.31425],[106.96729,16.31365]]]},"properties":{"kind":"road","class":"trunk","ref":"QL.15D","name":"Quốc lộ 15D"}},{"type":"Feature","geometry":{"type":"LineString","coordinates":[[107.21291,16.71607],[107.21653,16.71788],[107.21757,16.71864],[107.21996,16.72011],[107.22,16.72015],[107.22008,16.72021],[107.22109,16.72154],[107.2218,16.72189],[107.22226,16.72203],[107.22422,16.7232],[107.22499,16.72341],[107.22612,16.72335],[107.22673,16.72383],[107.22693,16.72531],[107.22724,16.72586],[107.22838,16.72663],[107.22933,16.72694],[107.2301,16.72694],[107.23246,16.72734],[107.23492,16.72819],[107.23641,16.72949],[107.23714,16.72946],[107.24038,16.72635],[107.24284,16.72599],[107.25326,16.72794],[107.2586,16.72834],[107.25931,16.72891],[107.25974,16.73083],[107.26029,16.73398],[107.26049,16.73511],[107.26065,16.7379],[107.26129,16.74101],[107.26275,16.74163],[107.26309,16.74238],[107.26366,16.74448],[107.26581,16.75121],[107.26594,16.75145],[107.266,16.75157],[107.26635,16.75225],[107.2672,16.75352],[107.26763,16.75478],[107.26734,16.75652],[107.26661,16.75864],[107.26528,16.76183],[107.26495,16.76391],[107.26377,16.76777],[107.2635,16.77093],[107.2635,16.77103],[107.26352,16.77129]]},"properties":{"kind":"road","class":"tertiary","ref":"ĐH.6","name":"Đường Huyện 6"}},{"type":"Feature","geometry":{"type":"MultiLineString","coordinates":[[[107.15871,16.77314],[107.16015,16.77135],[107.16145,16.77007],[107.16326,16.7688],[107.16435,16.76775],[107.16648,16.76522],[107.16877,16.76159]],[[107.12757,16.79796],[107.13147,16.79935],[107.1328,16.7996],[107.13989,16.80283],[107.14229,16.80386],[107.14426,16.80458]]]},"properties":{"kind":"road","class":"tertiary","ref":null,"name":"Nguyễn Hoàng"}},{"type":"Feature","geometry":{"type":"MultiLineString","coordinates":[[[107.14965,16.77],[107.15102,16.76996],[107.1525,16.77012],[107.15462,16.77052]],[[106.95721,16.74499],[106.95745,16.73883],[106.95761,16.73603],[106.95792,16.73531],[106.95787,16.73135],[106.95831,16.72709],[106.95886,16.72463],[106.9588,16.72427],[106.95786,16.72331],[106.95809,16.72244],[106.95914,16.72144],[106.9619,16.71921],[106.96538,16.71675],[106.96567,16.71487],[106.96645,16.71452],[106.96622,16.71403],[106.96505,16.71348],[106.96429,16.71201],[106.9643,16.7109],[106.96411,16.70982],[106.96431,16.70878],[106.96503,16.70802],[106.96788,16.7065],[106.97035,16.70367],[106.97081,16.70302],[106.97201,16.70189],[106.97334,16.70134],[106.9743,16.70054],[106.97504,16.70036],[106.97611,16.69835],[106.9764,16.6975],[106.97811,16.69681],[106.9796,16.69674],[106.98061,16.69632],[106.98142,16.69648],[106.98252,16.6957],[106.98359,16.6943],[106.98442,16.69362],[106.98547,16.69332],[106.98556,16.69282],[106.98546,16.69245],[106.98586,16.69188],[106.98785,16.69172],[106.98973,16.69237],[106.99105,16.69319],[106.99202,16.69338],[106.99355,16.69417],[106.9952,16.69523],[106.99574,16.69515],[106.99862,16.69394],[106.99968,16.69442],[107.0011,16.69464],[107.00258,16.69542],[107.00341,16.69541],[107.00401,16.69574],[107.00396,16.69645],[107.00478,16.69689],[107.00603,16.69715],[107.00659,16.69605],[107.00735,16.69559],[107.00824,16.69585],[107.00981,16.69486],[107.0102,16.69446],[107.01263,16.69431],[107.01344,16.69396],[107.01484,16.69381],[107.01545,16.69357],[107.01611,16.69279],[107.01632,16.69102],[107.01691,16.6905],[107.01807,16.68989],[107.0195,16.68806],[107.02047,16.68733],[107.02134,16.68704],[107.02264,16.68721],[107.02373,16.68648],[107.02584,16.68664],[107.02711,16.68643],[107.02836,16.68601],[107.02977,16.68608],[107.03074,16.6852],[107.0315,16.68478],[107.0327,16.68478],[107.03383,16.6845],[107.03442,16.68458],[107.03522,16.6843],[107.03742,16.68511],[107.038,16.68573],[107.03824,16.6867],[107.03911,16.68681],[107.04193,16.68858],[107.04278,16.68852],[107.04364,16.68805],[107.04409,16.68844],[107.04618,16.68926],[107.04726,16.6895],[107.04876,16.68908],[107.05014,16.68763],[107.0512,16.68776],[107.0532,16.68659],[107.05431,16.68635],[107.05486,16.687],[107.05433,16.68832],[107.05375,16.68922],[107.05367,16.69019],[107.05403,16.69128],[107.0556,16.69193],[107.05558,16.69268],[107.05516,16.69466],[107.05566,16.69608],[107.05633,16.69662],[107.05771,16.69706],[107.05851,16.69777],[107.06066,16.6994],[107.06355,16.70341],[107.06451,16.70532],[107.0653,16.70634],[107.06971,16.70855],[107.06996,16.70869],[107.07033,16.70888],[107.07347,16.71169],[107.07546,16.71274],[107.07743,16.71362],[107.0819,16.71487],[107.08359,16.7161],[107.08531,16.7175],[107.0861,16.71891],[107.08688,16.71993],[107.08852,16.72059],[107.09137,16.72247],[107.09215,16.72314],[107.09324,16.72463],[107.09394,16.72523],[107.0952,16.72576],[107.09786,16.7259],[107.09892,16.72611],[107.10109,16.72758],[107.10154,16.72819],[107.10199,16.72977],[107.10351,16.73163],[107.10391,16.73193],[107.10575,16.73234],[107.10688,16.73376],[107.10808,16.73698],[107.10952,16.73975],[107.11062,16.74392],[107.11097,16.745],[107.11164,16.74552],[107.11693,16.74605],[107.11875,16.74682],[107.11932,16.74734],[107.12196,16.75115],[107.123,16.75167],[107.12643,16.75077],[107.12699,16.75077],[107.1285,16.75122],[107.12939,16.75176],[107.1333,16.75545],[107.134,16.75634],[107.13479,16.75844],[107.13592,16.75941],[107.14039,16.76275],[107.14094,16.76336],[107.14213,16.76547],[107.1426,16.76686],[107.14263,16.76696],[107.14298,16.76744],[107.14496,16.76757],[107.14721,16.76802],[107.14774,16.76834],[107.14814,16.76969],[107.14872,16.77003]]]},"properties":{"kind":"road","class":"secondary","ref":"ĐT.579","name":"Đường tỉnh 579"}},{"type":"Feature","geometry":{"type":"LineString","coordinates":[[107.19271,16.7556],[107.19174,16.75326],[107.19099,16.74961],[107.19098,16.74738],[107.19083,16.74501],[107.19148,16.7427],[107.19143,16.7412],[107.19143,16.74113],[107.19124,16.74003]]},"properties":{"kind":"road","class":"primary","ref":"QL.49C","name":"Hai Bà Trưng"}},{"type":"Feature","geometry":{"type":"LineString","coordinates":[[107.19471,16.71018],[107.19358,16.71451],[107.19257,16.7179],[107.19244,16.71966],[107.19261,16.72093],[107.19331,16.7242],[107.19331,16.72456],[107.19226,16.72826],[107.1913,16.7313],[107.19094,16.733],[107.19095,16.73489],[107.19096,16.73492],[107.19096,16.73495],[107.19106,16.73659],[107.19128,16.73726],[107.19201,16.73841],[107.19212,16.74002]]},"properties":{"kind":"road","class":"secondary","ref":null,"name":"Lê Lợi"}},{"type":"Feature","geometry":{"type":"LineString","coordinates":[[107.00557,17.07248],[107.00556,17.07416],[107.0054,17.07439],[107.00413,17.07468],[107.00106,17.07755]]},"properties":{"kind":"road","class":"tertiary","ref":null,"name":"Hai Bà Trưng"}},{"type":"Feature","geometry":{"type":"MultiLineString","coordinates":[[[107.1029,16.81761],[107.10175,16.81863],[107.10072,16.81898],[107.09917,16.81833]],[[107.09018,16.82057],[107.09143,16.81898],[107.09232,16.81847],[107.09519,16.8185],[107.09733,16.81775],[107.09775,16.81778],[107.09904,16.81828]]]},"properties":{"kind":"road","class":"tertiary","ref":null,"name":"Nguyễn Huệ"}},{"type":"Feature","geometry":{"type":"LineString","coordinates":[[107.09252,16.81127],[107.09323,16.80942],[107.09354,16.80845],[107.09432,16.80795],[107.09518,16.80826]]},"properties":{"kind":"road","class":"tertiary","ref":null,"name":"Chu Mạnh Trinh"}},{"type":"Feature","geometry":{"type":"LineString","coordinates":[[107.11522,16.7994],[107.11512,16.79941],[107.1136,16.79898],[107.10902,16.79701],[107.10886,16.79694]]},"properties":{"kind":"road","class":"tertiary","ref":null,"name":"Đại Cồ Việt"}},{"type":"Feature","geometry":{"type":"LineString","coordinates":[[107.08999,16.83108],[107.09155,16.83099],[107.09339,16.83146]]},"properties":{"kind":"road","class":"tertiary","ref":null,"name":"Phạm Ngũ Lão"}},{"type":"Feature","geometry":{"type":"LineString","coordinates":[[107.09266,16.80033],[107.08952,16.80253]]},"properties":{"kind":"road","class":"tertiary","ref":null,"name":"Đường Lê Đức Thọ"}},{"type":"Feature","geometry":{"type":"LineString","coordinates":[[106.61694,17.48128],[106.61595,17.47703],[106.61516,17.47342],[106.61512,17.47204],[106.61536,17.4708],[106.61548,17.46968]]},"properties":{"kind":"road","class":"tertiary","ref":null,"name":"Đường Lý Nam Đế"}},{"type":"Feature","geometry":{"type":"LineString","coordinates":[[106.59957,17.46628],[106.60108,17.46649],[106.60351,17.46646]]},"properties":{"kind":"road","class":"primary","ref":"QL.9E","name":"Cầu vượt Thuận Lý - QL.9E"}},{"type":"Feature","geometry":{"type":"LineString","coordinates":[[106.6035,17.46652],[106.60106,17.46654],[106.59954,17.46632]]},"properties":{"kind":"road","class":"primary","ref":"QL.9E","name":"Cầu vượt Thuận Lý"}},{"type":"Feature","geometry":{"type":"MultiLineString","coordinates":[[[106.59498,17.4692],[106.59471,17.46932],[106.59486,17.4691]],[[106.56632,17.48645],[106.57542,17.48524],[106.576,17.48508],[106.57725,17.48404],[106.57917,17.48224],[106.58044,17.48131],[106.58467,17.47951],[106.58488,17.47928],[106.58684,17.47727],[106.58724,17.47686],[106.58974,17.47435],[106.59317,17.47081],[106.59471,17.46932]]]},"properties":{"kind":"road","class":"primary","ref":"QL.9E","name":"Đường Phan Đình Phùng"}},{"type":"Feature","geometry":{"type":"LineString","coordinates":[[106.61139,17.46919],[106.61112,17.46919]]},"properties":{"kind":"road","class":"primary","ref":"QL.9E","name":"Cầu Rào"}},{"type":"Feature","geometry":{"type":"MultiLineString","coordinates":[[[106.59502,17.46919],[106.59536,17.46916],[106.59507,17.46906]],[[106.59846,17.46604],[106.59825,17.4666],[106.59835,17.46599]],[[106.5979,17.46807],[106.5979,17.46808],[106.59771,17.46877],[106.59536,17.46916]],[[106.59825,17.4666],[106.59792,17.46801],[106.5979,17.46807]]]},"properties":{"kind":"road","class":"primary","ref":"QL.9E","name":"Đường Hoàng Diệu"}},{"type":"Feature","geometry":{"type":"LineString","coordinates":[[106.59901,17.47536],[106.6018,17.47547],[106.60376,17.47613]]},"properties":{"kind":"road","class":"secondary","ref":"ĐT.568","name":"Đường Hà Văn Quan"}},{"type":"Feature","geometry":{"type":"LineString","coordinates":[[106.59771,17.46877],[106.59761,17.46959],[106.59613,17.47156],[106.59549,17.47172]]},"properties":{"kind":"road","class":"tertiary","ref":null,"name":"Nguyễn Hữu Dật"}},{"type":"Feature","geometry":{"type":"MultiLineString","coordinates":[[[106.60829,17.48348],[106.60829,17.48337],[106.60827,17.48156],[106.60762,17.47918],[106.60766,17.47635],[106.60782,17.47324],[106.60784,17.46997],[106.60784,17.46982]],[[106.6084,17.48345],[106.6084,17.48334],[106.60842,17.48184],[106.60775,17.47918],[106.60778,17.47636],[106.60793,17.47366],[106.60795,17.4699],[106.60795,17.46975]]]},"properties":{"kind":"road","class":"tertiary","ref":null,"name":"Đường Nguyễn Văn Linh"}},{"type":"Feature","geometry":{"type":"LineString","coordinates":[[106.59849,17.46603],[106.59954,17.46632]]},"properties":{"kind":"road","class":"primary","ref":"QL.9E","name":"Trần Hưng Đạo"}},{"type":"Feature","geometry":{"type":"LineString","coordinates":[[106.60248,17.47335],[106.60022,17.47329],[106.59897,17.47418],[106.59769,17.47459],[106.59664,17.47421],[106.59579,17.47268],[106.59549,17.47172],[106.59317,17.47081]]},"properties":{"kind":"road","class":"tertiary","ref":null,"name":"Đường Tôn Thất Tùng"}},{"type":"Feature","geometry":{"type":"MultiLineString","coordinates":[[[106.6042,17.47232],[106.6044,17.46781],[106.60441,17.46732],[106.60442,17.46728],[106.60453,17.46694]],[[106.60436,17.46688],[106.60442,17.46728]]]},"properties":{"kind":"road","class":"secondary","ref":"ĐT.568B","name":"Đường Tố Hữu"}},{"type":"Feature","geometry":{"type":"MultiLineString","coordinates":[[[106.60279,17.47415],[106.60248,17.47335],[106.60242,17.47051],[106.60264,17.46916],[106.60401,17.46772],[106.60441,17.46732]],[[107.20267,16.73562],[107.20267,16.73558]]]},"properties":{"kind":"road","class":"tertiary","ref":null,"name":"Võ Thị Sáu"}},{"type":"Feature","geometry":{"type":"LineString","coordinates":[[106.60255,17.4664],[106.6026,17.46558],[106.60487,17.46246],[106.60788,17.45987],[106.60844,17.45953],[106.60974,17.45984],[106.61168,17.45847],[106.61347,17.45779],[106.61427,17.45779],[106.61439,17.45779],[106.61551,17.45747],[106.61665,17.45617],[106.61848,17.45523],[106.61924,17.45427],[106.62071,17.45446]]},"properties":{"kind":"road","class":"tertiary","ref":null,"name":"Đường Nguyễn Văn Cừ"}},{"type":"Feature","geometry":{"type":"MultiLineString","coordinates":[[[106.63423,17.47395],[106.63446,17.47376],[106.64065,17.46479],[106.64374,17.46056],[106.64597,17.45764],[106.64607,17.45752],[106.64982,17.45292],[106.64989,17.45263]],[[106.63446,17.4741],[106.63454,17.4739],[106.64081,17.46482],[106.64387,17.46064],[106.64609,17.45772],[106.64618,17.4576],[106.64982,17.45311],[106.65019,17.45283]],[[106.65071,17.45217],[106.65076,17.45198],[106.65623,17.44528]],[[106.65614,17.44521],[106.65084,17.45167],[106.65041,17.45194]]]},"properties":{"kind":"road","class":"secondary","ref":"ĐT.569","name":"Đường Võ Nguyên Giáp"}},{"type":"Feature","geometry":{"type":"MultiLineString","coordinates":[[[106.65034,17.45284],[106.64989,17.45318],[106.64625,17.45764],[106.64616,17.45776],[106.64218,17.46304],[106.63646,17.47124],[106.6345,17.4742]],[[106.63406,17.47396],[106.63438,17.47371],[106.64056,17.46478],[106.64185,17.46297],[106.6459,17.45759],[106.64599,17.45747],[106.64967,17.45298],[106.64983,17.45251]],[[106.65605,17.44515],[106.65077,17.45162],[106.65025,17.45193]],[[106.65076,17.45233],[106.65087,17.45199],[106.65632,17.44534]],[[106.46497,17.75511],[106.46217,17.75428],[106.45985,17.7537],[106.45445,17.75272],[106.4507,17.7518],[106.45012,17.75175],[106.442,17.75171]],[[106.44197,17.75159],[106.4505,17.75165],[106.45074,17.75169],[106.45546,17.75279],[106.46081,17.75377],[106.46501,17.75499]]]},"properties":{"kind":"road","class":"tertiary","ref":null,"name":"Đường Võ Nguyên Giáp"}},{"type":"Feature","geometry":{"type":"MultiLineString","coordinates":[[[106.6343,17.47453],[106.6341,17.47472],[106.63315,17.47749],[106.63296,17.47764],[106.63289,17.47765],[106.6318,17.47731],[106.63296,17.47757],[106.63289,17.47765]],[[106.63394,17.47446],[106.63398,17.47467],[106.63296,17.47757]]]},"properties":{"kind":"road","class":"tertiary","ref":null,"name":"Đường Mỹ Cảnh"}},{"type":"Feature","geometry":{"type":"LineString","coordinates":[[106.60205,17.45064],[106.60215,17.45053],[106.60372,17.44941],[106.60458,17.4481],[106.61066,17.44348]]},"properties":{"kind":"road","class":"tertiary","ref":null,"name":"Đường Phan Huy Ích"}},{"type":"Feature","geometry":{"type":"MultiLineString","coordinates":[[[106.5981,17.45355],[106.60027,17.45284],[106.60085,17.45342],[106.60206,17.45318],[106.60273,17.45311],[106.60618,17.45146],[106.60854,17.44932],[106.6109,17.44711],[106.61237,17.44693],[106.61281,17.44545]],[[107.07695,16.81648],[107.07691,16.81768],[107.07713,16.82142]]]},"properties":{"kind":"road","class":"tertiary","ref":null,"name":"Trần Nhật Duật"}},{"type":"Feature","geometry":{"type":"MultiLineString","coordinates":[[[106.62142,17.45791],[106.62156,17.45831],[106.62162,17.45849],[106.62283,17.46202],[106.62282,17.46217]],[[106.62404,17.46379],[106.62378,17.46332],[106.62349,17.46317],[106.62382,17.4632],[106.62433,17.46296]],[[106.623,17.46229],[106.62299,17.46242],[106.62291,17.46233]],[[106.62293,17.46212],[106.62283,17.46202]],[[106.62299,17.46242],[106.62349,17.46317]]]},"properties":{"kind":"road","class":"secondary","ref":"ĐT.570B","name":"Đường Lê Lợi"}},{"type":"Feature","geometry":{"type":"MultiLineString","coordinates":[[[106.61631,17.46058],[106.61656,17.46083],[106.6181,17.46244],[106.61823,17.46258],[106.61953,17.46416]],[[106.61947,17.4642],[106.61816,17.46264],[106.61803,17.4625],[106.61649,17.46088],[106.61624,17.46064]]]},"properties":{"kind":"road","class":"tertiary","ref":null,"name":"23 Tháng 8"}},{"type":"Feature","geometry":{"type":"LineString","coordinates":[[106.59792,17.46801],[106.59934,17.4687],[106.5979,17.46808]]},"properties":{"kind":"road","class":"tertiary","ref":null,"name":"Thuận Lý"}},{"type":"Feature","geometry":{"type":"LineString","coordinates":[[106.59897,17.47418],[106.59901,17.47536]]},"properties":{"kind":"road","class":"tertiary","ref":null,"name":"Đường Trần Văn Hòa"}},{"type":"Feature","geometry":{"type":"LineString","coordinates":[[107.16699,16.77537],[107.16715,16.77517],[107.16929,16.77263],[107.16937,16.77238],[107.16835,16.77117],[107.16643,16.76946],[107.16588,16.76908]]},"properties":{"kind":"road","class":"tertiary","ref":"TL 64","name":null}},{"type":"Feature","geometry":{"type":"MultiLineString","coordinates":[[[107.00162,17.07033],[107.00171,17.0704]],[[106.54192,17.48434],[106.542,17.48541]],[[105.76572,17.67896],[105.76615,17.67923]],[[105.85477,17.88019],[105.85445,17.88034]],[[105.82354,17.90501],[105.82341,17.90564],[105.82398,17.90577]],[[107.14452,16.80365],[107.14426,16.80458]],[[106.99733,16.86473],[106.99792,16.86345],[107.00022,16.86088],[107.00077,16.86018],[107.00082,16.85926],[107.00059,16.85887],[107.00039,16.85861],[107.0002,16.85837],[107.00011,16.85824],[106.99986,16.85793]],[[106.65039,17.38997],[106.64989,17.3895],[106.64998,17.38924]],[[106.63795,17.40169],[106.63779,17.40143],[106.63786,17.40132],[106.63808,17.40129],[106.63822,17.40151],[106.63795,17.40169]]]},"properties":{"kind":"road","class":"trunk","ref":null,"name":null}},{"type":"Feature","geometry":{"type":"MultiLineString","coordinates":[[[106.99912,17.07277],[106.99661,17.07053],[106.99552,17.07083],[106.99315,17.07189],[106.99047,17.07409],[106.98963,17.07466],[106.98603,17.07567],[106.98474,17.07685],[106.98379,17.07746],[106.98245,17.07786],[106.9791,17.07829]],[[107.09266,16.80033],[107.09217,16.79967],[107.09018,16.79877],[107.08904,16.79858],[107.08628,16.79895],[107.08618,16.79895]]]},"properties":{"kind":"road","class":"secondary","ref":null,"name":"Nguyễn Du"}},{"type":"Feature","geometry":{"type":"LineString","coordinates":[[107.00254,17.07897],[107.00106,17.07755],[106.99885,17.07615],[106.99713,17.07503],[106.99703,17.07495]]},"properties":{"kind":"road","class":"tertiary","ref":null,"name":"Đinh Tiên Hoàng"}},{"type":"Feature","geometry":{"type":"MultiLineString","coordinates":[[[107.00557,17.07248],[107.00686,17.07118],[107.00855,17.06988],[107.01217,17.06723],[107.01806,17.06217]],[[106.61477,17.4635],[106.61571,17.4645],[106.61583,17.46463],[106.61718,17.4661]],[[106.6171,17.46617],[106.61574,17.4647],[106.61563,17.46458],[106.61469,17.46358]]]},"properties":{"kind":"road","class":"tertiary","ref":null,"name":"Trần Phú"}},{"type":"Feature","geometry":{"type":"LineString","coordinates":[[106.25994,17.65242],[106.25991,17.65383]]},"properties":{"kind":"road","class":"trunk","ref":"QL.15;HCM","name":"Cầu Vĩnh Sơn"}},{"type":"Feature","geometry":{"type":"LineString","coordinates":[[106.85418,16.76599],[106.85498,16.76621]]},"properties":{"kind":"road","class":"trunk","ref":"QL.9","name":"Cầu Khe Van"}},{"type":"Feature","geometry":{"type":"MultiLineString","coordinates":[[[106.61482,17.45887],[106.60938,17.46188],[106.60584,17.46434],[106.60535,17.46499],[106.60445,17.46669]],[[106.60461,17.46674],[106.60559,17.46484],[106.60611,17.4643],[106.60949,17.46199],[106.61492,17.45904]],[[106.62078,17.45568],[106.61587,17.45836],[106.61506,17.45875]],[[106.61516,17.45891],[106.62079,17.45583]]]},"properties":{"kind":"road","class":"secondary","ref":"ĐT.568B","name":"Đường Phạm Văn Đồng"}},{"type":"Feature","geometry":{"type":"LineString","coordinates":[[106.59012,16.62285],[106.59013,16.62285]]},"properties":{"kind":"road","class":"trunk","ref":"9E","name":null}},{"type":"Feature","geometry":{"type":"LineString","coordinates":[[106.22889,17.80036],[106.22725,17.7981]]},"properties":{"kind":"road","class":"secondary","ref":"ĐT.559F","name":"Cầu Châu Hóa"}},{"type":"Feature","geometry":{"type":"MultiLineString","coordinates":[[[106.22889,17.80036],[106.22902,17.80054],[106.22825,17.80164]],[[106.20362,17.77179],[106.20424,17.7736],[106.20612,17.77592],[106.20594,17.77661],[106.20464,17.77794],[106.20337,17.77972],[106.20259,17.78135],[106.20314,17.78167],[106.20598,17.78056],[106.20748,17.78007],[106.20786,17.78027],[106.2077,17.78179],[106.20711,17.78196],[106.20639,17.78291],[106.20599,17.78373],[106.20464,17.78486],[106.20375,17.78544],[106.20328,17.78667],[106.20344,17.78736],[106.2029,17.78827],[106.20219,17.78894],[106.20153,17.78893],[106.20139,17.78979],[106.20091,17.78997],[106.2007,17.79147],[106.20016,17.79244],[106.20049,17.79317],[106.20202,17.79279],[106.2024,17.79229],[106.20345,17.79227],[106.20421,17.79191],[106.20453,17.78983],[106.20422,17.78921],[106.20507,17.78851],[106.20605,17.78858],[106.20723,17.78898],[106.20799,17.78823],[106.20875,17.7879],[106.2108,17.7863],[106.21178,17.78645],[106.2133,17.78551],[106.2137,17.7859],[106.21469,17.78558],[106.21582,17.78627],[106.21607,17.78693],[106.21526,17.78821],[106.21538,17.78918],[106.21586,17.78949],[106.21713,17.78911],[106.21848,17.78922],[106.22013,17.78855],[106.22127,17.78825],[106.22191,17.78906],[106.22308,17.78978],[106.22432,17.79075],[106.2292,17.79394],[106.22628,17.79611],[106.22614,17.79657],[106.22704,17.79782],[106.22725,17.7981]],[[106.23055,17.80024],[106.22951,17.80061],[106.22902,17.80054]]]},"properties":{"kind":"road","class":"secondary","ref":"ĐT.559F","name":"Đường tỉnh 559F"}},{"type":"Feature","geometry":{"type":"MultiLineString","coordinates":[[[106.00135,17.91047],[106.00292,17.91065],[106.00385,17.91136],[106.00398,17.91226],[106.00338,17.91278],[106.00285,17.91401],[106.00242,17.91455],[106.00116,17.91526],[105.99999,17.91766],[105.99817,17.91992],[105.99715,17.92092],[105.99538,17.92161],[105.99377,17.92251],[105.9912,17.92359],[105.9894,17.92423],[105.98794,17.92563],[105.98629,17.92653],[105.98288,17.92664],[105.98236,17.92682],[105.97987,17.92826],[105.97737,17.92919],[105.97543,17.9301],[105.97332,17.93095],[105.97199,17.93193],[105.97075,17.93401],[105.97025,17.93573],[105.97021,17.9398],[105.97008,17.94026],[105.96826,17.94234],[105.96769,17.94314],[105.96648,17.94423],[105.96522,17.94653],[105.96376,17.94813],[105.96192,17.9504],[105.96109,17.9523],[105.96036,17.9537],[105.96005,17.95397],[105.95963,17.95416],[105.95726,17.9549],[105.95408,17.95566],[105.95033,17.95725],[105.9495,17.95769],[105.94721,17.95945],[105.94431,17.96187],[105.94327,17.96317],[105.94106,17.96477],[105.93972,17.96624],[105.93742,17.9674],[105.93611,17.9686],[105.93462,17.97083],[105.93387,17.97225],[105.93331,17.97407],[105.93301,17.97442],[105.93187,17.97494],[105.93129,17.97542],[105.93063,17.9771],[105.92897,17.97832],[105.9282,17.97882],[105.92345,17.98184],[105.9222,17.9832],[105.92123,17.98456],[105.92204,17.98585],[105.92172,17.98628],[105.92077,17.9861],[105.91932,17.98683],[105.91896,17.98749],[105.91844,17.9878],[105.9177,17.9876],[105.91709,17.98802],[105.91668,17.98872],[105.91584,17.98875],[105.9152,17.98915],[105.91536,17.98996],[105.91512,17.99101],[105.91549,17.99238],[105.91474,17.99281],[105.91356,17.99347],[105.91358,17.9949],[105.91174,17.99703],[105.91064,17.99706],[105.90977,17.99659],[105.90899,17.99689],[105.90856,17.99766],[105.90703,17.99904],[105.9068,17.99968],[105.90634,17.99992],[105.90585,18.00083],[105.90516,18.00277],[105.90547,18.00333],[105.90484,18.00455],[105.90499,18.0058],[105.90394,18.00688],[105.90377,18.00868],[105.90217,18.01023],[105.90014,18.01173],[105.89941,18.01214],[105.89915,18.01232],[105.89767,18.01351],[105.89592,18.01569],[105.89531,18.01663],[105.8937,18.01847],[105.89271,18.01927],[105.89132,18.0201],[105.88914,18.02172],[105.88772,18.02239],[105.88119,18.02388],[105.88097,18.02393],[105.87972,18.02418],[105.87773,18.02416],[105.87655,18.0245],[105.87562,18.02453],[105.87441,18.02536],[105.87298,18.02571],[105.87211,18.0253],[105.87118,18.02513],[105.86967,18.02459],[105.86796,18.02485],[105.86407,18.02569],[105.8636,18.0259],[105.86188,18.02721],[105.86087,18.02868],[105.86006,18.02878]],[[105.99959,17.90952],[105.99904,17.90919],[105.99872,17.90826],[105.99909,17.90754],[106.0009,17.9063],[106.00191,17.90574],[106.00355,17.90442],[106.00554,17.90322],[106.00683,17.90325],[106.00833,17.903],[106.00954,17.90295],[106.01156,17.9012],[106.01243,17.90088],[106.01516,17.89962],[106.01621,17.89938],[106.01696,17.89869],[106.0172,17.8985],[106.01818,17.89757],[106.01885,17.89667],[106.0203,17.89431],[106.02185,17.89111],[106.02225,17.88984],[106.0237,17.88665],[106.0249,17.88511]]]},"properties":{"kind":"road","class":"primary","ref":"QL.15","name":"Quốc lộ 15"}},{"type":"Feature","geometry":{"type":"LineString","coordinates":[[106.57709,17.44308],[106.57946,17.44403],[106.57963,17.44484],[106.58172,17.44502],[106.58259,17.44674]]},"properties":{"kind":"road","class":"tertiary","ref":null,"name":"Đường Phan Đăng Lưu"}},{"type":"Feature","geometry":{"type":"MultiLineString","coordinates":[[[106.57852,17.0844],[106.57851,17.08496],[106.57767,17.08539],[106.5761,17.08555],[106.57477,17.08636],[106.57378,17.08649],[106.57412,17.08707],[106.57403,17.0882],[106.57493,17.08881],[106.57665,17.08912],[106.57714,17.08887],[106.57764,17.08931],[106.57827,17.08893],[106.57946,17.08886],[106.58008,17.08913],[106.58112,17.08916],[106.57989,17.09009],[106.57854,17.09062],[106.5796,17.09126],[106.58111,17.09187],[106.58158,17.09286],[106.58174,17.09392],[106.58167,17.09485],[106.58085,17.0958],[106.58067,17.09731],[106.58059,17.09764],[106.57954,17.09826],[106.57988,17.09881],[106.58089,17.0992],[106.58203,17.0992],[106.58268,17.09962],[106.5824,17.10045],[106.58328,17.10055],[106.58418,17.10139],[106.5842,17.10294],[106.58497,17.10326],[106.5848,17.10376],[106.58407,17.1042],[106.58461,17.10542],[106.58424,17.10717],[106.58444,17.10947],[106.58513,17.10961],[106.58469,17.1107],[106.58519,17.1129],[106.58525,17.11462],[106.58414,17.11633],[106.58362,17.11681],[106.58383,17.1172],[106.58502,17.11726],[106.58585,17.11765],[106.58658,17.11826],[106.58777,17.11849],[106.58885,17.11846],[106.58909,17.11869],[106.58984,17.11939],[106.58989,17.12179],[106.59033,17.12293],[106.58983,17.12353],[106.58976,17.12438],[106.58921,17.1246],[106.58761,17.12595],[106.58654,17.1265],[106.58688,17.12746],[106.58757,17.12794],[106.58894,17.12857],[106.58926,17.12922],[106.58931,17.13],[106.58889,17.13134],[106.589,17.13257],[106.58985,17.13363],[106.59062,17.13351],[106.59106,17.13383],[106.59142,17.13465],[106.59213,17.13562],[106.59151,17.13608],[106.59083,17.13711],[106.59169,17.13817],[106.59167,17.14003],[106.59211,17.1404],[106.59236,17.14115],[106.59253,17.14293],[106.59306,17.14359],[106.5929,17.14411],[106.59366,17.14464],[106.59369,17.14523],[106.59269,17.14602],[106.59271,17.1476],[106.59301,17.14776],[106.59404,17.14736],[106.59463,17.1479],[106.59574,17.14751],[106.59689,17.14747],[106.59736,17.14802],[106.59839,17.1478],[106.59927,17.14806],[106.60024,17.148],[106.60091,17.14873],[106.60181,17.14879],[106.60284,17.15011],[106.60466,17.1505],[106.60473,17.15155],[106.60551,17.15258],[106.60665,17.15456],[106.60676,17.15545],[106.60716,17.15604],[106.60741,17.15785],[106.60729,17.15853],[106.60743,17.16019],[106.60808,17.16289],[106.60798,17.16369],[106.60814,17.16622],[106.60808,17.16704],[106.6085,17.1682],[106.60946,17.16967],[106.61017,17.17047],[106.61032,17.17098],[106.6095,17.17179],[106.60957,17.17295],[106.60844,17.17458],[106.60831,17.17569],[106.60859,17.17626],[106.60801,17.17666],[106.60725,17.17759],[106.6084,17.17779],[106.60917,17.17863],[106.60977,17.17876],[106.611,17.17841],[106.61214,17.179],[106.61521,17.17951],[106.61654,17.17914],[106.61741,17.17947],[106.61996,17.18206],[106.62046,17.18231],[106.62134,17.18223],[106.62185,17.18189],[106.62259,17.18224],[106.62276,17.18303],[106.62373,17.18366],[106.62354,17.18436],[106.62428,17.18541],[106.62559,17.18658],[106.62667,17.18726],[106.62793,17.18758],[106.62916,17.18817],[106.62983,17.18875],[106.63055,17.19027],[106.63025,17.1931],[106.62979,17.19416],[106.62981,17.19571],[106.6273,17.19787],[106.62631,17.19933],[106.62682,17.20154],[106.62703,17.20176],[106.62895,17.20265],[106.62911,17.20292],[106.62923,17.20644],[106.62896,17.2084],[106.62905,17.20881],[106.63029,17.21087],[106.631,17.21155],[106.63284,17.21384],[106.63407,17.21551],[106.63415,17.21675],[106.63333,17.21766],[106.63212,17.21863],[106.63006,17.21972],[106.62951,17.22026],[106.62919,17.22276],[106.62916,17.22533],[106.62958,17.22645],[106.63016,17.22704],[106.63242,17.22878],[106.63289,17.22958],[106.6335,17.23235],[106.63357,17.23344],[106.63385,17.23414],[106.63564,17.23612],[106.63712,17.23745],[106.63823,17.23816],[106.63855,17.23873],[106.63991,17.23868],[106.64241,17.23899],[106.64314,17.23937],[106.64417,17.23935],[106.64544,17.24039],[106.64794,17.24167],[106.64928,17.24216],[106.65091,17.24203],[106.65146,17.24224],[106.65276,17.2436],[106.65357,17.24429],[106.65392,17.24536],[106.65489,17.24709],[106.65489,17.24758],[106.65372,17.25007],[106.65373,17.25035],[106.65581,17.25607],[106.65607,17.25776],[106.65615,17.25918],[106.65655,17.26066],[106.65664,17.26079],[106.65781,17.26248],[106.6579,17.264],[106.65835,17.26525],[106.65933,17.26817],[106.65865,17.27078],[106.6588,17.27119],[106.65907,17.2714],[106.6593,17.27188],[106.65813,17.27317],[106.65761,17.27462],[106.65844,17.27531],[106.65851,17.27537],[106.65904,17.2759],[106.66049,17.27781],[106.66194,17.2789],[106.6637,17.2797],[106.66435,17.28016],[106.66387,17.28116],[106.66434,17.28383],[106.66466,17.28861],[106.6649,17.29111],[106.6649,17.29119],[106.66478,17.29411],[106.66461,17.29596],[106.66486,17.2985],[106.66532,17.30196],[106.66559,17.30395],[106.66623,17.30655],[106.66628,17.30673],[106.66673,17.30862],[106.66925,17.31569],[106.66936,17.3161],[106.66894,17.31947],[106.6684,17.32612],[106.66863,17.32659],[106.66919,17.33076],[106.66958,17.33744],[106.66953,17.3378],[106.66958,17.33843],[106.67061,17.34163],[106.67276,17.34827],[106.67316,17.34953],[106.67339,17.35101],[106.67387,17.35405],[106.6746,17.35865],[106.67481,17.36038],[106.6746,17.36318],[106.67471,17.36383],[106.67633,17.36564]],[[106.72186,17.37549],[106.72055,17.37474],[106.71851,17.37406],[106.71619,17.37324],[106.70938,17.37029],[106.70654,17.36872],[106.70601,17.36864],[106.70014,17.36843],[106.69907,17.36844],[106.69656,17.36782],[106.69483,17.36777],[106.69291,17.36736],[106.69052,17.3674],[106.68991,17.3673],[106.68856,17.36669],[106.68826,17.36647],[106.68864,17.36658],[106.6905,17.36728],[106.6929,17.36724],[106.69471,17.36761],[106.69709,17.36778],[106.69903,17.36831],[106.70014,17.36843]],[[106.57219,17.08557],[106.5714,17.08505],[106.57033,17.0849],[106.56937,17.0843],[106.56806,17.08417],[106.5676,17.08337],[106.56681,17.08296],[106.56674,17.0823],[106.56738,17.08194],[106.56835,17.08192],[106.56931,17.08117],[106.56874,17.08018],[106.56766,17.08017],[106.56732,17.07956],[106.56757,17.07821],[106.56694,17.07679],[106.56529,17.07496],[106.56556,17.07322],[106.5643,17.07189],[106.564,17.07094],[106.56315,17.07109],[106.56274,17.07088],[106.56165,17.06896],[106.56042,17.06808],[106.56036,17.06763],[106.56119,17.06587],[106.56362,17.06583],[106.56452,17.06469],[106.56385,17.06371],[106.56281,17.0631],[106.56207,17.06292],[106.56084,17.06302],[106.55873,17.06137],[106.55668,17.06157],[106.55563,17.06203],[106.55489,17.06272],[106.55454,17.0626],[106.55429,17.06132],[106.55387,17.06105],[106.55328,17.05984],[106.5536,17.0587],[106.55349,17.05816],[106.55138,17.05746],[106.55109,17.05632],[106.54964,17.05539],[106.54695,17.0553],[106.54674,17.05606],[106.546,17.05695],[106.54617,17.05907],[106.54561,17.05994],[106.5456,17.06057],[106.54656,17.06182],[106.54655,17.0628],[106.54585,17.06328],[106.54452,17.06318],[106.54334,17.06392],[106.5428,17.06353],[106.54208,17.0637],[106.54184,17.063],[106.54105,17.06234],[106.53978,17.06218],[106.539,17.06171],[106.53831,17.06177],[106.53717,17.06226],[106.5362,17.06218],[106.5351,17.0632],[106.53299,17.06324],[106.53101,17.06317],[106.53069,17.06306],[106.53019,17.06324],[106.53016,17.06414],[106.53076,17.06493],[106.53045,17.06563],[106.52912,17.06572],[106.5276,17.06478],[106.52606,17.06463],[106.5246,17.06539],[106.52384,17.06542],[106.52321,17.06583],[106.52284,17.06696],[106.52221,17.06721],[106.52159,17.06709],[106.52133,17.06703],[106.52085,17.06718],[106.52019,17.07008],[106.51878,17.0711],[106.51813,17.07213],[106.51812,17.07354],[106.5176,17.07514],[106.51675,17.07561],[106.51643,17.07483],[106.51517,17.07404],[106.51452,17.07482],[106.51467,17.07574],[106.51525,17.07682],[106.5153,17.07765],[106.51282,17.07792],[106.51011,17.0778],[106.50792,17.07707],[106.50673,17.07706],[106.50486,17.07627],[106.50344,17.07598],[106.5026,17.07615],[106.50177,17.07575],[106.5006,17.07618],[106.49949,17.07592],[106.49705,17.07673],[106.49535,17.0766],[106.49228,17.07622],[106.49104,17.07551],[106.48956,17.07515],[106.48799,17.07519],[106.48689,17.07558],[106.48512,17.07548],[106.48305,17.07657],[106.48224,17.07622],[106.48144,17.07508],[106.48064,17.07469],[106.47984,17.07396],[106.47927,17.07309],[106.47875,17.07186],[106.47766,17.07007],[106.47678,17.06888],[106.47658,17.06792],[106.47651,17.06641],[106.47548,17.06602],[106.47416,17.06663],[106.47351,17.06623],[106.47215,17.06379],[106.47301,17.063],[106.47332,17.06244],[106.47267,17.06172],[106.47168,17.06137],[106.47062,17.06071],[106.47067,17.06013],[106.47217,17.05959],[106.47244,17.05862],[106.47251,17.05708],[106.47103,17.05475],[106.47128,17.05394],[106.47354,17.0529],[106.47462,17.05162],[106.47447,17.05095],[106.47437,17.05066],[106.4742,17.04991],[106.47459,17.04915],[106.47484,17.04788],[106.47473,17.04712],[106.47397,17.04577],[106.47328,17.04512],[106.47235,17.04479],[106.47183,17.04464],[106.46996,17.04501],[106.46796,17.04417],[106.46711,17.04409],[106.46597,17.04484],[106.46524,17.04568],[106.46433,17.04549],[106.46229,17.04616],[106.46118,17.04672],[106.45896,17.04725],[106.4583,17.04697],[106.45787,17.04628],[106.45802,17.04414],[106.45769,17.04278],[106.45724,17.04222],[106.45686,17.04114],[106.45654,17.03898],[106.45577,17.03887],[106.45473,17.0393],[106.45432,17.03951],[106.45331,17.03922],[106.45288,17.03859],[106.45173,17.03811],[106.45118,17.03763],[106.44927,17.0369],[106.44929,17.03489],[106.44973,17.03387],[106.44867,17.03288],[106.44795,17.0327],[106.4475,17.03169],[106.44741,17.0309],[106.44657,17.02786],[106.44586,17.02739],[106.44472,17.0271],[106.44439,17.02648],[106.44466,17.02589],[106.44436,17.02514],[106.44447,17.02456],[106.44548,17.02368],[106.44558,17.02288],[106.44495,17.02207],[106.44598,17.02125],[106.44608,17.01993],[106.44646,17.01895],[106.44715,17.01805],[106.44695,17.01727],[106.44642,17.01642],[106.44653,17.0151],[106.44507,17.01365],[106.44438,17.01319],[106.44416,17.01298],[106.44402,17.01225],[106.44458,17.01069],[106.44614,17.00816],[106.44561,17.00797],[106.44465,17.00859],[106.44409,17.00808],[106.44353,17.0084],[106.44368,17.00952],[106.44285,17.0103],[106.44202,17.0106],[106.44181,17.01135],[106.44093,17.01139],[106.43999,17.01019],[106.43908,17.01063],[106.43733,17.01041],[106.43661,17.00997],[106.43544,17.01036],[106.43492,17.01007],[106.43469,17.00945],[106.4337,17.00902],[106.43372,17.00741],[106.43301,17.00655],[106.4324,17.00709],[106.43187,17.0071],[106.43154,17.00642],[106.4308,17.006],[106.42935,17.00596],[106.42851,17.00664]],[[106.67613,17.36595],[106.6774,17.3663],[106.68083,17.36671],[106.68324,17.36718],[106.68442,17.36711],[106.68667,17.36667],[106.68757,17.3664],[106.68826,17.36647]]]},"properties":{"kind":"road","class":"primary","ref":"QL.9B","name":"Quốc lộ 9B"}},{"type":"Feature","geometry":{"type":"MultiLineString","coordinates":[[[106.65039,17.38997],[106.65121,17.39007],[106.65042,17.38982]],[[106.86859,17.2033],[106.86898,17.20417],[106.86873,17.20324]],[[106.68864,17.36658],[106.69444,17.35762],[106.69773,17.35306],[106.70054,17.35003],[106.70984,17.34053],[106.71448,17.33597],[106.71865,17.33163],[106.72395,17.32634],[106.72591,17.32462],[106.72922,17.32246],[106.73031,17.32175],[106.73807,17.31591],[106.74899,17.30744],[106.751,17.30595],[106.75366,17.30416],[106.75506,17.3034],[106.76243,17.29944],[106.77572,17.29269],[106.7845,17.28815],[106.78683,17.28671],[106.78953,17.28488],[106.79164,17.2832],[106.79416,17.28086],[106.80348,17.27149],[106.8154,17.25954],[106.81883,17.25628],[106.81896,17.25619],[106.82145,17.25422],[106.8244,17.25219],[106.83674,17.24402],[106.84128,17.24103],[106.84501,17.23846],[106.84793,17.23609],[106.84979,17.23431],[106.85897,17.2246],[106.8599,17.2238],[106.86143,17.22287],[106.86812,17.22],[106.87019,17.21855],[106.8715,17.21671],[106.87206,17.21484],[106.87217,17.21301],[106.87187,17.21144],[106.86898,17.20417]],[[106.65121,17.39007],[106.65145,17.39013],[106.65741,17.39136],[106.66101,17.39206],[106.66222,17.3922],[106.66336,17.3921],[106.66524,17.39165],[106.66693,17.3906],[106.67227,17.38542],[106.68158,17.37635],[106.68316,17.37464],[106.68461,17.37269],[106.68856,17.36669],[106.68864,17.36658]]]},"properties":{"kind":"road","class":"trunk","ref":"QL.1","name":"Đường tránh lũ - QL.1"}},{"type":"Feature","geometry":{"type":"MultiLineString","coordinates":[[[106.64148,17.03846],[106.64219,17.03871],[106.64243,17.03936],[106.64353,17.0391],[106.64436,17.04009],[106.64479,17.04027],[106.64657,17.03971],[106.64688,17.03937],[106.64798,17.03944],[106.6486,17.03992],[106.64982,17.04014],[106.6513,17.04178],[106.652,17.04216],[106.65374,17.04386],[106.65533,17.04487],[106.65561,17.04565],[106.65506,17.04634],[106.65507,17.04726],[106.65647,17.04798],[106.65725,17.04809],[106.65787,17.04877],[106.65787,17.04966],[106.65736,17.05019],[106.65799,17.05094],[106.65893,17.05061],[106.66038,17.05082],[106.66112,17.05174],[106.66272,17.05192],[106.66368,17.05279],[106.66551,17.05315],[106.66687,17.0531],[106.66814,17.05346],[106.66907,17.05344],[106.67042,17.05481],[106.67206,17.05577],[106.67251,17.05625],[106.67279,17.05663],[106.6737,17.05719],[106.67452,17.05797],[106.67457,17.05845],[106.67409,17.05947],[106.67425,17.06034],[106.67418,17.06129],[106.67335,17.06256],[106.67372,17.06336],[106.6753,17.06404],[106.67694,17.06416],[106.67769,17.06484],[106.67829,17.065],[106.67922,17.06446],[106.68079,17.06455],[106.68131,17.065],[106.68126,17.06559],[106.68076,17.06724],[106.68113,17.06775],[106.68225,17.06789],[106.68323,17.0668],[106.68361,17.06663],[106.68569,17.06644],[106.68676,17.06575],[106.68751,17.0661],[106.68756,17.06693],[106.68887,17.06744],[106.68957,17.06673],[106.69004,17.0666],[106.69098,17.06738],[106.69157,17.06698],[106.69235,17.06698],[106.69453,17.06903],[106.69583,17.06902],[106.69646,17.06912],[106.69796,17.07016],[106.69863,17.07006],[106.69911,17.06926],[106.70056,17.06918],[106.70209,17.06941],[106.70351,17.06874],[106.70423,17.06912],[106.70447,17.07038],[106.70443,17.07139],[106.70531,17.072],[106.70576,17.07226],[106.70697,17.073],[106.70734,17.07425],[106.70798,17.07507],[106.70846,17.07513],[106.70936,17.07463],[106.71001,17.07373],[106.71098,17.07377],[106.71139,17.07409],[106.71126,17.07538],[106.71197,17.07557],[106.71257,17.07507],[106.71353,17.07365],[106.71404,17.0737],[106.71484,17.07438],[106.71664,17.07469],[106.71836,17.07459],[106.71989,17.07472],[106.72104,17.07498],[106.72217,17.07568],[106.72273,17.0772],[106.72298,17.07768],[106.72425,17.07923],[106.72545,17.08027],[106.72691,17.08062],[106.72836,17.07964],[106.72869,17.0794],[106.72916,17.07902],[106.72964,17.07783],[106.73063,17.07738],[106.73223,17.07618],[106.73322,17.07612],[106.73359,17.07655],[106.73295,17.0782],[106.73329,17.07872],[106.73511,17.07986],[106.73601,17.0812],[106.73659,17.08175],[106.73752,17.08205],[106.73941,17.08387],[106.74117,17.08448],[106.74196,17.0852],[106.74211,17.08648],[106.74302,17.08752],[106.74446,17.0879],[106.74757,17.08945],[106.74909,17.09075],[106.74945,17.09211],[106.74994,17.09262],[106.75064,17.09265],[106.75129,17.09322],[106.75148,17.09378],[106.75143,17.09452],[106.75136,17.09522],[106.75113,17.09751],[106.7505,17.09908],[106.75015,17.0994],[106.74911,17.09969],[106.74838,17.10011],[106.74809,17.10078],[106.7488,17.10527],[106.74896,17.10578],[106.7498,17.10644],[106.75092,17.10692],[106.75157,17.10751],[106.75254,17.1097],[106.75282,17.11036],[106.75301,17.11153],[106.75161,17.11617],[106.75166,17.1172],[106.7525,17.11972],[106.75258,17.12001],[106.7527,17.12065],[106.75214,17.12236],[106.75078,17.12367],[106.749,17.1263],[106.74829,17.12701],[106.74616,17.12854],[106.7451,17.12991],[106.74467,17.13222],[106.74486,17.13293],[106.74663,17.13462],[106.7479,17.13684],[106.74783,17.13783],[106.74763,17.13823],[106.74664,17.14019],[106.74616,17.14302],[106.74615,17.1438],[106.74647,17.14613],[106.74662,17.14837],[106.74688,17.1491],[106.74835,17.15047],[106.74982,17.15128],[106.75071,17.15278],[106.75262,17.15689],[106.75271,17.15707],[106.75279,17.15724],[106.75295,17.15758],[106.75455,17.16108],[106.75481,17.16179],[106.7547,17.16377],[106.75401,17.16507],[106.75176,17.16757],[106.75157,17.1689],[106.75172,17.17169],[106.75201,17.1723],[106.75412,17.17533],[106.75544,17.1776],[106.75691,17.17934],[106.76006,17.18147],[106.76086,17.18227],[106.76092,17.18237],[106.76137,17.18279],[106.76217,17.18338],[106.76276,17.18384],[106.76293,17.18426],[106.76251,17.18646],[106.76737,17.18749],[106.77016,17.18779],[106.77401,17.1888],[106.77538,17.18879],[106.77946,17.18991],[106.77982,17.19007],[106.7817,17.19063],[106.7825,17.1911],[106.78362,17.1923],[106.78508,17.19268],[106.78707,17.20233],[106.78795,17.20647]],[[106.81883,17.25628],[106.81735,17.25479],[106.81081,17.24956],[106.80994,17.24901],[106.80865,17.24844],[106.80861,17.24834],[106.80872,17.24838],[106.81,17.24888],[106.81093,17.24944],[106.81749,17.25471],[106.81896,17.25619]]]},"properties":{"kind":"road","class":"primary","ref":"QL.9C","name":"Quốc lộ 9C"}},{"type":"Feature","geometry":{"type":"LineString","coordinates":[[106.93575,16.74811],[106.94191,16.74723],[106.94238,16.74698],[106.94506,16.74484],[106.94606,16.74452],[106.95031,16.74486],[106.95323,16.74503],[106.95721,16.74499],[106.96184,16.74485],[106.96228,16.74552],[106.96453,16.74801],[106.96518,16.74853],[106.96575,16.74853],[106.96596,16.7522],[106.96583,16.75342],[106.96606,16.75416],[106.96747,16.7564],[106.96808,16.75876],[106.96807,16.76039],[106.96833,16.76125],[106.96988,16.76254],[106.97173,16.76539],[106.9727,16.76762],[106.97335,16.76832],[106.97427,16.76889],[106.97533,16.76883],[106.97634,16.76837],[106.97707,16.76917],[106.97729,16.77004],[106.9767,16.77071],[106.97612,16.77189],[106.97648,16.77283],[106.97809,16.77353],[106.97785,16.77425],[106.97805,16.77626],[106.97981,16.77633],[106.98029,16.77651],[106.98075,16.77775],[106.98203,16.77804],[106.98281,16.77849],[106.98428,16.77895],[106.98523,16.77996],[106.98395,16.78076],[106.98361,16.78219],[106.98245,16.78429],[106.98124,16.7889],[106.98102,16.7927],[106.98103,16.79522],[106.98118,16.79682],[106.982,16.79895],[106.98198,16.80026]]},"properties":{"kind":"road","class":"secondary","ref":"ĐT.585","name":"Đường tỉnh 585"}},{"type":"Feature","geometry":{"type":"LineString","coordinates":[[107.15566,16.88874],[107.15378,16.89014],[107.15157,16.8916],[107.14821,16.89493],[107.14696,16.89587],[107.1452,16.89831],[107.14313,16.90088],[107.14138,16.90318],[107.13747,16.90564],[107.13464,16.90632],[107.13127,16.90739],[107.12657,16.90845],[107.12476,16.90914],[107.12106,16.91073],[107.11972,16.91162],[107.11821,16.91314],[107.11674,16.916],[107.11526,16.91797],[107.11389,16.9189],[107.11061,16.92036],[107.10971,16.92167],[107.10971,16.92297],[107.10898,16.92373],[107.10866,16.92386],[107.10709,16.92453],[107.10331,16.92418],[107.09226,16.92518],[107.0872,16.92547],[107.08649,16.92521],[107.086,16.92502],[107.08297,16.92375],[107.07876,16.92267],[107.07709,16.92238],[107.07702,16.92237]]},"properties":{"kind":"road","class":"secondary","ref":"ĐT.575A","name":"Đường tỉnh 575A"}},{"type":"Feature","geometry":{"type":"LineString","coordinates":[[107.03348,16.62517],[107.03361,16.62662],[107.03229,16.62726],[107.03053,16.62886],[107.02842,16.63134],[107.0244,16.63381],[107.02194,16.63425],[107.01795,16.63527],[107.01412,16.63637],[107.01044,16.63711],[107.00887,16.63734],[107.00615,16.63798],[107.00419,16.63753],[107.00233,16.63807],[107.00208,16.63816],[107.00145,16.6385],[107.00051,16.63945],[106.99878,16.6406],[106.99676,16.64127],[106.99642,16.64162],[106.99484,16.64245],[106.99392,16.64259],[106.99311,16.64332],[106.99155,16.64371],[106.99018,16.64435],[106.98958,16.6448],[106.98494,16.64614],[106.98441,16.64619],[106.98426,16.64618],[106.98294,16.64662],[106.98122,16.64701],[106.97779,16.64696],[106.97689,16.6475],[106.97627,16.64738],[106.97495,16.64817],[106.97478,16.64832],[106.97417,16.6487],[106.97283,16.64875],[106.97141,16.64853],[106.97051,16.64879],[106.97015,16.64951],[106.97041,16.65056],[106.97077,16.65173],[106.97094,16.65279],[106.97008,16.65315],[106.96675,16.65415],[106.96383,16.65472],[106.96214,16.65557],[106.96083,16.6565],[106.95918,16.65734],[106.95879,16.65797],[106.95819,16.65806],[106.95695,16.65867],[106.95643,16.65958],[106.95458,16.65972],[106.95369,16.6592],[106.95033,16.65925],[106.94918,16.66001],[106.94768,16.66002],[106.94703,16.65977],[106.94568,16.65976],[106.94504,16.65996],[106.94395,16.65994],[106.94319,16.6597],[106.94228,16.65974],[106.94125,16.66022],[106.93951,16.65996],[106.93858,16.66022],[106.93669,16.66103],[106.93375,16.66269],[106.93274,16.66289],[106.93113,16.66394],[106.93106,16.66496],[106.93006,16.66456],[106.92887,16.6655],[106.92801,16.66586],[106.92671,16.66722],[106.92514,16.66783],[106.9241,16.66806],[106.92319,16.66854],[106.9227,16.66945],[106.92102,16.6702],[106.9203,16.67118],[106.91908,16.67175],[106.91781,16.67292],[106.91693,16.67354],[106.91552,16.67488],[106.91351,16.67541],[106.91223,16.67595],[106.9097,16.67744],[106.90819,16.67788],[106.90651,16.67807],[106.90512,16.67735],[106.90471,16.67743],[106.90353,16.67822],[106.90279,16.67906],[106.90261,16.68031],[106.90221,16.68092],[106.90203,16.6823],[106.90212,16.68306],[106.90086,16.68446],[106.89597,16.68621]]},"properties":{"kind":"road","class":"secondary","ref":"ĐT.588A","name":"Đường tỉnh 588A"}},{"type":"Feature","geometry":{"type":"LineString","coordinates":[[106.14438,17.84251],[106.14619,17.84374]]},"properties":{"kind":"road","class":"trunk","ref":"QL.12A","name":"Cầu Chợ Gát"}},{"type":"Feature","geometry":{"type":"LineString","coordinates":[[106.02279,17.88524],[106.02305,17.88524],[106.02315,17.88524],[106.02345,17.88524]]},"properties":{"kind":"road","class":"trunk","ref":"QL.12A;QL.12C","name":"Quốc lộ 12A, 12C"}},{"type":"Feature","geometry":{"type":"LineString","coordinates":[[106.17535,17.82427],[106.17675,17.82492]]},"properties":{"kind":"road","class":"trunk","ref":"QL.12A","name":"Cầu Minh Cầm"}},{"type":"Feature","geometry":{"type":"LineString","coordinates":[[105.95807,17.86375],[105.95702,17.86605],[105.95544,17.86797],[105.95461,17.86982],[105.95488,17.87047],[105.95555,17.8705],[105.95639,17.86986],[105.95723,17.87053],[105.95709,17.87188],[105.95775,17.87313],[105.9582,17.8733],[105.95932,17.87309],[105.96007,17.87344],[105.96102,17.87324],[105.9639,17.87374],[105.9658,17.87335],[105.96613,17.87427],[105.9653,17.87508],[105.96565,17.87537],[105.96639,17.87489],[105.96727,17.87508],[105.96855,17.87486],[105.96844,17.87549],[105.96769,17.8769],[105.96774,17.87873],[105.96864,17.87917],[105.97038,17.87885],[105.97106,17.87818],[105.97239,17.87866],[105.97423,17.87871],[105.97454,17.87927],[105.97412,17.88011],[105.97444,17.88168],[105.97639,17.88314],[105.9802,17.88434],[105.98239,17.88512],[105.98396,17.88552],[105.98492,17.88647],[105.98717,17.88709],[105.9883,17.88677],[105.98951,17.8872],[105.98991,17.88712],[105.9912,17.88579],[105.99237,17.88407],[105.99296,17.88378],[105.99479,17.88411],[105.99597,17.88407],[105.99717,17.88331],[105.99841,17.884],[106.00082,17.88414],[106.00143,17.88397],[106.00345,17.88279],[106.00467,17.88252],[106.00625,17.88297],[106.00659,17.88313],[106.00832,17.88388],[106.01092,17.88435],[106.01404,17.88477],[106.0153,17.88542],[106.0166,17.88677],[106.01742,17.88722],[106.01845,17.88721],[106.01911,17.88721],[106.02013,17.88694],[106.02232,17.88543],[106.02279,17.88524]]},"properties":{"kind":"road","class":"trunk","ref":"QL.12A;QL.12C;QL.15","name":"Quốc lộ 12A, 12C, 15"}},{"type":"Feature","geometry":{"type":"MultiLineString","coordinates":[[[105.85427,17.8799],[105.85445,17.88034],[105.85452,17.88164],[105.85485,17.88211],[105.85661,17.88349],[105.85831,17.88325],[105.85902,17.88386],[105.85858,17.88493],[105.85877,17.88566],[105.85936,17.88655],[105.86051,17.88717],[105.86194,17.88693],[105.86308,17.88729],[105.86351,17.88781],[105.86376,17.88923],[105.86463,17.89021],[105.86569,17.89081],[105.86657,17.89307],[105.86842,17.89559],[105.86875,17.89689],[105.86949,17.89763],[105.86991,17.90019],[105.87024,17.9015],[105.8712,17.90253],[105.87144,17.90307],[105.87143,17.90416],[105.87121,17.90494],[105.87045,17.90592],[105.87028,17.90662],[105.87074,17.90707],[105.87265,17.90725],[105.87444,17.90853],[105.87584,17.90975],[105.8778,17.91092],[105.87861,17.91094],[105.87913,17.91025],[105.87994,17.91015],[105.88178,17.91136],[105.88236,17.91199],[105.88321,17.91239],[105.88439,17.91196],[105.88564,17.91188],[105.88651,17.91109],[105.88608,17.90993],[105.88625,17.90914],[105.88726,17.90849],[105.88763,17.90765],[105.88882,17.90683],[105.88937,17.90687],[105.89005,17.90805],[105.89126,17.90842],[105.89201,17.90831],[105.89247,17.90866],[105.89256,17.9094],[105.89355,17.91025],[105.89422,17.91023],[105.89443,17.90969],[105.89436,17.90823],[105.89521,17.90751],[105.89583,17.90767],[105.896,17.90851],[105.89656,17.90884],[105.89793,17.90862],[105.8993,17.90867],[105.89989,17.90831],[105.90014,17.90719],[105.8995,17.90657],[105.89944,17.90595],[105.90019,17.90419],[105.90097,17.90381],[105.90246,17.90415],[105.90369,17.90475],[105.90489,17.90571],[105.90614,17.90625],[105.90677,17.90607],[105.90728,17.90544],[105.90842,17.90532],[105.90926,17.90496],[105.9099,17.90403],[105.91087,17.90205],[105.91179,17.89952],[105.91264,17.89825],[105.91223,17.89639],[105.91228,17.89596],[105.9161,17.89075],[105.9174,17.8897],[105.92142,17.88978],[105.92213,17.88979],[105.92357,17.88978],[105.92408,17.88937],[105.92617,17.88466],[105.92657,17.88412],[105.92872,17.88288],[105.92924,17.88287],[105.93111,17.88355],[105.93179,17.88434],[105.93228,17.88448],[105.93405,17.88374],[105.93638,17.88263],[105.93795,17.88071],[105.94087,17.87673],[105.94104,17.87527],[105.94168,17.87312],[105.94329,17.87136],[105.9447,17.86958],[105.9481,17.86686],[105.95238,17.8625],[105.95289,17.86213],[105.95492,17.8617],[105.9568,17.86274],[105.95754,17.86317],[105.95807,17.86375]],[[106.04892,17.95656],[106.04772,17.95648],[106.04667,17.95709],[106.04308,17.9585],[106.04168,17.95945],[106.04105,17.95968],[106.03994,17.95973],[106.03932,17.96002],[106.03844,17.96124],[106.03792,17.96151],[106.03727,17.96154],[106.03557,17.96115],[106.03492,17.96126],[106.03301,17.96301],[106.03244,17.96496],[106.03141,17.96547],[106.0295,17.96512],[106.02828,17.96413],[106.02738,17.96382],[106.02447,17.96326],[106.02383,17.96241],[106.02458,17.96103],[106.02467,17.9605],[106.02423,17.95973],[106.02354,17.95921],[106.02329,17.95861],[106.02357,17.95808],[106.0244,17.95775],[106.02495,17.95725],[106.02473,17.95666],[106.0229,17.95629],[106.02217,17.9555],[106.02232,17.95423],[106.02283,17.95144],[106.02291,17.95049],[106.02332,17.94908],[106.02391,17.94875],[106.02631,17.94836],[106.02804,17.94746],[106.02802,17.94643],[106.02829,17.94563],[106.02923,17.94504],[106.02927,17.94438],[106.02989,17.9439],[106.03072,17.94417],[106.03122,17.94384],[106.03192,17.94238],[106.03173,17.94164],[106.03175,17.94055],[106.03091,17.93994],[106.02995,17.93832],[106.03004,17.93713],[106.02911,17.93595],[106.02948,17.93436],[106.02999,17.93335],[106.03025,17.93221],[106.03068,17.93146],[106.03035,17.93085],[106.0294,17.93076],[106.02901,17.9304],[106.02942,17.9289],[106.02932,17.92754],[106.02841,17.92641],[106.02768,17.92642],[106.02703,17.92713],[106.02645,17.92718],[106.02603,17.92677],[106.02595,17.92553],[106.02503,17.92432],[106.02391,17.92465],[106.02325,17.92452],[106.02286,17.92328],[106.02237,17.92263],[106.02273,17.92195],[106.02284,17.92083],[106.02322,17.91872],[106.02406,17.91755],[106.02408,17.91483],[106.02471,17.91394],[106.0249,17.91312],[106.02454,17.91264],[106.02392,17.91251],[106.02045,17.91113],[106.01947,17.91061],[106.0189,17.9092],[106.01923,17.90811],[106.02217,17.90519],[106.0224,17.90427],[106.02206,17.90357],[106.02123,17.90207],[106.02073,17.90067],[106.02109,17.90001],[106.0231,17.89815],[106.0261,17.89404],[106.02633,17.89292],[106.02551,17.88978],[106.02588,17.88862],[106.02727,17.88731],[106.02743,17.88696],[106.02692,17.88627],[106.02553,17.88517],[106.0249,17.88511],[106.02345,17.88524]]]},"properties":{"kind":"road","class":"trunk","ref":"QL.12C","name":"Quốc lộ 12C"}},{"type":"Feature","geometry":{"type":"LineString","coordinates":[[106.00135,17.91047],[105.99959,17.90952]]},"properties":{"kind":"road","class":"primary","ref":"QL.15","name":"Cầu Đò Vàng"}},{"type":"Feature","geometry":{"type":"MultiLineString","coordinates":[[[106.38418,17.77983],[106.38452,17.77712],[106.38484,17.77259],[106.38366,17.76384]],[[106.3842,17.77983],[106.38412,17.78108],[106.3832,17.78286],[106.37986,17.79656],[106.37973,17.79727],[106.3797,17.79742],[106.37726,17.80678],[106.37672,17.80874]]]},"properties":{"kind":"road","class":"secondary","ref":"ĐT.558E","name":"Đường tỉnh 558E"}},{"type":"Feature","geometry":{"type":"LineString","coordinates":[[106.4301,17.63026],[106.43213,17.63357],[106.43381,17.63643],[106.43428,17.63776],[106.43443,17.64295],[106.43414,17.64979],[106.4348,17.65197],[106.43636,17.65358],[106.43654,17.65436],[106.43569,17.65717],[106.43509,17.65813],[106.43396,17.65946],[106.42939,17.66544],[106.42655,17.66876],[106.42631,17.66975],[106.42519,17.67032],[106.42437,17.67106],[106.42387,17.67353],[106.42418,17.67492],[106.42389,17.67561],[106.42412,17.67654],[106.42332,17.67804],[106.42319,17.67946],[106.42335,17.67988],[106.42431,17.68025],[106.42545,17.68096],[106.42596,17.68234],[106.42582,17.68282],[106.42509,17.68313],[106.42488,17.68408],[106.42603,17.6857],[106.42693,17.68623],[106.42826,17.68729],[106.42856,17.68772],[106.42958,17.68837],[106.43057,17.68964],[106.43141,17.68993],[106.43246,17.68989],[106.43293,17.69053],[106.43331,17.6918],[106.43385,17.69502],[106.43475,17.69735],[106.43495,17.69759],[106.43941,17.70092],[106.43995,17.70136],[106.44119,17.7034]]},"properties":{"kind":"road","class":"secondary","ref":"TL.2B","name":"Tỉnh lộ 2B"}},{"type":"Feature","geometry":{"type":"LineString","coordinates":[[106.52522,17.57377],[106.52485,17.57312],[106.52475,17.57297],[106.5242,17.57215],[106.52285,17.56953],[106.52159,17.56948]]},"properties":{"kind":"road","class":"tertiary","ref":null,"name":"Đường Nguyễn Trãi"}},{"type":"Feature","geometry":{"type":"LineString","coordinates":[[106.62385,17.32559],[106.62363,17.32375]]},"properties":{"kind":"road","class":"trunk","ref":"QL.15;HCM","name":"Cầu Long Đại"}},{"type":"Feature","geometry":{"type":"LineString","coordinates":[[106.61387,17.38355],[106.61475,17.38566],[106.61547,17.38724],[106.61563,17.38761],[106.61793,17.39269],[106.61852,17.39387],[106.62006,17.39634],[106.6205,17.39735],[106.62154,17.39907],[106.62324,17.40042],[106.62579,17.40131],[106.62725,17.40275],[106.62824,17.40319],[106.62946,17.40301],[106.63206,17.40245],[106.63388,17.4022],[106.63497,17.40188],[106.63725,17.40156]]},"properties":{"kind":"road","class":"secondary","ref":"ĐT.569B","name":"Đường Quán Hàu - Vĩnh Ninh"}},{"type":"Feature","geometry":{"type":"MultiLineString","coordinates":[[[106.62421,17.3444],[106.62641,17.34361],[106.62698,17.34303],[106.62762,17.33803],[106.62816,17.33621],[106.62984,17.33222],[106.62987,17.33157],[106.62907,17.32893],[106.62816,17.32766],[106.62687,17.32716],[106.62673,17.32711],[106.62566,17.32672],[106.62413,17.32565],[106.62409,17.3255],[106.62391,17.32386],[106.62391,17.32382],[106.62396,17.3234],[106.62485,17.32241],[106.6275,17.32106],[106.62765,17.32098],[106.63062,17.31946],[106.63413,17.31777],[106.63542,17.31712],[106.63692,17.3163],[106.63791,17.31546],[106.63857,17.31418],[106.63915,17.31132],[106.63925,17.30862],[106.63945,17.30737],[106.64035,17.30494],[106.64099,17.30388],[106.64207,17.30203],[106.64308,17.29909],[106.64435,17.2948],[106.64545,17.2917],[106.64605,17.2903],[106.64673,17.28924],[106.64965,17.28509],[106.65332,17.27968],[106.65376,17.27908],[106.6571,17.27565],[106.65761,17.27462]],[[106.66754,17.26249],[106.66643,17.26347],[106.66233,17.26757],[106.66151,17.26857],[106.6593,17.27188]]]},"properties":{"kind":"road","class":"tertiary","ref":null,"name":"Quốc lộ 15 cũ"}},{"type":"Feature","geometry":{"type":"LineString","coordinates":[[106.58795,17.28171],[106.58828,17.2827],[106.58835,17.28385],[106.58828,17.28637],[106.58883,17.28785],[106.58979,17.28958],[106.59209,17.29178],[106.59403,17.29312],[106.59646,17.29522],[106.59719,17.29665],[106.59754,17.29689],[106.60121,17.2987],[106.60234,17.29977],[106.60331,17.30034],[106.60465,17.30081],[106.60622,17.3021],[106.60706,17.30252],[106.60784,17.30258],[106.60943,17.30416],[106.61047,17.30484],[106.61094,17.30587],[106.61164,17.306],[106.61295,17.30578],[106.61404,17.30594],[106.61493,17.30634],[106.61676,17.30754],[106.61987,17.3082],[106.62136,17.30732],[106.62203,17.30701],[106.62262,17.3069],[106.62466,17.30631],[106.62539,17.30698],[106.62658,17.30737],[106.62762,17.30833],[106.62766,17.30911],[106.62805,17.30987],[106.6292,17.31113],[106.62927,17.31122],[106.62936,17.31134],[106.62948,17.31148],[106.63007,17.31212],[106.63176,17.31259],[106.63283,17.31322]]},"properties":{"kind":"road","class":"tertiary","ref":null,"name":"Xuân Ninh Trường Xuân"}},{"type":"Feature","geometry":{"type":"LineString","coordinates":[[106.81639,16.65802],[106.81673,16.65629]]},"properties":{"kind":"road","class":"trunk","ref":"QL.14;HCM","name":"Cầu Đakrông"}},{"type":"Feature","geometry":{"type":"MultiLineString","coordinates":[[[106.79121,16.63987],[106.79009,16.63849],[106.78984,16.63723],[106.78926,16.63677],[106.78764,16.63684],[106.78635,16.63613],[106.78527,16.63582],[106.78321,16.63582],[106.78211,16.63675],[106.78168,16.63689],[106.78115,16.63632],[106.78141,16.63485],[106.78081,16.63429],[106.78026,16.63449],[106.77983,16.63548],[106.77968,16.63664],[106.77786,16.64018],[106.7761,16.6418],[106.77451,16.64217],[106.77187,16.64294],[106.77132,16.64278],[106.76995,16.64172],[106.76704,16.6405],[106.76589,16.63991],[106.76484,16.63914],[106.76358,16.63791],[106.76239,16.63727],[106.75983,16.63689],[106.75865,16.63632],[106.75682,16.63492],[106.7561,16.63423],[106.75441,16.63379],[106.74907,16.6345],[106.74797,16.63549],[106.74742,16.63537],[106.74585,16.63442],[106.74464,16.63454],[106.74367,16.63503],[106.74291,16.63572],[106.74213,16.63585],[106.74166,16.63531],[106.74145,16.63473]],[[106.79296,16.64007],[106.79401,16.63912],[106.79453,16.63796],[106.7961,16.63581],[106.7973,16.63511],[106.79836,16.6353],[106.80017,16.6366],[106.80064,16.63749],[106.80068,16.63834],[106.80106,16.64017],[106.80069,16.64126],[106.79991,16.64261],[106.79801,16.64501],[106.79708,16.64669],[106.7965,16.64728],[106.79574,16.6491],[106.79559,16.64993],[106.79498,16.65078],[106.79485,16.65165]],[[106.81631,16.65824],[106.81351,16.65712],[106.81292,16.65729],[106.81086,16.65734],[106.80697,16.65661],[106.80599,16.65667],[106.8041,16.65631],[106.80301,16.65561],[106.80193,16.65595],[106.80142,16.65657],[106.80046,16.65648],[106.79934,16.65577],[106.7988,16.65567],[106.79757,16.65589],[106.79697,16.65561]],[[106.79486,16.65219],[106.79493,16.65311],[106.79531,16.6538],[106.79623,16.65435],[106.79674,16.65521]]]},"properties":{"kind":"road","class":"trunk","ref":"QL.9;HCM","name":"Quốc lộ 9;Đường Hồ Chí Minh Nhánh Tây"}},{"type":"Feature","geometry":{"type":"LineString","coordinates":[[107.22941,16.71386],[107.22994,16.71424]]},"properties":{"kind":"road","class":"secondary","ref":"ĐT.584","name":"Cầu Nhùng"}},{"type":"Feature","geometry":{"type":"LineString","coordinates":[[106.95084,16.95294],[106.94989,16.95445]]},"properties":{"kind":"road","class":"trunk","ref":"HCM","name":"Cầu Bến Tắt"}},{"type":"Feature","geometry":{"type":"LineString","coordinates":[[107.07604,16.84029],[107.07689,16.84044],[107.0776,16.84057]]},"properties":{"kind":"road","class":"trunk","ref":"QL.9","name":"Cầu vượt Đường sắt"}},{"type":"Feature","geometry":{"type":"LineString","coordinates":[[107.08129,16.84129],[107.08103,16.84122]]},"properties":{"kind":"road","class":"trunk","ref":"QL.9","name":"Cầu Phường Giấy"}},{"type":"Feature","geometry":{"type":"MultiLineString","coordinates":[[[107.3043,16.63113],[107.30424,16.63127],[107.30389,16.63277],[107.30454,16.63373],[107.3052,16.63558],[107.30646,16.63699],[107.3071,16.63746],[107.30744,16.63775]],[[107.32248,16.65377],[107.3231,16.65522],[107.32425,16.65699]]]},"properties":{"kind":"road","class":"primary","ref":"QL.49B","name":"Quốc lộ 49B"}},{"type":"Feature","geometry":{"type":"LineString","coordinates":[[107.14872,16.77003],[107.14965,16.77]]},"properties":{"kind":"road","class":"secondary","ref":"ĐT.579","name":"Cầu Trắng"}},{"type":"Feature","geometry":{"type":"MultiLineString","coordinates":[[[106.00957,17.77682],[106.00923,17.77468],[106.00967,17.77354],[106.01053,17.77194],[106.01317,17.77001],[106.01462,17.76986],[106.01466,17.76933],[106.01536,17.76901],[106.01596,17.76825],[106.01677,17.7679],[106.01857,17.7677],[106.01903,17.76724],[106.02061,17.76652],[106.02196,17.76564],[106.02437,17.76487],[106.02506,17.76507],[106.02692,17.7642],[106.0275,17.76435],[106.02883,17.76372],[106.02914,17.76335],[106.02988,17.76328],[106.0314,17.7627],[106.03295,17.76162],[106.03365,17.76092],[106.03492,17.76015],[106.03774,17.75899],[106.03885,17.75814],[106.04046,17.7566],[106.04154,17.75572],[106.04191,17.75469],[106.04334,17.75301],[106.04438,17.75119],[106.04576,17.75063],[106.04703,17.74902],[106.04849,17.74805],[106.05034,17.74744],[106.05202,17.74715],[106.05326,17.74668],[106.05508,17.7458],[106.05515,17.74578],[106.05683,17.74572],[106.05858,17.74548],[106.06012,17.7442],[106.06121,17.74411],[106.06235,17.74427],[106.06397,17.74424],[106.06711,17.74395],[106.06844,17.74413],[106.0709,17.74373],[106.07282,17.74402],[106.07356,17.74443],[106.07361,17.74446],[106.07396,17.74458],[106.07596,17.74451],[106.07942,17.74481],[106.08172,17.74488],[106.08335,17.74476],[106.08625,17.74469],[106.08783,17.74512],[106.08949,17.74479],[106.09156,17.74477],[106.09268,17.74499],[106.09667,17.74435],[106.0989,17.74408],[106.10055,17.74431],[106.10314,17.74411],[106.10518,17.74471],[106.10557,17.74463],[106.10572,17.74452],[106.10626,17.74429],[106.10751,17.7445],[106.10885,17.74454],[106.10995,17.74525],[106.1155,17.74562],[106.11576,17.74564],[106.11637,17.74534],[106.11769,17.74528],[106.12184,17.74585],[106.12335,17.74707],[106.12435,17.74811],[106.12442,17.7485],[106.12412,17.7511],[106.12328,17.75165],[106.12342,17.75223],[106.12452,17.75448],[106.12492,17.75483],[106.12669,17.75552],[106.12758,17.75621],[106.12957,17.75737],[106.13022,17.75898],[106.13093,17.75963],[106.13277,17.76061],[106.13348,17.76137],[106.13619,17.76304],[106.13693,17.76425],[106.13793,17.76471],[106.13876,17.76543],[106.14056,17.76647],[106.14193,17.76904],[106.14267,17.76976],[106.14418,17.77199],[106.14489,17.77265],[106.14516,17.77306],[106.14575,17.77411],[106.14624,17.77429],[106.14885,17.7734],[106.14988,17.77247],[106.15021,17.77185],[106.15042,17.76954],[106.15075,17.76783],[106.15138,17.76631],[106.1518,17.76574],[106.1529,17.76504],[106.15472,17.76513],[106.15665,17.76474],[106.1591,17.76458],[106.16345,17.76481],[106.16491,17.76497],[106.16737,17.76566],[106.17066,17.76754],[106.17429,17.76881],[106.17856,17.77041],[106.18285,17.77189],[106.18279,17.77348],[106.18277,17.77367],[106.18262,17.77608],[106.1832,17.77642],[106.18546,17.77659],[106.18931,17.77639],[106.19174,17.77649],[106.19209,17.77637],[106.19431,17.77445],[106.19485,17.77426],[106.20195,17.77214],[106.20362,17.77179],[106.205,17.77149],[106.20729,17.77056],[106.2094,17.76885],[106.21223,17.76711],[106.21394,17.76676],[106.2147,17.76625],[106.21659,17.76449],[106.21862,17.76277],[106.22152,17.76125],[106.22396,17.75964],[106.22701,17.75791],[106.22806,17.75755],[106.22869,17.75656],[106.22897,17.75576],[106.22974,17.7553],[106.23109,17.75377],[106.23201,17.75332],[106.23331,17.75294],[106.23436,17.75185],[106.23491,17.74952],[106.23533,17.74924],[106.23621,17.74925],[106.23737,17.74871],[106.24005,17.74844],[106.24125,17.74803],[106.24194,17.7475],[106.24537,17.74617],[106.24666,17.74447],[106.24884,17.74337],[106.25022,17.74279],[106.2518,17.74128],[106.25336,17.74039],[106.25456,17.73924],[106.25531,17.73903],[106.25774,17.73958],[106.25835,17.73894],[106.25835,17.73878],[106.25835,17.73798],[106.25901,17.73738],[106.25987,17.7372],[106.26067,17.73669],[106.26316,17.73564],[106.26353,17.73516],[106.26469,17.73445],[106.26735,17.73411],[106.27003,17.73391],[106.27243,17.73342],[106.27415,17.73346],[106.27552,17.73328],[106.27774,17.73257],[106.27959,17.73138],[106.28053,17.73093],[106.28206,17.72983],[106.28404,17.72881],[106.28557,17.72906],[106.28724,17.72849],[106.28911,17.72838],[106.29028,17.72852],[106.29183,17.72803],[106.29399,17.7278],[106.29582,17.72795],[106.29725,17.72826],[106.29824,17.72871],[106.30001,17.72845],[106.30354,17.72917],[106.30572,17.72888],[106.30864,17.72799],[106.31194,17.7281],[106.31298,17.728],[106.31504,17.72828],[106.31603,17.72883],[106.31884,17.72855],[106.32241,17.7273],[106.32461,17.7274],[106.32586,17.72692],[106.32684,17.72677],[106.32749,17.72638],[106.32916,17.7241],[106.3307,17.72297],[106.33304,17.72255],[106.3359,17.72155],[106.33745,17.72162],[106.33833,17.72098],[106.3389,17.72012],[106.34173,17.7184],[106.34305,17.71855],[106.34763,17.71982],[106.35053,17.72069],[106.35127,17.72128],[106.35197,17.7217],[106.35472,17.72191],[106.35697,17.72136],[106.35949,17.72211],[106.36196,17.72319],[106.36204,17.72323],[106.36223,17.7233],[106.36238,17.72336],[106.3668,17.72545],[106.36782,17.72627],[106.37118,17.7292],[106.37171,17.72959],[106.37279,17.72992],[106.37411,17.73035],[106.37894,17.73184],[106.38145,17.7318],[106.38271,17.73191],[106.38381,17.73254],[106.38603,17.73318],[106.38954,17.73486],[106.3916,17.73619]],[[106.393,17.75551],[106.39354,17.7563],[106.39505,17.76101]],[[106.39114,17.74376],[106.39129,17.7429],[106.39132,17.74089],[106.39134,17.73714]],[[106.39036,17.74649],[106.38952,17.74914],[106.38931,17.75039],[106.38971,17.75153],[106.39063,17.75269]]]},"properties":{"kind":"road","class":"secondary","ref":"ĐT.559B","name":"Đường tỉnh 559B"}},{"type":"Feature","geometry":{"type":"LineString","coordinates":[[106.37078,17.61587],[106.36855,17.61579]]},"properties":{"kind":"road","class":"trunk","ref":"QL.15;HCM","name":"Cầu Bùng"}},{"type":"Feature","geometry":{"type":"MultiLineString","coordinates":[[[106.88427,16.68869],[106.88848,16.68858],[106.88897,16.68857]],[[106.88422,16.68881],[106.88839,16.68868],[106.88848,16.68858]],[[106.88963,16.68855],[106.8903,16.68843],[106.89183,16.68783],[106.89353,16.6871],[106.89597,16.68621]]]},"properties":{"kind":"road","class":"secondary","ref":"ĐT.588A","name":"Hùng Vương"}},{"type":"Feature","geometry":{"type":"LineString","coordinates":[[107.00669,16.80809],[107.00798,16.80716]]},"properties":{"kind":"road","class":"primary","ref":"QL.9;HCM","name":"Quốc lộ 9 cũ"}},{"type":"Feature","geometry":{"type":"MultiLineString","coordinates":[[[106.66746,16.58705],[106.66891,16.58441],[106.67022,16.57921],[106.67142,16.57388],[106.67193,16.57143],[106.67217,16.56902],[106.67165,16.56734],[106.67168,16.56659],[106.67238,16.56525],[106.67278,16.56488],[106.67405,16.56436],[106.67548,16.56336],[106.67576,16.56251],[106.67524,16.56092],[106.67529,16.55961],[106.67431,16.5586],[106.67225,16.55724],[106.67068,16.55487],[106.66851,16.55289],[106.6674,16.55168],[106.66537,16.5505],[106.6634,16.54892],[106.66294,16.54801],[106.66192,16.54705],[106.6612,16.54589],[106.66138,16.5448],[106.66123,16.54402],[106.65987,16.54232],[106.65887,16.53994],[106.65869,16.53849],[106.65769,16.53718],[106.65752,16.5364],[106.65751,16.53607],[106.65773,16.53453],[106.65746,16.53318],[106.6574,16.53098],[106.65804,16.52889],[106.65861,16.52837],[106.65983,16.52822],[106.6607,16.52736],[106.66097,16.52605],[106.6607,16.52513],[106.66051,16.52311],[106.65989,16.52168],[106.65964,16.51983],[106.66068,16.51802],[106.66086,16.51717],[106.66062,16.51532],[106.66088,16.51391],[106.66174,16.51243],[106.66296,16.51103],[106.6635,16.50866],[106.66438,16.50674],[106.6648,16.50629],[106.66627,16.50584],[106.66739,16.50529],[106.66782,16.50488],[106.66912,16.50435],[106.66935,16.50394],[106.66935,16.50382],[106.66928,16.50237],[106.66851,16.50146],[106.66705,16.50105],[106.66598,16.5],[106.66481,16.49801],[106.66475,16.49657],[106.66434,16.49526],[106.66499,16.49386],[106.66529,16.49224],[106.66636,16.4902],[106.6667,16.48822],[106.6671,16.48798],[106.66834,16.48718],[106.66968,16.487],[106.67199,16.48754],[106.67459,16.48727],[106.67621,16.48774],[106.67728,16.48768],[106.67915,16.48666],[106.68015,16.48588],[106.68077,16.48577],[106.68355,16.48626],[106.68437,16.48657],[106.68587,16.48677],[106.68717,16.48666],[106.68879,16.48624],[106.69048,16.48542],[106.69132,16.4855],[106.69265,16.48518],[106.69384,16.48553],[106.69478,16.48643],[106.69648,16.48689],[106.69826,16.48644],[106.69988,16.48619],[106.70124,16.48617],[106.70406,16.48534],[106.70535,16.48452],[106.70582,16.48356],[106.70593,16.48264],[106.70662,16.48228],[106.70727,16.48097],[106.70913,16.48078],[106.70997,16.48015],[106.71064,16.47905],[106.71176,16.47839],[106.71195,16.47752],[106.71259,16.47663],[106.71383,16.47544],[106.71733,16.47286],[106.71752,16.47241],[106.71777,16.4706],[106.71833,16.47022],[106.71936,16.47001],[106.72101,16.47008],[106.72391,16.46967],[106.72622,16.47073],[106.72746,16.47171],[106.72753,16.4728],[106.72842,16.47341],[106.72916,16.47443],[106.73111,16.47486],[106.73209,16.47538],[106.73255,16.47588],[106.73476,16.47712],[106.73602,16.4782],[106.73687,16.47855],[106.73729,16.47909],[106.73832,16.47964],[106.73938,16.47992],[106.74038,16.48046],[106.74144,16.48044],[106.74254,16.48088],[106.74383,16.48115],[106.74657,16.48208],[106.74765,16.48196],[106.74864,16.48209],[106.74972,16.48191],[106.75107,16.48228],[106.75389,16.48137],[106.75472,16.48138],[106.75548,16.48225],[106.75634,16.48256],[106.75699,16.48123],[106.75779,16.48075],[106.75837,16.48086],[106.75908,16.48234],[106.76141,16.48274],[106.76336,16.48328],[106.76464,16.48262],[106.76518,16.48202],[106.76594,16.48215],[106.76656,16.48165],[106.76849,16.48103],[106.76912,16.48095],[106.76981,16.48123],[106.77022,16.48299],[106.77135,16.48401],[106.7721,16.48502],[106.77199,16.48601],[106.77249,16.48759],[106.77296,16.48829],[106.77379,16.48951],[106.77525,16.49061],[106.77548,16.49106],[106.77641,16.49179],[106.77725,16.49198],[106.7779,16.49133],[106.77953,16.49109],[106.78071,16.48984],[106.78159,16.48921],[106.7839,16.4895],[106.78475,16.48988],[106.78506,16.49071],[106.78499,16.4909],[106.78502,16.49142],[106.78607,16.49198],[106.78797,16.49233],[106.78904,16.49219],[106.79028,16.4928],[106.79186,16.49262],[106.79346,16.49208],[106.79407,16.49248],[106.79563,16.49302],[106.79609,16.49361],[106.79747,16.4943],[106.79934,16.49452],[106.79994,16.49497],[106.80018,16.49586],[106.80068,16.49629],[106.80179,16.49666],[106.80271,16.49776],[106.80281,16.49861],[106.80251,16.50074],[106.80266,16.50158],[106.80373,16.50357],[106.80374,16.50559],[106.80399,16.50645],[106.80471,16.50698],[106.80646,16.50888],[106.80682,16.50965],[106.80667,16.51107],[106.8086,16.51217],[106.8097,16.51239],[106.81084,16.51307],[106.8103,16.51374],[106.81063,16.51567],[106.81066,16.51648],[106.81103,16.51726],[106.81089,16.51842],[106.81147,16.52076],[106.81248,16.52156],[106.81354,16.52184],[106.81367,16.52181],[106.81463,16.5217],[106.81535,16.5221],[106.81556,16.52256],[106.81563,16.52414],[106.8154,16.52578],[106.81484,16.52683],[106.81481,16.52778],[106.81515,16.52853],[106.81417,16.52971],[106.81415,16.52979],[106.81307,16.5313],[106.81303,16.53135],[106.81269,16.53178],[106.81155,16.53172],[106.81099,16.53228],[106.81108,16.53325],[106.81062,16.5337],[106.80982,16.53397],[106.80945,16.53537],[106.80979,16.53606],[106.80928,16.53713],[106.80947,16.53747],[106.81047,16.53793],[106.81048,16.53895],[106.81017,16.5395],[106.81029,16.54022],[106.8112,16.54049],[106.8118,16.53977],[106.81227,16.53978],[106.81364,16.54073],[106.815,16.54272],[106.82211,16.54659],[106.82277,16.54654],[106.82358,16.54688],[106.82361,16.54752],[106.82471,16.54724],[106.82492,16.54797],[106.82564,16.54888],[106.82625,16.54904],[106.82653,16.54996],[106.82741,16.55099],[106.82974,16.5505],[106.83018,16.5512],[106.83071,16.55086],[106.8315,16.55127],[106.83228,16.5506],[106.8329,16.55147],[106.83354,16.55157],[106.83415,16.55124],[106.83525,16.55123],[106.83609,16.55067],[106.83662,16.5507],[106.83674,16.55148],[106.83735,16.55171],[106.83818,16.55046],[106.83946,16.5504],[106.84033,16.55055],[106.84131,16.55019],[106.84245,16.55098],[106.84379,16.55137],[106.84443,16.55056],[106.84518,16.55021],[106.84599,16.55096],[106.84641,16.5505],[106.84725,16.55051],[106.84757,16.54989],[106.8483,16.54938],[106.84865,16.54954],[106.8492,16.55062],[106.84918,16.55144],[106.84968,16.5517],[106.8496,16.55234],[106.85093,16.5532],[106.85117,16.55358],[106.85012,16.55485],[106.85021,16.55561],[106.8497,16.55634],[106.85078,16.55727],[106.85109,16.5585],[106.85183,16.55925],[106.85023,16.56034],[106.85128,16.56082],[106.85271,16.56115],[106.85224,16.56182],[106.8518,16.56168],[106.85125,16.56214],[106.85127,16.56442],[106.8509,16.56553],[106.85043,16.56608],[106.84917,16.56688],[106.84739,16.56724],[106.84586,16.56795],[106.84308,16.56968],[106.84249,16.57063],[106.84137,16.57044],[106.8416,16.57116],[106.84159,16.57227],[106.84035,16.57283],[106.83991,16.57349],[106.83979,16.57417],[106.83868,16.5745],[106.83901,16.57503],[106.83834,16.57625],[106.83837,16.57657],[106.83857,16.57678],[106.83886,16.57717],[106.83846,16.57771],[106.83867,16.57849],[106.8391,16.57892],[106.83877,16.57985],[106.84,16.58099],[106.84126,16.58125],[106.84137,16.58188],[106.84225,16.58232],[106.8411,16.58325],[106.84118,16.58428],[106.84176,16.58437],[106.84139,16.58561],[106.84268,16.58728],[106.84315,16.58875],[106.8444,16.58842],[106.84563,16.58948],[106.84585,16.58966],[106.84684,16.58956],[106.8471,16.5885],[106.84949,16.58635],[106.85023,16.58528],[106.85083,16.58505],[106.85126,16.5849],[106.8526,16.58444],[106.85389,16.58515],[106.85544,16.58569],[106.85651,16.5859],[106.85718,16.58565],[106.85755,16.585],[106.85814,16.58461],[106.85875,16.58471],[106.85986,16.58431],[106.86041,16.58438],[106.86101,16.58524],[106.8623,16.58469],[106.86301,16.58491],[106.86389,16.58483],[106.86463,16.58425],[106.86436,16.5836],[106.86501,16.58296],[106.86525,16.58296],[106.86622,16.58337],[106.86686,16.58527],[106.86671,16.58675],[106.86642,16.5877],[106.867,16.58903],[106.86757,16.58958],[106.86834,16.5899],[106.86898,16.59094],[106.86903,16.59174],[106.86934,16.5921],[106.87018,16.59205],[106.87118,16.59215],[106.87149,16.59327],[106.87273,16.59486],[106.87316,16.59607],[106.87278,16.5967],[106.87137,16.59752],[106.87153,16.59796],[106.87182,16.59845],[106.87192,16.59889],[106.87163,16.59983],[106.87238,16.60039],[106.87223,16.6018],[106.87256,16.60263],[106.87263,16.60359],[106.87153,16.60511],[106.87146,16.60673],[106.87083,16.60779],[106.87011,16.60864],[106.87003,16.6093],[106.86824,16.61054],[106.86651,16.61147],[106.8658,16.61104],[106.86376,16.6121],[106.86259,16.61335],[106.8619,16.61438],[106.8614,16.61578],[106.86155,16.61804],[106.86141,16.61926],[106.86129,16.61959],[106.86107,16.62044],[106.86137,16.6216],[106.86185,16.62211],[106.86263,16.62247],[106.86298,16.62311],[106.86378,16.62359]],[[106.65519,16.59691],[106.65596,16.59572],[106.65978,16.59102],[106.66265,16.58913],[106.6647,16.58843],[106.66561,16.5879],[106.66664,16.5877]],[[106.87149,16.59327],[106.87094,16.59226],[106.87018,16.59205]]]},"properties":{"kind":"road","class":"secondary","ref":"ĐT.586","name":"Đường tỉnh 586"}},{"type":"Feature","geometry":{"type":"LineString","coordinates":[[106.63436,17.38367],[106.63271,17.38298],[106.63258,17.38271],[106.63374,17.37741],[106.63615,17.36592]]},"properties":{"kind":"road","class":"tertiary","ref":null,"name":"Võ - Duy - Hàm"}},{"type":"Feature","geometry":{"type":"MultiLineString","coordinates":[[[106.68458,17.41213],[106.68778,17.40715],[106.68826,17.40652],[106.69002,17.40471],[106.69071,17.40415],[106.69693,17.39961],[106.69906,17.39793],[106.70063,17.39564],[106.70161,17.39382],[106.70293,17.39201],[106.70365,17.39125],[106.70407,17.39086],[106.70713,17.38733],[106.71048,17.38496],[106.71152,17.38386],[106.71481,17.37996],[106.71648,17.37806],[106.71778,17.37599],[106.71851,17.37406],[106.71957,17.37155],[106.72044,17.37016],[106.72288,17.36713],[106.72506,17.36509],[106.72895,17.3608],[106.74333,17.34454],[106.74488,17.3434],[106.74598,17.34282]],[[106.82212,17.27859],[106.81875,17.28206],[106.81646,17.28397],[106.81565,17.28452],[106.81252,17.28614],[106.80507,17.29224],[106.80022,17.29635],[106.79894,17.2977],[106.79715,17.30053],[106.79701,17.30076],[106.79422,17.30514],[106.79133,17.30975],[106.79116,17.31003],[106.7897,17.31234],[106.78915,17.31301],[106.78833,17.31359],[106.78668,17.31449]],[[106.87112,17.25169],[106.86695,17.25394],[106.86113,17.25781],[106.8603,17.25877]]]},"properties":{"kind":"road","class":"secondary","ref":"ĐT.569","name":"Đường ven biển Hà Trung - Mạch Nước"}},{"type":"Feature","geometry":{"type":"MultiLineString","coordinates":[[[106.6361,17.4747],[106.6345,17.47424]],[[106.6344,17.47447],[106.63603,17.47481]]]},"properties":{"kind":"road","class":"secondary","ref":null,"name":"Đường Trần Hưng Đạo"}},{"type":"Feature","geometry":{"type":"LineString","coordinates":[[106.83901,16.57503],[106.83763,16.57567],[106.83637,16.57563],[106.83566,16.57537],[106.83373,16.57594],[106.83162,16.57708],[106.83067,16.57707],[106.82976,16.57662],[106.82949,16.57581],[106.82806,16.57555],[106.82738,16.57566],[106.82682,16.57625],[106.82578,16.57671],[106.82503,16.57633],[106.82401,16.5765],[106.82344,16.57631],[106.82278,16.57652],[106.82177,16.57576],[106.82069,16.57632],[106.82139,16.57682],[106.82088,16.57769],[106.81989,16.5776],[106.81945,16.5772],[106.81879,16.57805],[106.81841,16.57813],[106.81784,16.57744],[106.81716,16.57699],[106.81635,16.57726],[106.81642,16.57794],[106.81498,16.57839],[106.81488,16.57883],[106.81343,16.57913],[106.81303,16.57944],[106.81232,16.57791],[106.81082,16.578],[106.8094,16.57893],[106.80908,16.57962],[106.80595,16.57941],[106.80457,16.57995],[106.80375,16.58093],[106.80299,16.58087],[106.80228,16.58051],[106.80169,16.57989],[106.80039,16.58035],[106.79975,16.58108],[106.79937,16.5805],[106.79854,16.58131],[106.79674,16.5816],[106.79658,16.58232],[106.79615,16.5826],[106.79598,16.58269],[106.79567,16.58342],[106.79559,16.58445],[106.79602,16.58573],[106.79488,16.58655],[106.79388,16.5866],[106.79369,16.58595],[106.7929,16.58583],[106.79226,16.58748],[106.79183,16.58723],[106.79203,16.58652],[106.79154,16.58584],[106.79067,16.58651],[106.78923,16.58663],[106.78899,16.58687],[106.78883,16.58838],[106.78831,16.58905],[106.78784,16.58913],[106.78713,16.5885],[106.78569,16.58864],[106.78642,16.58996],[106.7857,16.59053],[106.78418,16.58989],[106.78391,16.59096],[106.78357,16.59117],[106.78323,16.59216],[106.78158,16.59034],[106.78091,16.59066],[106.78053,16.59169],[106.77984,16.59131],[106.77955,16.59066],[106.77901,16.5908],[106.77872,16.59138],[106.7778,16.5915],[106.77768,16.59195],[106.77679,16.59157],[106.77649,16.59239],[106.77547,16.59186],[106.775,16.59265],[106.77371,16.59258],[106.77248,16.59273],[106.77131,16.59345],[106.77,16.59305],[106.76931,16.5937],[106.76847,16.59377],[106.76827,16.59436],[106.76627,16.59544],[106.76578,16.59547],[106.7654,16.59621],[106.76548,16.59707],[106.76485,16.59713],[106.7642,16.59757],[106.76336,16.59733],[106.7627,16.5979],[106.76193,16.59769],[106.76141,16.59873],[106.76088,16.5993],[106.75899,16.59958],[106.75817,16.59935],[106.75758,16.59888],[106.75641,16.59857],[106.75541,16.59906],[106.75465,16.60045],[106.75395,16.60081],[106.75095,16.60092],[106.75027,16.60176],[106.75005,16.60185],[106.74928,16.60193],[106.74892,16.6016],[106.74762,16.60159],[106.74693,16.60212],[106.74677,16.60328],[106.74649,16.60392],[106.74694,16.60536],[106.74637,16.60629],[106.74522,16.60686],[106.74439,16.60861],[106.74461,16.60926],[106.74425,16.6106],[106.74443,16.61187],[106.74349,16.61349],[106.74445,16.61575],[106.74403,16.61743],[106.744,16.61873],[106.74398,16.61887],[106.74368,16.6192],[106.74209,16.61968],[106.74152,16.61956],[106.74014,16.61857],[106.73937,16.61827],[106.7381,16.6193],[106.73678,16.61975]]},"properties":{"kind":"road","class":"secondary","ref":"ĐT.587","name":"Đường tỉnh 587"}},{"type":"Feature","geometry":{"type":"LineString","coordinates":[[106.73097,16.62495],[106.7298,16.62566],[106.72966,16.62627],[106.72999,16.62674],[106.72931,16.62744],[106.72774,16.62712],[106.72639,16.62715],[106.72479,16.62666],[106.72284,16.62542],[106.72201,16.62594],[106.72128,16.62712],[106.72047,16.62767],[106.71936,16.62814],[106.71794,16.62849],[106.71655,16.62958],[106.71598,16.62919]]},"properties":{"kind":"road","class":"tertiary","ref":null,"name":"Trần Hoàn"}},{"type":"Feature","geometry":{"type":"LineString","coordinates":[[106.72597,16.61578],[106.72631,16.61661],[106.72638,16.61985],[106.72629,16.6206]]},"properties":{"kind":"road","class":"tertiary","ref":null,"name":"Lê Quang Đạo"}},{"type":"Feature","geometry":{"type":"LineString","coordinates":[[106.59744,16.62278],[106.59806,16.62413],[106.59835,16.62422],[106.60055,16.62318],[106.60456,16.61814],[106.6057,16.61698],[106.60844,16.61475]]},"properties":{"kind":"road","class":"tertiary","ref":null,"name":"Đường Lê Hồng Phong"}},{"type":"Feature","geometry":{"type":"LineString","coordinates":[[106.48636,17.6931],[106.48477,17.695],[106.47975,17.7008],[106.47929,17.70136]]},"properties":{"kind":"road","class":"secondary","ref":"ĐT.560B","name":"Nhánh Quốc lộ 1 - Cảng Gianh"}},{"type":"Feature","geometry":{"type":"MultiLineString","coordinates":[[[106.63169,17.44853],[106.63321,17.44885],[106.63459,17.44899]],[[106.61923,17.44322],[106.61294,17.43614],[106.61174,17.43479],[106.60898,17.43168]],[[106.61911,17.44331],[106.61284,17.43626],[106.61166,17.43493],[106.60886,17.43177]],[[106.63161,17.44851],[106.6292,17.44801],[106.62911,17.448],[106.62836,17.44785],[106.62647,17.44747]],[[106.63941,17.44927],[106.64302,17.44947],[106.64318,17.44948],[106.6464,17.4497],[106.6471,17.4499],[106.64971,17.45184],[106.65013,17.45196]],[[106.64981,17.45243],[106.64957,17.4519],[106.64745,17.4503],[106.64613,17.44978],[106.64318,17.4496],[106.64301,17.44959],[106.6394,17.44935]],[[106.59331,17.42644],[106.59387,17.42691],[106.59558,17.42735],[106.59634,17.42745],[106.60226,17.42814]],[[106.59253,17.42558],[106.59364,17.42656],[106.59452,17.42704],[106.59569,17.42722],[106.59637,17.42731],[106.60229,17.428]],[[106.6346,17.4489],[106.63323,17.44875],[106.63171,17.44841]],[[106.63163,17.4484],[106.62924,17.44788],[106.62915,17.44786],[106.62838,17.4477],[106.62653,17.44732]],[[106.60839,17.43101],[106.60704,17.42955],[106.60584,17.4287],[106.60385,17.42819]],[[106.62152,17.44566],[106.62351,17.44669],[106.62367,17.44673],[106.62452,17.44691]],[[106.61968,17.44397],[106.62085,17.44526],[106.62099,17.44541],[106.62123,17.44567]],[[106.62446,17.44706],[106.62365,17.44688],[106.62351,17.44684],[106.62141,17.4458]],[[106.61978,17.44386],[106.62096,17.44516],[106.6211,17.44531],[106.62134,17.44554]]]},"properties":{"kind":"road","class":"secondary","ref":"ĐT.570","name":"Đường Đại lộ Đông Tây Điện Biên Phủ"}},{"type":"Feature","geometry":{"type":"MultiLineString","coordinates":[[[106.61515,17.45895],[106.61594,17.46023],[106.61631,17.46058]],[[106.61503,17.45873],[106.61439,17.45779],[106.61389,17.4572],[106.61309,17.45642],[106.61068,17.45444],[106.61383,17.45729],[106.61427,17.45779],[106.61484,17.45881]],[[106.61624,17.46064],[106.61588,17.4603],[106.61499,17.45905]]]},"properties":{"kind":"road","class":"tertiary","ref":null,"name":"Đường 23 Tháng 8"}},{"type":"Feature","geometry":{"type":"LineString","coordinates":[[106.66664,16.5877],[106.66746,16.58705]]},"properties":{"kind":"road","class":"secondary","ref":"ĐT.586","name":"Cầu La La"}},{"type":"Feature","geometry":{"type":"LineString","coordinates":[[107.08591,16.80404],[107.08591,16.80393],[107.08583,16.80088],[107.08628,16.79895],[107.08685,16.79683],[107.08903,16.79145],[107.08938,16.79035],[107.08889,16.7914],[107.08672,16.79678],[107.08618,16.79895],[107.08571,16.80109],[107.08579,16.8039],[107.08579,16.80401]]},"properties":{"kind":"road","class":"secondary","ref":"ĐT.585B","name":"Đường Trần Bình Trọng"}},{"type":"Feature","geometry":{"type":"LineString","coordinates":[[107.08591,16.80404],[107.09118,16.80518],[107.09135,16.80515],[107.09121,16.80504],[107.08591,16.80393]]},"properties":{"kind":"road","class":"tertiary","ref":null,"name":"Đường Lê Thánh Tông"}},{"type":"Feature","geometry":{"type":"MultiLineString","coordinates":[[[107.07412,16.81895],[107.07483,16.81816],[107.07576,16.81637]],[[107.07562,16.81634],[107.07472,16.81808],[107.07402,16.81887]],[[107.06961,16.8239],[107.06897,16.8248],[107.06736,16.82758],[107.0631,16.83511]],[[107.06322,16.83517],[107.06911,16.82484],[107.06974,16.82397],[107.0699,16.82375],[107.07105,16.82232],[107.07302,16.82017]],[[107.07292,16.82009],[107.07092,16.82225],[107.06977,16.82369]]]},"properties":{"kind":"road","class":"secondary","ref":"ĐT.585B","name":"Đường tỉnh 585B"}},{"type":"Feature","geometry":{"type":"MultiLineString","coordinates":[[[107.08591,16.80404],[107.08579,16.80401],[107.08461,16.80385],[107.08368,16.80405],[107.08264,16.80478],[107.07971,16.80842]],[[107.07576,16.81637],[107.0773,16.81188],[107.07803,16.81049],[107.07911,16.80915]],[[107.07961,16.80833],[107.08254,16.80469],[107.08363,16.80393],[107.08461,16.80372],[107.08579,16.8039],[107.08591,16.80393]],[[107.079,16.80907],[107.07792,16.81042],[107.07717,16.81183],[107.07562,16.81634]]]},"properties":{"kind":"road","class":"secondary","ref":"ĐT.585B","name":"Đường Lê Thánh Tông"}},{"type":"Feature","geometry":{"type":"MultiLineString","coordinates":[[[107.07961,16.80833],[107.079,16.80907]],[[107.07911,16.80915],[107.07971,16.80842]]]},"properties":{"kind":"road","class":"secondary","ref":"ĐT.585B","name":"Cầu Khe Mây"}},{"type":"Feature","geometry":{"type":"MultiLineString","coordinates":[[[107.18663,16.90837],[107.18601,16.90822],[107.18452,16.9074],[107.18601,16.90822]],[[107.18294,16.90666],[107.18167,16.90626],[107.1816,16.90623],[107.18071,16.90588],[107.18164,16.90617],[107.18171,16.9062],[107.18237,16.90643],[107.18294,16.90666],[107.18452,16.9074]]]},"properties":{"kind":"road","class":"trunk","ref":"QL.9","name":"Trần Hưng Đạo"}},{"type":"Feature","geometry":{"type":"LineString","coordinates":[[106.4752,17.70873],[106.47412,17.71055],[106.46865,17.72021],[106.46152,17.73257],[106.45782,17.73807],[106.45209,17.74913],[106.45074,17.75169]]},"properties":{"kind":"road","class":"tertiary","ref":null,"name":"Đường Nguyễn Hữu Cảnh"}},{"type":"Feature","geometry":{"type":"LineString","coordinates":[[106.39114,17.74376],[106.39036,17.74649]]},"properties":{"kind":"road","class":"secondary","ref":"ĐT.559B","name":"Cầu Quảng Hải 2"}},{"type":"Feature","geometry":{"type":"LineString","coordinates":[[106.39063,17.75269],[106.393,17.75551]]},"properties":{"kind":"road","class":"secondary","ref":"ĐT.559B","name":"Cầu Quảng Hải 1"}},{"type":"Feature","geometry":{"type":"LineString","coordinates":[[106.3914,17.73679],[106.39134,17.73714]]},"properties":{"kind":"road","class":"secondary","ref":"TL.559B","name":"Tỉnh lộ 559B"}},{"type":"Feature","geometry":{"type":"MultiLineString","coordinates":[[[106.41667,17.75687],[106.41699,17.75684]],[[106.41699,17.75669],[106.41665,17.75673]]]},"properties":{"kind":"road","class":"trunk","ref":"QL.12A","name":"Cầu Kênh Kịa"}},{"type":"Feature","geometry":{"type":"MultiLineString","coordinates":[[[106.43055,17.75671],[106.43036,17.75672]],[[106.43037,17.75686],[106.43056,17.75686]]]},"properties":{"kind":"road","class":"trunk","ref":"QL.12A","name":"Cầu Bánh Tét"}},{"type":"Feature","geometry":{"type":"MultiLineString","coordinates":[[[106.42494,17.89324],[106.42541,17.89322],[106.42614,17.89176],[106.4278,17.88794],[106.42812,17.88652],[106.42867,17.88504],[106.42896,17.88488],[106.43009,17.8851],[106.43315,17.8854],[106.43603,17.8855],[106.4387,17.88505],[106.4397,17.88539],[106.44267,17.88555],[106.44641,17.88528]],[[106.42363,17.89299],[106.42247,17.89279],[106.42102,17.8931],[106.41464,17.89088],[106.41408,17.89115],[106.41251,17.89307],[106.41199,17.89337],[106.41104,17.89354],[106.40907,17.89447],[106.40811,17.89514],[106.4073,17.89515],[106.40519,17.89554],[106.40253,17.89688],[106.40113,17.89715],[106.39765,17.89882],[106.394,17.90035],[106.39142,17.90094],[106.39056,17.90134],[106.38891,17.90235],[106.38735,17.9039],[106.38685,17.90487],[106.38608,17.90503],[106.3859,17.905],[106.38532,17.90495],[106.38188,17.90565],[106.38013,17.9064],[106.3769,17.90701],[106.37583,17.90731],[106.37376,17.90834],[106.37155,17.90954],[106.36998,17.90966],[106.36882,17.91018],[106.36792,17.91128],[106.36689,17.91135],[106.36548,17.9108],[106.36491,17.91077],[106.3641,17.91117],[106.36324,17.91128],[106.36078,17.91076],[106.35961,17.91119],[106.35953,17.91122],[106.35817,17.91175],[106.35733,17.91224],[106.35652,17.91298],[106.3556,17.91425],[106.35421,17.91518],[106.353,17.9153],[106.35236,17.91593],[106.35213,17.91763],[106.3515,17.91966],[106.3501,17.92105],[106.34844,17.92188],[106.34757,17.92289],[106.34746,17.92329],[106.34825,17.92409],[106.34929,17.92561],[106.34914,17.92684],[106.34835,17.92792],[106.34684,17.92846],[106.34642,17.92868],[106.34537,17.92896],[106.34466,17.92815],[106.34369,17.92645],[106.34335,17.92559],[106.34322,17.92387],[106.34302,17.92308],[106.34251,17.92219],[106.34218,17.92095],[106.34245,17.91911],[106.34171,17.91745],[106.34136,17.91726],[106.34048,17.91758],[106.33838,17.91864],[106.33629,17.9182],[106.33582,17.91794],[106.33513,17.91669],[106.33353,17.91514],[106.33302,17.91525],[106.32956,17.9181],[106.329,17.9187],[106.32854,17.92007],[106.32753,17.92112],[106.32434,17.92125],[106.32269,17.92091],[106.32131,17.92134],[106.32043,17.92195],[106.31833,17.92274],[106.31757,17.92342],[106.31672,17.92371],[106.31508,17.92357],[106.3137,17.92397],[106.31242,17.92454],[106.3107,17.92509],[106.30949,17.9259],[106.30837,17.92616],[106.30722,17.92674],[106.30657,17.92721],[106.3048,17.92767],[106.30378,17.92736],[106.30305,17.9277]],[[106.2899,17.94297],[106.28988,17.94263],[106.28859,17.94002],[106.28844,17.93937],[106.28898,17.9369],[106.289,17.93627],[106.28859,17.9337],[106.29099,17.93046],[106.29134,17.93018],[106.29576,17.92941],[106.29654,17.92857]]]},"properties":{"kind":"road","class":"secondary","ref":"ĐT.558B","name":"Đường tỉnh 558B"}},{"type":"Feature","geometry":{"type":"LineString","coordinates":[[106.43626,17.86026],[106.43442,17.86042],[106.43429,17.86039],[106.43188,17.85971],[106.42954,17.85858],[106.42838,17.85838],[106.42532,17.85821],[106.4237,17.85875],[106.42201,17.85995],[106.4207,17.86034],[106.41831,17.85975],[106.41769,17.85957],[106.41633,17.85955],[106.41098,17.86058],[106.40899,17.86046],[106.40549,17.85955],[106.4049,17.85933],[106.40378,17.85848],[106.40168,17.85577],[106.39715,17.84972],[106.39642,17.84866],[106.39152,17.84185],[106.38999,17.83757],[106.38895,17.83628],[106.38794,17.83579],[106.3845,17.83529],[106.38202,17.83522],[106.37996,17.83491],[106.37909,17.83495],[106.37698,17.83538],[106.37548,17.83525],[106.37275,17.83428],[106.3699,17.83398],[106.36735,17.83364],[106.36666,17.83341],[106.36329,17.83143],[106.36309,17.83134],[106.36118,17.83061],[106.36013,17.83036],[106.35931,17.83041],[106.35675,17.83099],[106.35568,17.83099],[106.35319,17.83071],[106.34988,17.83093],[106.34661,17.83184],[106.34531,17.83195],[106.34513,17.83196],[106.3401,17.83205],[106.3376,17.83129],[106.33627,17.83116],[106.33109,17.83241],[106.32523,17.83342],[106.32366,17.83337],[106.31949,17.83287],[106.31898,17.83294],[106.31766,17.83366],[106.31692,17.83374],[106.31417,17.8337],[106.31232,17.8333],[106.31104,17.83317],[106.30965,17.83176],[106.30895,17.83163],[106.3084,17.83164],[106.30651,17.83117],[106.30461,17.83095],[106.30383,17.83066],[106.30194,17.82961],[106.29953,17.82926],[106.29628,17.82909],[106.29606,17.82909],[106.29444,17.82903],[106.29359,17.82916],[106.29131,17.82997],[106.28912,17.83146],[106.28649,17.83234],[106.28399,17.83297],[106.28129,17.83301],[106.2807,17.83279],[106.27843,17.83125],[106.27779,17.83106],[106.27625,17.83137],[106.2731,17.83308],[106.2728,17.83326],[106.27196,17.83369],[106.26931,17.83415],[106.26819,17.83385],[106.26613,17.83262],[106.26363,17.83241],[106.26109,17.83187],[106.25949,17.83201],[106.25868,17.83194],[106.25565,17.83092],[106.25404,17.83062],[106.25278,17.82992],[106.25215,17.82839],[106.25215,17.82678],[106.25189,17.82607],[106.25075,17.82487],[106.24947,17.82106],[106.24915,17.82038],[106.24726,17.81774],[106.24679,17.81732],[106.24472,17.8166],[106.2435,17.81557],[106.24329,17.81505],[106.2434,17.81249],[106.24381,17.81025],[106.24337,17.8091],[106.24279,17.80871],[106.24221,17.80893]]},"properties":{"kind":"road","class":"secondary","ref":"ĐT.556D","name":"Đường Tiến Châu - Văn Hóa"}},{"type":"Feature","geometry":{"type":"LineString","coordinates":[[106.42363,17.89299],[106.42494,17.89324]]},"properties":{"kind":"road","class":"secondary","ref":"ĐT.558B","name":"Cầu Sông Thai"}},{"type":"Feature","geometry":{"type":"LineString","coordinates":[[105.76545,17.67197],[105.76522,17.67238],[105.76521,17.67283],[105.76549,17.67328],[105.76527,17.67314],[105.76505,17.67259],[105.76531,17.67191]]},"properties":{"kind":"road","class":"trunk","ref":"12A","name":null}},{"type":"Feature","geometry":{"type":"MultiLineString","coordinates":[[[107.02433,17.03793],[107.02456,17.04072],[107.02465,17.04236]],[[107.04991,16.97591],[107.0541,16.96968],[107.0598,16.96128],[107.06095,16.95992],[107.06267,16.95851],[107.06293,16.95834],[107.06798,16.95528],[107.06945,16.95436],[107.06983,16.9541]],[[107.04859,16.97788],[107.04698,16.98015],[107.04606,16.98123],[107.04456,16.98258],[107.03425,16.99104],[107.03294,16.99233],[107.03163,16.99402],[107.03086,16.99547],[107.03007,16.99746],[107.02461,17.01784],[107.02442,17.01851],[107.02352,17.02183],[107.02324,17.02337],[107.02327,17.02554],[107.02416,17.03594],[107.02417,17.0361],[107.02421,17.03648]],[[107.02472,17.04218],[107.02456,17.04072]],[[107.0699,16.95416],[107.0698,16.95422],[107.06798,16.95528]]]},"properties":{"kind":"road","class":"trunk","ref":"QL.1","name":"Đường tránh cầu Hiền Lương"}},{"type":"Feature","geometry":{"type":"LineString","coordinates":[[107.04859,16.97788],[107.04978,16.97611],[107.04991,16.97591]]},"properties":{"kind":"road","class":"trunk","ref":"QL.1","name":"Cầu Kênh N1"}},{"type":"Feature","geometry":{"type":"LineString","coordinates":[[107.02421,17.03648],[107.02433,17.03793]]},"properties":{"kind":"road","class":"trunk","ref":"QL.1","name":"Cầu Châu Thị"}},{"type":"Feature","geometry":{"type":"LineString","coordinates":[[107.21283,16.71603],[107.21186,16.71567],[107.21047,16.71514],[107.20545,16.71392],[107.2016,16.71269],[107.19892,16.71123],[107.19471,16.71018],[107.19337,16.70982]]},"properties":{"kind":"road","class":"tertiary","ref":null,"name":"Liên Xã"}},{"type":"Feature","geometry":{"type":"LineString","coordinates":[[107.19124,16.73994],[107.19124,16.74003]]},"properties":{"kind":"road","class":"trunk","ref":"QL.49C","name":"Quốc lộ 49C"}},{"type":"Feature","geometry":{"type":"MultiLineString","coordinates":[[[107.12605,16.7991],[107.12621,16.79917],[107.12674,16.79944],[107.12614,16.79922],[107.12598,16.79916]],[[107.14216,16.80921],[107.14193,16.80909],[107.1419,16.80894],[107.14262,16.80916]],[[107.14244,16.80961],[107.14177,16.80919],[107.14193,16.80909],[107.14173,16.809],[107.1419,16.80894]],[[107.12674,16.79944],[107.12947,16.80059],[107.13091,16.80137],[107.13259,16.80261],[107.13286,16.80282],[107.13787,16.80674],[107.13951,16.80787],[107.14173,16.809],[107.14177,16.80919]]]},"properties":{"kind":"road","class":"secondary","ref":"ĐT.578B","name":"Thuận Châu"}},{"type":"Feature","geometry":{"type":"LineString","coordinates":[[107.14216,16.80921],[107.14254,16.80939],[107.14494,16.81052]]},"properties":{"kind":"road","class":"secondary","ref":"ĐT.578B","name":"Cầu Đại Lộc"}},{"type":"Feature","geometry":{"type":"LineString","coordinates":[[107.14494,16.81052],[107.14704,16.81149],[107.1482,16.8126],[107.14875,16.81387],[107.14991,16.81731],[107.15038,16.81821],[107.15192,16.82033],[107.15238,16.82066],[107.15322,16.82062],[107.15497,16.81993],[107.15677,16.81904],[107.15943,16.81802],[107.16051,16.81725],[107.16196,16.81671],[107.16402,16.81622],[107.16552,16.81495],[107.16687,16.8143],[107.16774,16.8142],[107.16782,16.81419],[107.16946,16.81372],[107.17254,16.81428],[107.17392,16.81371],[107.17498,16.81193],[107.17548,16.81167],[107.17617,16.81187],[107.17784,16.81163],[107.17849,16.81172],[107.18121,16.81326],[107.18234,16.8142],[107.18405,16.81513]]},"properties":{"kind":"road","class":"secondary","ref":"ĐT.578B","name":"Đường tỉnh 578B"}},{"type":"Feature","geometry":{"type":"LineString","coordinates":[[107.07837,16.91534],[107.07832,16.91457]]},"properties":{"kind":"road","class":"trunk","ref":"QL.1","name":"Cầu Hà Trung"}},{"type":"Feature","geometry":{"type":"LineString","coordinates":[[106.60974,16.60987],[106.61071,16.60949]]},"properties":{"kind":"road","class":"trunk","ref":"QL.9","name":"Cầu A Trùm"}},{"type":"Feature","geometry":{"type":"LineString","coordinates":[[106.79375,17.22273],[106.79308,17.22189]]},"properties":{"kind":"road","class":"primary","ref":"QL.9C;ĐT.564","name":"Đường Nguyễn Tất Thành"}},{"type":"Feature","geometry":{"type":"LineString","coordinates":[[106.79052,17.21834],[106.79087,17.21909],[106.79192,17.22042],[106.7926,17.22129]]},"properties":{"kind":"road","class":"primary","ref":"QL.9C","name":"Cầu Kiến Giang"}},{"type":"Feature","geometry":{"type":"MultiLineString","coordinates":[[[106.79072,17.22366],[106.79276,17.22213],[106.79308,17.22189]],[[106.79063,17.22376],[106.79006,17.2244],[106.78979,17.22471]],[[106.78894,17.22567],[106.78833,17.22644],[106.78693,17.22535]]]},"properties":{"kind":"road","class":"secondary","ref":"ĐT.564","name":"Đường Hùng Vương"}},{"type":"Feature","geometry":{"type":"MultiLineString","coordinates":[[[106.80801,17.13853],[106.80795,17.13894],[106.80895,17.14033],[106.80858,17.14285],[106.80857,17.1438],[106.80904,17.14551],[106.80967,17.14656],[106.80742,17.15009],[106.80696,17.15117],[106.80729,17.15292],[106.80804,17.15496],[106.80831,17.1563],[106.80727,17.15757],[106.80625,17.15845],[106.80529,17.16062],[106.80415,17.1622],[106.80314,17.16325],[106.80288,17.16377],[106.80127,17.16533],[106.79884,17.16792],[106.79799,17.17028],[106.79802,17.1709],[106.79912,17.1745],[106.79972,17.17539],[106.79972,17.1788],[106.80014,17.18168],[106.8009,17.1821],[106.80226,17.18496],[106.80304,17.18617],[106.80367,17.18767],[106.80419,17.18833],[106.80511,17.18898],[106.80826,17.19164],[106.81765,17.1966],[106.81816,17.19746],[106.81796,17.19902],[106.81747,17.20041],[106.81465,17.20805],[106.81411,17.20865],[106.80729,17.21291],[106.80131,17.2167],[106.80091,17.21694],[106.79998,17.21752],[106.79413,17.22244],[106.79375,17.22273]],[[106.80813,17.13828],[106.8085,17.13735],[106.80796,17.13536],[106.80855,17.13468],[106.80895,17.13429],[106.81134,17.13125],[106.812,17.13068],[106.81463,17.13032],[106.8149,17.13014],[106.81527,17.1287],[106.81572,17.12811],[106.81742,17.12701],[106.8176,17.12692],[106.81853,17.12682],[106.81997,17.12628],[106.81957,17.12477],[106.81895,17.1214],[106.81927,17.12041]]]},"properties":{"kind":"road","class":"secondary","ref":"ĐT.564","name":"Đường tỉnh 564"}},{"type":"Feature","geometry":{"type":"MultiLineString","coordinates":[[[106.78508,17.19268],[106.78712,17.19318],[106.78901,17.19341],[106.7908,17.19296],[106.79153,17.19258],[106.79466,17.19297],[106.79554,17.19331],[106.79798,17.19517],[106.79938,17.19599],[106.80242,17.19861],[106.80414,17.19982],[106.80545,17.2004],[106.80539,17.20315],[106.80498,17.20515],[106.80426,17.20604],[106.79501,17.21186],[106.79332,17.21298],[106.79162,17.2145],[106.7911,17.2149],[106.78983,17.21534],[106.78467,17.21679],[106.7847,17.2169],[106.78986,17.21545],[106.79116,17.21498],[106.79162,17.2145]],[[106.7401,17.24463],[106.74133,17.2437],[106.74199,17.24349],[106.7435,17.24371],[106.74472,17.2435],[106.74572,17.243],[106.74583,17.24294],[106.7491,17.24129],[106.75083,17.24075],[106.75557,17.23897],[106.75656,17.23773],[106.75734,17.23552],[106.75747,17.23536],[106.75817,17.23465],[106.76181,17.23168],[106.76207,17.23138],[106.76227,17.2311],[106.76381,17.22979],[106.76457,17.2294],[106.76582,17.22939],[106.76751,17.22911],[106.76914,17.2286],[106.76998,17.22806],[106.77309,17.22539],[106.77408,17.22473],[106.77564,17.22426],[106.77692,17.22371],[106.77733,17.22355],[106.77966,17.22211],[106.78171,17.22095],[106.78193,17.22087],[106.7835,17.22027],[106.78543,17.21916],[106.7847,17.2169]]]},"properties":{"kind":"road","class":"secondary","ref":"ĐT.565C","name":"Đường Mai Thủy - An Thủy"}},{"type":"Feature","geometry":{"type":"LineString","coordinates":[[106.78979,17.22471],[106.78958,17.22494],[106.78894,17.22567]]},"properties":{"kind":"road","class":"secondary","ref":"ĐT.564","name":"Cầu Phong Liên"}},{"type":"Feature","geometry":{"type":"LineString","coordinates":[[106.77153,17.2308],[106.77212,17.2301],[106.7734,17.22928],[106.77471,17.22823],[106.77676,17.22635],[106.7783,17.22541],[106.78237,17.22398],[106.78485,17.22349],[106.78622,17.22333],[106.7866,17.2236]]},"properties":{"kind":"road","class":"tertiary","ref":null,"name":"Đường Dương Văn An"}},{"type":"Feature","geometry":{"type":"LineString","coordinates":[[106.78985,17.22201],[106.79192,17.22042],[106.79382,17.21862]]},"properties":{"kind":"road","class":"tertiary","ref":null,"name":"Đường Ngô Quyền"}},{"type":"Feature","geometry":{"type":"LineString","coordinates":[[106.78985,17.22201],[106.78918,17.22257],[106.78862,17.22383],[106.78897,17.22452],[106.78958,17.22494],[106.78968,17.22501]]},"properties":{"kind":"road","class":"tertiary","ref":null,"name":"Đường Phan Đình Phùng"}},{"type":"Feature","geometry":{"type":"LineString","coordinates":[[106.7458,17.25052],[106.74598,17.24925],[106.74612,17.24809],[106.74628,17.24758],[106.74691,17.2471],[106.74709,17.24701],[106.74722,17.24695],[106.74902,17.24602],[106.74998,17.2451],[106.75239,17.24351],[106.75446,17.24333],[106.75678,17.24254],[106.75846,17.24171],[106.75941,17.24048],[106.76058,17.23831],[106.76132,17.23716],[106.76282,17.23539],[106.76422,17.23451],[106.76485,17.23437],[106.76787,17.23466],[106.77094,17.23397],[106.77268,17.23391],[106.7736,17.23331],[106.77378,17.23318],[106.77539,17.23266],[106.77736,17.22951],[106.77774,17.22921],[106.78169,17.22765],[106.78382,17.22643],[106.78693,17.22535]]},"properties":{"kind":"road","class":"secondary","ref":"ĐT.564","name":"Võ Nguyên Giáp"}},{"type":"Feature","geometry":{"type":"LineString","coordinates":[[106.78655,17.22324],[106.78645,17.22254]]},"properties":{"kind":"road","class":"tertiary","ref":null,"name":"Cầu Phong Xuân"}},{"type":"Feature","geometry":{"type":"LineString","coordinates":[[106.78508,17.19268],[106.78535,17.19184],[106.78563,17.18949],[106.78583,17.18679],[106.78587,17.18449],[106.78562,17.17782],[106.78578,17.17306],[106.78564,17.17208],[106.78557,17.16845],[106.78544,17.16694],[106.78551,17.1652],[106.78535,17.16446],[106.78451,17.16289],[106.78437,17.16178],[106.78523,17.16028],[106.78483,17.15917],[106.78548,17.15768],[106.7856,17.15606],[106.78596,17.15509],[106.78529,17.15425],[106.78535,17.15357],[106.78646,17.15303],[106.7878,17.15274],[106.78887,17.15195]]},"properties":{"kind":"road","class":"secondary","ref":"ĐT.565C","name":"Chợ Đôộng - Trường Thủy"}},{"type":"Feature","geometry":{"type":"LineString","coordinates":[[106.63082,17.47347],[106.62992,17.47341],[106.62938,17.47552],[106.62936,17.47676]]},"properties":{"kind":"road","class":"tertiary","ref":null,"name":"Nhật Lệ"}},{"type":"Feature","geometry":{"type":"LineString","coordinates":[[106.63088,17.47327],[106.63007,17.47291],[106.63131,17.46973],[106.63192,17.4678],[106.6327,17.46655],[106.63325,17.46534],[106.63427,17.46227],[106.63534,17.46002],[106.63648,17.4567],[106.63737,17.45508],[106.6378,17.45386],[106.63832,17.45302],[106.63866,17.45175],[106.63884,17.44931],[106.63885,17.44923],[106.63888,17.44882]]},"properties":{"kind":"road","class":"tertiary","ref":null,"name":"Đường Nhật Lệ"}},{"type":"Feature","geometry":{"type":"MultiLineString","coordinates":[[[106.2887,17.76319],[106.28744,17.76278],[106.28533,17.76278],[106.28497,17.76273],[106.27589,17.76272],[106.27557,17.76282],[106.28497,17.76282],[106.28533,17.76278]],[[106.29104,17.76466],[106.29172,17.76541],[106.2916,17.76628],[106.28865,17.77011],[106.28637,17.77346],[106.28318,17.77785],[106.28204,17.77973],[106.28221,17.78119],[106.28344,17.78355],[106.28523,17.787],[106.28593,17.78825],[106.28608,17.78853],[106.2861,17.78856]]]},"properties":{"kind":"road","class":"secondary","ref":"ĐT.559","name":"Đường vào nhà máy Clinker Văn Hóa"}},{"type":"Feature","geometry":{"type":"LineString","coordinates":[[106.2887,17.76319],[106.28989,17.76394],[106.29104,17.76466]]},"properties":{"kind":"road","class":"secondary","ref":"ĐT.559","name":"Cầu vượt đường sắt"}},{"type":"Feature","geometry":{"type":"MultiLineString","coordinates":[[[107.05023,16.82956],[107.04991,16.82904],[107.04954,16.8293]],[[107.03846,16.81272],[107.03961,16.81426],[107.04042,16.81487],[107.04296,16.8162],[107.04533,16.81752],[107.04552,16.81764],[107.04735,16.81928],[107.04818,16.8205],[107.04909,16.8226],[107.04948,16.8255],[107.0495,16.82567],[107.04991,16.82904]],[[107.03758,16.81143],[107.03716,16.8107],[107.03521,16.80587],[107.03506,16.80514]],[[107.03512,16.80514],[107.03521,16.80587]]]},"properties":{"kind":"road","class":"secondary","ref":"ĐT.585C","name":"Đường tỉnh 585C"}},{"type":"Feature","geometry":{"type":"LineString","coordinates":[[107.03846,16.81272],[107.03758,16.81143]]},"properties":{"kind":"road","class":"secondary","ref":"ĐT.585C","name":"Cầu Cam Hiếu"}},{"type":"Feature","geometry":{"type":"LineString","coordinates":[[105.94929,17.76163],[105.95263,17.7595],[105.95407,17.75879],[105.95739,17.75646],[105.95821,17.75636],[105.95958,17.75694],[105.96153,17.75846],[105.96274,17.7592],[105.96513,17.75934],[105.9671,17.75875],[105.96873,17.75859],[105.96968,17.75775],[105.97267,17.75694],[105.97475,17.75669],[105.9758,17.75695],[105.97634,17.75761],[105.97721,17.75841],[105.97824,17.75898],[105.97857,17.75949],[105.97961,17.76034],[105.98213,17.76041],[105.9832,17.76118],[105.98387,17.76193],[105.98477,17.76335],[105.98559,17.76423],[105.98691,17.76497],[105.98808,17.76517],[105.9886,17.76553],[105.98941,17.76782],[105.98954,17.76879],[105.98927,17.76963],[105.98968,17.77024],[105.99054,17.77072],[105.99156,17.77377],[105.99168,17.77464],[105.99234,17.7757],[105.9921,17.77621],[105.98432,17.78402],[105.98282,17.78563],[105.98083,17.78848],[105.97812,17.79186],[105.97692,17.79343],[105.97628,17.79381],[105.97546,17.79482],[105.97491,17.79619],[105.97393,17.79787],[105.9724,17.79984],[105.97082,17.80347],[105.96951,17.80667],[105.96902,17.80844],[105.9685,17.80995],[105.96787,17.81066],[105.96812,17.81191],[105.96803,17.81279],[105.96732,17.81541],[105.96466,17.82327],[105.96288,17.82785],[105.96212,17.83013],[105.9611,17.83329],[105.96094,17.8341],[105.9609,17.83594],[105.9602,17.8421],[105.96079,17.84301],[105.96096,17.84376],[105.96151,17.84426],[105.96141,17.8454],[105.96062,17.84604],[105.95996,17.84734],[105.95974,17.84904],[105.95984,17.84987],[105.95948,17.85043],[105.96016,17.85193],[105.96023,17.85307],[105.95884,17.85581],[105.95946,17.85729],[105.96046,17.86086],[105.96045,17.86128],[105.96037,17.86158],[105.95911,17.8624],[105.95807,17.86375]]},"properties":{"kind":"road","class":"trunk","ref":"QL.12A;QL.15","name":"Quốc lộ 12A, 15"}},{"type":"Feature","geometry":{"type":"LineString","coordinates":[[105.9603,17.7341],[105.96067,17.73531]]},"properties":{"kind":"road","class":"trunk","ref":"QL.15;HCM","name":"Cầu Khe Rinh"}},{"type":"Feature","geometry":{"type":"LineString","coordinates":[[106.80813,17.13828],[106.80801,17.13853]]},"properties":{"kind":"road","class":"secondary","ref":"ĐT.564","name":"Cầu Năm Ống"}},{"type":"Feature","geometry":{"type":"LineString","coordinates":[[106.80855,17.13468],[106.80902,17.13523],[106.80978,17.13751]]},"properties":{"kind":"road","class":"secondary","ref":null,"name":"Đường tỉnh 564"}},{"type":"Feature","geometry":{"type":"LineString","coordinates":[[106.85272,17.21403],[106.85159,17.21231],[106.84989,17.21013],[106.84851,17.20871],[106.84563,17.2069],[106.84305,17.20539],[106.84022,17.20436],[106.82807,17.19896],[106.82362,17.1972],[106.82173,17.19687],[106.82132,17.19665],[106.82121,17.19659],[106.81816,17.19746],[106.81501,17.19812],[106.81165,17.19897],[106.81101,17.19937]]},"properties":{"kind":"road","class":"tertiary","ref":null,"name":"Chợ Trạm - Cầu Ngò"}},{"type":"Feature","geometry":{"type":"LineString","coordinates":[[106.73678,16.61975],[106.73632,16.62206],[106.73628,16.62318],[106.7369,16.62507],[106.73697,16.62651],[106.73698,16.62504],[106.73642,16.6232],[106.73632,16.62206]]},"properties":{"kind":"road","class":"secondary","ref":"ĐT.587","name":"Hùng Vương"}},{"type":"Feature","geometry":{"type":"MultiLineString","coordinates":[[[107.11728,16.67546],[107.11395,16.67624],[107.11114,16.67743],[107.10846,16.67903],[107.10643,16.68],[107.10514,16.68081],[107.10372,16.68193],[107.09187,16.69097],[107.09126,16.69147],[107.08798,16.69391],[107.08379,16.69712],[107.08047,16.69961],[107.07879,16.701],[107.07603,16.70337],[107.07549,16.70385],[107.06996,16.70869],[107.06919,16.70936],[107.06852,16.70989],[107.06521,16.713],[107.06371,16.71463],[107.06111,16.71792],[107.061,16.71806],[107.05934,16.72014],[107.05881,16.72093],[107.05617,16.72434],[107.05159,16.73102],[107.04782,16.73663],[107.04412,16.74219],[107.04316,16.74354],[107.04251,16.74451],[107.04091,16.74685],[107.03748,16.75204],[107.03729,16.75232],[107.03277,16.75876],[107.02869,16.76465],[107.02279,16.77309],[107.02138,16.77545],[107.02083,16.77677],[107.02025,16.77906],[107.02011,16.78039],[107.02013,16.78239],[107.02015,16.78427],[107.02009,16.79145],[107.02013,16.79607],[107.02013,16.79627],[107.02014,16.80264]],[[107.12057,16.67462],[107.12367,16.67393],[107.1245,16.6738],[107.12936,16.67252],[107.13047,16.67212],[107.13319,16.67095],[107.13803,16.66843],[107.13929,16.66772],[107.14473,16.66497],[107.14762,16.66339],[107.15421,16.65954],[107.15447,16.65939],[107.15798,16.65742],[107.15822,16.65728],[107.16632,16.65262],[107.16753,16.65188],[107.16969,16.6509],[107.16983,16.65084],[107.17099,16.65033],[107.17596,16.64867],[107.18269,16.64653],[107.19175,16.64396],[107.19271,16.64372],[107.19375,16.64349],[107.19513,16.64294],[107.20108,16.63966],[107.20475,16.63742],[107.20571,16.63676],[107.20838,16.63519],[107.20964,16.63454],[107.20918,16.63489],[107.20623,16.63663],[107.20475,16.63742]],[[107.24176,16.58443],[107.23926,16.58676],[107.23792,16.58821],[107.23634,16.59057],[107.23481,16.59366],[107.2344,16.59451],[107.23104,16.60118],[107.23008,16.60288],[107.22708,16.60712],[107.22649,16.60793],[107.22271,16.61328],[107.22032,16.61686],[107.21969,16.61796],[107.21643,16.62455],[107.21576,16.62577],[107.21628,16.6245],[107.21955,16.6179],[107.22018,16.61679],[107.22182,16.61438],[107.22271,16.61328]],[[107.12446,16.67365],[107.1293,16.67237],[107.1304,16.67199],[107.13307,16.67083],[107.13795,16.6683],[107.13929,16.66772]],[[107.12367,16.67393],[107.12446,16.67365]],[[107.06863,16.70999],[107.06534,16.71308],[107.06384,16.71474],[107.06124,16.71801],[107.06113,16.71814],[107.05946,16.72023],[107.05881,16.72093]],[[107.06919,16.70936],[107.06863,16.70999]],[[107.20973,16.63448],[107.21001,16.63429],[107.21171,16.63295],[107.2131,16.63097],[107.21576,16.62577]],[[107.20964,16.63454],[107.20973,16.63448]]]},"properties":{"kind":"road","class":"motorway","ref":"CT.01;CT.02","name":"Đường cao tốc Cam Lộ - La Sơn"}},{"type":"Feature","geometry":{"type":"LineString","coordinates":[[107.12057,16.67462],[107.11728,16.67546]]},"properties":{"kind":"road","class":"motorway","ref":"CT.01;CT.02","name":"Cầu Thạch Hãn"}},{"type":"Feature","geometry":{"type":"MultiLineString","coordinates":[[[107.17544,16.76338],[107.17706,16.76191],[107.17806,16.76116],[107.18064,16.75978],[107.18346,16.7587],[107.18565,16.75784]],[[107.175,16.7638],[107.17167,16.76697],[107.17077,16.76739],[107.17023,16.76729],[107.16901,16.76665],[107.16815,16.76626],[107.16807,16.76622]],[[107.16821,16.76614],[107.16901,16.76665]]]},"properties":{"kind":"road","class":"trunk","ref":"QL.1","name":"Quốc lộ 1 - Đường tránh TX. Quảng Trị"}},{"type":"Feature","geometry":{"type":"MultiLineString","coordinates":[[[107.19926,16.88013],[107.19949,16.87992],[107.20354,16.87624],[107.20974,16.86997],[107.21185,16.86798],[107.2151,16.86578],[107.21678,16.86439],[107.22879,16.85362],[107.24362,16.84036],[107.25312,16.83184],[107.25318,16.83179],[107.26517,16.82104],[107.26534,16.8209],[107.26819,16.81836],[107.26873,16.81769],[107.26936,16.81496],[107.27061,16.81248],[107.27205,16.81073],[107.27366,16.80941],[107.27501,16.8086],[107.27766,16.8077],[107.28073,16.80728],[107.28236,16.80606],[107.28819,16.80187],[107.2944,16.79735],[107.29464,16.79718],[107.29918,16.79387],[107.30803,16.78745],[107.32722,16.77349],[107.34252,16.7624]],[[107.19926,16.87974],[107.20338,16.876],[107.20958,16.86973],[107.21169,16.86774],[107.21494,16.86554],[107.21662,16.86415],[107.22665,16.85516],[107.2315,16.85079],[107.2368,16.84609],[107.24331,16.84022],[107.2529,16.83163],[107.25296,16.83158],[107.26197,16.82352],[107.26499,16.82085],[107.26517,16.82069],[107.26833,16.81784],[107.26875,16.81591],[107.2694,16.81402],[107.27037,16.81228],[107.2718,16.81058],[107.27291,16.80959],[107.27492,16.80836],[107.27763,16.80747],[107.28011,16.80716],[107.28061,16.80699],[107.2941,16.79721],[107.29434,16.79704],[107.29892,16.79373],[107.30783,16.78724],[107.32704,16.7733],[107.34235,16.76217]]]},"properties":{"kind":"road","class":"secondary","ref":"ĐVB","name":"Đường bộ ven biển Quảng Trị"}},{"type":"Feature","geometry":{"type":"MultiLineString","coordinates":[[[107.19271,16.7556],[107.19341,16.75529],[107.19753,16.75304],[107.1976,16.753],[107.19772,16.75293],[107.19793,16.7528],[107.19927,16.75144],[107.19982,16.7499],[107.20065,16.74456],[107.20138,16.74108],[107.20242,16.73754],[107.20267,16.73562]],[[107.20258,16.7338],[107.20266,16.73386],[107.20267,16.73558],[107.20278,16.73384],[107.20276,16.7337],[107.2027,16.73363]]]},"properties":{"kind":"road","class":"trunk","ref":"QL.1","name":"Võ Thị Sáu"}},{"type":"Feature","geometry":{"type":"LineString","coordinates":[[107.29166,16.73095],[107.29196,16.73121]]},"properties":{"kind":"road","class":"secondary","ref":"ĐT.582","name":"Cầu Hội Yên 1"}},{"type":"Feature","geometry":{"type":"LineString","coordinates":[[107.2954,16.73384],[107.29548,16.73441]]},"properties":{"kind":"road","class":"secondary","ref":"ĐT.582","name":"Cầu Hội Yên 2"}},{"type":"Feature","geometry":{"type":"MultiLineString","coordinates":[[[106.85907,17.15889],[106.86042,17.15754],[106.86246,17.15734],[106.86323,17.1571],[106.86407,17.15714],[106.86655,17.1577],[106.867,17.15757],[106.8683,17.15548],[106.87097,17.15526],[106.87188,17.15459],[106.87305,17.15402],[106.87463,17.15391],[106.87658,17.15351],[106.88007,17.15484],[106.88049,17.15488],[106.8828,17.15422],[106.88573,17.15413],[106.88888,17.15548],[106.89102,17.15775],[106.89134,17.1583],[106.89121,17.16023],[106.8913,17.16066],[106.89236,17.16172],[106.89471,17.16305],[106.89501,17.16355],[106.89584,17.16905],[106.89573,17.17103],[106.89587,17.17157],[106.89895,17.1733],[106.90323,17.17358],[106.90465,17.1739],[106.90606,17.17492]],[[106.83654,17.11174],[106.83739,17.11273],[106.83828,17.11452],[106.83991,17.11831],[106.84254,17.12319],[106.84256,17.12406],[106.84177,17.12582],[106.84154,17.12728],[106.84273,17.12906],[106.84528,17.13121],[106.84573,17.13299],[106.8457,17.13339],[106.84478,17.13561],[106.84481,17.13643],[106.84524,17.1372],[106.84503,17.13954],[106.84462,17.14021],[106.84194,17.14128],[106.83953,17.14211],[106.83905,17.14276],[106.83911,17.14318],[106.84068,17.14603],[106.84301,17.14787],[106.84314,17.14809],[106.84387,17.15138],[106.84596,17.15472],[106.84638,17.15514],[106.84805,17.15578],[106.8489,17.15585],[106.84962,17.15646],[106.85008,17.15722],[106.85147,17.15806],[106.852,17.1583],[106.85714,17.15974],[106.85866,17.15912]]]},"properties":{"kind":"road","class":"secondary","ref":"ĐT.565B","name":"Đường Sen Thủy - Kim Thủy"}},{"type":"Feature","geometry":{"type":"LineString","coordinates":[[107.15709,16.77907],[107.1598,16.77587],[107.16236,16.77329],[107.16643,16.76946]]},"properties":{"kind":"road","class":"tertiary","ref":null,"name":"Trường Chinh"}},{"type":"Feature","geometry":{"type":"MultiLineString","coordinates":[[[106.82645,17.18889],[106.82734,17.18746],[106.82833,17.18617],[106.8294,17.18382],[106.8313,17.18202],[106.83422,17.18263],[106.83654,17.182],[106.83763,17.18181],[106.83918,17.18177],[106.84207,17.18213],[106.84244,17.18083],[106.84292,17.17856],[106.84354,17.17792],[106.8439,17.17612],[106.84436,17.17549],[106.84435,17.17465],[106.84538,17.17378],[106.84709,17.17323],[106.84761,17.1725],[106.84739,17.17091],[106.84783,17.1697],[106.849,17.16755],[106.84884,17.1664],[106.84744,17.16535],[106.84578,17.16335],[106.84535,17.16252],[106.84588,17.16016],[106.8467,17.15915],[106.84781,17.1584],[106.84907,17.15803],[106.85008,17.15722],[106.85245,17.15556],[106.85396,17.15375],[106.85569,17.14998],[106.85594,17.14979],[106.85786,17.1497],[106.85876,17.14943],[106.8581,17.14817],[106.85747,17.14583],[106.85727,17.14468]],[[106.85427,17.1423],[106.85528,17.14263],[106.85604,17.14311],[106.85701,17.14405]]]},"properties":{"kind":"road","class":"secondary","ref":"ĐT.565D","name":"Đường Mỹ Thủy - Dương Thủy - Thái Thủy"}},{"type":"Feature","geometry":{"type":"LineString","coordinates":[[106.7401,17.24463],[106.73984,17.24447],[106.73764,17.24237],[106.73729,17.24215],[106.73378,17.24079],[106.73222,17.23999],[106.72929,17.23682],[106.72794,17.23651],[106.72635,17.23646],[106.72618,17.23645],[106.72464,17.23641],[106.72185,17.235],[106.71855,17.23517],[106.71765,17.23516],[106.71607,17.23405],[106.711,17.23077],[106.70869,17.22955],[106.70496,17.22974],[106.70358,17.22975],[106.70221,17.23026],[106.70188,17.22992],[106.70182,17.22933],[106.70012,17.22857]]},"properties":{"kind":"road","class":"secondary","ref":"ĐT.565C","name":"Đường An - Sơn"}},{"type":"Feature","geometry":{"type":"LineString","coordinates":[[106.41595,17.82071],[106.41627,17.81598],[106.41708,17.81048],[106.41793,17.80611],[106.41853,17.80352],[106.41902,17.80223],[106.42108,17.79763],[106.42126,17.79736]]},"properties":{"kind":"road","class":"tertiary","ref":null,"name":"Chu Văn An"}},{"type":"Feature","geometry":{"type":"LineString","coordinates":[[106.70653,16.67325],[106.70971,16.67651],[106.71049,16.67676],[106.71176,16.67578],[106.71215,16.67573],[106.7139,16.67615],[106.71532,16.67504],[106.71643,16.67519],[106.71709,16.67495],[106.71765,16.6743],[106.71857,16.67501],[106.71871,16.67576],[106.71792,16.67641],[106.71697,16.6775],[106.71571,16.6776],[106.71465,16.67829],[106.71355,16.67879],[106.71225,16.67913],[106.7115,16.67976],[106.71079,16.68099],[106.71067,16.68183],[106.71112,16.68229],[106.7114,16.68309],[106.71082,16.68336],[106.70997,16.68437],[106.70899,16.68492],[106.70849,16.68587],[106.70853,16.68664],[106.70828,16.68739],[106.70855,16.68783],[106.70953,16.68801],[106.70998,16.68896],[106.71023,16.6901],[106.71045,16.69266],[106.71081,16.69351],[106.71203,16.69374],[106.71266,16.69495],[106.71237,16.69546],[106.71311,16.69572],[106.71447,16.69477],[106.71549,16.69489],[106.71574,16.69568],[106.71518,16.69615],[106.71534,16.69656],[106.71613,16.69686],[106.71674,16.69678],[106.71798,16.69616],[106.7193,16.69604],[106.71946,16.69523],[106.72032,16.6949],[106.72115,16.6952],[106.72177,16.69497],[106.72421,16.69566],[106.72485,16.69565],[106.72587,16.69672],[106.72722,16.69712],[106.72772,16.69771],[106.72728,16.69907],[106.72759,16.69961],[106.72838,16.70006],[106.72929,16.69937],[106.73103,16.69924],[106.73164,16.69939],[106.73319,16.69881],[106.73416,16.69814],[106.73477,16.69811],[106.73633,16.69847],[106.7375,16.69838],[106.73805,16.69899],[106.73697,16.70023],[106.73568,16.70092],[106.73529,16.70188],[106.73689,16.70325],[106.73689,16.70416],[106.73728,16.70569],[106.73834,16.70612],[106.73899,16.70821],[106.7395,16.7091],[106.7396,16.71027],[106.73927,16.71135],[106.73957,16.71215],[106.7415,16.71292],[106.74268,16.71249],[106.74483,16.7121],[106.74525,16.71226],[106.74587,16.71322],[106.74721,16.71417],[106.74808,16.71412],[106.74881,16.71351],[106.74928,16.71344],[106.74986,16.71394],[106.74936,16.71601],[106.74977,16.71634],[106.75152,16.71643],[106.75181,16.71677],[106.7522,16.71804],[106.75314,16.71837],[106.75428,16.71708],[106.75475,16.71686],[106.75661,16.71649],[106.75713,16.71573],[106.75768,16.71558],[106.75873,16.71607],[106.75882,16.71611],[106.76106,16.71712],[106.76189,16.71565],[106.76333,16.7143],[106.76428,16.71424],[106.76465,16.71511],[106.76566,16.71549],[106.76663,16.71664],[106.76914,16.71696],[106.77014,16.716],[106.77144,16.71646],[106.77362,16.71652],[106.77437,16.71711],[106.77574,16.71789],[106.77622,16.71778],[106.7767,16.71662],[106.77726,16.71641],[106.77998,16.71644],[106.78037,16.71634],[106.78174,16.71481],[106.78265,16.71475],[106.78442,16.71537],[106.78538,16.71596],[106.78747,16.7163],[106.7892,16.71712],[106.79014,16.71778],[106.79157,16.71827],[106.79323,16.71912],[106.79413,16.71984],[106.79618,16.71888],[106.79846,16.71931],[106.7992,16.71883],[106.79971,16.71809],[106.80071,16.71794],[106.80126,16.71878],[106.80226,16.71981],[106.80299,16.7214],[106.80417,16.72359],[106.80532,16.72358],[106.80607,16.72403],[106.80651,16.72597],[106.80629,16.72775],[106.8072,16.72876],[106.8076,16.72965],[106.80753,16.73032],[106.80887,16.73217],[106.8098,16.73275],[106.81001,16.7336],[106.81087,16.73394],[106.81153,16.73358],[106.81391,16.73465],[106.8147,16.73543],[106.81495,16.7367],[106.81594,16.73695],[106.81673,16.73742],[106.81748,16.73856],[106.81873,16.73988],[106.82002,16.74046],[106.82172,16.74191],[106.82241,16.74306],[106.82265,16.74414],[106.82483,16.74681],[106.82549,16.74798],[106.82756,16.74912],[106.82735,16.75043],[106.82825,16.75185],[106.82818,16.75317],[106.82782,16.75429],[106.82858,16.75659],[106.82867,16.75718],[106.82922,16.75807],[106.8301,16.75878],[106.83052,16.75962],[106.83101,16.7615],[106.83139,16.76194],[106.83207,16.76207],[106.83359,16.76289],[106.83433,16.76385],[106.83582,16.76446],[106.83736,16.76463],[106.83934,16.76587],[106.84155,16.76701],[106.84231,16.76695],[106.8436,16.76635],[106.84563,16.76654],[106.84685,16.76702],[106.85011,16.76775],[106.85076,16.76779],[106.85139,16.76736],[106.85154,16.76677],[106.85324,16.76646],[106.85409,16.76597]]},"properties":{"kind":"road","class":"secondary","ref":"ĐT.587B","name":"Đường tỉnh 587B"}},{"type":"Feature","geometry":{"type":"MultiLineString","coordinates":[[[106.74884,17.34687],[106.74614,17.35072],[106.74532,17.35199],[106.74391,17.35333],[106.7424,17.35457],[106.74146,17.35512],[106.73921,17.35707],[106.73667,17.36082],[106.73414,17.36372],[106.73319,17.36512],[106.73225,17.36598],[106.73099,17.36537],[106.7294,17.36759],[106.72621,17.37069],[106.72402,17.37295],[106.72186,17.37549]],[[106.82212,17.27859],[106.82316,17.27758],[106.82537,17.27676],[106.83263,17.27282],[106.83277,17.27275],[106.83408,17.27202],[106.83421,17.27194],[106.84645,17.26535],[106.852,17.26269],[106.85317,17.26226],[106.85581,17.26111],[106.85693,17.2609],[106.85816,17.25977],[106.85975,17.25914],[106.8603,17.25877]],[[106.77055,17.32828],[106.76864,17.32217]],[[106.71999,17.37817],[106.71824,17.37882],[106.71713,17.3794],[106.71617,17.38101],[106.71589,17.38136],[106.7114,17.3844],[106.71048,17.38496]],[[106.88511,17.23295],[106.8876,17.23641],[106.88822,17.23787],[106.88652,17.23909],[106.88468,17.24093],[106.88379,17.24156],[106.88086,17.24316],[106.87951,17.24418],[106.87822,17.24496],[106.87701,17.24587],[106.87641,17.24655],[106.87505,17.2485],[106.87457,17.24899],[106.87216,17.2507],[106.87112,17.25169]]]},"properties":{"kind":"road","class":"secondary","ref":"ĐT.569","name":"Đường tỉnh 569"}},{"type":"Feature","geometry":{"type":"LineString","coordinates":[[106.88963,16.68855],[106.88897,16.68857]]},"properties":{"kind":"road","class":"secondary","ref":"ĐT.588A","name":"Cầu Khe Ruồi"}},{"type":"Feature","geometry":{"type":"LineString","coordinates":[[107.14533,16.78936],[107.14649,16.79222],[107.14665,16.79263],[107.14772,16.79529],[107.14806,16.79672],[107.14794,16.79792],[107.14747,16.799],[107.14515,16.802],[107.14479,16.80281],[107.14452,16.80365]]},"properties":{"kind":"road","class":"trunk","ref":"QL.1","name":"Đường tránh phía Đông Thành phố Đông Hà"}},{"type":"Feature","geometry":{"type":"LineString","coordinates":[[106.22814,17.89216],[106.22781,17.89189],[106.22657,17.89165],[106.22546,17.89162],[106.22328,17.8912],[106.22253,17.88951],[106.22063,17.88759],[106.21912,17.88666],[106.21878,17.88602],[106.21756,17.88495],[106.21766,17.8841],[106.21699,17.88376],[106.21687,17.88283],[106.21764,17.88198],[106.21773,17.88106],[106.21646,17.88025],[106.21383,17.88008],[106.21351,17.88048],[106.21283,17.88033],[106.21195,17.88048],[106.21079,17.88093],[106.20979,17.8816],[106.20901,17.88158],[106.20882,17.88075],[106.20719,17.87974],[106.20693,17.87855],[106.20782,17.87818],[106.20781,17.8778],[106.2066,17.87693],[106.20567,17.87406],[106.20518,17.87285],[106.20494,17.87183],[106.20444,17.87167],[106.20412,17.87229],[106.20284,17.87246],[106.20234,17.87314],[106.20144,17.87332],[106.20094,17.87315],[106.20042,17.87375],[106.19957,17.87397],[106.19876,17.87446],[106.1974,17.8739],[106.19702,17.87184],[106.19672,17.87134],[106.19695,17.87076],[106.19612,17.87056],[106.1958,17.87003],[106.19614,17.86928],[106.19647,17.86754],[106.19692,17.86692],[106.19638,17.86668],[106.19591,17.86536],[106.19602,17.86436],[106.19662,17.86388],[106.19745,17.86376],[106.19718,17.86289],[106.19883,17.8615],[106.20106,17.86072],[106.20136,17.85999],[106.19942,17.85964],[106.19891,17.85922],[106.19802,17.85926],[106.19755,17.8589],[106.19771,17.85807],[106.19861,17.85797],[106.19929,17.85698],[106.1993,17.85691],[106.19789,17.85645],[106.19663,17.8558],[106.1962,17.85511],[106.19616,17.85449],[106.19568,17.85405],[106.19555,17.8526],[106.19657,17.85123],[106.19643,17.85076],[106.19518,17.85109],[106.19465,17.84983],[106.19505,17.84928],[106.19584,17.84872],[106.1957,17.84832],[106.19441,17.84863],[106.19415,17.8483],[106.19446,17.84759],[106.19386,17.84725],[106.19383,17.84662],[106.19283,17.84649],[106.19177,17.84583],[106.19017,17.84541],[106.18843,17.84635],[106.18755,17.84653],[106.18627,17.84629],[106.18629,17.84474],[106.1856,17.84399],[106.18612,17.84303],[106.18597,17.84222],[106.18692,17.84164],[106.18705,17.84066],[106.18643,17.84065],[106.18634,17.8387],[106.18613,17.83796],[106.1854,17.83715],[106.18493,17.83551],[106.18592,17.83273],[106.18551,17.83009],[106.18343,17.82915],[106.18243,17.82882],[106.18152,17.82819],[106.18077,17.82733],[106.1797,17.82368]]},"properties":{"kind":"road","class":"secondary","ref":"ĐT.558C","name":null}},{"type":"Feature","geometry":{"type":"MultiLineString","coordinates":[[[106.62731,17.45791],[106.62678,17.45619],[106.62654,17.45442],[106.62669,17.45393],[106.62781,17.45212],[106.62794,17.45187],[106.62827,17.45115],[106.6292,17.44801],[106.62924,17.44788]],[[106.62726,17.45796],[106.62671,17.4562],[106.62646,17.45441],[106.62662,17.45391],[106.62774,17.45208],[106.62786,17.45185],[106.62882,17.44918],[106.62911,17.448],[106.62915,17.44786]]]},"properties":{"kind":"road","class":"tertiary","ref":null,"name":"Đường Đào Duy Từ"}},{"type":"Feature","geometry":{"type":"LineString","coordinates":[[106.6053,17.44078],[106.60718,17.44173],[106.60989,17.44282],[106.61066,17.44348],[106.61205,17.44505],[106.61281,17.44545],[106.61437,17.44619],[106.61578,17.44765],[106.61645,17.44834],[106.61661,17.4485],[106.61692,17.44885],[106.62035,17.45243],[106.62063,17.4531],[106.62071,17.45446],[106.62078,17.45568],[106.62079,17.45583],[106.62142,17.45791]]},"properties":{"kind":"road","class":"secondary","ref":"ĐT.570B","name":"Lê Lợi"}},{"type":"Feature","geometry":{"type":"LineString","coordinates":[[107.11186,16.85735],[107.11372,16.85388],[107.11443,16.85224],[107.1146,16.85173],[107.11479,16.85093],[107.11633,16.84258],[107.11662,16.84165],[107.11834,16.83751],[107.11881,16.83655],[107.11979,16.8342],[107.11985,16.83406]]},"properties":{"kind":"road","class":"trunk","ref":"QL.1","name":"Đường tránh phía đông Đông Hà"}},{"type":"Feature","geometry":{"type":"MultiLineString","coordinates":[[[106.61717,17.48206],[106.61771,17.48424],[106.61767,17.48549],[106.61737,17.48649]],[[106.61709,17.48181],[106.61697,17.48139]]]},"properties":{"kind":"road","class":"tertiary","ref":null,"name":"Đường La Sơn Phu Tử"}},{"type":"Feature","geometry":{"type":"MultiLineString","coordinates":[[[106.57566,17.47512],[106.57179,17.47561],[106.57029,17.47534],[106.56873,17.47459],[106.56599,17.47283],[106.56385,17.47161],[106.56238,17.47107],[106.56156,17.47051],[106.56122,17.46944],[106.56092,17.46919],[106.55715,17.46901],[106.55695,17.46896]],[[106.58604,17.47231],[106.58458,17.47278],[106.58272,17.47267],[106.58083,17.47133]]]},"properties":{"kind":"road","class":"secondary","ref":"ĐT.568","name":"Đường Nam Lý - Trung Trương"}},{"type":"Feature","geometry":{"type":"LineString","coordinates":[[106.62162,17.45849],[106.62003,17.45926],[106.6179,17.46005],[106.61656,17.46083],[106.61649,17.46088],[106.61569,17.4615],[106.61527,17.46217],[106.61477,17.4635],[106.61469,17.46358],[106.61348,17.46383],[106.61219,17.46348],[106.61111,17.46356],[106.6104,17.46388],[106.60982,17.46481]]},"properties":{"kind":"road","class":"tertiary","ref":null,"name":"Nguyễn Hữu Thọ"}},{"type":"Feature","geometry":{"type":"LineString","coordinates":[[106.62103,17.44582],[106.61692,17.44885],[106.61518,17.45038]]},"properties":{"kind":"road","class":"tertiary","ref":null,"name":"Đường Trần Thái Tông"}},{"type":"Feature","geometry":{"type":"MultiLineString","coordinates":[[[106.52847,17.63181],[106.52811,17.63249],[106.52647,17.63491],[106.52584,17.63651],[106.52433,17.63901],[106.52381,17.63941],[106.523,17.6394],[106.52233,17.63899],[106.52062,17.6371]],[[106.57306,17.55123],[106.57268,17.55163],[106.57163,17.5529],[106.57076,17.55427],[106.57025,17.55624],[106.57015,17.55897],[106.5702,17.56356],[106.56984,17.56646],[106.56923,17.56837],[106.56852,17.56983],[106.56695,17.57236],[106.56452,17.57589],[106.56358,17.57782],[106.56224,17.58238],[106.56218,17.58256],[106.56097,17.58617],[106.5604,17.58765],[106.5591,17.59027],[106.55636,17.59455],[106.5541,17.59819],[106.55341,17.59951],[106.55307,17.60059],[106.55186,17.60582],[106.55069,17.60909],[106.5498,17.61051],[106.548,17.61438]],[[106.60423,17.52181],[106.60213,17.52087],[106.60085,17.52071],[106.59901,17.52113],[106.5976,17.52205],[106.59383,17.52538],[106.59125,17.52759],[106.58995,17.52842],[106.58893,17.52884],[106.58633,17.52942],[106.58497,17.53019],[106.58448,17.53096],[106.58428,17.53184],[106.58374,17.53612],[106.58339,17.53695],[106.58175,17.53945],[106.5803,17.54232],[106.57944,17.54437],[106.57888,17.54505],[106.5765,17.54708],[106.57582,17.54819],[106.57451,17.54965]]]},"properties":{"kind":"road","class":"secondary","ref":null,"name":"Đường bộ ven biển Nam cầu Lý Hoà - Quang Phú"}},{"type":"Feature","geometry":{"type":"MultiLineString","coordinates":[[[106.79375,17.22273],[106.8002,17.23083],[106.80085,17.23233],[106.80087,17.23242],[106.80186,17.23842],[106.8024,17.23975],[106.80398,17.24289],[106.80489,17.24396],[106.80507,17.24417],[106.80861,17.24834]],[[106.7926,17.22129],[106.79308,17.22189]]]},"properties":{"kind":"road","class":"primary","ref":"QL.9C","name":"Đường Nguyễn Tất Thành"}},{"type":"Feature","geometry":{"type":"MultiLineString","coordinates":[[[106.79452,17.25897],[106.79356,17.25746],[106.79266,17.25707],[106.7912,17.25503],[106.79049,17.25367],[106.78787,17.25081],[106.78757,17.25053],[106.78708,17.25013],[106.78566,17.24969],[106.7829,17.24967],[106.78167,17.2493],[106.78063,17.24789]],[[106.78036,17.24753],[106.77799,17.24429],[106.77741,17.24323],[106.77604,17.24035],[106.77552,17.23897],[106.77521,17.23718],[106.77525,17.23514]]]},"properties":{"kind":"road","class":"tertiary","ref":null,"name":"Đường 30"}},{"type":"Feature","geometry":{"type":"MultiLineString","coordinates":[[[106.82121,17.19659],[106.82236,17.19532],[106.82362,17.19452],[106.82645,17.18889]],[[106.85727,17.14468],[106.85701,17.14405]]]},"properties":{"kind":"road","class":"secondary","ref":"ĐT.565D","name":"Mỹ Thủy - Dương Thủy - Thái Thủy"}},{"type":"Feature","geometry":{"type":"LineString","coordinates":[[107.01239,16.81897],[107.01273,16.82054]]},"properties":{"kind":"road","class":"trunk","ref":"QL.9;HCM","name":"Cầu Đuồi"}},{"type":"Feature","geometry":{"type":"LineString","coordinates":[[107.14011,16.8782],[107.14046,16.87829]]},"properties":{"kind":"road","class":"trunk","ref":"QL.9","name":"Cầu Mai Xá"}},{"type":"Feature","geometry":{"type":"LineString","coordinates":[[106.79121,16.63987],[106.79179,16.64029],[106.79296,16.64007]]},"properties":{"kind":"road","class":"trunk","ref":"QL.9;HCM","name":"Cầu Rào Quán"}},{"type":"Feature","geometry":{"type":"LineString","coordinates":[[106.79674,16.65521],[106.79697,16.65561]]},"properties":{"kind":"road","class":"trunk","ref":"QL.9;HCM","name":"Cầu Bông Kho"}},{"type":"Feature","geometry":{"type":"LineString","coordinates":[[106.39157,17.73632],[106.3914,17.73679]]},"properties":{"kind":"road","class":"secondary","ref":"ĐT.559B","name":"Cầu Trắng"}},{"type":"Feature","geometry":{"type":"MultiLineString","coordinates":[[[106.74145,16.63473],[106.7408,16.63344],[106.74057,16.63222],[106.74011,16.62991],[106.73902,16.62765],[106.7385,16.62705],[106.73697,16.62651],[106.73542,16.62598],[106.73314,16.62594],[106.73097,16.62495],[106.72986,16.62417],[106.72959,16.62372],[106.72948,16.62319]],[[106.72947,16.62283],[106.72942,16.6223],[106.7288,16.62151],[106.72717,16.62111],[106.72629,16.6206],[106.72467,16.61987],[106.72301,16.62002],[106.72158,16.62053],[106.71927,16.62026],[106.71837,16.6205]]]},"properties":{"kind":"road","class":"trunk","ref":"QL.9","name":"Lê Duẩn"}},{"type":"Feature","geometry":{"type":"LineString","coordinates":[[106.72947,16.62283],[106.72948,16.62319]]},"properties":{"kind":"road","class":"trunk","ref":"QL.9","name":"Cầu Khe Sanh"}},{"type":"Feature","geometry":{"type":"LineString","coordinates":[[106.6411,16.59625],[106.64198,16.59648]]},"properties":{"kind":"road","class":"trunk","ref":"QL.9","name":"Cầu Mỹ Yên"}},{"type":"Feature","geometry":{"type":"LineString","coordinates":[[107.17544,16.76338],[107.175,16.7638]]},"properties":{"kind":"road","class":"trunk","ref":"QL.1","name":"Quốc lộ 1 - Đường tránh Thành phố Quảng Trị"}},{"type":"Feature","geometry":{"type":"LineString","coordinates":[[106.79033,17.21741],[106.78543,17.21916],[106.78641,17.22231],[106.78645,17.22254]]},"properties":{"kind":"road","class":"tertiary","ref":null,"name":"Đường Lý Thường Kiệt"}},{"type":"Feature","geometry":{"type":"LineString","coordinates":[[106.85907,17.15889],[106.85866,17.15912]]},"properties":{"kind":"road","class":"secondary","ref":"ĐT.565B","name":null}},{"type":"Feature","geometry":{"type":"LineString","coordinates":[[106.65221,17.38732],[106.65109,17.38822],[106.64897,17.38912],[106.64685,17.38924],[106.64533,17.38863],[106.64298,17.38743],[106.64127,17.38685],[106.63952,17.38597],[106.63868,17.3854],[106.63454,17.38374]]},"properties":{"kind":"road","class":"tertiary","ref":null,"name":"Võ - Duy -Hàm"}},{"type":"Feature","geometry":{"type":"LineString","coordinates":[[106.72147,16.62332],[106.72263,16.62187],[106.72301,16.62002]]},"properties":{"kind":"road","class":"tertiary","ref":null,"name":"Trần Cao Vân"}},{"type":"Feature","geometry":{"type":"LineString","coordinates":[[106.96242,17.12523],[106.96304,17.12479]]},"properties":{"kind":"road","class":"trunk","ref":"QL.1","name":"Cầu Khay"}},{"type":"Feature","geometry":{"type":"MultiLineString","coordinates":[[[106.87217,17.21301],[106.87377,17.21313],[106.87433,17.213],[106.87524,17.21331],[106.87636,17.21396],[106.87779,17.21542],[106.87835,17.21618],[106.87859,17.21723],[106.87881,17.22045],[106.87842,17.2231],[106.87851,17.22405],[106.87891,17.22471],[106.88021,17.22763],[106.88178,17.22904],[106.88426,17.23176],[106.88511,17.23295]],[[106.71999,17.37817],[106.72017,17.3781],[106.72113,17.37771],[106.72186,17.37549]]]},"properties":{"kind":"road","class":"tertiary","ref":"ĐT.569","name":"Đường tỉnh 569"}},{"type":"Feature","geometry":{"type":"MultiLineString","coordinates":[[[106.59239,17.42566],[106.59331,17.42644]],[[106.60383,17.42833],[106.60577,17.42882],[106.60693,17.42965],[106.60827,17.43109]]]},"properties":{"kind":"road","class":"secondary","ref":null,"name":"Đường Đại lộ Đông Tây Điện Biên Phủ"}},{"type":"Feature","geometry":{"type":"MultiLineString","coordinates":[[[106.60827,17.43109],[106.60886,17.43177]],[[106.60898,17.43168],[106.60839,17.43101]]]},"properties":{"kind":"road","class":"secondary","ref":"ĐT.570","name":"Cầu Phú Vinh"}},{"type":"Feature","geometry":{"type":"LineString","coordinates":[[106.55529,17.53813],[106.55524,17.53817],[106.55492,17.53798],[106.55494,17.53791],[106.55526,17.53782],[106.55529,17.53813]]},"properties":{"kind":"road","class":"trunk","ref":"QL.1","name":"Vòng xoay Tuyến Tránh Đồng Hới"}},{"type":"Feature","geometry":{"type":"MultiLineString","coordinates":[[[106.60229,17.428],[106.60304,17.42809],[106.60385,17.42819]],[[106.60383,17.42833],[106.60304,17.42823],[106.60226,17.42814]]]},"properties":{"kind":"road","class":"secondary","ref":"ĐT.570","name":"Cầu Vượt Đường Sắt"}},{"type":"Feature","geometry":{"type":"MultiLineString","coordinates":[[[106.59472,17.46013],[106.59487,17.46004],[106.59494,17.46]],[[106.60685,17.45293],[106.60666,17.45304]]]},"properties":{"kind":"road","class":"trunk","ref":"QL.1","name":"Cầu Bản"}},{"type":"Feature","geometry":{"type":"LineString","coordinates":[[106.60115,17.45629],[106.60191,17.45585],[106.60258,17.45547]]},"properties":{"kind":"road","class":"trunk","ref":"QL.1","name":"Cầu vượt đường sắt"}},{"type":"Feature","geometry":{"type":"MultiLineString","coordinates":[[[106.62653,17.44732],[106.62452,17.44691]],[[106.62446,17.44706],[106.62647,17.44747]]]},"properties":{"kind":"road","class":"secondary","ref":"ĐT.570","name":"Cầu Lệ Kỳ"}},{"type":"Feature","geometry":{"type":"MultiLineString","coordinates":[[[106.62351,17.46608],[106.62345,17.46639]],[[106.62361,17.46642],[106.62366,17.4661]]]},"properties":{"kind":"road","class":"primary","ref":"QL.1","name":"Cầu Nam Thành"}},{"type":"Feature","geometry":{"type":"LineString","coordinates":[[106.53965,17.48505],[106.53182,17.4839]]},"properties":{"kind":"road","class":"trunk","ref":"QL.15;QL.9E;HCM","name":"Đường Hồ Chí Minh nhánh Đông"}},{"type":"Feature","geometry":{"type":"LineString","coordinates":[[106.7949,17.22029],[106.79402,17.22119],[106.79308,17.22189]]},"properties":{"kind":"road","class":"tertiary","ref":null,"name":"Đường Tây Hồ"}},{"type":"Feature","geometry":{"type":"LineString","coordinates":[[106.7581,17.14701],[106.75916,17.14627]]},"properties":{"kind":"road","class":"trunk","ref":"HCM","name":"Cầu Thác Cóc"}},{"type":"Feature","geometry":{"type":"LineString","coordinates":[[106.77312,17.27757],[106.7727,17.27804]]},"properties":{"kind":"road","class":"trunk","ref":"QL.1","name":"Quốc lộ 1A tuyến cũ"}},{"type":"Feature","geometry":{"type":"LineString","coordinates":[[106.61012,17.46908],[106.61034,17.46901],[106.61043,17.46905],[106.6104,17.46924],[106.61022,17.46922],[106.61012,17.46908]]},"properties":{"kind":"road","class":"primary","ref":null,"name":"Đường Trần Hưng Đạo"}},{"type":"Feature","geometry":{"type":"LineString","coordinates":[[106.58718,17.48005],[106.58589,17.47925],[106.58502,17.47944],[106.58467,17.47951]]},"properties":{"kind":"road","class":"secondary","ref":null,"name":"Đường Nguyễn Bính"}},{"type":"Feature","geometry":{"type":"MultiLineString","coordinates":[[[106.62422,17.4717],[106.62439,17.47168],[106.62426,17.47158]],[[106.63011,17.47319],[106.62439,17.47168]]]},"properties":{"kind":"road","class":"primary","ref":"QL.9E","name":"Cầu Nhật Lệ 1"}},{"type":"Feature","geometry":{"type":"MultiLineString","coordinates":[[[107.12638,16.79882],[107.12569,16.79894]],[[107.03506,16.80507],[107.03506,16.80514]],[[107.03512,16.80514],[107.03512,16.80506]]]},"properties":{"kind":"road","class":"primary","ref":null,"name":"Điện Biên Phủ"}},{"type":"Feature","geometry":{"type":"LineString","coordinates":[[107.05819,16.98157],[107.05559,16.98184],[107.05536,16.98165],[107.05463,16.97979],[107.05453,16.97867],[107.0568,16.97877],[107.059,16.97977]]},"properties":{"kind":"road","class":"secondary","ref":"76","name":null}},{"type":"Feature","geometry":{"type":"MultiLineString","coordinates":[[[107.00666,16.808],[107.00669,16.80809],[107.00684,16.80849],[107.00919,16.81411],[107.01004,16.81543],[107.01202,16.81797],[107.01239,16.81897]],[[107.01273,16.82054],[107.01309,16.82194]]]},"properties":{"kind":"road","class":"trunk","ref":"QL.9;HCM","name":"Đường Hồ Chí Minh nhánh Đông;Quốc lộ 9"}},{"type":"Feature","geometry":{"type":"LineString","coordinates":[[106.53458,17.58495],[106.53636,17.58563]]},"properties":{"kind":"road","class":"tertiary","ref":null,"name":"Đường Lê Lợi"}},{"type":"Feature","geometry":{"type":"LineString","coordinates":[[106.56632,17.48645],[106.56506,17.48627],[106.56084,17.4845],[106.55997,17.48423],[106.5591,17.48423],[106.55372,17.48535],[106.55348,17.4854],[106.55017,17.48609],[106.54859,17.48638],[106.54787,17.48632],[106.54769,17.48629],[106.542,17.48541],[106.53965,17.48505]]},"properties":{"kind":"road","class":"primary","ref":"QL.9E","name":"Đường Phan Đình Phùng kéo dài"}},{"type":"Feature","geometry":{"type":"MultiLineString","coordinates":[[[106.64221,17.4316],[106.63753,17.42942],[106.63686,17.4291]],[[106.64213,17.43177],[106.63745,17.42959],[106.63677,17.42926]]]},"properties":{"kind":"road","class":"secondary","ref":"ĐT.570C","name":"Cầu Nhật Lệ 3"}},{"type":"Feature","geometry":{"type":"LineString","coordinates":[[106.96647,16.31254],[106.9664,16.31245]]},"properties":{"kind":"road","class":"trunk","ref":"15","name":null}},{"type":"Feature","geometry":{"type":"MultiLineString","coordinates":[[[106.62334,17.45127],[106.62351,17.44684],[106.62351,17.44669]],[[106.62367,17.44673],[106.62365,17.44688],[106.62349,17.45124]],[[106.62079,17.45583],[106.62229,17.45499],[106.62298,17.4542],[106.62327,17.45343]],[[106.62316,17.45326],[106.62286,17.45412],[106.62221,17.45486],[106.62078,17.45568]]]},"properties":{"kind":"road","class":"secondary","ref":null,"name":"Đường Phạm Văn Đồng"}},{"type":"Feature","geometry":{"type":"MultiLineString","coordinates":[[[106.6568,17.26024],[106.66377,17.24843],[106.66595,17.24526],[106.66802,17.24278],[106.68141,17.22869],[106.68275,17.22724],[106.68544,17.22452]],[[106.68554,17.22462],[106.68299,17.22728],[106.68152,17.22878],[106.66813,17.24288],[106.66606,17.24535],[106.66389,17.2485],[106.65692,17.2603]],[[106.76067,17.1467],[106.76175,17.14525],[106.76464,17.14132],[106.76752,17.13814],[106.7758,17.13066],[106.78039,17.12709],[106.78283,17.12502],[106.78433,17.12357],[106.78565,17.12209],[106.78773,17.11923],[106.79193,17.11239],[106.79699,17.10437],[106.79976,17.10019],[106.80088,17.09861],[106.80282,17.09628],[106.8056,17.09345],[106.80794,17.09137],[106.80997,17.08981],[106.81255,17.08802],[106.81513,17.08642],[106.82024,17.0834],[106.82495,17.08069],[106.82954,17.07799],[106.83306,17.07593],[106.84051,17.07153],[106.84451,17.06922],[106.84612,17.06828],[106.85006,17.06589],[106.85185,17.06466],[106.85385,17.06298],[106.85776,17.05943],[106.86084,17.05693],[106.86246,17.05586],[106.86502,17.05445],[106.86823,17.05294],[106.87422,17.04999],[106.87762,17.04795],[106.88128,17.04555],[106.88839,17.04098],[106.89724,17.03519],[106.89752,17.035],[106.8994,17.03352],[106.90078,17.03225],[106.90306,17.02989],[106.90788,17.02482],[106.9084,17.02427],[106.9106,17.02196]],[[106.76054,17.1466],[106.76158,17.14522],[106.76452,17.14121],[106.76735,17.13808],[106.77569,17.13055],[106.78029,17.12699],[106.78273,17.1249],[106.78421,17.12348],[106.78555,17.12198],[106.7876,17.11917],[106.79181,17.11231],[106.79686,17.1043],[106.79964,17.10011],[106.80076,17.09853],[106.80271,17.09619],[106.8055,17.09335],[106.80785,17.09126],[106.80988,17.08971],[106.81246,17.0879],[106.81505,17.08631],[106.82017,17.08328],[106.82487,17.08057],[106.82946,17.07787],[106.83298,17.07581],[106.84044,17.07141],[106.84443,17.0691],[106.84604,17.06816],[106.84997,17.06578],[106.85176,17.06455],[106.85375,17.06287],[106.85766,17.05933],[106.86075,17.05682],[106.86239,17.05574],[106.86494,17.05433],[106.86823,17.05279],[106.87416,17.04986],[106.87754,17.04784],[106.8812,17.04544],[106.88831,17.04086],[106.89709,17.03512],[106.89734,17.03495],[106.8993,17.03342],[106.90067,17.03215],[106.90227,17.03052],[106.90602,17.02658],[106.90823,17.02425],[106.9105,17.02186]],[[106.93001,16.98415],[106.93193,16.98231],[106.9328,16.98122],[106.93366,16.97969],[106.93987,16.96771],[106.94228,16.96314],[106.94394,16.95976],[106.94441,16.95867],[106.94682,16.95313],[106.94798,16.9502]],[[106.92992,16.98404],[106.9318,16.98221],[106.93267,16.98113],[106.93353,16.97959],[106.93974,16.96762],[106.94213,16.96308],[106.94378,16.95973],[106.94425,16.95865],[106.94669,16.95303],[106.94781,16.95017]],[[107.01767,16.81782],[107.01904,16.81442],[107.01948,16.8131],[107.01988,16.8113],[107.01995,16.81041],[107.02005,16.80908],[107.02006,16.80553],[107.02007,16.80366],[107.02014,16.80264],[107.02022,16.80364],[107.02022,16.80392],[107.0202,16.80909],[107.02002,16.81132],[107.01962,16.81314],[107.01918,16.81447],[107.0178,16.81787]],[[107.01711,16.81959],[107.01569,16.82303],[107.00971,16.83757],[107.00563,16.84758],[107.0038,16.85136],[107.0002,16.85837],[106.99744,16.86377],[106.99266,16.87283],[106.99097,16.87566],[106.99042,16.87651],[106.98782,16.88053],[106.97741,16.89488],[106.97432,16.89904],[106.97164,16.90237],[106.96953,16.90489],[106.96849,16.90624],[106.96769,16.90754],[106.96542,16.91183],[106.96506,16.9125],[106.96499,16.91263],[106.96451,16.91353],[106.96215,16.91783],[106.96107,16.91931],[106.95896,16.92303],[106.95756,16.92591],[106.9543,16.93382],[106.94872,16.94827]],[[107.01697,16.81954],[107.01556,16.82298],[107.00954,16.83761],[107.0055,16.84752],[107.00367,16.8513],[107.00011,16.85824],[106.9973,16.86371],[106.99251,16.87276],[106.99082,16.8756],[106.99029,16.87642],[106.98767,16.88048],[106.97728,16.8948],[106.97423,16.89888],[106.9715,16.9023],[106.96939,16.90482],[106.96745,16.9074],[106.96671,16.90864],[106.96506,16.91172],[106.96477,16.91228],[106.9647,16.91241],[106.96417,16.91341],[106.96232,16.91681],[106.96183,16.91765],[106.95884,16.92291],[106.9574,16.92586],[106.95417,16.93374],[106.94859,16.94818]],[[106.91196,17.02033],[106.91729,17.01475],[106.91812,17.01381],[106.91918,17.01225],[106.92006,17.01054],[106.9208,17.00812],[106.921,17.00671],[106.92183,16.99663],[106.92212,16.99444],[106.92244,16.99317],[106.92322,16.99125],[106.92416,16.98961],[106.92595,16.98746],[106.92891,16.98491]],[[106.929,16.98502],[106.92605,16.98756],[106.92428,16.98969],[106.9234,16.99122],[106.92258,16.99322],[106.92226,16.99447],[106.92198,16.99665],[106.92115,17.00673],[106.92094,17.00816],[106.92019,17.01059],[106.9193,17.01233],[106.91824,17.0139],[106.9174,17.01485],[106.91206,17.02042]],[[106.6562,17.26125],[106.65353,17.26591]],[[106.70561,17.20802],[106.70706,17.20698],[106.71366,17.20304],[106.71598,17.20158],[106.71856,17.19968],[106.72037,17.19815],[106.72169,17.1969],[106.72346,17.19499],[106.72904,17.18845],[106.73669,17.17952],[106.73769,17.17825],[106.73806,17.17775],[106.74803,17.16387],[106.75106,17.15965],[106.75279,17.15724],[106.75337,17.15643],[106.75923,17.14863]],[[106.70552,17.20791],[106.70697,17.20687],[106.71359,17.20292],[106.71589,17.20147],[106.71848,17.19957],[106.72033,17.198],[106.72159,17.1968],[106.72335,17.1949],[106.72893,17.18836],[106.73658,17.17942],[106.73757,17.17817],[106.73794,17.17767],[106.74825,17.16329],[106.75117,17.15923],[106.75271,17.15707],[106.7591,17.14854]],[[106.68678,17.22343],[106.70277,17.21028]],[[106.70267,17.21018],[106.68667,17.22334]]]},"properties":{"kind":"road","class":"motorway","ref":"CT.01;CT.02","name":"Đường cao tốc Vạn Ninh - Cam Lộ"}},{"type":"Feature","geometry":{"type":"MultiLineString","coordinates":[[[106.6394,17.44935],[106.63884,17.44931],[106.63459,17.44899]],[[106.6346,17.4489],[106.63885,17.44923],[106.63941,17.44927]]]},"properties":{"kind":"road","class":"secondary","ref":"ĐT.570","name":"Cầu Nhật Lệ 2"}},{"type":"Feature","geometry":{"type":"LineString","coordinates":[[106.58645,17.47249],[106.58635,17.47245],[106.58604,17.47231]]},"properties":{"kind":"road","class":"secondary","ref":null,"name":"Đường Nguyễn Công Hoan"}},{"type":"Feature","geometry":{"type":"LineString","coordinates":[[106.78795,17.20647],[106.78983,17.21534],[106.78986,17.21545],[106.79033,17.21741],[106.79052,17.21834]]},"properties":{"kind":"road","class":"primary","ref":"QL.9C","name":"Đường Nguyễn Hữu Cảnh"}},{"type":"Feature","geometry":{"type":"LineString","coordinates":[[106.78655,17.22324],[106.7866,17.2236],[106.78693,17.22535]]},"properties":{"kind":"road","class":"tertiary","ref":null,"name":"Đường Hùng Vương"}},{"type":"Feature","geometry":{"type":"MultiLineString","coordinates":[[[106.6042,17.47232],[106.60534,17.47123],[106.60784,17.46982],[106.60795,17.46975],[106.60894,17.46928],[106.61012,17.46908]],[[106.61022,17.46922],[106.6089,17.46942],[106.60795,17.4699],[106.60784,17.46997],[106.60547,17.47131],[106.60434,17.47231]]]},"properties":{"kind":"road","class":"secondary","ref":null,"name":"Đường Hữu Nghị"}},{"type":"Feature","geometry":{"type":"LineString","coordinates":[[106.60425,17.4845],[106.60408,17.48449],[106.60415,17.48441]]},"properties":{"kind":"road","class":"primary","ref":"QL.1","name":"Lý Thường Kiệt"}},{"type":"Feature","geometry":{"type":"MultiLineString","coordinates":[[[106.55888,17.42737],[106.55756,17.42815],[106.5547,17.4301],[106.55193,17.43209],[106.53852,17.44315]],[[106.53864,17.44328],[106.55113,17.43296],[106.55253,17.43186],[106.55483,17.43021],[106.55767,17.42829],[106.55897,17.42751]],[[106.62399,17.3416],[106.62202,17.34915],[106.62095,17.35295],[106.61989,17.35582],[106.61876,17.35869],[106.61511,17.36827],[106.61395,17.3709],[106.61276,17.37337],[106.61122,17.37615],[106.60448,17.38771]],[[106.60461,17.38777],[106.61135,17.37621],[106.61289,17.37343],[106.61408,17.37096],[106.61525,17.36832],[106.61698,17.36382],[106.61767,17.36187],[106.62003,17.35587],[106.62109,17.35299],[106.62216,17.34919],[106.62413,17.34164]],[[106.50549,17.50274],[106.50354,17.50455],[106.50239,17.50534],[106.49755,17.50805],[106.49569,17.50944],[106.49358,17.51148],[106.48728,17.5184],[106.48708,17.51861],[106.48427,17.52173],[106.48225,17.52385],[106.47897,17.52715],[106.47875,17.52736],[106.46929,17.53686],[106.46807,17.53809],[106.46651,17.54009],[106.46386,17.54438],[106.462,17.54662],[106.46081,17.54774],[106.45405,17.55321],[106.45378,17.55343],[106.44575,17.55996],[106.44348,17.56192],[106.44181,17.56369],[106.42796,17.57913],[106.42631,17.58091],[106.42567,17.58154],[106.42286,17.58431],[106.4138,17.59369],[106.41164,17.59604],[106.40768,17.60066],[106.40658,17.60196]],[[106.50532,17.5027],[106.50344,17.50444],[106.5023,17.50522],[106.49745,17.50793],[106.49557,17.50934],[106.49345,17.51139],[106.48722,17.51823],[106.48702,17.51845],[106.48412,17.52164],[106.48213,17.52375],[106.47882,17.5271],[106.47859,17.52731],[106.46917,17.53676],[106.46794,17.538],[106.46638,17.54001],[106.46372,17.5443],[106.46189,17.54651],[106.46072,17.54763],[106.45395,17.5531],[106.45368,17.55332],[106.44564,17.55985],[106.44337,17.56182],[106.44168,17.5636],[106.42785,17.57902],[106.42614,17.58085],[106.42552,17.58146],[106.42275,17.58419],[106.41373,17.59355],[106.4115,17.59597],[106.4099,17.59783],[106.40646,17.60188]],[[106.64323,17.28538],[106.65132,17.2702],[106.65213,17.26867],[106.65633,17.26132]],[[106.65353,17.26591],[106.65199,17.26863],[106.6431,17.28531]],[[106.5937,17.40555],[106.5925,17.40682],[106.5894,17.40925],[106.58761,17.41034],[106.57915,17.41523],[106.57533,17.41759],[106.57143,17.41991],[106.56009,17.42665]],[[106.59381,17.40564],[106.59262,17.4069],[106.58949,17.40936],[106.5877,17.41045],[106.57923,17.41534],[106.57544,17.41769],[106.57135,17.42013],[106.56018,17.4268]],[[106.62437,17.34072],[106.62499,17.33833],[106.62546,17.33621]],[[106.62531,17.33619],[106.62485,17.3383],[106.62423,17.34068]],[[106.62597,17.3335],[106.62618,17.33232],[106.62685,17.32732]],[[106.62671,17.3273],[106.62603,17.33229],[106.62582,17.33348]],[[106.51863,17.47963],[106.53386,17.44886],[106.53478,17.44721],[106.53586,17.44583],[106.53709,17.44457]],[[106.53697,17.44444],[106.53508,17.4465],[106.5337,17.44878],[106.51845,17.47963]],[[106.59415,17.40524],[106.59497,17.40412],[106.59812,17.39887],[106.60107,17.39382]],[[106.60094,17.39377],[106.598,17.3988],[106.59484,17.40406],[106.59403,17.40517]],[[106.62797,17.31731],[106.62853,17.31336],[106.62927,17.31122],[106.64256,17.28633]],[[106.64269,17.28639],[106.63755,17.29598],[106.62936,17.31134],[106.62889,17.31253],[106.62851,17.31434],[106.62813,17.31723]],[[106.50705,17.5004],[106.51193,17.49266],[106.51283,17.49106],[106.51477,17.48726],[106.51678,17.48309],[106.51696,17.48273],[106.51832,17.47991]],[[106.50719,17.50047],[106.51206,17.49273],[106.51298,17.49109],[106.51366,17.48987],[106.51639,17.48431],[106.51696,17.48312],[106.51713,17.48278],[106.5185,17.47992]],[[106.50621,17.50163],[106.50547,17.50254]],[[106.50565,17.50257],[106.50635,17.50171]]]},"properties":{"kind":"road","class":"motorway","ref":"CT.01;CT.02","name":"Đường cao tốc Bùng - Vạn Ninh"}},{"type":"Feature","geometry":{"type":"LineString","coordinates":[[106.62172,17.47253],[106.62017,17.47249],[106.61732,17.47278]]},"properties":{"kind":"road","class":"tertiary","ref":null,"name":"Đường Trần Nhân Tông"}},{"type":"Feature","geometry":{"type":"LineString","coordinates":[[106.62364,17.473],[106.62183,17.47256]]},"properties":{"kind":"road","class":"tertiary","ref":null,"name":"Trần Nhân Tông"}},{"type":"Feature","geometry":{"type":"LineString","coordinates":[[106.58312,17.50937],[106.58504,17.50985],[106.58636,17.50968]]},"properties":{"kind":"road","class":"tertiary","ref":null,"name":"Đường Nguyễn Đình Toản"}},{"type":"Feature","geometry":{"type":"MultiLineString","coordinates":[[[106.54117,17.56857],[106.54005,17.57195],[106.53955,17.57321],[106.53843,17.57552],[106.53554,17.58268],[106.53458,17.58495],[106.53371,17.5872],[106.53367,17.58787]],[[106.54102,17.56853],[106.5399,17.57191],[106.5394,17.57317],[106.53796,17.57628],[106.5379,17.57642],[106.5354,17.58262],[106.53444,17.5849],[106.53356,17.58717],[106.53351,17.58787]]]},"properties":{"kind":"road","class":"trunk","ref":"QL.1","name":"Hùng Vương"}},{"type":"Feature","geometry":{"type":"MultiLineString","coordinates":[[[106.35988,17.718],[106.36204,17.72323],[106.36284,17.72515],[106.36568,17.73276],[106.36657,17.73575],[106.36683,17.73655],[106.36811,17.74066]],[[106.36002,17.71796],[106.36223,17.7233],[106.36298,17.72511],[106.36582,17.73274],[106.36671,17.73571],[106.36698,17.73651],[106.36825,17.74063]],[[106.40658,17.60196],[106.40516,17.6039],[106.40455,17.60495],[106.40192,17.60993],[106.39933,17.61456],[106.39805,17.61686],[106.39498,17.62261],[106.39238,17.62731],[106.3909,17.6298],[106.38974,17.63151],[106.38683,17.63537],[106.38537,17.63718],[106.38509,17.63752],[106.38217,17.64112],[106.37856,17.64555]],[[106.40646,17.60188],[106.40504,17.6038],[106.40444,17.60483],[106.40173,17.60998],[106.39917,17.61456],[106.39796,17.61673],[106.39481,17.6226],[106.39222,17.62729],[106.39078,17.62971],[106.38963,17.63142],[106.38666,17.63533],[106.38523,17.6371],[106.38497,17.63742],[106.38204,17.64103],[106.37843,17.64545]],[[106.37504,17.76428],[106.37516,17.76584],[106.37511,17.76691],[106.37484,17.76899],[106.3745,17.77038],[106.37309,17.77669],[106.3712,17.78357],[106.3693,17.79245],[106.36904,17.79329],[106.3664,17.80069],[106.36267,17.81033],[106.36244,17.81091],[106.36137,17.8137],[106.36117,17.81523],[106.36116,17.81763],[106.36128,17.82042],[106.36164,17.82453],[106.36179,17.82564],[106.36181,17.8258],[106.36203,17.82708],[106.36282,17.82994],[106.36317,17.83104],[106.36329,17.83143],[106.36338,17.83172],[106.36524,17.83676],[106.36607,17.84023],[106.36625,17.84273],[106.36624,17.84349],[106.36622,17.84531],[106.36599,17.84722],[106.36554,17.84921],[106.36473,17.85166],[106.36356,17.85412],[106.36201,17.85645],[106.35727,17.86316],[106.35628,17.86476],[106.35225,17.87276],[106.35111,17.87468],[106.34809,17.8793],[106.34803,17.8794],[106.34632,17.88218],[106.34597,17.88359],[106.34598,17.8851],[106.34616,17.88592],[106.34865,17.89268],[106.34899,17.89468],[106.34871,17.89633],[106.34802,17.89782],[106.34728,17.89885],[106.34596,17.89995],[106.34197,17.90213],[106.34009,17.90336],[106.33737,17.90576],[106.33522,17.90774],[106.3343,17.90848],[106.33256,17.90955],[106.33152,17.91001],[106.31621,17.91572],[106.31429,17.9165],[106.31191,17.91787],[106.30546,17.92322],[106.30368,17.92468],[106.30337,17.92494],[106.3001,17.92779],[106.29938,17.92859],[106.29772,17.93091],[106.29099,17.94326]],[[106.37489,17.76429],[106.37498,17.7652],[106.37492,17.76742],[106.37469,17.76894],[106.37294,17.77659],[106.37133,17.78232],[106.37105,17.78351],[106.36913,17.79243],[106.36887,17.79326],[106.3662,17.80072],[106.36254,17.81022],[106.3623,17.81086],[106.36122,17.81364],[106.36102,17.81522],[106.361,17.81748],[106.36112,17.82073],[106.36133,17.82301],[106.36163,17.82566],[106.36165,17.82582],[106.36218,17.82835],[106.36302,17.83109],[106.36309,17.83134],[106.36323,17.83178],[106.36482,17.83605],[106.36553,17.83849],[106.36589,17.84025],[106.36608,17.84272],[106.36608,17.84351],[106.36607,17.8453],[106.36585,17.84714],[106.36537,17.8492],[106.36455,17.8516],[106.36341,17.85404],[106.36161,17.85677],[106.35706,17.86311],[106.35612,17.86467],[106.35211,17.87268],[106.35096,17.8746],[106.34791,17.87927],[106.3478,17.87944],[106.34649,17.88148],[106.34597,17.88278],[106.34578,17.88428],[106.34583,17.88511],[106.34631,17.88686],[106.34849,17.89274],[106.34883,17.89468],[106.34857,17.89629],[106.34788,17.89777],[106.34716,17.89876],[106.34589,17.89983],[106.34188,17.902],[106.34,17.90324],[106.33513,17.9076],[106.3342,17.90836],[106.33245,17.90944],[106.33148,17.90988],[106.31614,17.91559],[106.31421,17.91637],[106.3118,17.91776],[106.30539,17.92308],[106.30358,17.92458],[106.30326,17.92484],[106.29999,17.92768],[106.29922,17.92854],[106.29827,17.92972],[106.29758,17.93081],[106.29574,17.93422],[106.29079,17.94326]],[[106.35902,17.71543],[106.35824,17.71333],[106.35778,17.71105],[106.35763,17.7098],[106.35765,17.70788],[106.35934,17.70067],[106.36042,17.69654],[106.36089,17.69369],[106.36106,17.69174],[106.36088,17.68864],[106.35998,17.68251],[106.35989,17.68121],[106.35995,17.67881],[106.36016,17.67738],[106.36057,17.67604],[106.36164,17.67356],[106.36221,17.67245],[106.37196,17.65468],[106.37285,17.65302],[106.37484,17.65002],[106.37726,17.64712]],[[106.37718,17.64697],[106.3747,17.64993],[106.37269,17.65298],[106.37182,17.65461],[106.36207,17.67236],[106.3615,17.67348],[106.36041,17.676],[106.36,17.67735],[106.35978,17.67878],[106.35972,17.68121],[106.35981,17.68253],[106.36072,17.68865],[106.3609,17.69174],[106.36073,17.69367],[106.36026,17.6965],[106.35985,17.69827],[106.35919,17.70062],[106.35749,17.70786],[106.35747,17.70983],[106.35761,17.71107],[106.35808,17.71337],[106.35887,17.7155]]]},"properties":{"kind":"road","class":"motorway","ref":"CT.01;CT.02","name":"Đường cao tốc Vũng Áng - Bùng"}},{"type":"Feature","geometry":{"type":"LineString","coordinates":[[106.92974,16.98475],[106.92948,16.98497]]},"properties":{"kind":"road","class":"trunk","ref":"HCM","name":"Cầu Rào Trường"}},{"type":"Feature","geometry":{"type":"LineString","coordinates":[[106.57306,17.55123],[106.57451,17.54965]]},"properties":{"kind":"road","class":"secondary","ref":null,"name":"Cầu Sông Dinh"}},{"type":"Feature","geometry":{"type":"LineString","coordinates":[[106.62227,17.47101],[106.62245,17.47109],[106.62245,17.4711],[106.6224,17.47125],[106.62239,17.47126],[106.6222,17.47122],[106.62218,17.47119],[106.62224,17.47103],[106.62227,17.47101]]},"properties":{"kind":"road","class":"primary","ref":"QL.1","name":null}},{"type":"Feature","geometry":{"type":"LineString","coordinates":[[107.07698,16.82433],[107.07743,16.82383],[107.07859,16.82256],[107.07966,16.82139]]},"properties":{"kind":"road","class":"tertiary","ref":null,"name":"Đập ngăn mặn sông Hiếu"}},{"type":"Feature","geometry":{"type":"MultiLineString","coordinates":[[[107.07292,16.82009],[107.07309,16.8199],[107.07394,16.81895],[107.07402,16.81887]],[[107.07412,16.81895],[107.07404,16.81905],[107.07319,16.81999],[107.07302,16.82017]]]},"properties":{"kind":"road","class":"secondary","ref":"ĐT.585B","name":"Cầu Sông Hiếu"}},{"type":"Feature","geometry":{"type":"LineString","coordinates":[[107.07817,16.82447],[107.07724,16.82549],[107.07691,16.82635],[107.07707,16.83259]]},"properties":{"kind":"road","class":"tertiary","ref":null,"name":"Trần Huy Liệu"}},{"type":"Feature","geometry":{"type":"LineString","coordinates":[[107.10438,16.8067],[107.10042,16.80674],[107.09937,16.80646]]},"properties":{"kind":"road","class":"tertiary","ref":null,"name":"Lê Thánh Tông"}},{"type":"Feature","geometry":{"type":"MultiLineString","coordinates":[[[106.62671,17.3273],[106.62673,17.32711],[106.6275,17.32106],[106.62783,17.31839],[106.62784,17.31833],[106.62785,17.31826],[106.62792,17.3177],[106.62797,17.31731]],[[106.62813,17.31723],[106.62809,17.31753],[106.62802,17.31809],[106.62801,17.31815],[106.628,17.31821],[106.62765,17.32098],[106.62687,17.32716],[106.62685,17.32732]]]},"properties":{"kind":"road","class":"motorway","ref":"CT.01;CT.02","name":"Cầu Long Đại"}},{"type":"Feature","geometry":{"type":"MultiLineString","coordinates":[[[106.929,16.98502],[106.93001,16.98415]],[[106.92992,16.98404],[106.92891,16.98491]]]},"properties":{"kind":"road","class":"motorway","ref":"CT.01;CT.02","name":"Cầu Rào Trường"}},{"type":"Feature","geometry":{"type":"LineString","coordinates":[[107.01513,17.05951],[107.01522,17.05958],[107.01806,17.06217],[107.02001,17.06412],[107.02144,17.06446],[107.02595,17.06695],[107.02715,17.06774],[107.0294,17.06883],[107.03144,17.06947],[107.03451,17.06929],[107.03658,17.06926],[107.0379,17.06897],[107.03991,17.06791],[107.04256,17.06671]]},"properties":{"kind":"road","class":"primary","ref":"QL.9D","name":"Quang Trung"}},{"type":"Feature","geometry":{"type":"LineString","coordinates":[[106.99507,17.07778],[106.98792,17.08759]]},"properties":{"kind":"road","class":"trunk","ref":"QL.1;QL.9D","name":"Quốc lộ 1"}},{"type":"Feature","geometry":{"type":"LineString","coordinates":[[107.08385,16.84215],[107.08408,16.84227],[107.08397,16.84241],[107.08379,16.84231],[107.08385,16.84215]]},"properties":{"kind":"road","class":"trunk","ref":"QL.1;QL.9","name":"Quốc lộ 9;Quốc lộ 1"}},{"type":"Feature","geometry":{"type":"MultiLineString","coordinates":[[[106.89763,16.60586],[106.89814,16.60558]],[[106.89657,16.60565],[106.89698,16.60573]],[[106.86418,16.62246],[106.8643,16.62217]]]},"properties":{"kind":"road","class":"trunk","ref":"QL.14;HCM","name":"cầu"}},{"type":"Feature","geometry":{"type":"LineString","coordinates":[[106.81719,16.65845],[106.81778,16.65851]]},"properties":{"kind":"road","class":"trunk","ref":"QL.9","name":"Cầu Klu"}},{"type":"Feature","geometry":{"type":"LineString","coordinates":[[106.89662,16.78215],[106.89752,16.78205]]},"properties":{"kind":"road","class":"trunk","ref":"QL.9","name":"Cầu Đầu Mầu"}},{"type":"Feature","geometry":{"type":"LineString","coordinates":[[106.85463,16.75558],[106.85461,16.75605]]},"properties":{"kind":"road","class":"trunk","ref":"QL.9","name":"Cầu Mười"}},{"type":"Feature","geometry":{"type":"LineString","coordinates":[[106.87611,16.70035],[106.87584,16.70061]]},"properties":{"kind":"road","class":"trunk","ref":"QL.9","name":"Cầu Giêng"}},{"type":"Feature","geometry":{"type":"LineString","coordinates":[[106.87963,16.6951],[106.8795,16.69579]]},"properties":{"kind":"road","class":"trunk","ref":"QL.9","name":"Cầu Sa Mưu"}},{"type":"Feature","geometry":{"type":"LineString","coordinates":[[106.87261,16.68376],[106.87314,16.68391]]},"properties":{"kind":"road","class":"trunk","ref":"QL.9","name":"Cầu Xốm"}},{"type":"Feature","geometry":{"type":"LineString","coordinates":[[106.84916,16.6686],[106.84976,16.66848]]},"properties":{"kind":"road","class":"trunk","ref":"QL.9","name":"Cầu Xóm Ro"}},{"type":"Feature","geometry":{"type":"LineString","coordinates":[[106.84573,16.66726],[106.84613,16.66737]]},"properties":{"kind":"road","class":"trunk","ref":"QL.9","name":"Cầu Đằng Sông"}},{"type":"Feature","geometry":{"type":"LineString","coordinates":[[106.84018,16.66485],[106.84048,16.66502]]},"properties":{"kind":"road","class":"trunk","ref":"QL.9","name":"Cầu Cờ Lê"}},{"type":"Feature","geometry":{"type":"LineString","coordinates":[[106.83069,16.66281],[106.83284,16.66272],[106.83562,16.66323],[106.8362,16.66356],[106.8371,16.66358],[106.83862,16.66387],[106.84018,16.66485]]},"properties":{"kind":"road","class":"trunk","ref":"QL.9;HCM","name":"Quốc lộ 9"}},{"type":"Feature","geometry":{"type":"LineString","coordinates":[[106.83038,16.66288],[106.83069,16.66281]]},"properties":{"kind":"road","class":"trunk","ref":"QL.9","name":"Cầu Sa Mia"}},{"type":"Feature","geometry":{"type":"LineString","coordinates":[[106.79485,16.65165],[106.79486,16.65219]]},"properties":{"kind":"road","class":"trunk","ref":"QL.9;HCM","name":"Cầu Tua"}},{"type":"Feature","geometry":{"type":"MultiLineString","coordinates":[[[106.37489,17.76429],[106.37487,17.76422],[106.37478,17.76382],[106.36862,17.74245],[106.36811,17.74066]],[[106.36825,17.74063],[106.36876,17.7424],[106.37492,17.76379],[106.37501,17.76416],[106.37504,17.76428]]]},"properties":{"kind":"road","class":"motorway","ref":"CT.01;CT.02","name":"Cầu sông Gianh"}},{"type":"Feature","geometry":{"type":"MultiLineString","coordinates":[[[106.35988,17.718],[106.35962,17.71736],[106.35887,17.7155]],[[106.35902,17.71543],[106.35976,17.7173],[106.36002,17.71796]]]},"properties":{"kind":"road","class":"motorway","ref":"CT.01;CT.02","name":"Cầu Rào Nan"}},{"type":"Feature","geometry":{"type":"LineString","coordinates":[[106.77572,17.29269],[106.77683,17.29464],[106.7771,17.29565],[106.77713,17.3039],[106.77772,17.3055],[106.77857,17.30631],[106.78299,17.3096],[106.7835,17.31011],[106.78637,17.31387],[106.78668,17.31449],[106.78737,17.31648],[106.78827,17.31753]]},"properties":{"kind":"road","class":"secondary","ref":"ĐT.565","name":"Đường ngoài hàng rào phía nam FLC"}},{"type":"Feature","geometry":{"type":"MultiLineString","coordinates":[[[106.60675,16.61145],[106.6068,16.61152],[106.60865,16.61385],[106.60844,16.61475]],[[107.09903,16.82751],[107.09796,16.82693],[107.09621,16.82775],[107.09438,16.82816],[107.09243,16.8289],[107.09132,16.82963],[107.08999,16.83108],[107.08935,16.83129],[107.08834,16.83125],[107.08822,16.83124],[107.08706,16.83104],[107.08637,16.83072],[107.08425,16.82928],[107.08644,16.83062],[107.08711,16.83093],[107.08821,16.83112],[107.08833,16.83113],[107.08934,16.83117],[107.09018,16.83081],[107.09122,16.82955],[107.09237,16.8288],[107.09433,16.82805],[107.09617,16.82764],[107.09793,16.82682],[107.09909,16.82741]]]},"properties":{"kind":"road","class":"tertiary","ref":null,"name":"Đường Hoàng Diệu"}},{"type":"Feature","geometry":{"type":"MultiLineString","coordinates":[[[106.64616,17.45776],[106.64609,17.45772],[106.64597,17.45764],[106.6459,17.45759],[106.64289,17.4555],[106.64194,17.45483],[106.64182,17.45479]],[[106.64625,17.45764],[106.64618,17.4576],[106.64607,17.45752],[106.64599,17.45747],[106.64296,17.4554],[106.64199,17.45474],[106.64187,17.45469]]]},"properties":{"kind":"road","class":"tertiary","ref":null,"name":"Đường Hoàng Vân"}},{"type":"Feature","geometry":{"type":"LineString","coordinates":[[106.64227,17.39633],[106.639,17.39996]]},"properties":{"kind":"road","class":"trunk","ref":"QL.1","name":"Cầu Quán Hàu 2"}},{"type":"Feature","geometry":{"type":"MultiLineString","coordinates":[[[106.60448,17.38771],[106.60094,17.39377]],[[106.60107,17.39382],[106.60461,17.38777]]]},"properties":{"kind":"road","class":"motorway","ref":"CT.01;CT.02","name":"Cầu vượt Hồ Điều Gà"}},{"type":"Feature","geometry":{"type":"MultiLineString","coordinates":[[[106.62531,17.33619],[106.6256,17.33464],[106.62576,17.33382],[106.62582,17.33348]],[[106.62597,17.3335],[106.62583,17.3342],[106.62568,17.335],[106.62546,17.33621]]]},"properties":{"kind":"road","class":"motorway","ref":"CT.01;CT.02","name":"Cầu vượt đường sắt 1"}},{"type":"Feature","geometry":{"type":"MultiLineString","coordinates":[[[106.62423,17.34068],[106.62399,17.3416]],[[106.62413,17.34164],[106.62437,17.34072]]]},"properties":{"kind":"road","class":"motorway","ref":"CT.01;CT.02","name":"Cầu Hồ Trầm"}},{"type":"Feature","geometry":{"type":"MultiLineString","coordinates":[[[106.50635,17.50171],[106.50719,17.50047]],[[106.50705,17.5004],[106.50621,17.50163]]]},"properties":{"kind":"road","class":"motorway","ref":"CT.01;CT.02","name":"Cầu Đá Mài"}},{"type":"Feature","geometry":{"type":"MultiLineString","coordinates":[[[106.53709,17.44457],[106.53864,17.44328]],[[106.53852,17.44315],[106.53697,17.44444]]]},"properties":{"kind":"road","class":"motorway","ref":"CT.01;CT.02","name":"Cầu Phú Vinh 1"}},{"type":"Feature","geometry":{"type":"MultiLineString","coordinates":[[[106.56009,17.42665],[106.55888,17.42737]],[[106.55897,17.42751],[106.56018,17.4268]]]},"properties":{"kind":"road","class":"motorway","ref":"CT.01;CT.02","name":"Cầu Phú Vinh 2"}},{"type":"Feature","geometry":{"type":"MultiLineString","coordinates":[[[106.59381,17.40564],[106.59415,17.40524]],[[106.59403,17.40517],[106.5937,17.40555]]]},"properties":{"kind":"road","class":"motorway","ref":"CT.01;CT.02","name":"Cầu Vực Huý"}},{"type":"Feature","geometry":{"type":"MultiLineString","coordinates":[[[106.37843,17.64545],[106.37718,17.64697]],[[106.37726,17.64712],[106.37856,17.64555]]]},"properties":{"kind":"road","class":"motorway","ref":"CT.01;CT.02","name":"Cầu vượt sông Son"}},{"type":"Feature","geometry":{"type":"MultiLineString","coordinates":[[[106.64269,17.28639],[106.64323,17.28538]],[[106.6431,17.28531],[106.64256,17.28633]]]},"properties":{"kind":"road","class":"motorway","ref":"CT.01;CT.02","name":"Cầu Km671+285"}},{"type":"Feature","geometry":{"type":"MultiLineString","coordinates":[[[106.6562,17.26125],[106.65655,17.26066],[106.6568,17.26024]],[[106.65692,17.2603],[106.65664,17.26079],[106.65633,17.26132]]]},"properties":{"kind":"road","class":"motorway","ref":"CT.01;CT.02","name":"Cầu vượt Quốc lộ 9B"}},{"type":"Feature","geometry":{"type":"MultiLineString","coordinates":[[[107.01767,16.81782],[107.01697,16.81954]],[[107.01711,16.81959],[107.0178,16.81787]]]},"properties":{"kind":"road","class":"motorway","ref":"CT.01;CT.02","name":"Cầu vượt Sông Hiếu"}},{"type":"Feature","geometry":{"type":"MultiLineString","coordinates":[[[106.94859,16.94818],[106.94781,16.95017]],[[106.94798,16.9502],[106.94872,16.94827]]]},"properties":{"kind":"road","class":"motorway","ref":"CT.01;CT.02","name":"Cầu Bến Tắt"}},{"type":"Feature","geometry":{"type":"MultiLineString","coordinates":[[[106.91196,17.02033],[106.9105,17.02186]],[[106.9106,17.02196],[106.91206,17.02042]]]},"properties":{"kind":"road","class":"motorway","ref":"CT.01;CT.02","name":"Cầu Sa Lung"}},{"type":"Feature","geometry":{"type":"LineString","coordinates":[[106.59471,16.62472],[106.59479,16.62482],[106.59522,16.62534],[106.59636,16.62621],[106.59711,16.62633]]},"properties":{"kind":"road","class":"tertiary","ref":null,"name":"Đường Nguyễn Thị Minh Khai"}},{"type":"Feature","geometry":{"type":"LineString","coordinates":[[106.34895,17.87927],[106.34832,17.87956],[106.34666,17.8823],[106.34632,17.88365],[106.34631,17.885],[106.34652,17.88591],[106.34897,17.89257],[106.34934,17.89469],[106.34905,17.89643],[106.34834,17.89796],[106.34752,17.89908],[106.34612,17.90024],[106.34111,17.90302],[106.34033,17.9036],[106.33547,17.90798],[106.33455,17.90871],[106.33275,17.90983],[106.33169,17.91029],[106.32666,17.91218],[106.31629,17.91604],[106.31482,17.91664],[106.31497,17.91731],[106.31446,17.91753],[106.314,17.91714],[106.31335,17.91727],[106.31216,17.9181],[106.30576,17.9234],[106.30491,17.92407]]},"properties":{"kind":"road","class":"primary","ref":"QL1;TL.22","name":"Đường tránh Quốc lộ 1 qua đèo Con"}},{"type":"Feature","geometry":{"type":"MultiLineString","coordinates":[[[106.51398,17.65316],[106.51281,17.65495],[106.51251,17.65574],[106.51257,17.6563],[106.51347,17.65763],[106.5137,17.65845],[106.51348,17.65902],[106.51169,17.6616]],[[106.51181,17.66168],[106.51361,17.65908],[106.51384,17.65845],[106.51358,17.65755],[106.51271,17.65626],[106.5127,17.65551],[106.5141,17.65323]]]},"properties":{"kind":"road","class":"trunk","ref":"QL.1","name":"Đèo Lý Hoà"}},{"type":"Feature","geometry":{"type":"MultiLineString","coordinates":[[[106.52907,17.57477],[106.53208,17.57538],[106.53409,17.57569],[106.5379,17.57642]],[[106.53796,17.57628],[106.53419,17.57556],[106.5321,17.57524],[106.52908,17.5746]]]},"properties":{"kind":"road","class":"tertiary","ref":null,"name":"Đường Lê Duẩn"}},{"type":"Feature","geometry":{"type":"MultiLineString","coordinates":[[[106.58924,17.5105],[106.58843,17.5084],[106.5875,17.50754]],[[106.58745,17.50765],[106.58831,17.50846],[106.58912,17.51055]]]},"properties":{"kind":"road","class":"tertiary","ref":null,"name":"Đường 16 Tháng 6"}},{"type":"Feature","geometry":{"type":"MultiLineString","coordinates":[[[106.64793,17.39096],[106.64566,17.39279]],[[106.64574,17.39292],[106.64633,17.39257],[106.64803,17.39107]]]},"properties":{"kind":"road","class":"trunk","ref":"QL.1","name":"Làn xe máy"}},{"type":"Feature","geometry":{"type":"LineString","coordinates":[[106.61954,17.4615],[106.61823,17.46258],[106.61816,17.46264],[106.61583,17.46463],[106.61574,17.4647],[106.61508,17.46513],[106.61409,17.46532],[106.61176,17.46504],[106.6141,17.46515],[106.61502,17.46496],[106.61563,17.46458],[106.61571,17.4645],[106.61803,17.4625],[106.6181,17.46244],[106.61943,17.46134]]},"properties":{"kind":"road","class":"tertiary","ref":null,"name":"Đường Văn Cao"}},{"type":"Feature","geometry":{"type":"LineString","coordinates":[[106.60981,17.48201],[106.61013,17.4808],[106.61002,17.47908],[106.61044,17.4783],[106.6114,17.47718],[106.61155,17.4766]]},"properties":{"kind":"road","class":"tertiary","ref":null,"name":"Đường Nguyễn Hữu Thọ"}},{"type":"Feature","geometry":{"type":"LineString","coordinates":[[106.44125,17.70952],[106.44363,17.71586]]},"properties":{"kind":"road","class":"trunk","ref":"QL.1","name":"Cầu Gianh 2"}},{"type":"Feature","geometry":{"type":"MultiLineString","coordinates":[[[106.83645,17.27563],[106.83421,17.27194],[106.83296,17.26987],[106.83226,17.26926],[106.83182,17.26916],[106.83218,17.26938],[106.83125,17.26975],[106.83123,17.26943],[106.83109,17.26978],[106.83133,17.27076],[106.83263,17.27282],[106.83488,17.27646]],[[106.83632,17.2757],[106.83408,17.27202],[106.83283,17.26996],[106.83218,17.26938]],[[106.83501,17.2764],[106.83277,17.27275],[106.8315,17.27073],[106.83125,17.26975]],[[106.81883,17.25628],[106.82855,17.26539],[106.82944,17.2663],[106.83088,17.26844],[106.83108,17.2686],[106.83102,17.26836],[106.82956,17.2662],[106.82865,17.26526],[106.81896,17.25619]],[[106.83102,17.26836],[106.83226,17.26926]],[[106.83182,17.26916],[106.83108,17.2686],[106.83123,17.26943],[106.83182,17.26916]],[[106.83109,17.26978],[106.83088,17.26844]]]},"properties":{"kind":"road","class":"tertiary","ref":null,"name":"Đường nối Quốc lộ 9C tói Đường ven biển"}},{"type":"Feature","geometry":{"type":"MultiLineString","coordinates":[[[106.8603,17.25877],[106.85517,17.2643],[106.85394,17.26534],[106.84956,17.26786],[106.84937,17.26798],[106.84742,17.26925],[106.84729,17.26933],[106.84279,17.27207],[106.84247,17.27225],[106.8382,17.27464],[106.83789,17.27481],[106.83645,17.27563]],[[106.83488,17.27646],[106.83354,17.27715],[106.82655,17.27968],[106.82547,17.27968],[106.82339,17.27857],[106.82212,17.27859]],[[106.83632,17.2757],[106.83501,17.2764]],[[106.96246,17.18028],[106.96589,17.1783],[106.96826,17.17685],[106.97141,17.17503],[106.97516,17.17246],[106.98738,17.16192],[106.98808,17.16133]]]},"properties":{"kind":"road","class":"secondary","ref":null,"name":"Đường ven biển Hà Trung - Mạch Nước"}},{"type":"Feature","geometry":{"type":"LineString","coordinates":[[106.75148,17.09378],[106.75197,17.09058],[106.75273,17.08996],[106.75428,17.08796],[106.75472,17.08758],[106.755,17.08741],[106.75523,17.08728],[106.75638,17.08647],[106.75601,17.0847],[106.75531,17.08589],[106.75546,17.08656],[106.75523,17.08728]]},"properties":{"kind":"road","class":"tertiary","ref":null,"name":"Đường dân Bang Onsen Spa & Resort"}},{"type":"Feature","geometry":{"type":"LineString","coordinates":[[107.02148,16.80352],[107.02022,16.80364],[107.02007,16.80366],[107.0189,16.80377]]},"properties":{"kind":"road","class":"primary","ref":null,"name":"Cầu vượt cao tốc"}},{"type":"Feature","geometry":{"type":"LineString","coordinates":[[105.82354,17.90501],[105.82398,17.90577]]},"properties":{"kind":"road","class":"trunk","ref":"QL.12A;QL.15;HCM","name":"Đường Hồ Chí Minh"}},{"type":"Feature","geometry":{"type":"LineString","coordinates":[[107.00798,16.80716],[107.00666,16.808]]},"properties":{"kind":"road","class":"primary","ref":"QL.9","name":"Quốc lộ 9 cũ"}},{"type":"Feature","geometry":{"type":"MultiLineString","coordinates":[[[106.63023,17.47742],[106.63117,17.47746],[106.63137,17.4754],[106.63217,17.47376]],[[106.6322,17.47368],[106.63233,17.47265],[106.63325,17.46995],[106.63397,17.46822],[106.63462,17.46722],[106.63571,17.46403],[106.63684,17.46187],[106.63714,17.45923],[106.63754,17.45792],[106.63839,17.45655],[106.63875,17.45538],[106.63923,17.45456],[106.63978,17.45287]]]},"properties":{"kind":"road","class":"tertiary","ref":null,"name":"Nguyễn Thị Định"}},{"type":"Feature","geometry":{"type":"LineString","coordinates":[[106.78063,17.24789],[106.78036,17.24753]]},"properties":{"kind":"road","class":"tertiary","ref":null,"name":"Đường 30 mở rộng"}},{"type":"Feature","geometry":{"type":"MultiLineString","coordinates":[[[106.51832,17.47991],[106.51836,17.47983],[106.51845,17.47963]],[[106.51863,17.47963],[106.51855,17.47981],[106.5185,17.47992]]]},"properties":{"kind":"road","class":"motorway","ref":"CT.01;CT.02","name":"Cầu vượt QL.9E"}},{"type":"Feature","geometry":{"type":"MultiLineString","coordinates":[[[107.10419,16.80713],[107.1041,16.80734]],[[107.10423,16.80739],[107.10432,16.80719]]]},"properties":{"kind":"road","class":"secondary","ref":null,"name":"Cầu Đại An"}},{"type":"Feature","geometry":{"type":"MultiLineString","coordinates":[[[107.08804,16.82922],[107.0882,16.83101]],[[107.08833,16.83101],[107.08816,16.82921]]]},"properties":{"kind":"road","class":"tertiary","ref":null,"name":"Cầu dây văng sông Hiếu"}},{"type":"Feature","geometry":{"type":"MultiLineString","coordinates":[[[106.8981,17.18189],[106.89805,17.18206]],[[106.8982,17.1821],[106.89825,17.18192]]]},"properties":{"kind":"road","class":"trunk","ref":"QL.1","name":"Cầu Huyện"}},{"type":"Feature","geometry":{"type":"LineString","coordinates":[[106.42704,17.7567],[106.42815,17.7543],[106.42857,17.75317],[106.42885,17.75187]]},"properties":{"kind":"road","class":"tertiary","ref":null,"name":"Đào Duy Từ"}},{"type":"Feature","geometry":{"type":"MultiLineString","coordinates":[[[106.75923,17.14863],[106.76067,17.1467]],[[106.76054,17.1466],[106.7591,17.14854]]]},"properties":{"kind":"road","class":"motorway","ref":"CT.01;CT.02","name":"Cầu Thác Cóc"}},{"type":"Feature","geometry":{"type":"MultiLineString","coordinates":[[[106.68554,17.22462],[106.68678,17.22343]],[[106.68667,17.22334],[106.68544,17.22452]]]},"properties":{"kind":"road","class":"motorway","ref":"CT.01;CT.02","name":"Cầu Mỹ Đức"}},{"type":"Feature","geometry":{"type":"LineString","coordinates":[[106.30024,17.92887],[106.29938,17.92859],[106.29922,17.92854],[106.29876,17.92839]]},"properties":{"kind":"road","class":"secondary","ref":"ĐT.558B","name":"Cầu vượt cao tốc (ĐT.558B)"}},{"type":"Feature","geometry":{"type":"MultiLineString","coordinates":[[[106.30305,17.9277],[106.30097,17.92902],[106.30067,17.929],[106.30024,17.92887]],[[106.29654,17.92857],[106.29742,17.92805],[106.29876,17.92839]]]},"properties":{"kind":"road","class":"secondary","ref":"ĐT.558B","name":"Đường tỉnh 558B giai đoạn 2"}},{"type":"Feature","geometry":{"type":"LineString","coordinates":[[106.59013,16.62285],[106.59028,16.62292]]},"properties":{"kind":"road","class":"trunk","ref":null,"name":"Quốc lộ 9"}},{"type":"Feature","geometry":{"type":"MultiLineString","coordinates":[[[105.76546,17.67162],[105.76531,17.67191]],[[105.76545,17.67197],[105.76551,17.67188]]]},"properties":{"kind":"road","class":"trunk","ref":"12","name":null}},{"type":"Feature","geometry":{"type":"MultiLineString","coordinates":[[[106.70267,17.21018],[106.70422,17.20894],[106.70552,17.20791]],[[106.70561,17.20802],[106.70432,17.20905],[106.70277,17.21028]]]},"properties":{"kind":"road","class":"motorway","ref":"CT.01;CT.02","name":"Cầu vượt đường sắt"}},{"type":"Feature","geometry":{"type":"LineString","coordinates":[[107.01774,16.82386],[107.01569,16.82303],[107.01556,16.82298],[107.01393,16.82232]]},"properties":{"kind":"road","class":"trunk","ref":"QL.9","name":"Cầu vượt Quốc lộ 9"}},{"type":"Feature","geometry":{"type":"LineString","coordinates":[[107.07708,17.10045],[107.07187,17.10295],[107.06743,17.10512],[107.06429,17.10659],[107.0532,17.11194],[107.04978,17.11362],[107.04608,17.11573],[107.04307,17.11754],[107.03867,17.12008],[107.03847,17.12018],[107.03703,17.12109],[107.03604,17.12197],[107.03493,17.12337],[107.03441,17.12425],[107.03185,17.1291],[107.03039,17.13091],[107.02838,17.13241],[107.02121,17.13703],[107.01653,17.14025],[107.01394,17.14209],[107.0087,17.14567],[106.98808,17.16133]]},"properties":{"kind":"road","class":"secondary","ref":"ĐVB","name":"Đường ven biển Hà Trung - Mạch Nước"}},{"type":"Feature","geometry":{"type":"MultiLineString","coordinates":[[[106.50547,17.50254],[106.50532,17.5027]],[[106.50549,17.50274],[106.50565,17.50257]]]},"properties":{"kind":"road","class":"motorway","ref":"CT.01;CT.02","name":"Cầu Đá Rò"}},{"type":"Feature","geometry":{"type":"LineString","coordinates":[[107.04234,16.79903],[107.04207,16.79902]]},"properties":{"kind":"road","class":"primary","ref":"QL.9","name":"Cầu Km 9"}},{"type":"Feature","geometry":{"type":"LineString","coordinates":[[107.06977,16.82369],[107.06961,16.8239]]},"properties":{"kind":"road","class":"secondary","ref":"ĐT.585B","name":"Cống Hộp"}},{"type":"Feature","geometry":{"type":"LineString","coordinates":[[107.10784,16.85564],[107.10818,16.85582]]},"properties":{"kind":"road","class":"trunk","ref":"QL.9","name":"Cầu Bến Lội"}},{"type":"Feature","geometry":{"type":"MultiLineString","coordinates":[[[106.74675,17.24653],[106.74669,17.24642],[106.74634,17.24578]],[[106.74646,17.24573],[106.7468,17.24636],[106.74686,17.24647]]]},"properties":{"kind":"road","class":"tertiary","ref":null,"name":"Cầu mới"}},{"type":"Feature","geometry":{"type":"LineString","coordinates":[[106.80936,17.13919],[106.80895,17.14033]]},"properties":{"kind":"road","class":"secondary","ref":null,"name":"Đường Tránh Lũ Ba Canh"}},{"type":"Feature","geometry":{"type":"LineString","coordinates":[[106.80978,17.13751],[106.80958,17.13859]]},"properties":{"kind":"road","class":"secondary","ref":null,"name":"Đường tránh lũ Ba Canh"}},{"type":"Feature","geometry":{"type":"LineString","coordinates":[[106.80958,17.13859],[106.80936,17.13919]]},"properties":{"kind":"road","class":"secondary","ref":null,"name":"Cầu Ba Canh (mới)"}},{"type":"Feature","geometry":{"type":"LineString","coordinates":[[106.87213,16.68336],[106.87236,16.68361]]},"properties":{"kind":"road","class":"trunk","ref":"QL.9","name":"Cầu Salaman"}},{"type":"Feature","geometry":{"type":"MultiLineString","coordinates":[[[107.32543,16.60549],[107.32205,16.60777],[107.32149,16.60835],[107.31938,16.61194],[107.31868,16.61278],[107.31714,16.61349],[107.31662,16.61358],[107.31551,16.61394],[107.31468,16.61466],[107.31293,16.61673],[107.30926,16.62039],[107.3087,16.62117],[107.30769,16.62332],[107.30759,16.6235],[107.30584,16.62689],[107.30437,16.62995],[107.30405,16.63043],[107.3039,16.63072],[107.30304,16.63191],[107.30196,16.63305],[107.29779,16.63753],[107.29418,16.64131],[107.28801,16.64788],[107.28625,16.64969],[107.2816,16.65481],[107.27882,16.6591],[107.27748,16.66073],[107.27712,16.66103],[107.27188,16.6652],[107.26409,16.67133],[107.26227,16.67319],[107.25658,16.67951],[107.25387,16.68238],[107.25007,16.68532],[107.24988,16.68547],[107.24934,16.6858],[107.24614,16.68843],[107.24593,16.68859],[107.24636,16.68833],[107.24936,16.68595],[107.24973,16.68558],[107.24614,16.68843]],[[106.59987,17.46716],[106.60091,17.46683],[106.59871,17.47208],[106.59882,17.47189],[106.599,17.47155],[106.60082,17.46708],[106.60103,17.46663],[106.60106,17.46654],[106.60108,17.46649],[106.60113,17.46637],[106.60158,17.46451],[106.60191,17.45585],[106.60206,17.45318],[106.60215,17.45053],[106.60229,17.44562],[106.60231,17.44533],[106.60255,17.44017],[106.60304,17.42823],[106.60304,17.42809],[106.60313,17.42584],[106.60316,17.42484],[106.60324,17.42325],[106.60409,17.4197],[106.60466,17.41764],[106.60476,17.41711],[106.60614,17.41171],[106.60645,17.4107],[106.6072,17.4076],[106.6073,17.40723],[106.60836,17.40303],[106.6087,17.4017],[106.61204,17.39061],[106.61266,17.38885],[106.61314,17.38799],[106.61341,17.38751],[106.61475,17.38566],[106.617,17.38347],[106.61723,17.38326],[106.61786,17.38248],[106.61869,17.3811],[106.61903,17.38022],[106.6204,17.37596],[106.62345,17.36692],[106.62392,17.36488],[106.62419,17.3618],[106.6242,17.35945],[106.62421,17.35916],[106.62436,17.35607],[106.62469,17.35493],[106.62563,17.35313],[106.62608,17.35164],[106.62612,17.35063],[106.62611,17.35049],[106.62641,17.34361],[106.62662,17.33983],[106.62652,17.33757],[106.62583,17.3342],[106.62576,17.33382],[106.62406,17.32566],[106.62386,17.32383],[106.62391,17.32253],[106.62418,17.322],[106.62555,17.32062],[106.62785,17.31826],[106.62802,17.31809],[106.62886,17.31726],[106.63101,17.31498],[106.63202,17.31401],[106.63316,17.31327],[106.63667,17.31136],[106.63787,17.31018],[106.63835,17.30938],[106.64104,17.30241],[106.64257,17.29831],[106.64413,17.2943],[106.64565,17.29022],[106.64629,17.28874],[106.64732,17.28694],[106.65458,17.27746],[106.65691,17.27422],[106.65907,17.2714],[106.66253,17.26683],[106.66443,17.2648],[106.66758,17.26232],[106.67838,17.25316],[106.67841,17.25307],[106.68312,17.24926],[106.68774,17.24521],[106.69412,17.23992],[106.69442,17.23966],[106.69752,17.23705],[106.69777,17.23686],[106.69919,17.2352],[106.69977,17.23325],[106.69992,17.23273],[106.70059,17.23111],[106.70102,17.23054],[106.70188,17.22992],[106.70479,17.22763],[106.71055,17.22328],[106.71472,17.21948],[106.71528,17.2188],[106.71579,17.21778],[106.71605,17.21643],[106.71646,17.21268],[106.7165,17.2123],[106.71684,17.21082],[106.71789,17.20926],[106.72614,17.20274],[106.73355,17.19688],[106.73573,17.19602],[106.73616,17.19589],[106.74202,17.19405],[106.74226,17.19398],[106.74385,17.19349],[106.74644,17.19317],[106.74667,17.19314],[106.75021,17.1928],[106.75738,17.19217],[106.76023,17.19187],[106.76055,17.19184],[106.76951,17.19102],[106.77036,17.19098],[106.77982,17.19007],[106.78563,17.18949],[106.79585,17.18856],[106.79626,17.18852],[106.79809,17.18836],[106.80245,17.18795],[106.80367,17.18767],[106.80402,17.1875],[106.8042,17.18743],[106.80946,17.1854],[106.80957,17.18535],[106.81653,17.18253],[106.82312,17.17997],[106.83034,17.17705],[106.83137,17.17649],[106.83532,17.17387],[106.83642,17.17278],[106.83749,17.17025],[106.83818,17.16897],[106.8394,17.16787],[106.84578,17.16335],[106.84732,17.16205],[106.84864,17.16035],[106.85147,17.15806],[106.85783,17.15313],[106.85806,17.15295],[106.86137,17.1504],[106.8616,17.15023],[106.86744,17.14572],[106.8717,17.14203],[106.87183,17.14191],[106.87564,17.13848],[106.87718,17.13665],[106.87888,17.13432],[106.87979,17.13332],[106.88209,17.13175],[106.88603,17.12975],[106.88684,17.12928],[106.88798,17.12778],[106.89137,17.12264],[106.89179,17.12223],[106.89588,17.11926],[106.89687,17.11862],[106.89984,17.11754],[106.90146,17.11643],[106.90225,17.11561],[106.90538,17.11269],[106.90797,17.11015],[106.90868,17.10868],[106.91117,17.10475],[106.91227,17.10321],[106.91709,17.09831],[106.92466,17.09082],[106.92883,17.08758],[106.9321,17.08531],[106.9373,17.08137],[106.94086,17.07895],[106.94598,17.07559],[106.94949,17.07318],[106.95136,17.07149],[106.95508,17.06704],[106.95682,17.06543],[106.96355,17.06044],[106.96376,17.06028],[106.96403,17.06007],[106.9671,17.05776],[106.96742,17.05752],[106.96869,17.05655],[106.96941,17.05552],[106.96995,17.05437],[106.97012,17.05375],[106.972,17.048],[106.9723,17.0472],[106.97274,17.04583],[106.9729,17.04533],[106.97332,17.04437],[106.97431,17.04285],[106.98432,17.03125],[106.98757,17.02751],[106.99004,17.02481],[106.99178,17.02259],[106.99701,17.01656],[106.99729,17.01623],[107.00151,17.01136],[107.00165,17.01119],[107.00854,17.00324],[107.01683,16.99363],[107.02862,16.97994],[107.02877,16.97977],[107.0316,16.97651],[107.03173,16.97635],[107.0329,16.97467],[107.03305,16.97355],[107.03305,16.97352],[107.03305,16.97346],[107.03306,16.97293],[107.03305,16.97163],[107.03305,16.97158],[107.03298,16.9678],[107.03322,16.96649],[107.03376,16.96543],[107.03512,16.96412],[107.03591,16.96375],[107.04025,16.96225],[107.05077,16.95867],[107.05199,16.95807],[107.05295,16.95738],[107.054,16.95627],[107.05472,16.95513],[107.05533,16.95321],[107.05537,16.95297],[107.05602,16.9495],[107.05769,16.93994],[107.05825,16.93858],[107.05911,16.9376],[107.06043,16.93679],[107.06121,16.93654],[107.06965,16.93541],[107.07067,16.93515],[107.07229,16.93429],[107.07349,16.93321],[107.07446,16.93164],[107.07478,16.93065],[107.07536,16.92843],[107.07573,16.92587],[107.07607,16.92232],[107.07636,16.91852],[107.0767,16.91549],[107.07705,16.91177],[107.07708,16.9107],[107.07709,16.91054],[107.07746,16.90623],[107.07748,16.90595],[107.07778,16.90266],[107.07868,16.89199],[107.07941,16.88447],[107.07952,16.88239],[107.07952,16.87742],[107.07941,16.87184],[107.07939,16.87033],[107.07938,16.8698],[107.07932,16.86806],[107.07879,16.86506],[107.07602,16.85123],[107.07598,16.85102],[107.0756,16.84904],[107.07555,16.84882],[107.07542,16.84815],[107.07537,16.84791],[107.07499,16.846],[107.07505,16.84465],[107.07557,16.84278],[107.07689,16.84044],[107.08064,16.83425],[107.08391,16.8292],[107.08397,16.82911],[107.08489,16.82766],[107.08492,16.82761],[107.08621,16.82544],[107.08642,16.82511],[107.08695,16.82442],[107.08824,16.82336],[107.08952,16.82262],[107.09124,16.82199],[107.09823,16.81997],[107.09842,16.81992],[107.10195,16.81888],[107.10379,16.81813],[107.10581,16.81672],[107.10979,16.8134],[107.11052,16.8129],[107.11167,16.81196],[107.11264,16.81102],[107.11348,16.80997],[107.11383,16.80943],[107.11409,16.80905],[107.11443,16.80858],[107.11448,16.8085],[107.1163,16.8061],[107.11737,16.80511],[107.11924,16.80368],[107.12523,16.79884],[107.12529,16.79879],[107.12797,16.79654],[107.12926,16.79479],[107.13011,16.79352],[107.13128,16.79195],[107.1322,16.79117],[107.13339,16.79046],[107.13771,16.78875],[107.14059,16.78764],[107.14185,16.78694],[107.14294,16.7861],[107.14872,16.78088],[107.14899,16.78064],[107.15149,16.77835],[107.15216,16.77752],[107.15602,16.77144],[107.1596,16.76581],[107.16185,16.76231],[107.16245,16.76113],[107.16543,16.75392],[107.16678,16.75103],[107.16788,16.74961],[107.17258,16.74469],[107.17417,16.74355],[107.17567,16.74296],[107.17703,16.74261],[107.17764,16.74245],[107.17983,16.74188],[107.18212,16.74128],[107.18376,16.74053],[107.18485,16.73956],[107.18508,16.73935],[107.18796,16.73681],[107.18894,16.73612],[107.18903,16.73606],[107.18943,16.73583],[107.18963,16.73571],[107.18981,16.73559],[107.19096,16.73492],[107.19673,16.73145],[107.19825,16.73018],[107.20648,16.72143],[107.21186,16.71567],[107.21427,16.71318],[107.21671,16.71081],[107.22208,16.70549],[107.22406,16.70362],[107.22994,16.69786],[107.2316,16.69659],[107.23895,16.69273],[107.23954,16.69242],[107.24343,16.69037],[107.24461,16.68962],[107.24593,16.68859]],[[105.8261,18.06293],[105.82685,18.06253],[105.83225,18.0583],[105.83261,18.05797],[105.83347,18.0573],[105.83458,18.05601],[105.83883,18.05026],[105.83994,18.04881],[105.84338,18.04413],[105.84486,18.04225],[105.84602,18.04056],[105.84826,18.03835],[105.85052,18.03632],[105.85206,18.03526],[105.85274,18.03493],[105.85659,18.03247],[105.85639,18.03259],[105.8524,18.03505],[105.85206,18.03526]],[[105.91965,17.98483],[105.92074,17.98484],[105.92123,17.98456],[105.92247,17.98329],[105.92458,17.98154],[105.9259,17.98112],[105.92689,17.98151],[105.92719,17.98252],[105.92663,17.98412],[105.92562,17.98615],[105.92471,17.98706],[105.9236,17.9876],[105.92242,17.98946],[105.92076,17.99077],[105.91956,17.99286],[105.91823,17.99387],[105.9174,17.99548],[105.91542,17.9967],[105.91455,17.99837],[105.91415,17.99876],[105.91314,18.00031],[105.91259,18.00065],[105.90897,18.00217],[105.9086,18.00242],[105.9072,18.00422],[105.90598,18.00494]],[[106.69272,17.20256],[106.69479,17.20078],[106.69629,17.20013],[106.69722,17.2002],[106.6979,17.20107],[106.69986,17.20397],[106.70108,17.20552],[106.70422,17.20894],[106.70432,17.20905],[106.70463,17.20939],[106.70474,17.2095],[106.70566,17.21034],[106.70702,17.21078],[106.70784,17.21127],[106.71136,17.21497],[106.71311,17.2166],[106.7147,17.21823],[106.71493,17.21876],[106.71472,17.21948]],[[106.60115,17.46297],[106.60116,17.46349],[106.60093,17.46405],[106.60015,17.46437],[106.59968,17.46437]],[[106.60096,17.46424],[106.60107,17.46503],[106.6012,17.46546],[106.60113,17.46637]],[[105.96329,17.94837],[105.96255,17.94916],[105.96019,17.95169],[105.96011,17.95186],[105.95947,17.95256],[105.95902,17.95304],[105.95787,17.954],[105.95379,17.95569],[105.95128,17.9566],[105.94983,17.95725],[105.94808,17.95853],[105.94521,17.96088],[105.94366,17.96226],[105.94,17.96535],[105.93701,17.96724],[105.93577,17.96851],[105.93263,17.97339],[105.93145,17.97459],[105.92964,17.97753],[105.92903,17.97808],[105.92804,17.97871],[105.92464,17.98085],[105.92294,17.982],[105.92255,17.98224],[105.92106,17.98222],[105.92027,17.98242],[105.91937,17.9831],[105.91908,17.98384]],[[105.96349,17.94826],[105.96433,17.94733],[105.96635,17.9442],[105.96815,17.9424],[105.96903,17.9412],[105.96931,17.94042],[105.96949,17.93787],[105.97085,17.93261],[105.97156,17.93156],[105.97235,17.93107],[105.97435,17.93042],[105.9773,17.92907],[105.97943,17.92802],[105.98156,17.92685],[105.98164,17.92681],[105.98257,17.92646],[105.98633,17.9259],[105.98766,17.92535],[105.98966,17.92384],[105.99025,17.92355],[105.99321,17.92256],[105.99416,17.92183],[105.99721,17.91838],[105.99963,17.91566],[106.00013,17.91444],[105.99989,17.91287],[105.99872,17.91098],[105.99826,17.91],[105.99821,17.90893],[105.99867,17.90776],[105.99914,17.90732],[106.00248,17.90503],[106.00515,17.90293],[106.00769,17.90068],[106.00862,17.90004],[106.01102,17.89876],[106.01218,17.89793],[106.01386,17.89627],[106.01412,17.896],[106.01482,17.89533],[106.01611,17.89451],[106.01825,17.89376],[106.01909,17.89332],[106.02019,17.89231],[106.02113,17.89043],[106.02121,17.89021],[106.02276,17.88607],[106.02283,17.88584],[106.02305,17.88524],[106.02357,17.88385],[106.02402,17.88311],[106.02514,17.88196],[106.02526,17.88187],[106.02649,17.88117],[106.02953,17.88031],[106.03026,17.88],[106.0367,17.87585],[106.03936,17.87241],[106.04215,17.87012],[106.04382,17.86855],[106.04922,17.863],[106.05036,17.86207],[106.05249,17.86077],[106.0535,17.86038],[106.05644,17.85964],[106.05771,17.85912],[106.06161,17.85732],[106.06204,17.85712],[106.06603,17.85554],[106.07069,17.85368],[106.07173,17.853],[106.07414,17.85092],[106.0757,17.84991],[106.07594,17.84978],[106.07762,17.84875],[106.07915,17.84756],[106.08456,17.84298],[106.08531,17.84204],[106.08589,17.84092],[106.08701,17.83964],[106.08719,17.83944],[106.08792,17.83876],[106.08943,17.83775],[106.08996,17.83723],[106.0916,17.83507],[106.09326,17.83406],[106.09586,17.83343],[106.09717,17.83314],[106.09766,17.83302],[106.10144,17.83211],[106.10274,17.83166],[106.10406,17.83088],[106.10609,17.82919],[106.10871,17.82801],[106.10925,17.82763],[106.11027,17.82651],[106.11112,17.82591],[106.1119,17.82582],[106.11549,17.82649],[106.11693,17.8268],[106.11909,17.82773],[106.1192,17.82778],[106.12355,17.82966],[106.1237,17.82973],[106.12532,17.83007],[106.13236,17.82838],[106.13471,17.82814],[106.13496,17.82812],[106.1378,17.82788],[106.13923,17.8276],[106.14049,17.82706],[106.14263,17.82585],[106.14428,17.82545],[106.14795,17.82536],[106.14996,17.82498],[106.15167,17.8243],[106.15515,17.82238],[106.15615,17.82183],[106.15937,17.82001],[106.15964,17.81987],[106.16347,17.81774],[106.16664,17.81685],[106.16994,17.81532],[106.17225,17.81405],[106.17276,17.81393],[106.17345,17.81393],[106.17479,17.81414],[106.17592,17.81465],[106.17685,17.8148],[106.17842,17.81467],[106.18037,17.81495],[106.18072,17.81492],[106.18507,17.81375],[106.18704,17.81245],[106.18716,17.81238],[106.19122,17.80997],[106.19163,17.80972],[106.1873,17.81222],[106.18704,17.81245]],[[107.30405,16.63043],[107.30423,16.63009],[107.30561,16.62735],[107.30584,16.62689]],[[106.53216,17.56456],[106.54155,17.55364],[106.54168,17.55348],[106.54421,17.55052],[106.54431,17.55039],[106.54602,17.54836],[106.54658,17.54774],[106.54713,17.5471],[106.55105,17.54251],[106.55423,17.53877],[106.55476,17.53787],[106.55528,17.53596],[106.55568,17.53497],[106.55653,17.53355],[106.55735,17.53261],[106.55879,17.53128],[106.5629,17.52733],[106.56579,17.52461],[106.57064,17.51991],[106.57233,17.51842],[106.58153,17.5112],[106.58312,17.50937],[106.58376,17.50828],[106.58495,17.50541],[106.58621,17.50221],[106.58697,17.5005],[106.58789,17.4984],[106.58813,17.49776],[106.59159,17.48934],[106.59164,17.48922],[106.59386,17.48391],[106.59769,17.47459],[106.59871,17.47208]],[[107.18508,16.73935],[107.18801,16.7367],[107.18903,16.73606]],[[107.18485,16.73956],[107.18536,16.73919],[107.18807,16.73678],[107.18894,16.73612]],[[107.10979,16.8134],[107.11014,16.81311],[107.11042,16.81287],[107.1106,16.81268],[107.11248,16.81098],[107.11357,16.80959],[107.11221,16.8112],[107.1106,16.81268]],[[107.11042,16.81287],[107.11197,16.81158],[107.11261,16.81093],[107.11377,16.80943],[107.11382,16.80936],[107.11331,16.81013],[107.1126,16.81101],[107.11204,16.81158],[107.11014,16.81311]],[[107.11052,16.8129],[107.11085,16.81268],[107.11242,16.81133],[107.11317,16.81046],[107.11383,16.80943]],[[107.11085,16.81268],[107.11186,16.81192],[107.11297,16.81077],[107.11409,16.80905]],[[107.114,16.8091],[107.11382,16.80936]],[[107.114,16.8091],[107.11443,16.80858]],[[107.11357,16.80959],[107.114,16.8091]],[[106.59922,17.47136],[106.6006,17.46805],[106.60044,17.46865],[106.59922,17.47136],[106.59905,17.47158],[106.59882,17.47189]],[[106.60082,17.46708],[106.60079,17.46726],[106.60069,17.4676],[106.60008,17.46924],[106.59905,17.47158]],[[106.3683,17.71332],[106.37174,17.71178],[106.3724,17.7114],[106.36859,17.71318],[106.36884,17.71299],[106.37294,17.71114],[106.3724,17.7114]],[[106.25618,17.77908],[106.26036,17.77777],[106.26001,17.77789],[106.25756,17.77881],[106.256,17.77913],[106.25548,17.77939],[106.25396,17.77924],[106.2522,17.77819],[106.24978,17.77754],[106.24841,17.77762],[106.24699,17.77724],[106.24638,17.77732],[106.24535,17.77782],[106.24452,17.77853],[106.24349,17.7789],[106.24085,17.77984],[106.23865,17.78071],[106.23471,17.78302],[106.23206,17.78357],[106.23065,17.78417],[106.22611,17.78747],[106.22501,17.78872],[106.22432,17.79075],[106.22384,17.7925],[106.22313,17.79407],[106.22237,17.79478],[106.22146,17.79533],[106.20822,17.80179],[106.20413,17.80342],[106.20208,17.80364],[106.20118,17.80388],[106.19514,17.80761],[106.19163,17.80972]],[[106.60091,17.46683],[106.60103,17.46663]],[[106.599,17.47155],[106.60069,17.4676]],[[106.6006,17.46805],[106.60079,17.46726]],[[105.87001,18.0267],[105.87025,18.02664],[105.87225,18.02616],[105.88711,18.02284],[105.8889,18.02228],[105.88979,18.0217],[105.89169,18.02017],[105.89353,18.01918],[105.89536,18.017],[105.89594,18.01607],[105.8982,18.01333],[105.89912,18.01259],[105.89942,18.01236],[105.90035,18.01181],[105.90268,18.01],[105.90384,18.00906],[105.90434,18.00835],[105.90517,18.00636],[105.90427,18.00831],[105.9038,18.00901],[105.90268,18.01]],[[105.8616,18.02946],[105.86181,18.02934],[105.86363,18.02824],[105.86471,18.02791],[105.87001,18.0267]],[[106.2611,17.77754],[106.26283,17.77719],[106.26425,17.77713],[106.2676,17.77715],[106.26993,17.77678],[106.28352,17.77207],[106.28587,17.77077],[106.28756,17.76953],[106.28832,17.76857],[106.2888,17.76745],[106.28919,17.76556],[106.28989,17.76394],[106.29081,17.76273],[106.29637,17.757],[106.29777,17.75604],[106.29883,17.75571],[106.30222,17.75529],[106.30343,17.75497],[106.30461,17.75441],[106.30581,17.75316],[106.30838,17.74936],[106.30896,17.7487],[106.31041,17.74779],[106.3211,17.7424],[106.32279,17.7416],[106.32979,17.73811],[106.33064,17.73765],[106.33196,17.73646],[106.33357,17.73353],[106.33411,17.73283],[106.33507,17.7321],[106.33613,17.73161],[106.33812,17.73106],[106.33892,17.73053],[106.34242,17.72723],[106.34508,17.72467],[106.34709,17.72322],[106.35127,17.72128],[106.35962,17.71736],[106.35976,17.7173],[106.36681,17.71402],[106.3683,17.71332],[106.36859,17.71318]],[[106.4016,17.64881],[106.40813,17.64806],[106.41026,17.64743],[106.41111,17.64702],[106.41291,17.64576],[106.413,17.64568],[106.41463,17.64437],[106.41478,17.64426],[106.42367,17.63712],[106.42494,17.63637],[106.42749,17.63532],[106.43213,17.63357],[106.43429,17.63276],[106.43608,17.63188],[106.43724,17.63107],[106.44178,17.62737],[106.44611,17.62383],[106.44819,17.62232],[106.45062,17.62137],[106.45617,17.61977],[106.45627,17.61975],[106.46111,17.6184],[106.46131,17.61835],[106.46915,17.61611],[106.46963,17.61597],[106.47655,17.61399],[106.47894,17.61327],[106.48046,17.6126],[106.49011,17.60707],[106.49239,17.6054],[106.49682,17.60228],[106.49745,17.60176],[106.50092,17.59931],[106.5043,17.59685],[106.5057,17.5954],[106.50889,17.5917],[106.50985,17.59058],[106.51376,17.58597],[106.51421,17.58548],[106.51944,17.57944],[106.52034,17.57839],[106.52047,17.57823],[106.52391,17.57418],[106.52425,17.57377],[106.52485,17.57312],[106.53199,17.56474],[106.53216,17.56456]],[[106.40136,17.64885],[106.4016,17.64881]],[[106.37708,17.70883],[106.3783,17.70807],[106.37874,17.7078],[106.38125,17.70718],[106.38702,17.7059],[106.38787,17.70552],[106.38857,17.70456],[106.3886,17.70291],[106.38879,17.70148],[106.39182,17.6967],[106.39303,17.69553],[106.40001,17.69136],[106.40071,17.69064],[106.40203,17.68669],[106.4024,17.68536],[106.40233,17.68441],[106.40174,17.68349],[106.39979,17.68178],[106.39872,17.68142],[106.39718,17.68126],[106.39579,17.68049],[106.3951,17.67932],[106.39489,17.67802],[106.39474,17.67701],[106.39455,17.67278],[106.39455,17.67263],[106.39433,17.66816],[106.39431,17.66784],[106.39424,17.66713],[106.39405,17.66611],[106.39214,17.66032],[106.3923,17.65838],[106.39317,17.65613],[106.39382,17.65444],[106.39494,17.65251],[106.39639,17.65101],[106.39848,17.64966],[106.4004,17.64902],[106.40136,17.64885]],[[106.37294,17.71114],[106.37443,17.71045],[106.37708,17.70883]],[[106.69986,17.20397],[106.6979,17.20107]],[[106.69412,17.23992],[106.69465,17.23955],[106.69752,17.23705]],[[107.24973,16.68558],[107.24988,16.68547]],[[107.02862,16.97994],[107.03129,16.97677],[107.03173,16.97635]],[[106.6073,17.40723],[106.60836,17.40303]],[[106.6072,17.4076],[106.60766,17.40611],[106.60855,17.40249],[106.6087,17.4017]],[[106.60855,17.40249],[106.60833,17.40348],[106.60773,17.40595],[106.60766,17.40611]],[[106.60833,17.40348],[106.60773,17.40595]],[[106.6012,17.46546],[106.6012,17.46531],[106.60116,17.46362],[106.60116,17.46349]],[[106.6012,17.46531],[106.60116,17.46362]],[[106.60107,17.46503],[106.60015,17.46437]],[[106.256,17.77913],[106.25618,17.77908],[106.25754,17.77876],[106.26001,17.77789]],[[106.26036,17.77777],[106.2611,17.77754]],[[105.8524,18.03505],[105.85592,18.03283],[105.85639,18.03259]],[[105.85659,18.03247],[105.8616,18.02946]],[[105.96011,17.95186],[105.96017,17.9518],[105.96288,17.9489],[105.96298,17.9488],[105.96349,17.94826]],[[105.96255,17.94916],[105.96298,17.9488]],[[105.96288,17.9489],[105.9627,17.9492],[105.96017,17.9518]],[[106.02276,17.88607],[106.02264,17.88663],[106.02141,17.88992],[106.02113,17.89043]],[[106.02121,17.89021],[106.02254,17.88642],[106.02283,17.88584]],[[106.1192,17.82778],[106.12305,17.82951],[106.1237,17.82973]],[[106.11909,17.82773],[106.12314,17.82939],[106.12355,17.82966]],[[106.19122,17.80997],[106.19081,17.81032],[106.18771,17.81216],[106.18716,17.81238]],[[106.39455,17.67278],[106.39429,17.66872],[106.39431,17.66784]],[[106.39455,17.67263],[106.39456,17.67197],[106.39433,17.66816]],[[106.45617,17.61977],[106.45694,17.61967],[106.46131,17.61835]],[[106.46111,17.6184],[106.46077,17.61844],[106.4566,17.61958],[106.45627,17.61975]],[[106.52034,17.57839],[106.52064,17.5779],[106.52425,17.57377]],[[106.52047,17.57823],[106.52087,17.57788],[106.52357,17.57468],[106.52391,17.57418]],[[106.74202,17.19405],[106.74383,17.19343],[106.74644,17.19317]],[[106.74667,17.19314],[106.74386,17.19355],[106.74226,17.19398]],[[106.85783,17.15313],[106.85834,17.15264],[106.86122,17.15043],[106.8616,17.15023]],[[106.85806,17.15295],[106.8585,17.15269],[106.86137,17.1504]],[[106.96376,17.06028],[106.96427,17.05998],[106.96742,17.05752]],[[106.96403,17.06007],[106.9666,17.05804],[106.9671,17.05776]],[[107.02877,16.97977],[107.02924,16.97935],[107.03133,16.97692],[107.0316,16.97651]],[[107.07748,16.90595],[107.07751,16.90678],[107.07722,16.91],[107.07708,16.9107]],[[107.07709,16.91054],[107.07736,16.90652],[107.07746,16.90623]],[[107.30561,16.62735],[107.30423,16.63009]],[[106.80402,17.1875],[106.80471,17.1873],[106.80875,17.18574],[106.80957,17.18535]],[[106.80946,17.1854],[106.80898,17.18551],[106.80459,17.18722],[106.8042,17.18743]],[[106.69777,17.23686],[106.69732,17.23715],[106.69442,17.23966]],[[106.62886,17.31726],[106.62843,17.31775],[106.628,17.31821],[106.62783,17.31839],[106.62574,17.32048],[106.62555,17.32062]],[[106.62843,17.31775],[106.62801,17.31815],[106.62784,17.31833],[106.62574,17.32048]],[[106.54155,17.55364],[106.54395,17.55091],[106.54421,17.55052]],[[106.54168,17.55348],[106.54431,17.55039]],[[105.90958,17.99533],[105.91069,17.99248],[105.91161,17.99064],[105.91245,17.9896],[105.9148,17.98729],[105.91832,17.98489],[105.92294,17.982]],[[105.90631,18.00365],[105.9075,18.00082],[105.90899,17.99689],[105.90958,17.99533]],[[105.90517,18.00636],[105.90583,18.00479],[105.90631,18.00365]]]},"properties":{"kind":"rail","class":"rail","ref":null,"name":null}}]}