{"type":"FeatureCollection","features":[{"type":"Feature","geometry":{"type":"Polygon","coordinates":[[[106.60015,17.53003],[106.59432,17.5208],[106.5932,17.51996],[106.59215,17.51988],[106.59197,17.51979],[106.59144,17.51891],[106.58978,17.51785],[106.58958,17.51756],[106.5889,17.51785],[106.58975,17.51974],[106.58971,17.5206],[106.58914,17.52158],[106.58845,17.52179],[106.58765,17.5216],[106.58634,17.52089],[106.58618,17.52109],[106.58667,17.52196],[106.58694,17.52214],[106.58731,17.52291],[106.5873,17.52387],[106.58697,17.52408],[106.58547,17.5224],[106.58397,17.52036],[106.58368,17.52022],[106.582,17.51672],[106.58152,17.51689],[106.58024,17.51533],[106.58013,17.51539],[106.5793,17.51436],[106.57894,17.51372],[106.57856,17.51335],[106.5786,17.51308],[106.57831,17.51247],[106.57821,17.51134],[106.57794,17.51117],[106.57777,17.51062],[106.57676,17.51079],[106.57534,17.51086],[106.5751,17.51044],[106.57507,17.50983],[106.57487,17.50952],[106.57373,17.50899],[106.57324,17.5086],[106.57285,17.50803],[106.57198,17.50769],[106.57149,17.50727],[106.56905,17.50596],[106.56833,17.50509],[106.5678,17.50398],[106.56747,17.50365],[106.5665,17.50191],[106.56606,17.50141],[106.56559,17.5005],[106.56478,17.49965],[106.56317,17.49719],[106.56289,17.49615],[106.56234,17.4951],[106.5663,17.48643],[106.56555,17.48639],[106.56413,17.4859],[106.56175,17.48489],[106.56188,17.48432],[106.56285,17.48095],[106.56284,17.47931],[106.56261,17.4792],[106.5627,17.47859],[106.56225,17.47801],[106.56313,17.47612],[106.5635,17.4739],[106.56364,17.4738],[106.56353,17.47297],[106.56404,17.4729],[106.56408,17.47228],[106.56433,17.47191],[106.5661,17.47293],[106.56904,17.47478],[106.56992,17.47519],[106.57144,17.47564],[106.57319,17.47538],[106.57566,17.47511],[106.58119,17.47101],[106.58225,17.46969],[106.58445,17.4673],[106.5861,17.46516],[106.5863,17.46374],[106.58679,17.46128],[106.58727,17.46073],[106.59359,17.46746],[106.59471,17.46867],[106.59494,17.46908],[106.5946,17.46938],[106.59631,17.47127],[106.59605,17.47158],[106.59631,17.47198],[106.59823,17.47289],[106.59763,17.4744],[106.59747,17.4751],[106.59777,17.47606],[106.59813,17.47678],[106.59874,17.47727],[106.5997,17.47741],[106.6,17.47884],[106.60398,17.47897],[106.60758,17.47912],[106.60891,17.47907],[106.60893,17.47946],[106.6093,17.48064],[106.6092,17.48185],[106.60874,17.48302],[106.60881,17.4835],[106.60806,17.48436],[106.60721,17.48565],[106.60775,17.48591],[106.60719,17.48645],[106.60706,17.48745],[106.60762,17.48784],[106.60726,17.48872],[106.60729,17.48989],[106.61135,17.49026],[106.61519,17.49153],[106.61559,17.492],[106.6157,17.49534],[106.61484,17.49669],[106.61451,17.49754],[106.61471,17.49825],[106.62094,17.50302],[106.61869,17.50593],[106.61797,17.50713],[106.61584,17.50994],[106.61379,17.51212],[106.61177,17.51496],[106.6112,17.51586],[106.60848,17.51972],[106.6069,17.5219],[106.60522,17.52443],[106.60402,17.5255],[106.60231,17.52765],[106.60128,17.52879],[106.60073,17.52929],[106.60015,17.53003]]]},"properties":{"name":"Đồng Thuận","nameEn":"Dong Thuan","fullName":"Phường Đồng Thuận","fullNameEn":"Dong Thuan Ward","codeName":"dong_thuan","areaKm2":26.49,"postalCode":"47123","code":"18859"}},{"type":"Feature","geometry":{"type":"Polygon","coordinates":[[[106.56234,17.4951],[106.56051,17.49387],[106.55981,17.49357],[106.55929,17.49351],[106.55734,17.49382],[106.55601,17.49383],[106.55531,17.49358],[106.55469,17.49303],[106.5544,17.49255],[106.55324,17.49132],[106.55234,17.49076],[106.55137,17.48994],[106.54986,17.48975],[106.54884,17.48969],[106.54802,17.48979],[106.54761,17.49015],[106.54725,17.48819],[106.54667,17.48813],[106.54564,17.48858],[106.54492,17.48865],[106.5435,17.48836],[106.54326,17.48795],[106.54221,17.48702],[106.54113,17.48635],[106.54026,17.48606],[106.54025,17.48555],[106.53995,17.48506],[106.54092,17.48484],[106.54183,17.48441],[106.54399,17.48258],[106.54266,17.48179],[106.54175,17.4817],[106.54112,17.48205],[106.54035,17.48107],[106.53882,17.4805],[106.53878,17.48023],[106.5372,17.47967],[106.53696,17.47924],[106.53657,17.47923],[106.53549,17.47754],[106.53513,17.47654],[106.53451,17.47575],[106.53389,17.47465],[106.5334,17.47418],[106.53246,17.47258],[106.53078,17.47171],[106.53021,17.47157],[106.52959,17.47176],[106.52805,17.4716],[106.52728,17.47141],[106.52717,17.47094],[106.52653,17.47046],[106.5262,17.47004],[106.52486,17.47024],[106.52451,17.47018],[106.52426,17.46957],[106.5239,17.46919],[106.5234,17.46838],[106.52299,17.46699],[106.52262,17.46599],[106.52139,17.46435],[106.52079,17.46392],[106.5206,17.46355],[106.52104,17.46241],[106.52123,17.46157],[106.5215,17.46111],[106.52283,17.46006],[106.52308,17.45965],[106.52321,17.45896],[106.52309,17.45753],[106.52384,17.45573],[106.52447,17.45559],[106.52461,17.45462],[106.52441,17.45321],[106.52404,17.45292],[106.52395,17.45105],[106.52501,17.44953],[106.52545,17.44939],[106.52628,17.44942],[106.5272,17.44913],[106.52761,17.4486],[106.52768,17.44803],[106.52757,17.44743],[106.52777,17.44704],[106.52745,17.44663],[106.5272,17.44599],[106.52715,17.44388],[106.5269,17.44295],[106.52636,17.4426],[106.5257,17.4424],[106.52459,17.44245],[106.52408,17.44216],[106.52341,17.44141],[106.52286,17.44094],[106.52251,17.44045],[106.52197,17.44037],[106.52011,17.44057],[106.5196,17.44092],[106.51919,17.44143],[106.51873,17.44157],[106.51794,17.44129],[106.51671,17.43983],[106.51599,17.43869],[106.51573,17.43794],[106.51536,17.43735],[106.51397,17.43607],[106.51378,17.43552],[106.51385,17.43489],[106.51275,17.43413],[106.51215,17.43348],[106.51065,17.4322],[106.51047,17.43181],[106.51022,17.43075],[106.50946,17.43006],[106.50897,17.42995],[106.50732,17.42994],[106.50726,17.42923],[106.50738,17.42867],[106.50778,17.42776],[106.50782,17.42702],[106.50663,17.42655],[106.50599,17.42597],[106.50623,17.42511],[106.50698,17.42475],[106.50748,17.42437],[106.50827,17.42317],[106.50917,17.42231],[106.51167,17.42161],[106.51007,17.41996],[106.50892,17.41861],[106.50733,17.41577],[106.50712,17.41497],[106.50612,17.41457],[106.50608,17.41325],[106.50617,17.41219],[106.50593,17.41134],[106.50599,17.41047],[106.50626,17.40993],[106.50576,17.40889],[106.50558,17.40812],[106.50557,17.40714],[106.50533,17.40657],[106.50427,17.40639],[106.50318,17.40574],[106.50267,17.40516],[106.50184,17.40369],[106.50093,17.40279],[106.4995,17.40233],[106.49846,17.40191],[106.49772,17.40142],[106.49752,17.40104],[106.49723,17.39981],[106.49731,17.39933],[106.4979,17.39766],[106.49828,17.39709],[106.49832,17.39648],[106.49791,17.39577],[106.49672,17.39507],[106.49597,17.39427],[106.49542,17.39331],[106.49468,17.39042],[106.49426,17.38908],[106.49411,17.38761],[106.49405,17.38607],[106.49357,17.38559],[106.49237,17.38484],[106.49286,17.38431],[106.4932,17.38341],[106.49331,17.38267],[106.49362,17.38158],[106.49412,17.38083],[106.49518,17.38061],[106.49624,17.37993],[106.49658,17.37959],[106.49783,17.37806],[106.49942,17.37691],[106.49985,17.37641],[106.50006,17.37556],[106.50047,17.37497],[106.50128,17.37409],[106.50149,17.37338],[106.50222,17.37239],[106.5024,17.37114],[106.50274,17.3706],[106.5035,17.36986],[106.50509,17.36969],[106.50618,17.36931],[106.50709,17.36829],[106.50817,17.36765],[106.50947,17.36654],[106.51016,17.36607],[106.51116,17.36562],[106.51206,17.36564],[106.51335,17.36657],[106.51403,17.36724],[106.51465,17.36761],[106.5157,17.36762],[106.51644,17.36785],[106.51728,17.36878],[106.51782,17.36917],[106.51828,17.36981],[106.51928,17.37036],[106.52042,17.37048],[106.52125,17.37072],[106.52216,17.37059],[106.52262,17.37016],[106.52399,17.37067],[106.52484,17.37115],[106.52634,17.37184],[106.52664,17.37212],[106.52666,17.37331],[106.52693,17.374],[106.52725,17.37539],[106.52741,17.37567],[106.52905,17.37663],[106.5294,17.37747],[106.52967,17.37784],[106.53063,17.37824],[106.53081,17.37879],[106.53166,17.37987],[106.53248,17.38114],[106.5327,17.38205],[106.53332,17.38362],[106.53456,17.38418],[106.53632,17.38433],[106.53694,17.38471],[106.5376,17.38487],[106.53822,17.38552],[106.53953,17.38637],[106.54315,17.3881],[106.5442,17.38903],[106.54503,17.38997],[106.54545,17.39107],[106.54658,17.3916],[106.54746,17.39257],[106.54867,17.39353],[106.54943,17.39381],[106.5507,17.39387],[106.55128,17.39438],[106.55136,17.39483],[106.55184,17.39531],[106.55247,17.39553],[106.55295,17.396],[106.55276,17.39645],[106.55352,17.39755],[106.55465,17.39862],[106.55532,17.39968],[106.55568,17.40237],[106.55564,17.40296],[106.5548,17.4049],[106.55429,17.4056],[106.55413,17.40604],[106.5563,17.40455],[106.55707,17.40433],[106.55825,17.40421],[106.55916,17.40426],[106.56022,17.40486],[106.56091,17.40543],[106.56157,17.4058],[106.5624,17.40702],[106.56211,17.40772],[106.56346,17.40745],[106.56505,17.40752],[106.5664,17.40774],[106.56715,17.40719],[106.56788,17.40686],[106.56936,17.40686],[106.57002,17.40693],[106.57026,17.40672],[106.57039,17.40614],[106.5709,17.40592],[106.57211,17.4059],[106.5728,17.40488],[106.57397,17.40422],[106.5741,17.40365],[106.57552,17.40251],[106.5764,17.40229],[106.57772,17.40243],[106.57854,17.40289],[106.57894,17.4028],[106.57937,17.40242],[106.58097,17.40257],[106.58185,17.40319],[106.5831,17.40333],[106.58387,17.40295],[106.58416,17.40316],[106.58442,17.40377],[106.5851,17.40454],[106.58586,17.406],[106.58675,17.407],[106.58634,17.40809],[106.58642,17.40855],[106.58683,17.40892],[106.58718,17.41006],[106.58788,17.41072],[106.58791,17.41172],[106.58846,17.41256],[106.58926,17.41315],[106.58981,17.41338],[106.59108,17.41353],[106.59143,17.41381],[106.59166,17.41432],[106.5912,17.41494],[106.59076,17.415],[106.59052,17.41541],[106.59067,17.41656],[106.59114,17.41706],[106.59104,17.41791],[106.59155,17.41841],[106.59205,17.41859],[106.59301,17.41827],[106.59373,17.4179],[106.59522,17.41766],[106.59538,17.41812],[106.59497,17.42018],[106.59474,17.42052],[106.59481,17.42088],[106.59641,17.42122],[106.59675,17.42136],[106.59704,17.4218],[106.59729,17.42278],[106.59763,17.4235],[106.59802,17.42474],[106.59905,17.42515],[106.60274,17.4255],[106.60601,17.42565],[106.60729,17.4255],[106.60787,17.42524],[106.60955,17.42423],[106.61053,17.42386],[106.61166,17.42357],[106.61234,17.42349],[106.61337,17.42364],[106.61462,17.42418],[106.61815,17.42527],[106.61921,17.42534],[106.61853,17.42735],[106.61787,17.4278],[106.61664,17.42763],[106.61591,17.42728],[106.61509,17.4271],[106.61446,17.42713],[106.61382,17.42683],[106.61328,17.42674],[106.61252,17.42737],[106.61124,17.42929],[106.61036,17.4303],[106.60987,17.43063],[106.60842,17.43131],[106.60702,17.43177],[106.60677,17.43201],[106.60671,17.43252],[106.60686,17.43285],[106.60802,17.43318],[106.60847,17.43392],[106.60838,17.43532],[106.60845,17.43633],[106.60828,17.43675],[106.6069,17.4373],[106.60629,17.43786],[106.60581,17.43886],[106.60536,17.44024],[106.60483,17.44112],[106.60317,17.44226],[106.60308,17.44261],[106.60323,17.44409],[106.60292,17.44514],[106.60264,17.44545],[106.60225,17.44551],[106.60171,17.44525],[106.60117,17.44557],[106.60093,17.4461],[106.60088,17.44683],[106.60052,17.44755],[106.59977,17.44763],[106.59894,17.44794],[106.59821,17.44838],[106.59742,17.44955],[106.59714,17.44984],[106.59765,17.4504],[106.5975,17.45096],[106.59874,17.45119],[106.59872,17.45174],[106.59841,17.45305],[106.59706,17.45469],[106.59816,17.45554],[106.59918,17.45645],[106.59772,17.45813],[106.59625,17.45901],[106.59342,17.4606],[106.59273,17.45994],[106.59177,17.45823],[106.5915,17.45846],[106.58756,17.46039],[106.58727,17.46073],[106.58679,17.46128],[106.5863,17.46374],[106.5861,17.46516],[106.58445,17.4673],[106.58225,17.46969],[106.58119,17.47101],[106.57566,17.47511],[106.57319,17.47538],[106.57144,17.47564],[106.56992,17.47519],[106.56904,17.47478],[106.5661,17.47293],[106.56433,17.47191],[106.56408,17.47228],[106.56404,17.4729],[106.56353,17.47297],[106.56364,17.4738],[106.5635,17.4739],[106.56313,17.47612],[106.56225,17.47801],[106.5627,17.47859],[106.56261,17.4792],[106.56284,17.47931],[106.56285,17.48095],[106.56188,17.48432],[106.56175,17.48489],[106.56413,17.4859],[106.56555,17.48639],[106.5663,17.48643],[106.56234,17.4951]]]},"properties":{"name":"Đồng Sơn","nameEn":"Dong Son","fullName":"Phường Đồng Sơn","fullNameEn":"Dong Son Ward","codeName":"dong_son","areaKm2":88.03,"postalCode":"47110","code":"18871"}},{"type":"Feature","geometry":{"type":"Polygon","coordinates":[[[106.58727,17.46073],[106.58756,17.46039],[106.5915,17.45846],[106.59177,17.45823],[106.59273,17.45994],[106.59342,17.4606],[106.59625,17.45901],[106.59772,17.45813],[106.59918,17.45645],[106.59816,17.45554],[106.59706,17.45469],[106.59841,17.45305],[106.59872,17.45174],[106.59874,17.45119],[106.5975,17.45096],[106.59765,17.4504],[106.59714,17.44984],[106.59742,17.44955],[106.59821,17.44838],[106.59894,17.44794],[106.59977,17.44763],[106.60052,17.44755],[106.60088,17.44683],[106.60093,17.4461],[106.60117,17.44557],[106.60171,17.44525],[106.60225,17.44551],[106.60264,17.44545],[106.60292,17.44514],[106.60323,17.44409],[106.60308,17.44261],[106.60317,17.44226],[106.60483,17.44112],[106.60536,17.44024],[106.60581,17.43886],[106.60629,17.43786],[106.6069,17.4373],[106.60828,17.43675],[106.60845,17.43633],[106.60838,17.43532],[106.60847,17.43392],[106.60802,17.43318],[106.60686,17.43285],[106.60671,17.43252],[106.60677,17.43201],[106.60702,17.43177],[106.60842,17.43131],[106.60987,17.43063],[106.61036,17.4303],[106.61124,17.42929],[106.61252,17.42737],[106.61328,17.42674],[106.61382,17.42683],[106.61446,17.42713],[106.61509,17.4271],[106.61591,17.42728],[106.61664,17.42763],[106.61787,17.4278],[106.61853,17.42735],[106.61921,17.42534],[106.62015,17.42522],[106.62087,17.42531],[106.62188,17.4256],[106.62311,17.42637],[106.62414,17.42732],[106.62454,17.42807],[106.62451,17.42886],[106.62438,17.42936],[106.62358,17.43131],[106.62348,17.43198],[106.62385,17.43317],[106.62455,17.43396],[106.62726,17.43463],[106.62769,17.43493],[106.62794,17.43589],[106.62912,17.43606],[106.63297,17.43567],[106.63472,17.43554],[106.63761,17.43588],[106.63771,17.43492],[106.63807,17.43364],[106.63883,17.43169],[106.63923,17.43077],[106.6402,17.42904],[106.64167,17.42666],[106.64477,17.42223],[106.64603,17.42022],[106.64734,17.41767],[106.64913,17.41909],[106.64913,17.41956],[106.64963,17.41997],[106.64969,17.42053],[106.65013,17.42098],[106.65019,17.42165],[106.65104,17.42182],[106.65169,17.42221],[106.65218,17.42222],[106.65305,17.4215],[106.65324,17.42075],[106.65389,17.41962],[106.65422,17.41939],[106.65483,17.41928],[106.65621,17.4187],[106.65718,17.4181],[106.65808,17.41703],[106.65854,17.41718],[106.66691,17.42249],[106.67737,17.41124],[106.67892,17.41155],[106.68235,17.41153],[106.68402,17.41236],[106.68434,17.41299],[106.68442,17.41377],[106.6843,17.4145],[106.68513,17.4151],[106.68538,17.41515],[106.68681,17.41596],[106.68591,17.41715],[106.68573,17.41751],[106.68515,17.41762],[106.68444,17.41886],[106.68416,17.41898],[106.68304,17.42033],[106.68255,17.42081],[106.68164,17.42201],[106.68078,17.42298],[106.68029,17.42329],[106.67922,17.42459],[106.67891,17.42478],[106.67811,17.42587],[106.67743,17.4266],[106.67669,17.42754],[106.67627,17.42775],[106.67582,17.42823],[106.67406,17.43052],[106.67322,17.43118],[106.67229,17.43236],[106.67213,17.43232],[106.67098,17.43366],[106.66998,17.43468],[106.66882,17.43604],[106.66775,17.43714],[106.66677,17.43826],[106.66614,17.43914],[106.66555,17.43959],[106.66428,17.44091],[106.66259,17.44284],[106.66168,17.44411],[106.66024,17.44582],[106.65951,17.44647],[106.65873,17.4475],[106.6583,17.44785],[106.65754,17.44884],[106.65615,17.4502],[106.65569,17.45079],[106.6546,17.45245],[106.65314,17.45432],[106.65237,17.4551],[106.64896,17.45907],[106.64847,17.45977],[106.64727,17.46189],[106.64682,17.4623],[106.64542,17.46433],[106.64371,17.46637],[106.64206,17.46896],[106.64109,17.47036],[106.63969,17.47222],[106.63821,17.47436],[106.63757,17.4751],[106.63608,17.47766],[106.63483,17.47968],[106.6338,17.4823],[106.63336,17.48291],[106.63279,17.48418],[106.63221,17.48436],[106.63152,17.48483],[106.63083,17.48469],[106.6285,17.48534],[106.62857,17.48598],[106.62849,17.48682],[106.62821,17.48804],[106.62812,17.48925],[106.62784,17.49075],[106.6278,17.49177],[106.62801,17.49243],[106.62897,17.49274],[106.62922,17.49318],[106.62885,17.49332],[106.62817,17.49274],[106.62775,17.49316],[106.62724,17.4939],[106.62689,17.4946],[106.62603,17.49575],[106.62403,17.49899],[106.62262,17.50077],[106.62094,17.50302],[106.61471,17.49825],[106.61451,17.49754],[106.61484,17.49669],[106.6157,17.49534],[106.61559,17.492],[106.61519,17.49153],[106.61135,17.49026],[106.60729,17.48989],[106.60726,17.48872],[106.60762,17.48784],[106.60706,17.48745],[106.60719,17.48645],[106.60775,17.48591],[106.60721,17.48565],[106.60806,17.48436],[106.60881,17.4835],[106.60874,17.48302],[106.6092,17.48185],[106.6093,17.48064],[106.60893,17.47946],[106.60891,17.47907],[106.60758,17.47912],[106.60398,17.47897],[106.6,17.47884],[106.5997,17.47741],[106.59874,17.47727],[106.59813,17.47678],[106.59777,17.47606],[106.59747,17.4751],[106.59763,17.4744],[106.59823,17.47289],[106.59631,17.47198],[106.59605,17.47158],[106.59631,17.47127],[106.5946,17.46938],[106.59494,17.46908],[106.59471,17.46867],[106.59359,17.46746],[106.58727,17.46073]]]},"properties":{"name":"Đồng Hới","nameEn":"Dong Hoi","fullName":"Phường Đồng Hới","fullNameEn":"Dong Hoi Ward","codeName":"dong_hoi","areaKm2":41.35,"postalCode":"47122","code":"18880"}},{"type":"Feature","geometry":{"type":"Polygon","coordinates":[[[106.03294,17.82181],[106.03242,17.82233],[106.03222,17.82304],[106.03173,17.82322],[106.03097,17.82448],[106.03092,17.82494],[106.03114,17.82577],[106.03012,17.82681],[106.0292,17.82718],[106.02794,17.82739],[106.02757,17.82797],[106.02701,17.82851],[106.02669,17.82865],[106.02609,17.82847],[106.02564,17.82856],[106.02384,17.82962],[106.02253,17.83021],[106.02221,17.83046],[106.02181,17.83123],[106.02118,17.83152],[106.02053,17.83239],[106.02018,17.83332],[106.01992,17.83364],[106.01881,17.83395],[106.01878,17.83433],[106.01926,17.83533],[106.01879,17.83639],[106.01818,17.83718],[106.01796,17.8381],[106.01802,17.83836],[106.01996,17.84148],[106.02043,17.84212],[106.02113,17.84339],[106.02229,17.84498],[106.02325,17.84665],[106.02361,17.84762],[106.02345,17.84792],[106.02215,17.84933],[106.02165,17.8502],[106.02049,17.85131],[106.01767,17.853],[106.01626,17.85366],[106.01531,17.85423],[106.01477,17.85475],[106.01437,17.8554],[106.0138,17.85608],[106.01283,17.85704],[106.01216,17.85727],[106.01113,17.8582],[106.01007,17.85896],[106.00908,17.85998],[106.00829,17.86038],[106.00764,17.86115],[106.0069,17.86084],[106.00617,17.86102],[106.00491,17.86202],[106.00457,17.86254],[106.00388,17.86293],[106.00404,17.86354],[106.00355,17.86455],[106.0029,17.86476],[106.00184,17.86452],[106.00155,17.86466],[106.00107,17.86533],[106.00029,17.86618],[106.00009,17.8666],[106.00051,17.86751],[105.99986,17.86901],[105.99952,17.87004],[105.9988,17.87052],[105.99823,17.87117],[105.99631,17.87244],[105.99577,17.87263],[105.99432,17.87274],[105.99328,17.87372],[105.99291,17.87544],[105.99226,17.87652],[105.99158,17.87724],[105.9914,17.87831],[105.99091,17.87962],[105.99039,17.88026],[105.98943,17.88087],[105.9888,17.8818],[105.98835,17.88266],[105.98799,17.88286],[105.98708,17.88394],[105.98666,17.88455],[105.98585,17.88434],[105.985,17.88485],[105.98425,17.88515],[105.98331,17.88611],[105.98318,17.88694],[105.98292,17.88784],[105.98287,17.88851],[105.98296,17.88938],[105.98347,17.88957],[105.98343,17.89019],[105.98207,17.89056],[105.98079,17.89203],[105.98022,17.89247],[105.97958,17.89274],[105.97849,17.89303],[105.97784,17.8955],[105.97606,17.89706],[105.97535,17.8971],[105.97498,17.89666],[105.97473,17.89583],[105.97464,17.89497],[105.9737,17.89474],[105.9727,17.89497],[105.97164,17.89546],[105.97114,17.89587],[105.96968,17.8963],[105.96878,17.89684],[105.9681,17.89705],[105.96706,17.89668],[105.96643,17.89688],[105.96443,17.89769],[105.96272,17.89853],[105.96274,17.89811],[105.96324,17.89726],[105.96465,17.89567],[105.9647,17.89505],[105.96413,17.89442],[105.96373,17.89417],[105.96247,17.8937],[105.96152,17.8931],[105.96102,17.89307],[105.9597,17.89341],[105.95798,17.89338],[105.95702,17.89349],[105.95567,17.89414],[105.95473,17.8945],[105.95271,17.89484],[105.95037,17.89502],[105.94904,17.89471],[105.9482,17.89417],[105.9479,17.89413],[105.94724,17.89437],[105.94566,17.89445],[105.94487,17.89438],[105.94437,17.8945],[105.94344,17.89505],[105.94129,17.89657],[105.94079,17.89725],[105.93963,17.8984],[105.93869,17.89965],[105.93824,17.90002],[105.93698,17.90067],[105.93611,17.90092],[105.93488,17.90177],[105.93372,17.9023],[105.9326,17.90295],[105.93193,17.90368],[105.93087,17.90425],[105.93047,17.90485],[105.92992,17.90528],[105.9287,17.90574],[105.92826,17.90639],[105.92756,17.90698],[105.92667,17.90725],[105.92619,17.90755],[105.92576,17.90802],[105.92595,17.9091],[105.9259,17.90957],[105.92544,17.91085],[105.92503,17.91226],[105.92607,17.91253],[105.92665,17.91316],[105.92732,17.9136],[105.92881,17.91408],[105.92924,17.9143],[105.92978,17.91545],[105.92987,17.91652],[105.93026,17.91726],[105.93026,17.91776],[105.92971,17.91887],[105.9291,17.91957],[105.92843,17.92136],[105.92838,17.92255],[105.92764,17.92427],[105.92719,17.92513],[105.92699,17.92528],[105.92605,17.92518],[105.92512,17.92557],[105.92308,17.92628],[105.92148,17.92618],[105.9202,17.92772],[105.9199,17.92818],[105.91947,17.92961],[105.91874,17.93031],[105.91797,17.93084],[105.91657,17.93214],[105.91565,17.93223],[105.91445,17.93207],[105.91355,17.93207],[105.9127,17.93194],[105.91154,17.93232],[105.91076,17.93238],[105.90946,17.93222],[105.90922,17.93257],[105.90764,17.93363],[105.90616,17.9355],[105.90429,17.93545],[105.90352,17.93591],[105.90139,17.93601],[105.90052,17.93599],[105.90015,17.93612],[105.89972,17.9367],[105.8987,17.9374],[105.8986,17.9381],[105.89891,17.93926],[105.89969,17.94187],[105.89979,17.94287],[105.89959,17.94411],[105.89902,17.94502],[105.89886,17.94584],[105.89907,17.94748],[105.8981,17.94732],[105.89703,17.94644],[105.89616,17.94616],[105.8955,17.94579],[105.89474,17.94554],[105.89406,17.94498],[105.89391,17.94427],[105.89318,17.94305],[105.89309,17.94106],[105.89276,17.93926],[105.89249,17.93843],[105.89155,17.93703],[105.89093,17.93658],[105.88942,17.93607],[105.88842,17.93573],[105.88776,17.93516],[105.88726,17.93443],[105.88659,17.93384],[105.88611,17.93326],[105.88589,17.93252],[105.88622,17.93203],[105.88732,17.9309],[105.88744,17.93027],[105.8882,17.92938],[105.88806,17.92867],[105.88678,17.92742],[105.88577,17.92614],[105.88521,17.92566],[105.88541,17.92492],[105.88489,17.92348],[105.88466,17.92264],[105.88481,17.92186],[105.88524,17.92126],[105.8861,17.9195],[105.88633,17.91868],[105.88698,17.91878],[105.88816,17.91911],[105.88885,17.9185],[105.88906,17.91785],[105.88952,17.91715],[105.88976,17.91577],[105.88998,17.91497],[105.88995,17.91457],[105.88963,17.91363],[105.88942,17.91228],[105.88948,17.91098],[105.88845,17.91017],[105.88844,17.9086],[105.88855,17.90803],[105.88897,17.90753],[105.8891,17.90684],[105.88983,17.9054],[105.88986,17.90442],[105.88968,17.90336],[105.89004,17.90189],[105.89018,17.90158],[105.89066,17.90123],[105.89082,17.90073],[105.89144,17.89982],[105.892,17.8992],[105.89178,17.89832],[105.89212,17.89724],[105.89214,17.89648],[105.89198,17.89517],[105.89201,17.89438],[105.89187,17.89361],[105.89217,17.89273],[105.89234,17.89136],[105.89198,17.89041],[105.89112,17.88936],[105.88963,17.88864],[105.88933,17.88813],[105.88878,17.88672],[105.88843,17.8854],[105.88773,17.88448],[105.88761,17.88368],[105.8889,17.8827],[105.88937,17.88255],[105.89023,17.88262],[105.89051,17.88249],[105.89083,17.88166],[105.89165,17.88071],[105.89203,17.88014],[105.89255,17.8797],[105.89308,17.8795],[105.89409,17.87947],[105.89568,17.8797],[105.89638,17.87995],[105.89772,17.88011],[105.89963,17.88017],[105.89929,17.8798],[105.89869,17.87867],[105.89812,17.87702],[105.89879,17.876],[105.89872,17.87543],[105.89925,17.87497],[105.89934,17.87468],[105.90035,17.87402],[105.90025,17.8736],[105.90061,17.87323],[105.90051,17.87228],[105.89974,17.87171],[105.8999,17.87062],[105.89962,17.86946],[105.89928,17.86894],[105.89943,17.86827],[105.89899,17.86662],[105.89897,17.86588],[105.8994,17.8651],[105.89966,17.86488],[105.89982,17.86409],[105.90017,17.86378],[105.90061,17.86301],[105.90152,17.86267],[105.90161,17.86228],[105.90137,17.86194],[105.90052,17.8613],[105.89917,17.86078],[105.89865,17.86082],[105.89774,17.86032],[105.89691,17.86035],[105.89651,17.85975],[105.8948,17.8583],[105.89467,17.85786],[105.8949,17.85651],[105.89452,17.85457],[105.89453,17.85349],[105.89491,17.85234],[105.89518,17.85179],[105.89434,17.85153],[105.89403,17.85114],[105.89397,17.85051],[105.89434,17.84965],[105.89428,17.84905],[105.89401,17.84802],[105.89387,17.8468],[105.89394,17.84635],[105.89428,17.84599],[105.89518,17.84231],[105.89529,17.84163],[105.8952,17.8408],[105.89607,17.84019],[105.89631,17.83986],[105.89611,17.83944],[105.89525,17.83846],[105.89495,17.83728],[105.89496,17.83698],[105.89534,17.83624],[105.89561,17.83525],[105.89648,17.83461],[105.89694,17.83441],[105.89761,17.83389],[105.89776,17.83341],[105.89779,17.83248],[105.89799,17.83186],[105.89852,17.83137],[105.89946,17.83097],[105.89951,17.83073],[105.89931,17.82969],[105.8997,17.82851],[105.90067,17.8269],[105.90061,17.82576],[105.90084,17.82478],[105.90173,17.8235],[105.9022,17.82317],[105.90228,17.8223],[105.90367,17.82031],[105.90383,17.81978],[105.90372,17.81785],[105.9044,17.81727],[105.90488,17.81533],[105.90461,17.81343],[105.90589,17.81392],[105.90717,17.81416],[105.90823,17.81485],[105.90899,17.81483],[105.90937,17.815],[105.90992,17.81549],[105.91061,17.81633],[105.91391,17.81778],[105.91401,17.8176],[105.9137,17.81657],[105.91439,17.81631],[105.91485,17.81567],[105.91486,17.81512],[105.91533,17.81346],[105.91603,17.81169],[105.91631,17.81127],[105.91661,17.81008],[105.917,17.80968],[105.91686,17.80899],[105.91732,17.80793],[105.91787,17.80758],[105.91806,17.80595],[105.91847,17.80501],[105.91822,17.80418],[105.91838,17.80354],[105.91823,17.80254],[105.91833,17.80165],[105.91803,17.80115],[105.91785,17.79972],[105.91748,17.79934],[105.91751,17.79868],[105.91734,17.79775],[105.91818,17.79743],[105.91954,17.7964],[105.92013,17.79617],[105.9205,17.7963],[105.92082,17.79607],[105.92127,17.79463],[105.92159,17.79443],[105.92227,17.79473],[105.92288,17.79445],[105.92307,17.79547],[105.92364,17.79584],[105.92417,17.79501],[105.9248,17.79483],[105.92531,17.79428],[105.92594,17.79427],[105.92604,17.7946],[105.92682,17.79507],[105.92694,17.79477],[105.92669,17.7943],[105.92742,17.79424],[105.92763,17.7936],[105.92868,17.79323],[105.92956,17.79331],[105.92994,17.79303],[105.93042,17.79328],[105.93073,17.79383],[105.93153,17.79391],[105.93208,17.79454],[105.93276,17.79589],[105.93304,17.79585],[105.93326,17.79522],[105.93386,17.79483],[105.93409,17.79444],[105.93396,17.79357],[105.93446,17.79359],[105.93451,17.79312],[105.93579,17.79269],[105.93604,17.79284],[105.9358,17.79417],[105.93673,17.79404],[105.93726,17.79336],[105.93725,17.7927],[105.93746,17.79224],[105.9383,17.79149],[105.93846,17.79078],[105.93891,17.79017],[105.93925,17.78944],[105.93927,17.78878],[105.93884,17.78855],[105.93859,17.78762],[105.9376,17.78714],[105.93726,17.78509],[105.93597,17.78387],[105.93575,17.78321],[105.93615,17.78271],[105.93656,17.78157],[105.9368,17.78121],[105.93806,17.78038],[105.9386,17.77962],[105.93975,17.77927],[105.94042,17.77891],[105.94121,17.77875],[105.94218,17.7788],[105.94309,17.7792],[105.94344,17.77885],[105.94427,17.77843],[105.94524,17.77823],[105.94581,17.77801],[105.94792,17.77624],[105.94872,17.77573],[105.95006,17.77541],[105.95121,17.77532],[105.95165,17.77487],[105.9521,17.77472],[105.95316,17.77459],[105.95419,17.77308],[105.95516,17.7727],[105.95579,17.7726],[105.95652,17.77166],[105.95736,17.77141],[105.95901,17.77121],[105.95956,17.77122],[105.96003,17.77069],[105.96074,17.77068],[105.96152,17.77017],[105.96279,17.77013],[105.96363,17.76925],[105.96432,17.76909],[105.96491,17.76955],[105.96581,17.76944],[105.96686,17.76949],[105.96803,17.76965],[105.96888,17.76965],[105.96962,17.76988],[105.97317,17.77006],[105.97457,17.77065],[105.9749,17.77093],[105.97509,17.77139],[105.97617,17.77274],[105.97676,17.77336],[105.97871,17.77428],[105.98147,17.77444],[105.98131,17.77467],[105.98054,17.77494],[105.9804,17.77531],[105.98079,17.7757],[105.98181,17.77588],[105.98208,17.77575],[105.98247,17.77486],[105.98336,17.77529],[105.98416,17.77635],[105.98459,17.77755],[105.98528,17.77808],[105.98577,17.77888],[105.98686,17.77979],[105.98733,17.78041],[105.98787,17.78051],[105.98854,17.7809],[105.98826,17.78127],[105.98865,17.7816],[105.98919,17.78135],[105.98982,17.78174],[105.98959,17.78229],[105.99082,17.78339],[105.99223,17.78449],[105.99285,17.78511],[105.99399,17.78572],[105.99742,17.79314],[105.99752,17.79584],[105.9968,17.79814],[105.99608,17.8],[105.99594,17.80093],[105.99572,17.80147],[105.99481,17.80425],[105.99484,17.80568],[105.99545,17.80779],[105.9958,17.80868],[105.99694,17.80955],[105.9974,17.81002],[105.99759,17.81044],[105.99764,17.8114],[105.99806,17.81512],[105.99862,17.81616],[105.99922,17.81665],[105.99942,17.81735],[105.99971,17.81769],[106.00046,17.81822],[106.00184,17.81858],[106.00359,17.81817],[106.00707,17.818],[106.0074,17.81802],[106.01011,17.81864],[106.01072,17.81855],[106.01225,17.8177],[106.01397,17.81655],[106.01478,17.81581],[106.01729,17.81433],[106.01874,17.81336],[106.01929,17.81294],[106.0204,17.81233],[106.02114,17.8123],[106.02198,17.81331],[106.02275,17.81325],[106.02425,17.8128],[106.02534,17.81261],[106.02581,17.81334],[106.02623,17.81431],[106.02667,17.81489],[106.02754,17.81537],[106.02955,17.81671],[106.03017,17.81745],[106.03081,17.81855],[106.0318,17.81993],[106.03242,17.82128],[106.03294,17.82181]]]},"properties":{"name":"Minh Hoá","nameEn":"Minh Hoa","fullName":"Xã Minh Hoá","fullNameEn":"Minh Hoa Commune","codeName":"minh_hoa","areaKm2":156.97,"postalCode":"47622","code":"18901"}},{"type":"Feature","geometry":{"type":"Polygon","coordinates":[[[105.76451,17.89099],[105.76415,17.89088],[105.76304,17.89087],[105.76174,17.89122],[105.76043,17.89141],[105.75989,17.89166],[105.75885,17.89243],[105.75807,17.89241],[105.75706,17.89289],[105.75639,17.89366],[105.75481,17.89519],[105.75427,17.8954],[105.75389,17.89526],[105.75286,17.89514],[105.75195,17.89526],[105.75146,17.89575],[105.75119,17.8966],[105.75115,17.89714],[105.75131,17.89875],[105.75128,17.8995],[105.75172,17.89994],[105.75151,17.90048],[105.7507,17.90072],[105.74917,17.90101],[105.74828,17.90124],[105.74813,17.90213],[105.74738,17.90291],[105.74727,17.90368],[105.74736,17.90422],[105.74727,17.90485],[105.74644,17.90521],[105.74553,17.90544],[105.74453,17.9067],[105.74368,17.90795],[105.74302,17.90837],[105.74231,17.90854],[105.74169,17.90853],[105.73944,17.90667],[105.73899,17.90651],[105.7383,17.90678],[105.73629,17.90807],[105.73598,17.90819],[105.73511,17.90815],[105.73424,17.90788],[105.73306,17.90782],[105.73212,17.90824],[105.73068,17.90818],[105.73016,17.90828],[105.72989,17.90911],[105.72984,17.9099],[105.73016,17.91126],[105.72991,17.91186],[105.7287,17.91297],[105.72825,17.9138],[105.72769,17.9143],[105.72704,17.91681],[105.72533,17.91777],[105.72432,17.91815],[105.72322,17.91785],[105.72189,17.91795],[105.72101,17.917],[105.72044,17.91653],[105.71867,17.91537],[105.71748,17.91421],[105.71651,17.91348],[105.71593,17.91273],[105.71469,17.91346],[105.71353,17.91351],[105.71292,17.91404],[105.71223,17.91423],[105.71164,17.9132],[105.71095,17.91305],[105.70946,17.91289],[105.70797,17.91213],[105.70656,17.91232],[105.70557,17.91231],[105.70526,17.91264],[105.7048,17.91402],[105.70457,17.91446],[105.70398,17.91507],[105.70321,17.91636],[105.70321,17.9165],[105.70407,17.91715],[105.70469,17.91811],[105.70478,17.91844],[105.70429,17.91865],[105.7038,17.91864],[105.70324,17.91889],[105.70291,17.91988],[105.70127,17.9212],[105.70086,17.92193],[105.7002,17.92263],[105.69935,17.92247],[105.69774,17.92196],[105.69571,17.92195],[105.69479,17.92183],[105.69335,17.92194],[105.6927,17.92231],[105.69188,17.92246],[105.69122,17.92283],[105.6905,17.92343],[105.68991,17.9235],[105.68894,17.92336],[105.68774,17.9236],[105.6869,17.9239],[105.68656,17.92415],[105.68643,17.92467],[105.68617,17.92481],[105.6846,17.92495],[105.68427,17.92553],[105.68302,17.92662],[105.68184,17.92703],[105.68113,17.92825],[105.67966,17.92882],[105.67921,17.92931],[105.679,17.92998],[105.67801,17.93193],[105.67805,17.93277],[105.67821,17.93358],[105.67864,17.9343],[105.67846,17.93555],[105.67854,17.9363],[105.67897,17.93705],[105.67906,17.93759],[105.67884,17.93969],[105.67891,17.94047],[105.67974,17.94207],[105.67894,17.94427],[105.67884,17.9449],[105.67761,17.94489],[105.67604,17.94502],[105.67477,17.94446],[105.67365,17.94425],[105.67303,17.94426],[105.67123,17.94472],[105.66994,17.94481],[105.6691,17.94518],[105.66834,17.94581],[105.66775,17.94682],[105.66659,17.94755],[105.66521,17.94775],[105.66462,17.94805],[105.66375,17.94787],[105.66326,17.94837],[105.66307,17.94966],[105.66286,17.95002],[105.66217,17.9503],[105.66127,17.95097],[105.66022,17.95116],[105.65961,17.95151],[105.65878,17.95264],[105.65812,17.95294],[105.65657,17.95393],[105.65495,17.95351],[105.65391,17.95347],[105.6519,17.95387],[105.65088,17.95421],[105.64977,17.95426],[105.64873,17.95445],[105.6477,17.95489],[105.64594,17.95523],[105.64481,17.9559],[105.64317,17.95731],[105.64245,17.95808],[105.64218,17.95891],[105.64238,17.96181],[105.64197,17.96117],[105.64107,17.96033],[105.64035,17.95978],[105.64009,17.95942],[105.63906,17.95859],[105.63822,17.95859],[105.63769,17.95918],[105.63701,17.95967],[105.63678,17.96],[105.63553,17.96037],[105.63535,17.95981],[105.63537,17.95789],[105.63524,17.95692],[105.63448,17.95662],[105.6339,17.95675],[105.63355,17.95662],[105.63228,17.95547],[105.63061,17.95373],[105.6303,17.95346],[105.62896,17.95278],[105.62849,17.95196],[105.62849,17.95126],[105.62867,17.95049],[105.62812,17.94929],[105.62788,17.94848],[105.62781,17.94719],[105.62812,17.94561],[105.62793,17.94487],[105.62731,17.94436],[105.62684,17.94379],[105.62647,17.94365],[105.62506,17.94383],[105.62446,17.9435],[105.62376,17.94275],[105.62302,17.94218],[105.62292,17.94192],[105.62394,17.94094],[105.62438,17.94018],[105.62447,17.93951],[105.62391,17.9365],[105.62408,17.93475],[105.62355,17.93285],[105.62308,17.93098],[105.62307,17.93002],[105.62255,17.92924],[105.62278,17.92772],[105.62305,17.92661],[105.62337,17.92605],[105.62369,17.92479],[105.62367,17.92396],[105.62317,17.92272],[105.62249,17.9214],[105.62266,17.92034],[105.62264,17.91965],[105.6224,17.91878],[105.62172,17.91807],[105.62136,17.91753],[105.62106,17.91673],[105.62031,17.91612],[105.61936,17.91561],[105.61906,17.91516],[105.61913,17.91392],[105.6188,17.91263],[105.6186,17.91129],[105.61819,17.90943],[105.61786,17.90852],[105.61747,17.90774],[105.6175,17.90609],[105.61736,17.90526],[105.61702,17.90432],[105.61628,17.90376],[105.61506,17.90317],[105.61365,17.9024],[105.61272,17.9017],[105.61212,17.90094],[105.61165,17.90055],[105.61101,17.90026],[105.61044,17.89975],[105.61011,17.89875],[105.60925,17.89704],[105.60805,17.89544],[105.60807,17.89522],[105.60873,17.89442],[105.60895,17.89371],[105.60911,17.89214],[105.60907,17.89157],[105.60884,17.89072],[105.60909,17.89016],[105.61006,17.89006],[105.61084,17.88983],[105.61197,17.88929],[105.61202,17.88891],[105.61127,17.88802],[105.61084,17.88683],[105.61167,17.88445],[105.6119,17.88411],[105.61242,17.88382],[105.6133,17.88357],[105.61399,17.88323],[105.61456,17.88251],[105.615,17.88082],[105.61537,17.88033],[105.61591,17.88003],[105.61697,17.87974],[105.61802,17.87994],[105.61891,17.87944],[105.61997,17.87904],[105.62031,17.87877],[105.62041,17.87783],[105.62105,17.87741],[105.62186,17.87733],[105.62342,17.87741],[105.62432,17.87727],[105.62497,17.877],[105.62562,17.87649],[105.62618,17.87626],[105.62684,17.8763],[105.62754,17.876],[105.62758,17.87514],[105.62732,17.87364],[105.62733,17.87279],[105.62797,17.87214],[105.62803,17.87137],[105.6279,17.87065],[105.62818,17.87025],[105.63029,17.87014],[105.63239,17.86877],[105.63355,17.86783],[105.63466,17.8672],[105.63645,17.86562],[105.63654,17.86507],[105.63618,17.86437],[105.63583,17.86302],[105.63617,17.8624],[105.63682,17.86226],[105.63706,17.86187],[105.63709,17.86094],[105.63782,17.86007],[105.63873,17.85934],[105.639,17.85865],[105.63981,17.85794],[105.64042,17.85779],[105.64095,17.85796],[105.64233,17.85886],[105.64307,17.85923],[105.64399,17.85929],[105.64487,17.85911],[105.64592,17.85796],[105.64692,17.85778],[105.64814,17.85708],[105.64946,17.85653],[105.65043,17.85599],[105.65158,17.85522],[105.65244,17.85521],[105.65311,17.85545],[105.6539,17.85551],[105.65439,17.85539],[105.65546,17.85457],[105.65781,17.85441],[105.65847,17.85482],[105.65917,17.85499],[105.66062,17.85506],[105.66127,17.85531],[105.66195,17.8559],[105.66266,17.85496],[105.6642,17.85244],[105.66506,17.85191],[105.66594,17.85096],[105.66645,17.85067],[105.66815,17.85013],[105.66887,17.84969],[105.66966,17.84944],[105.67025,17.84945],[105.67069,17.84922],[105.67157,17.84819],[105.67201,17.84728],[105.67267,17.84663],[105.67403,17.84677],[105.6745,17.84636],[105.6747,17.8454],[105.67504,17.84463],[105.6747,17.84341],[105.6746,17.84253],[105.67464,17.84157],[105.67525,17.84083],[105.67498,17.84012],[105.6752,17.83948],[105.67674,17.83786],[105.67705,17.83717],[105.67736,17.83533],[105.67776,17.83493],[105.67881,17.83491],[105.67993,17.8351],[105.68154,17.83508],[105.68232,17.8349],[105.68304,17.83455],[105.68338,17.83385],[105.68341,17.83208],[105.68277,17.83128],[105.68276,17.83091],[105.68335,17.82995],[105.68358,17.82923],[105.68331,17.82852],[105.68318,17.82709],[105.68331,17.82604],[105.68359,17.82529],[105.68369,17.82399],[105.68422,17.82294],[105.68442,17.82229],[105.68431,17.81884],[105.68348,17.81837],[105.68287,17.81788],[105.68283,17.81659],[105.6829,17.81581],[105.68266,17.815],[105.6815,17.81434],[105.68051,17.81334],[105.68004,17.81348],[105.67986,17.81322],[105.68096,17.81107],[105.68077,17.81052],[105.67971,17.80876],[105.67748,17.80546],[105.67737,17.80446],[105.67713,17.80365],[105.67655,17.80275],[105.67642,17.80215],[105.67662,17.80113],[105.67653,17.80052],[105.67549,17.79813],[105.67533,17.79761],[105.67536,17.79626],[105.67518,17.79563],[105.67524,17.79491],[105.67638,17.7939],[105.67733,17.79261],[105.67817,17.79244],[105.67967,17.7906],[105.6808,17.78953],[105.68171,17.78891],[105.68334,17.78816],[105.6842,17.78735],[105.68486,17.78715],[105.68579,17.78644],[105.68627,17.78623],[105.68711,17.78623],[105.68754,17.78592],[105.6877,17.78533],[105.6881,17.78488],[105.68909,17.78462],[105.68852,17.78316],[105.68843,17.78109],[105.68961,17.78021],[105.68967,17.77948],[105.69037,17.77825],[105.69108,17.77758],[105.692,17.77633],[105.6921,17.77535],[105.69185,17.77472],[105.69178,17.77385],[105.69308,17.77236],[105.69321,17.77198],[105.693,17.77051],[105.69328,17.76984],[105.69409,17.76895],[105.69575,17.76777],[105.69709,17.76776],[105.69795,17.76724],[105.69836,17.76688],[105.69869,17.76614],[105.69876,17.76496],[105.69926,17.76384],[105.69954,17.76351],[105.70053,17.76274],[105.70088,17.76206],[105.70176,17.76142],[105.70242,17.76063],[105.70333,17.76047],[105.70371,17.76023],[105.70407,17.75966],[105.70469,17.75903],[105.70533,17.75873],[105.70584,17.75869],[105.70707,17.75892],[105.70807,17.7597],[105.70838,17.75969],[105.71069,17.75781],[105.71106,17.75738],[105.71155,17.75631],[105.71195,17.75598],[105.7126,17.75593],[105.71292,17.75612],[105.71374,17.757],[105.71454,17.75755],[105.71503,17.75759],[105.71665,17.75689],[105.71731,17.75672],[105.71812,17.7567],[105.71849,17.75638],[105.7185,17.7551],[105.71875,17.75479],[105.71992,17.75421],[105.72037,17.75271],[105.72079,17.75176],[105.72216,17.7498],[105.72383,17.74901],[105.72423,17.74862],[105.72544,17.74719],[105.72642,17.7465],[105.72749,17.74594],[105.72824,17.74565],[105.73026,17.74508],[105.73037,17.74461],[105.73028,17.74199],[105.73047,17.74001],[105.7302,17.73924],[105.72929,17.7386],[105.72861,17.73773],[105.72824,17.73688],[105.72809,17.73561],[105.72818,17.73538],[105.7284,17.73376],[105.7284,17.73329],[105.7282,17.73289],[105.72801,17.73188],[105.72808,17.72989],[105.72852,17.72769],[105.72866,17.72637],[105.72859,17.7253],[105.7289,17.7236],[105.72916,17.72301],[105.73001,17.72158],[105.73031,17.7213],[105.73094,17.72109],[105.73161,17.72105],[105.73344,17.72134],[105.73372,17.72123],[105.73468,17.72038],[105.73525,17.72],[105.73632,17.71956],[105.73688,17.71955],[105.73777,17.72007],[105.73865,17.7201],[105.73972,17.72039],[105.74116,17.72088],[105.74202,17.72138],[105.74351,17.72262],[105.74357,17.72221],[105.74336,17.72054],[105.74396,17.71923],[105.74406,17.7182],[105.74388,17.71581],[105.74426,17.71397],[105.74457,17.71276],[105.74502,17.71048],[105.74542,17.70885],[105.74548,17.70802],[105.74573,17.70667],[105.74669,17.70391],[105.74743,17.70157],[105.74745,17.70063],[105.74704,17.69935],[105.74704,17.69896],[105.74776,17.69557],[105.74774,17.69434],[105.74762,17.69316],[105.74795,17.69197],[105.74837,17.68927],[105.74842,17.68747],[105.74831,17.68598],[105.74838,17.68561],[105.74898,17.68477],[105.74926,17.6841],[105.74943,17.6822],[105.74965,17.68179],[105.74985,17.68095],[105.74988,17.67967],[105.75026,17.67829],[105.74995,17.67664],[105.75022,17.67471],[105.75061,17.67281],[105.75055,17.67225],[105.75017,17.67112],[105.7503,17.67059],[105.75087,17.66939],[105.75096,17.66838],[105.75184,17.66812],[105.75729,17.66718],[105.75873,17.66713],[105.76008,17.66684],[105.7605,17.66659],[105.761,17.66659],[105.76276,17.66707],[105.76313,17.66733],[105.76333,17.66783],[105.76347,17.66871],[105.7638,17.66939],[105.76382,17.67011],[105.76459,17.67005],[105.76503,17.67042],[105.76508,17.67083],[105.76543,17.6713],[105.76548,17.67185],[105.76601,17.67241],[105.76717,17.67342],[105.76801,17.67377],[105.76896,17.67458],[105.76975,17.67482],[105.77057,17.67403],[105.77133,17.67396],[105.77264,17.67433],[105.77415,17.67437],[105.77474,17.67396],[105.7757,17.67424],[105.77806,17.67421],[105.77924,17.67439],[105.77999,17.67481],[105.7816,17.67621],[105.78154,17.6766],[105.78185,17.67831],[105.7822,17.67909],[105.78176,17.68096],[105.78127,17.68258],[105.78128,17.68359],[105.78102,17.68387],[105.78078,17.68468],[105.78009,17.68542],[105.77996,17.68616],[105.78004,17.68675],[105.77964,17.68764],[105.77947,17.68837],[105.77942,17.68943],[105.77965,17.69004],[105.78064,17.69123],[105.78076,17.69183],[105.78074,17.69286],[105.78157,17.6942],[105.78201,17.69514],[105.78202,17.69605],[105.78164,17.69681],[105.78155,17.69727],[105.78165,17.69841],[105.78187,17.69926],[105.78259,17.69942],[105.78334,17.69979],[105.78416,17.70096],[105.785,17.70289],[105.78584,17.70435],[105.78654,17.70478],[105.7875,17.70503],[105.78798,17.70532],[105.78903,17.70653],[105.78944,17.70684],[105.78926,17.70782],[105.78842,17.70974],[105.78902,17.71104],[105.78932,17.71191],[105.78987,17.71257],[105.79113,17.71301],[105.79253,17.71449],[105.79326,17.7155],[105.79396,17.71664],[105.79428,17.71772],[105.7952,17.71789],[105.79578,17.71851],[105.79598,17.71921],[105.79692,17.72078],[105.79718,17.72147],[105.79767,17.72233],[105.79829,17.72257],[105.79936,17.72156],[105.7998,17.72155],[105.80016,17.72192],[105.80066,17.72321],[105.80214,17.72271],[105.80277,17.72343],[105.8033,17.72353],[105.8039,17.72409],[105.80397,17.72436],[105.8036,17.72472],[105.80376,17.72532],[105.80399,17.72557],[105.80518,17.72619],[105.80602,17.72682],[105.80723,17.72681],[105.80822,17.72595],[105.80858,17.72543],[105.80941,17.72548],[105.81066,17.72594],[105.81147,17.72763],[105.81347,17.72714],[105.81425,17.72901],[105.81773,17.729],[105.81714,17.72942],[105.8165,17.73019],[105.81611,17.7304],[105.81575,17.73025],[105.81496,17.73098],[105.81476,17.73132],[105.81508,17.73212],[105.81558,17.73374],[105.81608,17.73439],[105.81676,17.73568],[105.81705,17.7365],[105.81689,17.73794],[105.81727,17.73957],[105.8167,17.73979],[105.81635,17.7411],[105.81675,17.74182],[105.81675,17.74269],[105.81645,17.74335],[105.81641,17.74412],[105.81671,17.74465],[105.8174,17.74487],[105.81799,17.74566],[105.81881,17.74804],[105.8188,17.74867],[105.81902,17.74999],[105.81966,17.75058],[105.82014,17.75132],[105.82058,17.75179],[105.82101,17.75282],[105.82103,17.7554],[105.82055,17.75639],[105.82032,17.75706],[105.82041,17.75856],[105.82033,17.76074],[105.82012,17.76209],[105.81988,17.76316],[105.81879,17.76548],[105.81805,17.76623],[105.81814,17.76707],[105.81806,17.76796],[105.81829,17.76893],[105.81818,17.76983],[105.81847,17.77029],[105.81817,17.77132],[105.81792,17.77166],[105.81812,17.77233],[105.81893,17.77364],[105.81984,17.77461],[105.82016,17.77473],[105.82185,17.77488],[105.82352,17.77547],[105.82539,17.77577],[105.82628,17.77632],[105.82695,17.7776],[105.82776,17.77834],[105.82849,17.77914],[105.8288,17.78028],[105.82944,17.78113],[105.83121,17.78188],[105.832,17.78259],[105.83262,17.78347],[105.83297,17.78427],[105.83277,17.78501],[105.83448,17.78771],[105.83467,17.78842],[105.83511,17.78903],[105.83528,17.78974],[105.83635,17.79131],[105.83723,17.79252],[105.83747,17.79329],[105.83766,17.79435],[105.83769,17.79579],[105.83781,17.79635],[105.83764,17.79765],[105.83812,17.79896],[105.83824,17.79955],[105.83869,17.8008],[105.83882,17.80187],[105.83931,17.80277],[105.83919,17.80367],[105.83411,17.8028],[105.83284,17.80254],[105.83201,17.80545],[105.83195,17.80827],[105.83186,17.80934],[105.83169,17.80985],[105.83131,17.8101],[105.83115,17.81063],[105.83048,17.81164],[105.83045,17.81258],[105.83083,17.81303],[105.8314,17.81346],[105.83119,17.8149],[105.83092,17.81586],[105.83073,17.81619],[105.8318,17.81661],[105.83303,17.81746],[105.83408,17.81779],[105.8349,17.81938],[105.83597,17.82088],[105.83632,17.82172],[105.83725,17.8226],[105.83579,17.82234],[105.83523,17.82267],[105.83478,17.82312],[105.83406,17.82512],[105.83397,17.82558],[105.83401,17.82665],[105.8338,17.82746],[105.8339,17.82806],[105.83417,17.82862],[105.83464,17.82924],[105.83486,17.82978],[105.83452,17.83077],[105.83461,17.83149],[105.83501,17.83213],[105.83521,17.83332],[105.83517,17.83384],[105.83478,17.83461],[105.83425,17.83517],[105.83369,17.83541],[105.8333,17.83635],[105.83332,17.83668],[105.83292,17.83774],[105.83201,17.83968],[105.83181,17.84055],[105.83131,17.84096],[105.83032,17.84201],[105.82871,17.8426],[105.8283,17.84301],[105.82823,17.8434],[105.8274,17.84442],[105.82722,17.84509],[105.82684,17.84582],[105.82587,17.8464],[105.82513,17.84663],[105.82487,17.84693],[105.82302,17.8481],[105.82094,17.84957],[105.81993,17.85004],[105.81956,17.85039],[105.81829,17.85257],[105.81882,17.85434],[105.81906,17.85469],[105.81911,17.85567],[105.81892,17.85639],[105.81899,17.85774],[105.81879,17.85899],[105.81785,17.85993],[105.81804,17.86113],[105.81771,17.86242],[105.81818,17.86316],[105.81817,17.86379],[105.81786,17.86483],[105.81749,17.86568],[105.8172,17.86706],[105.81695,17.86772],[105.81626,17.86881],[105.81611,17.86945],[105.81567,17.87023],[105.81497,17.87096],[105.81395,17.8713],[105.81307,17.87089],[105.81255,17.87041],[105.81153,17.86974],[105.81088,17.86953],[105.80991,17.86937],[105.80951,17.8692],[105.80889,17.86931],[105.80774,17.869],[105.80724,17.86877],[105.80587,17.86835],[105.80334,17.86832],[105.80289,17.86854],[105.80242,17.86834],[105.80215,17.86854],[105.80207,17.86911],[105.80147,17.86905],[105.80116,17.86932],[105.79994,17.86952],[105.79937,17.8697],[105.79911,17.87013],[105.79847,17.87026],[105.79764,17.87001],[105.79654,17.86996],[105.79554,17.8696],[105.79474,17.86943],[105.79376,17.86972],[105.79326,17.8702],[105.79329,17.87155],[105.79416,17.87284],[105.79551,17.87414],[105.79595,17.87476],[105.79627,17.87566],[105.79632,17.87634],[105.79587,17.87724],[105.7952,17.87803],[105.79494,17.87861],[105.79497,17.87931],[105.79559,17.8802],[105.79603,17.8806],[105.79698,17.88123],[105.7976,17.88193],[105.7977,17.88313],[105.79694,17.88317],[105.79629,17.88363],[105.79566,17.88345],[105.79526,17.88414],[105.79487,17.88425],[105.7946,17.88392],[105.79414,17.88421],[105.79377,17.88416],[105.79326,17.88378],[105.79258,17.88399],[105.79207,17.88374],[105.79158,17.88408],[105.79213,17.885],[105.79207,17.88555],[105.79244,17.88578],[105.7922,17.88614],[105.79146,17.8857],[105.79086,17.88593],[105.79033,17.8858],[105.78968,17.88609],[105.78919,17.88574],[105.7884,17.88624],[105.78832,17.88675],[105.78799,17.88711],[105.787,17.88767],[105.78501,17.88789],[105.78407,17.88842],[105.78345,17.8879],[105.78316,17.88787],[105.78267,17.88829],[105.78087,17.88852],[105.78017,17.88846],[105.77933,17.88888],[105.77815,17.88866],[105.77726,17.88884],[105.77617,17.88855],[105.77544,17.88852],[105.77418,17.88893],[105.7738,17.8888],[105.7734,17.88824],[105.77294,17.88787],[105.77238,17.88777],[105.77176,17.88709],[105.77116,17.88606],[105.77022,17.88528],[105.76929,17.88506],[105.76869,17.88533],[105.768,17.88593],[105.76633,17.88709],[105.76562,17.88828],[105.76513,17.88957],[105.76451,17.89099]]]},"properties":{"name":"Dân Hoá","nameEn":"Dan Hoa","fullName":"Xã Dân Hoá","fullNameEn":"Dan Hoa Commune","codeName":"dan_hoa","areaKm2":365,"postalCode":"47613","code":"18904"}},{"type":"Feature","geometry":{"type":"Polygon","coordinates":[[[105.88942,17.93607],[105.88857,17.93651],[105.88814,17.93777],[105.88732,17.93952],[105.88663,17.94005],[105.88554,17.94007],[105.88476,17.94023],[105.88341,17.94106],[105.88287,17.94191],[105.88215,17.94265],[105.88135,17.94419],[105.88055,17.94501],[105.88046,17.94554],[105.88066,17.94589],[105.88135,17.94644],[105.8798,17.94629],[105.87923,17.94709],[105.87823,17.94892],[105.87797,17.94954],[105.87795,17.95057],[105.87754,17.95169],[105.87735,17.95264],[105.87741,17.9533],[105.87707,17.95571],[105.87648,17.95757],[105.87576,17.95712],[105.87474,17.95665],[105.87386,17.95592],[105.87336,17.95567],[105.87295,17.95566],[105.87212,17.95525],[105.87063,17.9547],[105.86971,17.95443],[105.86921,17.95402],[105.86761,17.95183],[105.86628,17.95149],[105.86364,17.9511],[105.86265,17.95133],[105.8613,17.95178],[105.85937,17.95169],[105.85899,17.95121],[105.85798,17.95025],[105.85666,17.95022],[105.85611,17.94984],[105.85524,17.94844],[105.85464,17.9479],[105.855,17.94746],[105.85522,17.94573],[105.85504,17.9454],[105.85511,17.94468],[105.85494,17.94341],[105.8545,17.94266],[105.85478,17.94207],[105.85513,17.94045],[105.85514,17.94003],[105.85481,17.93944],[105.85446,17.93941],[105.85351,17.93962],[105.85082,17.93973],[105.84916,17.9396],[105.84594,17.93976],[105.84522,17.93969],[105.84472,17.93948],[105.84155,17.93945],[105.84026,17.9395],[105.83906,17.9406],[105.83935,17.93959],[105.83924,17.93845],[105.83868,17.93676],[105.83719,17.93513],[105.837,17.93448],[105.83712,17.9324],[105.83732,17.93153],[105.83809,17.93082],[105.83851,17.93061],[105.84024,17.93009],[105.84152,17.93028],[105.84308,17.92768],[105.84378,17.92686],[105.84405,17.92624],[105.84404,17.92503],[105.8439,17.92462],[105.84413,17.92408],[105.84462,17.92369],[105.84498,17.92288],[105.84498,17.92221],[105.84472,17.92129],[105.84449,17.92097],[105.8445,17.92024],[105.84568,17.91916],[105.84613,17.91901],[105.84736,17.91915],[105.84788,17.91895],[105.84933,17.91745],[105.85026,17.91704],[105.85073,17.91635],[105.85141,17.91481],[105.85058,17.91404],[105.84982,17.91371],[105.8491,17.91315],[105.84616,17.91139],[105.84455,17.91076],[105.8443,17.91025],[105.84346,17.90793],[105.84331,17.9069],[105.84308,17.9064],[105.84222,17.90607],[105.84169,17.90619],[105.84088,17.90559],[105.83991,17.90523],[105.83915,17.90538],[105.83834,17.90567],[105.83719,17.90643],[105.83527,17.908],[105.83414,17.90897],[105.83259,17.91205],[105.83232,17.913],[105.83226,17.91364],[105.83194,17.91423],[105.83047,17.9153],[105.83005,17.91571],[105.82913,17.91731],[105.82911,17.91798],[105.82887,17.91881],[105.82722,17.91876],[105.82678,17.91881],[105.8243,17.91832],[105.82336,17.91858],[105.8206,17.9206],[105.81946,17.92108],[105.81884,17.9209],[105.8177,17.92006],[105.81746,17.91969],[105.81581,17.91863],[105.81519,17.91867],[105.81462,17.9189],[105.81392,17.92002],[105.81274,17.92099],[105.81155,17.9213],[105.80952,17.92155],[105.80889,17.92142],[105.80721,17.92059],[105.80595,17.9204],[105.80482,17.91984],[105.8039,17.92016],[105.80171,17.92032],[105.79913,17.92005],[105.79847,17.92025],[105.79712,17.91999],[105.79545,17.92027],[105.79467,17.92024],[105.79428,17.92009],[105.79299,17.91893],[105.7925,17.91857],[105.79149,17.91807],[105.79084,17.91762],[105.79012,17.91694],[105.78958,17.91659],[105.78789,17.91667],[105.78759,17.91608],[105.78763,17.91512],[105.78748,17.91452],[105.7867,17.91359],[105.78626,17.91272],[105.78588,17.91172],[105.7851,17.91032],[105.78391,17.90968],[105.783,17.90828],[105.78282,17.90788],[105.78282,17.90701],[105.78323,17.90487],[105.78348,17.90423],[105.78329,17.90302],[105.78332,17.90148],[105.78281,17.89921],[105.78267,17.8983],[105.78274,17.89759],[105.78234,17.89737],[105.78143,17.89723],[105.77998,17.89576],[105.77936,17.89529],[105.77864,17.89498],[105.77673,17.89481],[105.77581,17.89483],[105.77467,17.89505],[105.77343,17.8951],[105.77255,17.89479],[105.77205,17.89474],[105.77123,17.89486],[105.77032,17.89385],[105.76793,17.89248],[105.76673,17.89165],[105.76592,17.89128],[105.76451,17.89099],[105.76513,17.88957],[105.76562,17.88828],[105.76633,17.88709],[105.768,17.88593],[105.76869,17.88533],[105.76929,17.88506],[105.77022,17.88528],[105.77116,17.88606],[105.77176,17.88709],[105.77238,17.88777],[105.77294,17.88787],[105.7734,17.88824],[105.7738,17.8888],[105.77418,17.88893],[105.77544,17.88852],[105.77617,17.88855],[105.77726,17.88884],[105.77815,17.88866],[105.77933,17.88888],[105.78017,17.88846],[105.78087,17.88852],[105.78267,17.88829],[105.78316,17.88787],[105.78345,17.8879],[105.78407,17.88842],[105.78501,17.88789],[105.787,17.88767],[105.78799,17.88711],[105.78832,17.88675],[105.7884,17.88624],[105.78919,17.88574],[105.78968,17.88609],[105.79033,17.8858],[105.79086,17.88593],[105.79146,17.8857],[105.7922,17.88614],[105.79244,17.88578],[105.79207,17.88555],[105.79213,17.885],[105.79158,17.88408],[105.79207,17.88374],[105.79258,17.88399],[105.79326,17.88378],[105.79377,17.88416],[105.79414,17.88421],[105.7946,17.88392],[105.79487,17.88425],[105.79526,17.88414],[105.79566,17.88345],[105.79629,17.88363],[105.79694,17.88317],[105.7977,17.88313],[105.7976,17.88193],[105.79698,17.88123],[105.79603,17.8806],[105.79559,17.8802],[105.79497,17.87931],[105.79494,17.87861],[105.7952,17.87803],[105.79587,17.87724],[105.79632,17.87634],[105.79627,17.87566],[105.79595,17.87476],[105.79551,17.87414],[105.79416,17.87284],[105.79329,17.87155],[105.79326,17.8702],[105.79376,17.86972],[105.79474,17.86943],[105.79554,17.8696],[105.79654,17.86996],[105.79764,17.87001],[105.79847,17.87026],[105.79911,17.87013],[105.79937,17.8697],[105.79994,17.86952],[105.80116,17.86932],[105.80147,17.86905],[105.80207,17.86911],[105.80215,17.86854],[105.80242,17.86834],[105.80289,17.86854],[105.80334,17.86832],[105.80587,17.86835],[105.80724,17.86877],[105.80774,17.869],[105.80889,17.86931],[105.80951,17.8692],[105.80991,17.86937],[105.81088,17.86953],[105.81153,17.86974],[105.81255,17.87041],[105.81307,17.87089],[105.81395,17.8713],[105.81497,17.87096],[105.81567,17.87023],[105.81611,17.86945],[105.81626,17.86881],[105.81695,17.86772],[105.8172,17.86706],[105.81749,17.86568],[105.81786,17.86483],[105.81817,17.86379],[105.81818,17.86316],[105.81771,17.86242],[105.81804,17.86113],[105.81785,17.85993],[105.81879,17.85899],[105.81899,17.85774],[105.81892,17.85639],[105.81911,17.85567],[105.81906,17.85469],[105.81882,17.85434],[105.81829,17.85257],[105.81956,17.85039],[105.81993,17.85004],[105.82094,17.84957],[105.82302,17.8481],[105.82487,17.84693],[105.82513,17.84663],[105.82587,17.8464],[105.82684,17.84582],[105.82722,17.84509],[105.8274,17.84442],[105.82823,17.8434],[105.8283,17.84301],[105.82871,17.8426],[105.83032,17.84201],[105.83131,17.84096],[105.83181,17.84055],[105.83201,17.83968],[105.83292,17.83774],[105.83332,17.83668],[105.8333,17.83635],[105.83369,17.83541],[105.83425,17.83517],[105.83478,17.83461],[105.83517,17.83384],[105.83521,17.83332],[105.83501,17.83213],[105.83461,17.83149],[105.83452,17.83077],[105.83486,17.82978],[105.83464,17.82924],[105.83417,17.82862],[105.8339,17.82806],[105.8338,17.82746],[105.83401,17.82665],[105.83397,17.82558],[105.83406,17.82512],[105.83478,17.82312],[105.83523,17.82267],[105.83579,17.82234],[105.83725,17.8226],[105.83789,17.82345],[105.83905,17.82433],[105.84032,17.82562],[105.84206,17.82653],[105.84307,17.82746],[105.84404,17.82906],[105.84468,17.82971],[105.84573,17.83032],[105.84566,17.83106],[105.84611,17.83172],[105.84578,17.83216],[105.84625,17.83232],[105.8468,17.83184],[105.84739,17.83203],[105.84776,17.83268],[105.84784,17.83314],[105.8483,17.83347],[105.84882,17.83323],[105.84973,17.83241],[105.85011,17.83162],[105.85087,17.83106],[105.85095,17.8305],[105.85129,17.83004],[105.85209,17.82948],[105.85223,17.82915],[105.85214,17.82862],[105.85257,17.82791],[105.85372,17.8281],[105.85402,17.82878],[105.85555,17.82929],[105.85605,17.8299],[105.85665,17.8298],[105.85851,17.83016],[105.86409,17.83136],[105.86284,17.83203],[105.8624,17.83236],[105.86226,17.8328],[105.86159,17.83305],[105.86112,17.83385],[105.86111,17.83487],[105.86066,17.83555],[105.86081,17.83605],[105.86163,17.83642],[105.86158,17.83678],[105.8619,17.83803],[105.8619,17.83841],[105.86241,17.84135],[105.86242,17.84249],[105.86281,17.84307],[105.86277,17.8436],[105.86115,17.8449],[105.86089,17.84569],[105.86031,17.84642],[105.86027,17.84677],[105.86082,17.84783],[105.86139,17.84826],[105.86219,17.8499],[105.86252,17.85027],[105.86191,17.8511],[105.86128,17.85154],[105.86056,17.85163],[105.85913,17.85125],[105.85879,17.85231],[105.85897,17.85293],[105.85823,17.85296],[105.85798,17.85319],[105.85773,17.85424],[105.85771,17.85472],[105.85798,17.85531],[105.8579,17.85622],[105.85752,17.85742],[105.85765,17.85842],[105.85723,17.85912],[105.85703,17.85991],[105.8581,17.85978],[105.85881,17.85992],[105.8596,17.85991],[105.86061,17.85967],[105.86169,17.8601],[105.8632,17.86039],[105.86367,17.86064],[105.8644,17.86069],[105.86708,17.8615],[105.87083,17.86254],[105.87063,17.86281],[105.87084,17.86372],[105.87141,17.86434],[105.87159,17.86472],[105.87141,17.86507],[105.87062,17.86568],[105.87058,17.86622],[105.86985,17.86682],[105.86954,17.86757],[105.86999,17.86867],[105.8699,17.86905],[105.86879,17.87124],[105.86872,17.87251],[105.86976,17.87187],[105.87028,17.87196],[105.87144,17.87054],[105.87205,17.87064],[105.87185,17.86982],[105.87245,17.86932],[105.87291,17.86959],[105.8734,17.86942],[105.87362,17.86963],[105.87423,17.86914],[105.87463,17.86911],[105.87526,17.86983],[105.87802,17.87024],[105.87848,17.87017],[105.87929,17.87046],[105.87956,17.87037],[105.88014,17.87109],[105.88027,17.87155],[105.88042,17.87315],[105.88029,17.874],[105.8801,17.87448],[105.87958,17.87528],[105.87889,17.87588],[105.87867,17.87629],[105.87826,17.87781],[105.87784,17.87858],[105.87684,17.88168],[105.87591,17.88344],[105.87639,17.88339],[105.87684,17.8836],[105.87821,17.88306],[105.87862,17.88246],[105.87891,17.88241],[105.87961,17.88269],[105.88036,17.88248],[105.88075,17.88218],[105.88124,17.8814],[105.88278,17.8813],[105.88348,17.88152],[105.88502,17.88229],[105.88707,17.88299],[105.88738,17.88318],[105.88761,17.88368],[105.88773,17.88448],[105.88843,17.8854],[105.88878,17.88672],[105.88933,17.88813],[105.88963,17.88864],[105.89112,17.88936],[105.89198,17.89041],[105.89234,17.89136],[105.89217,17.89273],[105.89187,17.89361],[105.89201,17.89438],[105.89198,17.89517],[105.89214,17.89648],[105.89212,17.89724],[105.89178,17.89832],[105.892,17.8992],[105.89144,17.89982],[105.89082,17.90073],[105.89066,17.90123],[105.89018,17.90158],[105.89004,17.90189],[105.88968,17.90336],[105.88986,17.90442],[105.88983,17.9054],[105.8891,17.90684],[105.88897,17.90753],[105.88855,17.90803],[105.88844,17.9086],[105.88845,17.91017],[105.88948,17.91098],[105.88942,17.91228],[105.88963,17.91363],[105.88995,17.91457],[105.88998,17.91497],[105.88976,17.91577],[105.88952,17.91715],[105.88906,17.91785],[105.88885,17.9185],[105.88816,17.91911],[105.88698,17.91878],[105.88633,17.91868],[105.8861,17.9195],[105.88524,17.92126],[105.88481,17.92186],[105.88466,17.92264],[105.88489,17.92348],[105.88541,17.92492],[105.88521,17.92566],[105.88577,17.92614],[105.88678,17.92742],[105.88806,17.92867],[105.8882,17.92938],[105.88744,17.93027],[105.88732,17.9309],[105.88622,17.93203],[105.88589,17.93252],[105.88611,17.93326],[105.88659,17.93384],[105.88726,17.93443],[105.88776,17.93516],[105.88842,17.93573],[105.88942,17.93607]]]},"properties":{"name":"Tân Thành","nameEn":"Tan Thanh","fullName":"Xã Tân Thành","fullNameEn":"Tan Thanh Commune","codeName":"tan_thanh","areaKm2":89.77,"postalCode":"47610","code":"18919"}},{"type":"Feature","geometry":{"type":"Polygon","coordinates":[[[105.88761,17.88368],[105.88738,17.88318],[105.88707,17.88299],[105.88502,17.88229],[105.88348,17.88152],[105.88278,17.8813],[105.88124,17.8814],[105.88075,17.88218],[105.88036,17.88248],[105.87961,17.88269],[105.87891,17.88241],[105.87862,17.88246],[105.87821,17.88306],[105.87684,17.8836],[105.87639,17.88339],[105.87591,17.88344],[105.87684,17.88168],[105.87784,17.87858],[105.87826,17.87781],[105.87867,17.87629],[105.87889,17.87588],[105.87958,17.87528],[105.8801,17.87448],[105.88029,17.874],[105.88042,17.87315],[105.88027,17.87155],[105.88014,17.87109],[105.87956,17.87037],[105.87929,17.87046],[105.87848,17.87017],[105.87802,17.87024],[105.87526,17.86983],[105.87463,17.86911],[105.87423,17.86914],[105.87362,17.86963],[105.8734,17.86942],[105.87291,17.86959],[105.87245,17.86932],[105.87185,17.86982],[105.87205,17.87064],[105.87144,17.87054],[105.87028,17.87196],[105.86976,17.87187],[105.86872,17.87251],[105.86879,17.87124],[105.8699,17.86905],[105.86999,17.86867],[105.86954,17.86757],[105.86985,17.86682],[105.87058,17.86622],[105.87062,17.86568],[105.87141,17.86507],[105.87159,17.86472],[105.87141,17.86434],[105.87084,17.86372],[105.87063,17.86281],[105.87083,17.86254],[105.86708,17.8615],[105.8644,17.86069],[105.86367,17.86064],[105.8632,17.86039],[105.86169,17.8601],[105.86061,17.85967],[105.8596,17.85991],[105.85881,17.85992],[105.8581,17.85978],[105.85703,17.85991],[105.85723,17.85912],[105.85765,17.85842],[105.85752,17.85742],[105.8579,17.85622],[105.85798,17.85531],[105.85771,17.85472],[105.85773,17.85424],[105.85798,17.85319],[105.85823,17.85296],[105.85897,17.85293],[105.85879,17.85231],[105.85913,17.85125],[105.86056,17.85163],[105.86128,17.85154],[105.86191,17.8511],[105.86252,17.85027],[105.86219,17.8499],[105.86139,17.84826],[105.86082,17.84783],[105.86027,17.84677],[105.86031,17.84642],[105.86089,17.84569],[105.86115,17.8449],[105.86277,17.8436],[105.86281,17.84307],[105.86242,17.84249],[105.86241,17.84135],[105.8619,17.83841],[105.8619,17.83803],[105.86158,17.83678],[105.86163,17.83642],[105.86081,17.83605],[105.86066,17.83555],[105.86111,17.83487],[105.86112,17.83385],[105.86159,17.83305],[105.86226,17.8328],[105.8624,17.83236],[105.86284,17.83203],[105.86409,17.83136],[105.85851,17.83016],[105.85665,17.8298],[105.85605,17.8299],[105.85555,17.82929],[105.85402,17.82878],[105.85372,17.8281],[105.85257,17.82791],[105.85214,17.82862],[105.85223,17.82915],[105.85209,17.82948],[105.85129,17.83004],[105.85095,17.8305],[105.85087,17.83106],[105.85011,17.83162],[105.84973,17.83241],[105.84882,17.83323],[105.8483,17.83347],[105.84784,17.83314],[105.84776,17.83268],[105.84739,17.83203],[105.8468,17.83184],[105.84625,17.83232],[105.84578,17.83216],[105.84611,17.83172],[105.84566,17.83106],[105.84573,17.83032],[105.84468,17.82971],[105.84404,17.82906],[105.84307,17.82746],[105.84206,17.82653],[105.84032,17.82562],[105.83905,17.82433],[105.83789,17.82345],[105.83725,17.8226],[105.83632,17.82172],[105.83597,17.82088],[105.8349,17.81938],[105.83408,17.81779],[105.83303,17.81746],[105.8318,17.81661],[105.83073,17.81619],[105.83092,17.81586],[105.83119,17.8149],[105.8314,17.81346],[105.83083,17.81303],[105.83045,17.81258],[105.83048,17.81164],[105.83115,17.81063],[105.83131,17.8101],[105.83169,17.80985],[105.83186,17.80934],[105.83195,17.80827],[105.83201,17.80545],[105.83284,17.80254],[105.83411,17.8028],[105.83919,17.80367],[105.83931,17.80277],[105.83882,17.80187],[105.83869,17.8008],[105.83824,17.79955],[105.83812,17.79896],[105.83764,17.79765],[105.83781,17.79635],[105.83769,17.79579],[105.83766,17.79435],[105.83747,17.79329],[105.83723,17.79252],[105.83635,17.79131],[105.83528,17.78974],[105.83511,17.78903],[105.83467,17.78842],[105.83448,17.78771],[105.83277,17.78501],[105.83297,17.78427],[105.83262,17.78347],[105.832,17.78259],[105.83121,17.78188],[105.82944,17.78113],[105.8288,17.78028],[105.82849,17.77914],[105.82776,17.77834],[105.82695,17.7776],[105.82628,17.77632],[105.82539,17.77577],[105.82352,17.77547],[105.82185,17.77488],[105.82016,17.77473],[105.81984,17.77461],[105.81893,17.77364],[105.81812,17.77233],[105.81792,17.77166],[105.81817,17.77132],[105.81847,17.77029],[105.81818,17.76983],[105.81829,17.76893],[105.81806,17.76796],[105.81814,17.76707],[105.81805,17.76623],[105.81879,17.76548],[105.81988,17.76316],[105.82012,17.76209],[105.82033,17.76074],[105.82041,17.75856],[105.82032,17.75706],[105.82055,17.75639],[105.82103,17.7554],[105.82101,17.75282],[105.82058,17.75179],[105.82014,17.75132],[105.81966,17.75058],[105.81902,17.74999],[105.8188,17.74867],[105.81881,17.74804],[105.81799,17.74566],[105.8174,17.74487],[105.81671,17.74465],[105.81641,17.74412],[105.81645,17.74335],[105.81675,17.74269],[105.81675,17.74182],[105.81635,17.7411],[105.8167,17.73979],[105.81727,17.73957],[105.81689,17.73794],[105.81705,17.7365],[105.81676,17.73568],[105.81608,17.73439],[105.81558,17.73374],[105.81508,17.73212],[105.81476,17.73132],[105.81496,17.73098],[105.81575,17.73025],[105.81611,17.7304],[105.8165,17.73019],[105.81714,17.72942],[105.81773,17.729],[105.81425,17.72901],[105.81347,17.72714],[105.81147,17.72763],[105.81066,17.72594],[105.80941,17.72548],[105.80858,17.72543],[105.80822,17.72595],[105.80723,17.72681],[105.80602,17.72682],[105.80518,17.72619],[105.80399,17.72557],[105.80376,17.72532],[105.8036,17.72472],[105.80397,17.72436],[105.8039,17.72409],[105.8033,17.72353],[105.80277,17.72343],[105.80214,17.72271],[105.80066,17.72321],[105.80016,17.72192],[105.7998,17.72155],[105.79936,17.72156],[105.79829,17.72257],[105.79767,17.72233],[105.79718,17.72147],[105.79692,17.72078],[105.79598,17.71921],[105.79578,17.71851],[105.7952,17.71789],[105.79428,17.71772],[105.79396,17.71664],[105.79326,17.7155],[105.79253,17.71449],[105.79113,17.71301],[105.78987,17.71257],[105.78932,17.71191],[105.78902,17.71104],[105.78842,17.70974],[105.78926,17.70782],[105.78944,17.70684],[105.78903,17.70653],[105.78798,17.70532],[105.7875,17.70503],[105.78654,17.70478],[105.78584,17.70435],[105.785,17.70289],[105.78416,17.70096],[105.78334,17.69979],[105.78259,17.69942],[105.78187,17.69926],[105.78165,17.69841],[105.78155,17.69727],[105.78164,17.69681],[105.78202,17.69605],[105.78201,17.69514],[105.78157,17.6942],[105.78074,17.69286],[105.78076,17.69183],[105.78064,17.69123],[105.77965,17.69004],[105.77942,17.68943],[105.77947,17.68837],[105.77964,17.68764],[105.78004,17.68675],[105.77996,17.68616],[105.78009,17.68542],[105.78078,17.68468],[105.78102,17.68387],[105.78128,17.68359],[105.78127,17.68258],[105.78176,17.68096],[105.7822,17.67909],[105.78185,17.67831],[105.78154,17.6766],[105.7816,17.67621],[105.78175,17.67559],[105.78173,17.67379],[105.78218,17.67269],[105.78304,17.67156],[105.78335,17.67094],[105.78375,17.67056],[105.78731,17.67025],[105.78819,17.67049],[105.78894,17.67058],[105.79069,17.6706],[105.79108,17.67053],[105.79168,17.67014],[105.79236,17.66925],[105.79299,17.66804],[105.79345,17.66743],[105.79403,17.6664],[105.79391,17.66426],[105.79494,17.66302],[105.79514,17.66287],[105.79651,17.66236],[105.79757,17.6621],[105.7982,17.66142],[105.79872,17.66051],[105.799,17.65932],[105.79896,17.65797],[105.79912,17.65785],[105.80099,17.65753],[105.80143,17.6577],[105.80257,17.6585],[105.80346,17.659],[105.80399,17.65954],[105.80448,17.66043],[105.80496,17.6603],[105.80551,17.65943],[105.80614,17.65878],[105.8063,17.65796],[105.80662,17.65696],[105.80603,17.65618],[105.80604,17.65531],[105.80694,17.65448],[105.80722,17.65399],[105.80823,17.65273],[105.80908,17.65231],[105.81002,17.65142],[105.81061,17.65069],[105.8109,17.64997],[105.81109,17.64886],[105.81169,17.64829],[105.8127,17.64782],[105.81372,17.64674],[105.81471,17.64642],[105.81633,17.64535],[105.81687,17.64438],[105.8182,17.64428],[105.81889,17.6444],[105.81915,17.64469],[105.81981,17.64608],[105.82141,17.64835],[105.82132,17.64888],[105.82254,17.65017],[105.82312,17.65236],[105.82329,17.65318],[105.82441,17.65339],[105.82529,17.6537],[105.82639,17.65385],[105.82768,17.6539],[105.82874,17.65436],[105.82935,17.65427],[105.82947,17.6528],[105.8294,17.65237],[105.829,17.65207],[105.82907,17.65136],[105.82877,17.65051],[105.82887,17.65011],[105.82973,17.64896],[105.83133,17.64701],[105.8316,17.64636],[105.83166,17.64528],[105.83156,17.64479],[105.83055,17.64402],[105.83048,17.64265],[105.83056,17.64165],[105.83124,17.64079],[105.83239,17.63981],[105.83159,17.63827],[105.83148,17.63748],[105.83218,17.63625],[105.83232,17.63574],[105.83228,17.63415],[105.83247,17.63393],[105.83366,17.63347],[105.83423,17.63315],[105.83505,17.63221],[105.83621,17.62996],[105.83716,17.63002],[105.83827,17.63073],[105.83895,17.63126],[105.83975,17.63173],[105.84013,17.63234],[105.84058,17.63404],[105.84069,17.6351],[105.84192,17.63406],[105.84308,17.63344],[105.8442,17.63175],[105.8447,17.63141],[105.84561,17.63141],[105.84647,17.63154],[105.84705,17.63177],[105.84783,17.6324],[105.84986,17.63428],[105.85021,17.63438],[105.85159,17.6343],[105.85253,17.63438],[105.85337,17.63461],[105.85414,17.63503],[105.85466,17.63683],[105.85491,17.63722],[105.85535,17.63831],[105.85537,17.63929],[105.85466,17.63952],[105.85408,17.64002],[105.85373,17.64226],[105.85484,17.64267],[105.85517,17.64297],[105.85542,17.6439],[105.85548,17.64459],[105.85641,17.64542],[105.85712,17.64582],[105.85833,17.64542],[105.86028,17.64529],[105.86081,17.64459],[105.86166,17.64477],[105.86204,17.64459],[105.86288,17.64373],[105.86342,17.64329],[105.86454,17.64209],[105.86507,17.64088],[105.86562,17.64044],[105.86661,17.64008],[105.86733,17.63961],[105.86747,17.63904],[105.86863,17.63741],[105.86897,17.63616],[105.86858,17.63591],[105.86797,17.63515],[105.86756,17.63398],[105.86748,17.6335],[105.86767,17.63297],[105.86836,17.63275],[105.86937,17.63295],[105.87041,17.63257],[105.87084,17.63188],[105.87104,17.63128],[105.87148,17.63079],[105.87293,17.63019],[105.87388,17.62939],[105.87458,17.62965],[105.87506,17.63017],[105.8768,17.6313],[105.87759,17.63189],[105.87943,17.63271],[105.88024,17.6328],[105.88138,17.63379],[105.88161,17.63424],[105.88176,17.63503],[105.88206,17.63585],[105.88191,17.63638],[105.88184,17.63729],[105.88234,17.63814],[105.88315,17.63876],[105.88387,17.63958],[105.88382,17.64085],[105.88414,17.64231],[105.88456,17.64317],[105.88441,17.6441],[105.8849,17.64492],[105.88515,17.64558],[105.88473,17.64601],[105.88503,17.64626],[105.88504,17.64674],[105.88482,17.64771],[105.88533,17.64841],[105.88534,17.64915],[105.88651,17.64948],[105.88725,17.65002],[105.88785,17.65065],[105.88771,17.65134],[105.88792,17.65236],[105.8872,17.65342],[105.88645,17.65412],[105.88568,17.65438],[105.88489,17.65482],[105.88395,17.65626],[105.88372,17.65704],[105.88491,17.65741],[105.88527,17.65851],[105.88514,17.65911],[105.88297,17.66139],[105.88274,17.66203],[105.8825,17.66316],[105.88255,17.664],[105.88301,17.665],[105.88283,17.66572],[105.8829,17.66628],[105.88481,17.66924],[105.88454,17.67024],[105.88491,17.67094],[105.88599,17.67162],[105.88718,17.67175],[105.88704,17.6725],[105.88729,17.67297],[105.88746,17.67381],[105.88717,17.67498],[105.8872,17.67557],[105.88657,17.67749],[105.88623,17.67891],[105.88574,17.67985],[105.88548,17.68112],[105.88484,17.68181],[105.88408,17.68243],[105.88367,17.68366],[105.88323,17.68544],[105.88199,17.68695],[105.88199,17.68799],[105.88225,17.68903],[105.88155,17.68991],[105.88169,17.69028],[105.88229,17.69066],[105.88344,17.69106],[105.88457,17.69159],[105.88578,17.69307],[105.88611,17.69371],[105.88696,17.69469],[105.88807,17.69539],[105.8892,17.6959],[105.89041,17.69655],[105.89437,17.69879],[105.90636,17.698],[105.90615,17.69928],[105.90673,17.69963],[105.90677,17.70011],[105.90617,17.70097],[105.90652,17.70194],[105.90624,17.70266],[105.90673,17.70656],[105.90632,17.70748],[105.9049,17.70875],[105.9042,17.70841],[105.90365,17.70889],[105.90345,17.7105],[105.9028,17.71082],[105.9014,17.71073],[105.90056,17.71128],[105.90079,17.71201],[105.89951,17.71449],[105.89866,17.71538],[105.89835,17.71664],[105.89806,17.71699],[105.89666,17.71815],[105.89654,17.7189],[105.89576,17.71998],[105.89634,17.72047],[105.89653,17.7216],[105.89939,17.72271],[105.90009,17.72317],[105.90392,17.72592],[105.9067,17.73335],[105.90689,17.73394],[105.9081,17.73575],[105.9085,17.73619],[105.90937,17.73683],[105.9102,17.73702],[105.91102,17.73736],[105.91303,17.73723],[105.9142,17.73635],[105.91471,17.73553],[105.91566,17.73477],[105.9169,17.73357],[105.91789,17.73215],[105.91865,17.73189],[105.91894,17.73215],[105.91904,17.73309],[105.91965,17.73374],[105.92021,17.73462],[105.9209,17.7367],[105.92139,17.73718],[105.92232,17.73756],[105.92279,17.73791],[105.92346,17.73874],[105.92422,17.73919],[105.92505,17.73933],[105.92667,17.74065],[105.92715,17.74154],[105.92818,17.74162],[105.92952,17.74218],[105.9301,17.74279],[105.93043,17.74415],[105.93026,17.74478],[105.93073,17.74678],[105.93054,17.74738],[105.93024,17.74782],[105.93003,17.74898],[105.93027,17.74966],[105.93064,17.75001],[105.9303,17.75123],[105.92855,17.75272],[105.92815,17.75289],[105.92101,17.75495],[105.92035,17.755],[105.91898,17.75528],[105.91808,17.75527],[105.91511,17.75754],[105.91489,17.75803],[105.91608,17.75895],[105.91652,17.75918],[105.9172,17.7599],[105.91779,17.76002],[105.91814,17.76032],[105.91861,17.76155],[105.92154,17.76486],[105.92314,17.7657],[105.92462,17.76639],[105.92618,17.76705],[105.92808,17.76814],[105.92925,17.76877],[105.92978,17.76915],[105.93005,17.76993],[105.92952,17.7712],[105.92955,17.77256],[105.93171,17.77374],[105.93402,17.77458],[105.93432,17.77582],[105.93509,17.77562],[105.93633,17.77587],[105.93855,17.77682],[105.9403,17.7774],[105.94102,17.77775],[105.9421,17.7781],[105.94255,17.77847],[105.94309,17.7792],[105.94218,17.7788],[105.94121,17.77875],[105.94042,17.77891],[105.93975,17.77927],[105.9386,17.77962],[105.93806,17.78038],[105.9368,17.78121],[105.93656,17.78157],[105.93615,17.78271],[105.93575,17.78321],[105.93597,17.78387],[105.93726,17.78509],[105.9376,17.78714],[105.93859,17.78762],[105.93884,17.78855],[105.93927,17.78878],[105.93925,17.78944],[105.93891,17.79017],[105.93846,17.79078],[105.9383,17.79149],[105.93746,17.79224],[105.93725,17.7927],[105.93726,17.79336],[105.93673,17.79404],[105.9358,17.79417],[105.93604,17.79284],[105.93579,17.79269],[105.93451,17.79312],[105.93446,17.79359],[105.93396,17.79357],[105.93409,17.79444],[105.93386,17.79483],[105.93326,17.79522],[105.93304,17.79585],[105.93276,17.79589],[105.93208,17.79454],[105.93153,17.79391],[105.93073,17.79383],[105.93042,17.79328],[105.92994,17.79303],[105.92956,17.79331],[105.92868,17.79323],[105.92763,17.7936],[105.92742,17.79424],[105.92669,17.7943],[105.92694,17.79477],[105.92682,17.79507],[105.92604,17.7946],[105.92594,17.79427],[105.92531,17.79428],[105.9248,17.79483],[105.92417,17.79501],[105.92364,17.79584],[105.92307,17.79547],[105.92288,17.79445],[105.92227,17.79473],[105.92159,17.79443],[105.92127,17.79463],[105.92082,17.79607],[105.9205,17.7963],[105.92013,17.79617],[105.91954,17.7964],[105.91818,17.79743],[105.91734,17.79775],[105.91751,17.79868],[105.91748,17.79934],[105.91785,17.79972],[105.91803,17.80115],[105.91833,17.80165],[105.91823,17.80254],[105.91838,17.80354],[105.91822,17.80418],[105.91847,17.80501],[105.91806,17.80595],[105.91787,17.80758],[105.91732,17.80793],[105.91686,17.80899],[105.917,17.80968],[105.91661,17.81008],[105.91631,17.81127],[105.91603,17.81169],[105.91533,17.81346],[105.91486,17.81512],[105.91485,17.81567],[105.91439,17.81631],[105.9137,17.81657],[105.91401,17.8176],[105.91391,17.81778],[105.91061,17.81633],[105.90992,17.81549],[105.90937,17.815],[105.90899,17.81483],[105.90823,17.81485],[105.90717,17.81416],[105.90589,17.81392],[105.90461,17.81343],[105.90488,17.81533],[105.9044,17.81727],[105.90372,17.81785],[105.90383,17.81978],[105.90367,17.82031],[105.90228,17.8223],[105.9022,17.82317],[105.90173,17.8235],[105.90084,17.82478],[105.90061,17.82576],[105.90067,17.8269],[105.8997,17.82851],[105.89931,17.82969],[105.89951,17.83073],[105.89946,17.83097],[105.89852,17.83137],[105.89799,17.83186],[105.89779,17.83248],[105.89776,17.83341],[105.89761,17.83389],[105.89694,17.83441],[105.89648,17.83461],[105.89561,17.83525],[105.89534,17.83624],[105.89496,17.83698],[105.89495,17.83728],[105.89525,17.83846],[105.89611,17.83944],[105.89631,17.83986],[105.89607,17.84019],[105.8952,17.8408],[105.89529,17.84163],[105.89518,17.84231],[105.89428,17.84599],[105.89394,17.84635],[105.89387,17.8468],[105.89401,17.84802],[105.89428,17.84905],[105.89434,17.84965],[105.89397,17.85051],[105.89403,17.85114],[105.89434,17.85153],[105.89518,17.85179],[105.89491,17.85234],[105.89453,17.85349],[105.89452,17.85457],[105.8949,17.85651],[105.89467,17.85786],[105.8948,17.8583],[105.89651,17.85975],[105.89691,17.86035],[105.89774,17.86032],[105.89865,17.86082],[105.89917,17.86078],[105.90052,17.8613],[105.90137,17.86194],[105.90161,17.86228],[105.90152,17.86267],[105.90061,17.86301],[105.90017,17.86378],[105.89982,17.86409],[105.89966,17.86488],[105.8994,17.8651],[105.89897,17.86588],[105.89899,17.86662],[105.89943,17.86827],[105.89928,17.86894],[105.89962,17.86946],[105.8999,17.87062],[105.89974,17.87171],[105.90051,17.87228],[105.90061,17.87323],[105.90025,17.8736],[105.90035,17.87402],[105.89934,17.87468],[105.89925,17.87497],[105.89872,17.87543],[105.89879,17.876],[105.89812,17.87702],[105.89869,17.87867],[105.89929,17.8798],[105.89963,17.88017],[105.89772,17.88011],[105.89638,17.87995],[105.89568,17.8797],[105.89409,17.87947],[105.89308,17.8795],[105.89255,17.8797],[105.89203,17.88014],[105.89165,17.88071],[105.89083,17.88166],[105.89051,17.88249],[105.89023,17.88262],[105.88937,17.88255],[105.8889,17.8827],[105.88761,17.88368]]]},"properties":{"name":"Kim Điền","nameEn":"Kim Dien","fullName":"Xã Kim Điền","fullNameEn":"Kim Dien Commune","codeName":"kim_dien","areaKm2":229.42,"postalCode":"47623","code":"18922"}},{"type":"Feature","geometry":{"type":"Polygon","coordinates":[[[105.94309,17.7792],[105.94255,17.77847],[105.9421,17.7781],[105.94102,17.77775],[105.9403,17.7774],[105.93855,17.77682],[105.93633,17.77587],[105.93509,17.77562],[105.93432,17.77582],[105.93402,17.77458],[105.93171,17.77374],[105.92955,17.77256],[105.92952,17.7712],[105.93005,17.76993],[105.92978,17.76915],[105.92925,17.76877],[105.92808,17.76814],[105.92618,17.76705],[105.92462,17.76639],[105.92314,17.7657],[105.92154,17.76486],[105.91861,17.76155],[105.91814,17.76032],[105.91779,17.76002],[105.9172,17.7599],[105.91652,17.75918],[105.91608,17.75895],[105.91489,17.75803],[105.91511,17.75754],[105.91808,17.75527],[105.91898,17.75528],[105.92035,17.755],[105.92101,17.75495],[105.92815,17.75289],[105.92855,17.75272],[105.9303,17.75123],[105.93064,17.75001],[105.93027,17.74966],[105.93003,17.74898],[105.93024,17.74782],[105.93054,17.74738],[105.93073,17.74678],[105.93026,17.74478],[105.93043,17.74415],[105.9301,17.74279],[105.92952,17.74218],[105.92818,17.74162],[105.92715,17.74154],[105.92667,17.74065],[105.92505,17.73933],[105.92422,17.73919],[105.92346,17.73874],[105.92279,17.73791],[105.92232,17.73756],[105.92139,17.73718],[105.9209,17.7367],[105.92021,17.73462],[105.91965,17.73374],[105.91904,17.73309],[105.91894,17.73215],[105.91865,17.73189],[105.91789,17.73215],[105.9169,17.73357],[105.91566,17.73477],[105.91471,17.73553],[105.9142,17.73635],[105.91303,17.73723],[105.91102,17.73736],[105.9102,17.73702],[105.90937,17.73683],[105.9085,17.73619],[105.9081,17.73575],[105.90689,17.73394],[105.9067,17.73335],[105.90392,17.72592],[105.90009,17.72317],[105.89939,17.72271],[105.89653,17.7216],[105.89634,17.72047],[105.89576,17.71998],[105.89654,17.7189],[105.89666,17.71815],[105.89806,17.71699],[105.89835,17.71664],[105.89866,17.71538],[105.89951,17.71449],[105.90079,17.71201],[105.90056,17.71128],[105.9014,17.71073],[105.9028,17.71082],[105.90345,17.7105],[105.90365,17.70889],[105.9042,17.70841],[105.9049,17.70875],[105.90632,17.70748],[105.90673,17.70656],[105.90624,17.70266],[105.90652,17.70194],[105.90617,17.70097],[105.90677,17.70011],[105.90673,17.69963],[105.90615,17.69928],[105.90636,17.698],[105.89437,17.69879],[105.89041,17.69655],[105.8892,17.6959],[105.88807,17.69539],[105.88696,17.69469],[105.88611,17.69371],[105.88578,17.69307],[105.88457,17.69159],[105.88344,17.69106],[105.88229,17.69066],[105.88169,17.69028],[105.88155,17.68991],[105.88225,17.68903],[105.88199,17.68799],[105.88199,17.68695],[105.88323,17.68544],[105.88367,17.68366],[105.88408,17.68243],[105.88484,17.68181],[105.88548,17.68112],[105.88574,17.67985],[105.88623,17.67891],[105.88657,17.67749],[105.8872,17.67557],[105.88717,17.67498],[105.88746,17.67381],[105.88729,17.67297],[105.88704,17.6725],[105.88718,17.67175],[105.88599,17.67162],[105.88491,17.67094],[105.88454,17.67024],[105.88481,17.66924],[105.8829,17.66628],[105.88283,17.66572],[105.88301,17.665],[105.88255,17.664],[105.8825,17.66316],[105.88274,17.66203],[105.88297,17.66139],[105.88514,17.65911],[105.88527,17.65851],[105.88491,17.65741],[105.88372,17.65704],[105.88395,17.65626],[105.88489,17.65482],[105.88568,17.65438],[105.88645,17.65412],[105.8872,17.65342],[105.88792,17.65236],[105.88771,17.65134],[105.88785,17.65065],[105.88725,17.65002],[105.88651,17.64948],[105.88534,17.64915],[105.88533,17.64841],[105.88482,17.64771],[105.88504,17.64674],[105.88503,17.64626],[105.88473,17.64601],[105.88515,17.64558],[105.8849,17.64492],[105.88441,17.6441],[105.88456,17.64317],[105.88414,17.64231],[105.88382,17.64085],[105.88387,17.63958],[105.88315,17.63876],[105.88234,17.63814],[105.88184,17.63729],[105.88191,17.63638],[105.88206,17.63585],[105.88176,17.63503],[105.88161,17.63424],[105.88138,17.63379],[105.88024,17.6328],[105.87943,17.63271],[105.87759,17.63189],[105.8768,17.6313],[105.87506,17.63017],[105.87458,17.62965],[105.87388,17.62939],[105.87293,17.63019],[105.87148,17.63079],[105.87104,17.63128],[105.87084,17.63188],[105.87041,17.63257],[105.86937,17.63295],[105.86836,17.63275],[105.86767,17.63297],[105.86748,17.6335],[105.86756,17.63398],[105.86797,17.63515],[105.86858,17.63591],[105.86897,17.63616],[105.86863,17.63741],[105.86747,17.63904],[105.86733,17.63961],[105.86661,17.64008],[105.86562,17.64044],[105.86507,17.64088],[105.86454,17.64209],[105.86342,17.64329],[105.86288,17.64373],[105.86204,17.64459],[105.86166,17.64477],[105.86081,17.64459],[105.86028,17.64529],[105.85833,17.64542],[105.85712,17.64582],[105.85641,17.64542],[105.85548,17.64459],[105.85542,17.6439],[105.85517,17.64297],[105.85484,17.64267],[105.85373,17.64226],[105.85408,17.64002],[105.85466,17.63952],[105.85537,17.63929],[105.85535,17.63831],[105.85491,17.63722],[105.85466,17.63683],[105.85414,17.63503],[105.85458,17.63449],[105.85521,17.6342],[105.85482,17.63339],[105.85411,17.63109],[105.85411,17.62986],[105.85403,17.62879],[105.85389,17.6284],[105.85335,17.6278],[105.85301,17.62699],[105.85241,17.62654],[105.85228,17.62473],[105.85204,17.62401],[105.85199,17.6233],[105.85222,17.62296],[105.85233,17.62196],[105.85284,17.62103],[105.85342,17.62026],[105.85463,17.6206],[105.85618,17.62087],[105.85651,17.621],[105.85671,17.62153],[105.8566,17.62224],[105.85678,17.62267],[105.85776,17.62343],[105.85833,17.62375],[105.87684,17.60318],[105.95917,17.51035],[105.96547,17.50326],[105.96613,17.5038],[105.96676,17.50394],[105.96746,17.5045],[105.9687,17.50497],[105.97235,17.50534],[105.97434,17.50632],[105.97641,17.50649],[105.98029,17.509],[105.98132,17.50882],[105.9833,17.508],[105.9849,17.50781],[105.98603,17.50798],[105.98783,17.50969],[105.99123,17.51211],[105.99917,17.51641],[106.00352,17.51965],[106.00428,17.521],[106.00389,17.52376],[106.00385,17.52495],[106.00354,17.52577],[106.00325,17.52601],[106.00226,17.52628],[106.00186,17.52665],[106.00186,17.52713],[106.00208,17.52769],[106.00305,17.52796],[106.00459,17.52695],[106.00562,17.5271],[106.00661,17.52683],[106.00702,17.52687],[106.00828,17.52753],[106.00924,17.52825],[106.01007,17.52853],[106.01062,17.52858],[106.01208,17.5284],[106.01269,17.5286],[106.01364,17.52921],[106.01421,17.5294],[106.01611,17.52966],[106.01773,17.52918],[106.01821,17.52916],[106.01972,17.5299],[106.01997,17.5312],[106.01977,17.53184],[106.01929,17.53228],[106.01951,17.533],[106.01984,17.53336],[106.02102,17.53393],[106.02265,17.53454],[106.02333,17.53487],[106.02375,17.53522],[106.02417,17.53625],[106.02475,17.53701],[106.02553,17.53751],[106.02696,17.53892],[106.02848,17.53998],[106.02915,17.541],[106.0306,17.54228],[106.03309,17.54308],[106.03383,17.54383],[106.03398,17.54432],[106.03329,17.54559],[106.03309,17.5463],[106.03287,17.54842],[106.03289,17.54925],[106.03309,17.54977],[106.03371,17.54978],[106.03453,17.54962],[106.03636,17.55013],[106.03754,17.55156],[106.03934,17.55363],[106.0401,17.55492],[106.04024,17.55562],[106.0401,17.55708],[106.03996,17.55787],[106.04009,17.55837],[106.0408,17.55924],[106.04109,17.56002],[106.04132,17.56198],[106.04132,17.5626],[106.04075,17.56368],[106.04056,17.56465],[106.04003,17.56563],[106.04109,17.56707],[106.04145,17.56795],[106.04104,17.56836],[106.04025,17.56851],[106.03971,17.56945],[106.03934,17.56988],[106.03873,17.57087],[106.03868,17.57123],[106.03905,17.57194],[106.03901,17.57264],[106.03877,17.57347],[106.03876,17.57453],[106.03846,17.57491],[106.03894,17.57577],[106.03886,17.57654],[106.03943,17.57832],[106.03914,17.57922],[106.03822,17.58047],[106.0379,17.58069],[106.03634,17.58103],[106.03521,17.58148],[106.03445,17.58155],[106.03359,17.58142],[106.03166,17.58095],[106.02979,17.58061],[106.02907,17.58058],[106.02897,17.58094],[106.02916,17.58251],[106.02976,17.58332],[106.02952,17.58394],[106.02926,17.58503],[106.02807,17.58667],[106.02876,17.58782],[106.02847,17.58908],[106.03021,17.59082],[106.02965,17.59173],[106.02796,17.59319],[106.02777,17.59418],[106.02882,17.59553],[106.02425,17.59992],[106.02427,17.60054],[106.02408,17.60181],[106.0234,17.60352],[106.02342,17.60411],[106.02381,17.60466],[106.02393,17.60561],[106.0236,17.60618],[106.02285,17.60657],[106.02211,17.60713],[106.02101,17.60764],[106.02045,17.60781],[106.02015,17.6084],[106.01912,17.60891],[106.01892,17.60935],[106.01888,17.61056],[106.01864,17.61078],[106.01736,17.61116],[106.01694,17.6127],[106.01767,17.61446],[106.01761,17.61473],[106.01942,17.61664],[106.02018,17.61853],[106.02113,17.61998],[106.02237,17.62169],[106.02554,17.62368],[106.02595,17.624],[106.02589,17.62472],[106.02657,17.62454],[106.02739,17.62505],[106.02729,17.62593],[106.02748,17.62624],[106.02816,17.62666],[106.02812,17.62703],[106.02845,17.62725],[106.02896,17.62708],[106.02964,17.62657],[106.03032,17.62654],[106.03125,17.6271],[106.0316,17.62789],[106.0318,17.62866],[106.03298,17.62931],[106.03391,17.62934],[106.03447,17.62995],[106.03608,17.63024],[106.03672,17.63087],[106.0385,17.63207],[106.03895,17.6326],[106.03932,17.63342],[106.03959,17.63461],[106.03987,17.63493],[106.04073,17.63497],[106.04215,17.63554],[106.04324,17.63615],[106.04602,17.63642],[106.0495,17.63707],[106.0506,17.63774],[106.05128,17.63791],[106.05226,17.6376],[106.05332,17.63818],[106.05397,17.63877],[106.05424,17.63921],[106.05431,17.63972],[106.05574,17.64072],[106.05595,17.64097],[106.05645,17.64217],[106.05776,17.64345],[106.05936,17.64345],[106.05945,17.64426],[106.05892,17.64525],[106.05943,17.64593],[106.05946,17.64657],[106.05969,17.647],[106.06129,17.64881],[106.06322,17.65055],[106.06501,17.65254],[106.06527,17.6529],[106.06573,17.65301],[106.06655,17.65281],[106.06738,17.65243],[106.07001,17.65071],[106.07113,17.65031],[106.07279,17.64958],[106.07486,17.64852],[106.07835,17.64712],[106.07991,17.6467],[106.08036,17.64652],[106.08116,17.64641],[106.08265,17.64637],[106.08412,17.646],[106.0875,17.64553],[106.0879,17.64561],[106.08875,17.6467],[106.08901,17.64773],[106.08899,17.64798],[106.08945,17.6484],[106.0903,17.64897],[106.09083,17.64911],[106.09221,17.64928],[106.09259,17.6497],[106.09276,17.65084],[106.09266,17.65121],[106.09363,17.65185],[106.09438,17.65275],[106.09473,17.65364],[106.09538,17.65363],[106.09637,17.65383],[106.09737,17.6536],[106.10008,17.65403],[106.10143,17.65437],[106.10208,17.65478],[106.1034,17.65527],[106.10411,17.65609],[106.10452,17.65735],[106.10451,17.65818],[106.10429,17.65907],[106.10458,17.65987],[106.10497,17.66049],[106.10558,17.66121],[106.10733,17.66269],[106.10931,17.66269],[106.11051,17.66301],[106.11158,17.66257],[106.11331,17.6625],[106.11433,17.66228],[106.11671,17.66231],[106.11716,17.66259],[106.11776,17.66428],[106.1185,17.66496],[106.12059,17.66576],[106.12113,17.6662],[106.12163,17.6669],[106.12246,17.66863],[106.12094,17.66956],[106.11935,17.67099],[106.11712,17.67242],[106.11447,17.67442],[106.11331,17.67557],[106.11074,17.67697],[106.10897,17.67819],[106.10824,17.67881],[106.10766,17.68038],[106.10651,17.68219],[106.10552,17.68293],[106.10409,17.68332],[106.10249,17.68399],[106.09917,17.68451],[106.09648,17.68537],[106.09614,17.68568],[106.09552,17.68589],[106.09526,17.68622],[106.09476,17.68748],[106.09403,17.68861],[106.09344,17.68936],[106.09291,17.6903],[106.09256,17.69047],[106.09103,17.69039],[106.09014,17.69042],[106.0892,17.69081],[106.08735,17.69128],[106.08573,17.69137],[106.08367,17.69215],[106.08274,17.69295],[106.08218,17.69378],[106.08173,17.69424],[106.08127,17.69437],[106.07919,17.69421],[106.07787,17.69902],[106.07806,17.70013],[106.07927,17.70127],[106.08197,17.70422],[106.08225,17.70475],[106.08246,17.7055],[106.08259,17.70657],[106.08251,17.70761],[106.08262,17.70837],[106.08301,17.70902],[106.08526,17.70923],[106.08678,17.7095],[106.09337,17.71001],[106.09432,17.71016],[106.09522,17.71044],[106.09667,17.71062],[106.09817,17.71069],[106.09862,17.71084],[106.09903,17.71127],[106.09929,17.71181],[106.09978,17.71218],[106.10284,17.71315],[106.10359,17.71331],[106.10615,17.71424],[106.10743,17.71436],[106.10859,17.71456],[106.10955,17.71504],[106.10995,17.71582],[106.11045,17.71768],[106.111,17.7186],[106.11193,17.71957],[106.11265,17.72006],[106.11412,17.7207],[106.11486,17.72116],[106.11545,17.72213],[106.1136,17.72288],[106.11284,17.72345],[106.1126,17.72382],[106.1124,17.72497],[106.11268,17.72662],[106.11298,17.72768],[106.11351,17.7287],[106.11417,17.72952],[106.11422,17.72983],[106.11393,17.73106],[106.11384,17.73295],[106.11344,17.73473],[106.11314,17.73643],[106.1127,17.73844],[106.113,17.73952],[106.11309,17.74123],[106.1133,17.74309],[106.11361,17.74508],[106.11391,17.7481],[106.11384,17.74871],[106.11355,17.74916],[106.1117,17.74911],[106.11063,17.74918],[106.10983,17.74955],[106.10848,17.74966],[106.10748,17.74964],[106.10659,17.75008],[106.10387,17.75002],[106.10201,17.75027],[106.10147,17.75049],[106.10128,17.75094],[106.10167,17.75173],[106.10151,17.75438],[106.10174,17.75527],[106.10176,17.75576],[106.1012,17.75814],[106.10128,17.75944],[106.10127,17.76116],[106.10098,17.76285],[106.10103,17.76304],[106.10214,17.76513],[106.10236,17.76616],[106.10204,17.76673],[106.10023,17.76811],[106.09936,17.76952],[106.09954,17.76997],[106.10019,17.77049],[106.10032,17.77131],[106.10129,17.77263],[106.1014,17.77318],[106.1013,17.77389],[106.10109,17.7744],[106.10095,17.77654],[106.10148,17.77627],[106.10219,17.77649],[106.10355,17.77738],[106.10496,17.77784],[106.10527,17.77814],[106.10617,17.77994],[106.10704,17.78043],[106.10796,17.78053],[106.10916,17.78084],[106.11024,17.78094],[106.11057,17.78223],[106.11076,17.78506],[106.11084,17.78543],[106.11144,17.78639],[106.11149,17.78666],[106.1106,17.78696],[106.10839,17.78722],[106.10767,17.78786],[106.10737,17.78837],[106.10735,17.78887],[106.10783,17.78956],[106.10807,17.79014],[106.10814,17.79147],[106.10799,17.79171],[106.10738,17.79144],[106.1068,17.79152],[106.10628,17.79176],[106.10537,17.79197],[106.10474,17.79191],[106.10403,17.79217],[106.10344,17.7927],[106.10249,17.79291],[106.10144,17.79376],[106.1011,17.79416],[106.09917,17.7942],[106.09793,17.79456],[106.09615,17.79479],[106.09448,17.7959],[106.09357,17.79602],[106.09323,17.79632],[106.09269,17.79747],[106.09146,17.79801],[106.09103,17.79857],[106.09058,17.79863],[106.08996,17.79907],[106.08968,17.8],[106.089,17.80074],[106.08824,17.80106],[106.08754,17.80118],[106.08709,17.80141],[106.08632,17.80156],[106.08568,17.80217],[106.08528,17.80284],[106.08332,17.80355],[106.08302,17.80384],[106.08175,17.80344],[106.0807,17.8041],[106.07969,17.80397],[106.07905,17.8048],[106.07797,17.80513],[106.07712,17.80569],[106.0763,17.80567],[106.07485,17.80617],[106.07373,17.80698],[106.07261,17.80663],[106.07174,17.80713],[106.07081,17.80715],[106.06958,17.80792],[106.06853,17.80818],[106.06642,17.80903],[106.06467,17.80946],[106.06351,17.80959],[106.06248,17.81013],[106.06084,17.81046],[106.06006,17.81075],[106.05897,17.81079],[106.05745,17.81154],[106.05716,17.81187],[106.05585,17.81265],[106.05578,17.81314],[106.05602,17.81345],[106.05488,17.81285],[106.05297,17.81308],[106.05182,17.81371],[106.05082,17.81331],[106.05042,17.81304],[106.04985,17.81235],[106.04821,17.81284],[106.04753,17.81275],[106.04653,17.81303],[106.04567,17.81362],[106.04436,17.81358],[106.04293,17.8149],[106.04187,17.8155],[106.04066,17.81602],[106.04034,17.81665],[106.03976,17.81742],[106.03885,17.81784],[106.03797,17.81812],[106.03739,17.81849],[106.03666,17.81924],[106.03607,17.81952],[106.03577,17.81985],[106.03487,17.82047],[106.03424,17.82073],[106.03364,17.82138],[106.03294,17.82181],[106.03242,17.82128],[106.0318,17.81993],[106.03081,17.81855],[106.03017,17.81745],[106.02955,17.81671],[106.02754,17.81537],[106.02667,17.81489],[106.02623,17.81431],[106.02581,17.81334],[106.02534,17.81261],[106.02425,17.8128],[106.02275,17.81325],[106.02198,17.81331],[106.02114,17.8123],[106.0204,17.81233],[106.01929,17.81294],[106.01874,17.81336],[106.01729,17.81433],[106.01478,17.81581],[106.01397,17.81655],[106.01225,17.8177],[106.01072,17.81855],[106.01011,17.81864],[106.0074,17.81802],[106.00707,17.818],[106.00359,17.81817],[106.00184,17.81858],[106.00046,17.81822],[105.99971,17.81769],[105.99942,17.81735],[105.99922,17.81665],[105.99862,17.81616],[105.99806,17.81512],[105.99764,17.8114],[105.99759,17.81044],[105.9974,17.81002],[105.99694,17.80955],[105.9958,17.80868],[105.99545,17.80779],[105.99484,17.80568],[105.99481,17.80425],[105.99572,17.80147],[105.99594,17.80093],[105.99608,17.8],[105.9968,17.79814],[105.99752,17.79584],[105.99742,17.79314],[105.99399,17.78572],[105.99285,17.78511],[105.99223,17.78449],[105.99082,17.78339],[105.98959,17.78229],[105.98982,17.78174],[105.98919,17.78135],[105.98865,17.7816],[105.98826,17.78127],[105.98854,17.7809],[105.98787,17.78051],[105.98733,17.78041],[105.98686,17.77979],[105.98577,17.77888],[105.98528,17.77808],[105.98459,17.77755],[105.98416,17.77635],[105.98336,17.77529],[105.98247,17.77486],[105.98208,17.77575],[105.98181,17.77588],[105.98079,17.7757],[105.9804,17.77531],[105.98054,17.77494],[105.98131,17.77467],[105.98147,17.77444],[105.97871,17.77428],[105.97676,17.77336],[105.97617,17.77274],[105.97509,17.77139],[105.9749,17.77093],[105.97457,17.77065],[105.97317,17.77006],[105.96962,17.76988],[105.96888,17.76965],[105.96803,17.76965],[105.96686,17.76949],[105.96581,17.76944],[105.96491,17.76955],[105.96432,17.76909],[105.96363,17.76925],[105.96279,17.77013],[105.96152,17.77017],[105.96074,17.77068],[105.96003,17.77069],[105.95956,17.77122],[105.95901,17.77121],[105.95736,17.77141],[105.95652,17.77166],[105.95579,17.7726],[105.95516,17.7727],[105.95419,17.77308],[105.95316,17.77459],[105.9521,17.77472],[105.95165,17.77487],[105.95121,17.77532],[105.95006,17.77541],[105.94872,17.77573],[105.94792,17.77624],[105.94581,17.77801],[105.94524,17.77823],[105.94427,17.77843],[105.94344,17.77885],[105.94309,17.7792]]]},"properties":{"name":"Kim Phú","nameEn":"Kim Phu","fullName":"Xã Kim Phú","fullNameEn":"Kim Phu Commune","codeName":"kim_phu","areaKm2":552.57,"postalCode":"47624","code":"18943"}},{"type":"Feature","geometry":{"type":"Polygon","coordinates":[[[106.03294,17.82181],[106.03364,17.82138],[106.03424,17.82073],[106.03487,17.82047],[106.03577,17.81985],[106.03607,17.81952],[106.03666,17.81924],[106.03739,17.81849],[106.03797,17.81812],[106.03885,17.81784],[106.03976,17.81742],[106.04034,17.81665],[106.04066,17.81602],[106.04187,17.8155],[106.04293,17.8149],[106.04436,17.81358],[106.04567,17.81362],[106.04653,17.81303],[106.04753,17.81275],[106.04821,17.81284],[106.04985,17.81235],[106.05042,17.81304],[106.05082,17.81331],[106.05182,17.81371],[106.05297,17.81308],[106.05488,17.81285],[106.05602,17.81345],[106.05627,17.81431],[106.05702,17.81481],[106.05753,17.81553],[106.05839,17.81707],[106.05864,17.81783],[106.05886,17.81955],[106.05757,17.82044],[106.05561,17.82139],[106.05438,17.82173],[106.05312,17.82235],[106.05213,17.82323],[106.0518,17.82449],[106.05224,17.82516],[106.05341,17.82623],[106.05467,17.82643],[106.05525,17.8264],[106.05516,17.82692],[106.05605,17.82791],[106.0566,17.82888],[106.05745,17.82865],[106.05835,17.82856],[106.05873,17.82897],[106.05974,17.82967],[106.06064,17.8297],[106.06059,17.83002],[106.05995,17.83057],[106.05998,17.83174],[106.06013,17.83248],[106.06047,17.83306],[106.06087,17.83342],[106.06051,17.83416],[106.06076,17.83548],[106.06166,17.83624],[106.06183,17.83662],[106.06189,17.83765],[106.06242,17.83863],[106.06283,17.83877],[106.06375,17.83831],[106.06446,17.83823],[106.06436,17.83941],[106.06444,17.83969],[106.06529,17.84103],[106.06594,17.84155],[106.06619,17.84149],[106.06657,17.84086],[106.06728,17.84055],[106.06762,17.84056],[106.06907,17.84192],[106.07098,17.84331],[106.07165,17.84397],[106.07234,17.84503],[106.07333,17.84542],[106.07471,17.84566],[106.0755,17.84622],[106.07555,17.84676],[106.07582,17.84752],[106.07557,17.84832],[106.07561,17.84906],[106.07582,17.84958],[106.07589,17.85064],[106.07566,17.85126],[106.07552,17.85219],[106.07438,17.85265],[106.07417,17.85317],[106.07337,17.85462],[106.07275,17.85549],[106.0717,17.85722],[106.07157,17.85769],[106.07188,17.85974],[106.07147,17.8606],[106.07099,17.86128],[106.0709,17.8617],[106.07105,17.86259],[106.07033,17.86463],[106.06976,17.86513],[106.06865,17.86576],[106.06774,17.86566],[106.06745,17.86578],[106.06674,17.86643],[106.06566,17.86667],[106.06447,17.86773],[106.06411,17.86817],[106.06386,17.86879],[106.06349,17.86924],[106.06223,17.86967],[106.06162,17.87006],[106.06224,17.87182],[106.0624,17.87274],[106.06216,17.87401],[106.06262,17.87662],[106.06267,17.87723],[106.06257,17.87792],[106.06267,17.87845],[106.0622,17.87927],[106.06236,17.87973],[106.06219,17.88072],[106.06222,17.88148],[106.06206,17.88168],[106.06116,17.88204],[106.06029,17.882],[106.0596,17.88511],[106.06068,17.88683],[106.06203,17.88733],[106.06226,17.88767],[106.06276,17.88762],[106.06306,17.88821],[106.06308,17.88878],[106.0633,17.88969],[106.06357,17.89019],[106.06435,17.89052],[106.06446,17.89101],[106.0651,17.89089],[106.06556,17.89108],[106.06605,17.89186],[106.06624,17.89275],[106.06707,17.89518],[106.06785,17.89611],[106.06799,17.8966],[106.06857,17.89746],[106.06879,17.89843],[106.06898,17.9002],[106.06861,17.90094],[106.06854,17.90183],[106.06862,17.90242],[106.06841,17.90282],[106.06854,17.90328],[106.06912,17.90444],[106.06906,17.9047],[106.06786,17.90536],[106.06707,17.90559],[106.0665,17.90599],[106.06546,17.9062],[106.06502,17.90657],[106.06425,17.90756],[106.06366,17.90785],[106.06148,17.90763],[106.06047,17.90809],[106.05975,17.90806],[106.05904,17.90847],[106.05816,17.90869],[106.05831,17.90966],[106.05857,17.91034],[106.0585,17.91069],[106.05895,17.91217],[106.05977,17.91364],[106.06002,17.91461],[106.06125,17.91687],[106.06107,17.9179],[106.06066,17.91862],[106.06006,17.91939],[106.0598,17.92118],[106.05786,17.92507],[106.05796,17.92567],[106.05892,17.92742],[106.05957,17.92832],[106.06037,17.92969],[106.06086,17.93014],[106.06167,17.93037],[106.06194,17.93073],[106.06191,17.9317],[106.06309,17.93422],[106.06299,17.93498],[106.0632,17.93596],[106.06358,17.93673],[106.06398,17.93725],[106.06457,17.93758],[106.06322,17.93784],[106.06185,17.93875],[106.06143,17.93895],[106.05941,17.93934],[106.05907,17.9398],[106.05909,17.94051],[106.05847,17.94086],[106.05796,17.9414],[106.05655,17.94172],[106.05611,17.94202],[106.05583,17.94304],[106.05453,17.94391],[106.05216,17.94461],[106.04877,17.94479],[106.04855,17.94566],[106.04812,17.94643],[106.04783,17.9465],[106.04564,17.94613],[106.04557,17.9465],[106.04587,17.94773],[106.04632,17.94847],[106.04699,17.94911],[106.0472,17.94969],[106.04709,17.95079],[106.04755,17.95291],[106.04765,17.95432],[106.04888,17.95644],[106.04945,17.95821],[106.04937,17.9587],[106.04879,17.95954],[106.0482,17.95975],[106.04857,17.96007],[106.04914,17.96108],[106.04939,17.96193],[106.0493,17.96217],[106.04838,17.96269],[106.04756,17.96336],[106.04741,17.96386],[106.04773,17.9645],[106.04849,17.96463],[106.04867,17.96571],[106.04909,17.96627],[106.04967,17.96681],[106.05053,17.96734],[106.05077,17.96857],[106.05297,17.96842],[106.05339,17.96883],[106.05399,17.97035],[106.05408,17.97161],[106.05481,17.97221],[106.05579,17.97212],[106.05633,17.97219],[106.05682,17.97246],[106.05766,17.97347],[106.05874,17.97464],[106.05917,17.97527],[106.05951,17.9768],[106.05973,17.97814],[106.06042,17.97925],[106.0612,17.98011],[106.0618,17.98174],[106.06193,17.98315],[106.06168,17.9839],[106.06205,17.98484],[106.06256,17.9856],[106.0634,17.98655],[106.06479,17.98722],[106.06679,17.9872],[106.06653,17.98825],[106.06706,17.99025],[106.06768,17.99159],[106.06812,17.99191],[106.06921,17.99246],[106.06991,17.99294],[106.07063,17.99361],[106.07122,17.9945],[106.07129,17.99517],[106.0707,17.99604],[106.07027,17.99686],[106.06974,17.99815],[106.06911,17.99887],[106.06874,17.99894],[106.06663,17.99882],[106.06644,17.99958],[106.06555,18.00018],[106.06512,18.00059],[106.06436,18.00159],[106.06339,18.00361],[106.06211,18.00467],[106.06133,18.00612],[106.06076,18.00705],[106.05997,18.00788],[106.05958,18.00799],[106.05796,18.01085],[106.05683,18.01276],[106.05654,18.01362],[106.0557,18.01536],[106.05475,18.01685],[106.05426,18.01729],[106.05342,18.01878],[106.05312,18.01965],[106.05235,18.01966],[106.05131,18.02002],[106.0503,18.02019],[106.04959,18.02043],[106.04917,18.0211],[106.04929,18.02218],[106.04887,18.02327],[106.0488,18.02395],[106.04921,18.02535],[106.04915,18.02594],[106.04792,18.02609],[106.04763,18.02622],[106.04727,18.02674],[106.04585,18.02722],[106.04521,18.0273],[106.04485,18.02704],[106.04424,18.02621],[106.04286,18.0264],[106.04157,18.02644],[106.04037,18.027],[106.03968,18.02721],[106.0391,18.02664],[106.03804,18.02594],[106.0372,18.02594],[106.03684,18.02573],[106.03608,18.02499],[106.03386,18.02415],[106.03095,18.02445],[106.03054,18.0244],[106.02955,18.02277],[106.02859,18.0225],[106.02761,18.02264],[106.02623,18.02323],[106.02506,18.02351],[106.02299,18.02385],[106.02061,18.02496],[106.01987,18.02581],[106.01838,18.02716],[106.01752,18.02752],[106.01646,18.0288],[106.01658,18.02951],[106.01583,18.03073],[106.01561,18.03148],[106.01592,18.03242],[106.01617,18.03348],[106.0158,18.03436],[106.01453,18.03481],[106.01296,18.03616],[106.01178,18.03702],[106.01045,18.03873],[106.00939,18.03954],[106.00887,18.04032],[106.00796,18.04126],[106.00737,18.04255],[106.00705,18.04286],[106.0058,18.04351],[106.00436,18.04469],[106.0034,18.04526],[106.00214,18.04576],[106.00154,18.04627],[106.00099,18.04722],[106.00013,18.04803],[105.9996,18.04878],[105.99858,18.04971],[105.99753,18.05026],[105.99525,18.05076],[105.99483,18.05104],[105.99429,18.05057],[105.9936,18.05027],[105.99176,18.05019],[105.99166,18.04984],[105.99177,18.04806],[105.99193,18.0471],[105.99172,18.04616],[105.99183,18.04506],[105.99206,18.04369],[105.99245,18.04215],[105.99256,18.04059],[105.9929,18.03996],[105.99317,18.03916],[105.99347,18.03871],[105.99285,18.03824],[105.99247,18.03686],[105.99219,18.03663],[105.99041,18.03577],[105.98949,18.03488],[105.98911,18.03416],[105.98917,18.0332],[105.98852,18.0325],[105.98822,18.03182],[105.98826,18.03128],[105.98798,18.03004],[105.98774,18.02975],[105.98655,18.02913],[105.98603,18.0281],[105.98592,18.02686],[105.98574,18.02658],[105.98403,18.0262],[105.98334,18.02701],[105.9817,18.02763],[105.9804,18.02655],[105.97983,18.02623],[105.97888,18.02607],[105.97747,18.02506],[105.97688,18.02446],[105.97481,18.02311],[105.9736,18.0225],[105.97297,18.02209],[105.97137,18.02191],[105.9706,18.0221],[105.97032,18.02193],[105.96999,18.02105],[105.96997,18.02015],[105.96968,18.01978],[105.96875,18.01923],[105.96819,18.01826],[105.96892,18.01818],[105.96887,18.01782],[105.96795,18.01708],[105.9676,18.0166],[105.96668,18.01596],[105.96656,18.01557],[105.96684,18.01519],[105.96668,18.01471],[105.96716,18.0141],[105.96673,18.01343],[105.9661,18.01318],[105.96563,18.01273],[105.96579,18.01232],[105.96575,18.01171],[105.96551,18.01128],[105.96473,18.01146],[105.96374,18.01058],[105.9632,18.01048],[105.96278,18.01078],[105.96257,18.01126],[105.96111,18.01206],[105.96033,18.01177],[105.95852,18.01158],[105.95817,18.01168],[105.95783,18.01252],[105.95739,18.01324],[105.95688,18.01364],[105.95605,18.01403],[105.95495,18.015],[105.95402,18.01596],[105.95305,18.01754],[105.95254,18.0177],[105.95211,18.01722],[105.95158,18.0155],[105.95126,18.01535],[105.95128,18.01627],[105.95082,18.01698],[105.94872,18.01914],[105.94756,18.01987],[105.94673,18.02049],[105.94611,18.02072],[105.94538,18.02151],[105.94453,18.02266],[105.94285,18.02371],[105.94177,18.02429],[105.94056,18.02476],[105.94011,18.02476],[105.93949,18.02454],[105.93847,18.02479],[105.93729,18.0249],[105.93578,18.02531],[105.93472,18.0258],[105.93355,18.02667],[105.93239,18.02719],[105.932,18.0275],[105.93175,18.02797],[105.93112,18.02863],[105.93052,18.02971],[105.92994,18.03022],[105.92931,18.03044],[105.92819,18.03101],[105.92759,18.03111],[105.92668,18.03084],[105.92564,18.03021],[105.92469,18.03003],[105.92368,18.02928],[105.92305,18.02899],[105.92187,18.02892],[105.92146,18.02861],[105.9213,18.02778],[105.92094,18.02532],[105.92069,18.02466],[105.91978,18.02371],[105.91792,18.02236],[105.91737,18.02108],[105.91569,18.01884],[105.91532,18.01812],[105.91493,18.01769],[105.91397,18.0173],[105.91348,18.01725],[105.91182,18.01628],[105.91147,18.01591],[105.91122,18.01496],[105.91161,18.01365],[105.91245,18.01239],[105.91272,18.01126],[105.91326,18.01038],[105.91327,18.00939],[105.91274,18.00846],[105.91259,18.0078],[105.91269,18.0072],[105.91312,18.00637],[105.91367,18.0061],[105.91366,18.00581],[105.91312,18.00453],[105.91186,18.00294],[105.91127,18.00173],[105.91093,18.00131],[105.91044,18.0003],[105.91005,17.99926],[105.90919,17.99813],[105.9076,17.99909],[105.90618,17.99945],[105.9048,18.00072],[105.90438,18.00118],[105.9037,18.00162],[105.9034,18.002],[105.90235,18.00266],[105.90147,18.00287],[105.901,18.00316],[105.9001,18.00433],[105.89969,18.00468],[105.89879,18.00507],[105.89853,18.0053],[105.89814,18.00632],[105.8975,18.00705],[105.89656,18.00612],[105.89585,18.00507],[105.89589,18.00419],[105.89566,18.00394],[105.89519,18.00239],[105.89444,18.0018],[105.89411,18.00123],[105.8933,18.00021],[105.89268,17.99884],[105.89271,17.99814],[105.89187,17.99703],[105.89124,17.99633],[105.8904,17.99578],[105.88968,17.9951],[105.88884,17.9948],[105.88854,17.99456],[105.88833,17.99401],[105.88771,17.99313],[105.88734,17.99207],[105.88771,17.99026],[105.88805,17.98955],[105.88858,17.98808],[105.88941,17.98741],[105.88999,17.98738],[105.89142,17.98823],[105.89157,17.98883],[105.89202,17.98984],[105.89211,17.99036],[105.8927,17.9913],[105.89395,17.99236],[105.89453,17.99325],[105.89517,17.99377],[105.89609,17.99422],[105.89668,17.99433],[105.8977,17.99471],[105.89875,17.99472],[105.89975,17.99404],[105.89973,17.99317],[105.89948,17.9926],[105.89932,17.9907],[105.89901,17.98989],[105.8987,17.98811],[105.8985,17.98744],[105.8982,17.98696],[105.89696,17.98547],[105.89647,17.98479],[105.89618,17.98417],[105.89542,17.98414],[105.89584,17.9836],[105.89502,17.98366],[105.89476,17.98306],[105.89387,17.98258],[105.89322,17.98124],[105.89287,17.98089],[105.89148,17.98149],[105.89108,17.9818],[105.89065,17.98162],[105.89104,17.9808],[105.89091,17.98061],[105.8902,17.98057],[105.89028,17.97995],[105.88996,17.97971],[105.88913,17.97944],[105.88849,17.97993],[105.88816,17.97998],[105.88797,17.97932],[105.8883,17.97848],[105.88709,17.97674],[105.8865,17.97625],[105.88561,17.97525],[105.88513,17.97429],[105.88503,17.9734],[105.88461,17.97246],[105.88467,17.97133],[105.88519,17.96818],[105.88511,17.968],[105.88406,17.96758],[105.88354,17.96679],[105.88295,17.96641],[105.88254,17.96539],[105.88219,17.9651],[105.88152,17.96485],[105.8814,17.96389],[105.881,17.96306],[105.88093,17.96266],[105.88126,17.96176],[105.88112,17.96148],[105.88025,17.96112],[105.87897,17.96013],[105.87753,17.95828],[105.87648,17.95757],[105.87707,17.95571],[105.87741,17.9533],[105.87735,17.95264],[105.87754,17.95169],[105.87795,17.95057],[105.87797,17.94954],[105.87823,17.94892],[105.87923,17.94709],[105.8798,17.94629],[105.88135,17.94644],[105.88066,17.94589],[105.88046,17.94554],[105.88055,17.94501],[105.88135,17.94419],[105.88215,17.94265],[105.88287,17.94191],[105.88341,17.94106],[105.88476,17.94023],[105.88554,17.94007],[105.88663,17.94005],[105.88732,17.93952],[105.88814,17.93777],[105.88857,17.93651],[105.88942,17.93607],[105.89093,17.93658],[105.89155,17.93703],[105.89249,17.93843],[105.89276,17.93926],[105.89309,17.94106],[105.89318,17.94305],[105.89391,17.94427],[105.89406,17.94498],[105.89474,17.94554],[105.8955,17.94579],[105.89616,17.94616],[105.89703,17.94644],[105.8981,17.94732],[105.89907,17.94748],[105.89886,17.94584],[105.89902,17.94502],[105.89959,17.94411],[105.89979,17.94287],[105.89969,17.94187],[105.89891,17.93926],[105.8986,17.9381],[105.8987,17.9374],[105.89972,17.9367],[105.90015,17.93612],[105.90052,17.93599],[105.90139,17.93601],[105.90352,17.93591],[105.90429,17.93545],[105.90616,17.9355],[105.90764,17.93363],[105.90922,17.93257],[105.90946,17.93222],[105.91076,17.93238],[105.91154,17.93232],[105.9127,17.93194],[105.91355,17.93207],[105.91445,17.93207],[105.91565,17.93223],[105.91657,17.93214],[105.91797,17.93084],[105.91874,17.93031],[105.91947,17.92961],[105.9199,17.92818],[105.9202,17.92772],[105.92148,17.92618],[105.92308,17.92628],[105.92512,17.92557],[105.92605,17.92518],[105.92699,17.92528],[105.92719,17.92513],[105.92764,17.92427],[105.92838,17.92255],[105.92843,17.92136],[105.9291,17.91957],[105.92971,17.91887],[105.93026,17.91776],[105.93026,17.91726],[105.92987,17.91652],[105.92978,17.91545],[105.92924,17.9143],[105.92881,17.91408],[105.92732,17.9136],[105.92665,17.91316],[105.92607,17.91253],[105.92503,17.91226],[105.92544,17.91085],[105.9259,17.90957],[105.92595,17.9091],[105.92576,17.90802],[105.92619,17.90755],[105.92667,17.90725],[105.92756,17.90698],[105.92826,17.90639],[105.9287,17.90574],[105.92992,17.90528],[105.93047,17.90485],[105.93087,17.90425],[105.93193,17.90368],[105.9326,17.90295],[105.93372,17.9023],[105.93488,17.90177],[105.93611,17.90092],[105.93698,17.90067],[105.93824,17.90002],[105.93869,17.89965],[105.93963,17.8984],[105.94079,17.89725],[105.94129,17.89657],[105.94344,17.89505],[105.94437,17.8945],[105.94487,17.89438],[105.94566,17.89445],[105.94724,17.89437],[105.9479,17.89413],[105.9482,17.89417],[105.94904,17.89471],[105.95037,17.89502],[105.95271,17.89484],[105.95473,17.8945],[105.95567,17.89414],[105.95702,17.89349],[105.95798,17.89338],[105.9597,17.89341],[105.96102,17.89307],[105.96152,17.8931],[105.96247,17.8937],[105.96373,17.89417],[105.96413,17.89442],[105.9647,17.89505],[105.96465,17.89567],[105.96324,17.89726],[105.96274,17.89811],[105.96272,17.89853],[105.96443,17.89769],[105.96643,17.89688],[105.96706,17.89668],[105.9681,17.89705],[105.96878,17.89684],[105.96968,17.8963],[105.97114,17.89587],[105.97164,17.89546],[105.9727,17.89497],[105.9737,17.89474],[105.97464,17.89497],[105.97473,17.89583],[105.97498,17.89666],[105.97535,17.8971],[105.97606,17.89706],[105.97784,17.8955],[105.97849,17.89303],[105.97958,17.89274],[105.98022,17.89247],[105.98079,17.89203],[105.98207,17.89056],[105.98343,17.89019],[105.98347,17.88957],[105.98296,17.88938],[105.98287,17.88851],[105.98292,17.88784],[105.98318,17.88694],[105.98331,17.88611],[105.98425,17.88515],[105.985,17.88485],[105.98585,17.88434],[105.98666,17.88455],[105.98708,17.88394],[105.98799,17.88286],[105.98835,17.88266],[105.9888,17.8818],[105.98943,17.88087],[105.99039,17.88026],[105.99091,17.87962],[105.9914,17.87831],[105.99158,17.87724],[105.99226,17.87652],[105.99291,17.87544],[105.99328,17.87372],[105.99432,17.87274],[105.99577,17.87263],[105.99631,17.87244],[105.99823,17.87117],[105.9988,17.87052],[105.99952,17.87004],[105.99986,17.86901],[106.00051,17.86751],[106.00009,17.8666],[106.00029,17.86618],[106.00107,17.86533],[106.00155,17.86466],[106.00184,17.86452],[106.0029,17.86476],[106.00355,17.86455],[106.00404,17.86354],[106.00388,17.86293],[106.00457,17.86254],[106.00491,17.86202],[106.00617,17.86102],[106.0069,17.86084],[106.00764,17.86115],[106.00829,17.86038],[106.00908,17.85998],[106.01007,17.85896],[106.01113,17.8582],[106.01216,17.85727],[106.01283,17.85704],[106.0138,17.85608],[106.01437,17.8554],[106.01477,17.85475],[106.01531,17.85423],[106.01626,17.85366],[106.01767,17.853],[106.02049,17.85131],[106.02165,17.8502],[106.02215,17.84933],[106.02345,17.84792],[106.02361,17.84762],[106.02325,17.84665],[106.02229,17.84498],[106.02113,17.84339],[106.02043,17.84212],[106.01996,17.84148],[106.01802,17.83836],[106.01796,17.8381],[106.01818,17.83718],[106.01879,17.83639],[106.01926,17.83533],[106.01878,17.83433],[106.01881,17.83395],[106.01992,17.83364],[106.02018,17.83332],[106.02053,17.83239],[106.02118,17.83152],[106.02181,17.83123],[106.02221,17.83046],[106.02253,17.83021],[106.02384,17.82962],[106.02564,17.82856],[106.02609,17.82847],[106.02669,17.82865],[106.02701,17.82851],[106.02757,17.82797],[106.02794,17.82739],[106.0292,17.82718],[106.03012,17.82681],[106.03114,17.82577],[106.03092,17.82494],[106.03097,17.82448],[106.03173,17.82322],[106.03222,17.82304],[106.03242,17.82233],[106.03294,17.82181]]]},"properties":{"name":"Đồng Lê","nameEn":"Dong Le","fullName":"Xã Đồng Lê","fullNameEn":"Dong Le Commune","codeName":"dong_le","areaKm2":291.93,"postalCode":"47506","code":"18949"}},{"type":"Feature","geometry":{"type":"Polygon","coordinates":[[[105.87648,17.95757],[105.87753,17.95828],[105.87897,17.96013],[105.88025,17.96112],[105.88112,17.96148],[105.88126,17.96176],[105.88093,17.96266],[105.881,17.96306],[105.8814,17.96389],[105.88152,17.96485],[105.88219,17.9651],[105.88254,17.96539],[105.88295,17.96641],[105.88354,17.96679],[105.88406,17.96758],[105.88511,17.968],[105.88519,17.96818],[105.88467,17.97133],[105.88461,17.97246],[105.88503,17.9734],[105.88513,17.97429],[105.88561,17.97525],[105.8865,17.97625],[105.88709,17.97674],[105.8883,17.97848],[105.88797,17.97932],[105.88816,17.97998],[105.88849,17.97993],[105.88913,17.97944],[105.88996,17.97971],[105.89028,17.97995],[105.8902,17.98057],[105.89091,17.98061],[105.89104,17.9808],[105.89065,17.98162],[105.89108,17.9818],[105.89148,17.98149],[105.89287,17.98089],[105.89322,17.98124],[105.89387,17.98258],[105.89476,17.98306],[105.89502,17.98366],[105.89584,17.9836],[105.89542,17.98414],[105.89618,17.98417],[105.89647,17.98479],[105.89696,17.98547],[105.8982,17.98696],[105.8985,17.98744],[105.8987,17.98811],[105.89901,17.98989],[105.89932,17.9907],[105.89948,17.9926],[105.89973,17.99317],[105.89975,17.99404],[105.89875,17.99472],[105.8977,17.99471],[105.89668,17.99433],[105.89609,17.99422],[105.89517,17.99377],[105.89453,17.99325],[105.89395,17.99236],[105.8927,17.9913],[105.89211,17.99036],[105.89202,17.98984],[105.89157,17.98883],[105.89142,17.98823],[105.88999,17.98738],[105.88941,17.98741],[105.88858,17.98808],[105.88805,17.98955],[105.88771,17.99026],[105.88734,17.99207],[105.88771,17.99313],[105.88833,17.99401],[105.88854,17.99456],[105.88884,17.9948],[105.88968,17.9951],[105.8904,17.99578],[105.89124,17.99633],[105.89187,17.99703],[105.89271,17.99814],[105.89268,17.99884],[105.8933,18.00021],[105.89411,18.00123],[105.89444,18.0018],[105.89519,18.00239],[105.89566,18.00394],[105.89589,18.00419],[105.89585,18.00507],[105.89656,18.00612],[105.8975,18.00705],[105.89814,18.00632],[105.89853,18.0053],[105.89879,18.00507],[105.89969,18.00468],[105.9001,18.00433],[105.901,18.00316],[105.90147,18.00287],[105.90235,18.00266],[105.9034,18.002],[105.9037,18.00162],[105.90438,18.00118],[105.9048,18.00072],[105.90618,17.99945],[105.9076,17.99909],[105.90919,17.99813],[105.91005,17.99926],[105.91044,18.0003],[105.91093,18.00131],[105.91127,18.00173],[105.91186,18.00294],[105.91312,18.00453],[105.91366,18.00581],[105.91367,18.0061],[105.91312,18.00637],[105.91269,18.0072],[105.91259,18.0078],[105.91274,18.00846],[105.91327,18.00939],[105.91326,18.01038],[105.91272,18.01126],[105.91245,18.01239],[105.91161,18.01365],[105.91122,18.01496],[105.91147,18.01591],[105.91182,18.01628],[105.91348,18.01725],[105.91397,18.0173],[105.91493,18.01769],[105.91532,18.01812],[105.91569,18.01884],[105.91737,18.02108],[105.91792,18.02236],[105.91978,18.02371],[105.92069,18.02466],[105.92094,18.02532],[105.9213,18.02778],[105.92146,18.02861],[105.92187,18.02892],[105.92305,18.02899],[105.92368,18.02928],[105.92469,18.03003],[105.92564,18.03021],[105.92668,18.03084],[105.92759,18.03111],[105.92819,18.03101],[105.92931,18.03044],[105.92994,18.03022],[105.93052,18.02971],[105.93112,18.02863],[105.93175,18.02797],[105.932,18.0275],[105.93239,18.02719],[105.93355,18.02667],[105.93472,18.0258],[105.93578,18.02531],[105.93729,18.0249],[105.93847,18.02479],[105.93949,18.02454],[105.94011,18.02476],[105.94056,18.02476],[105.94177,18.02429],[105.94285,18.02371],[105.94453,18.02266],[105.94538,18.02151],[105.94611,18.02072],[105.94673,18.02049],[105.94756,18.01987],[105.94872,18.01914],[105.95082,18.01698],[105.95128,18.01627],[105.95126,18.01535],[105.95158,18.0155],[105.95211,18.01722],[105.95254,18.0177],[105.95305,18.01754],[105.95402,18.01596],[105.95495,18.015],[105.95605,18.01403],[105.95688,18.01364],[105.95739,18.01324],[105.95783,18.01252],[105.95817,18.01168],[105.95852,18.01158],[105.96033,18.01177],[105.96111,18.01206],[105.96257,18.01126],[105.96278,18.01078],[105.9632,18.01048],[105.96374,18.01058],[105.96473,18.01146],[105.96551,18.01128],[105.96575,18.01171],[105.96579,18.01232],[105.96563,18.01273],[105.9661,18.01318],[105.96673,18.01343],[105.96716,18.0141],[105.96668,18.01471],[105.96684,18.01519],[105.96656,18.01557],[105.96668,18.01596],[105.9676,18.0166],[105.96795,18.01708],[105.96887,18.01782],[105.96892,18.01818],[105.96819,18.01826],[105.96875,18.01923],[105.96968,18.01978],[105.96997,18.02015],[105.96999,18.02105],[105.97032,18.02193],[105.9706,18.0221],[105.97137,18.02191],[105.97297,18.02209],[105.9736,18.0225],[105.97481,18.02311],[105.97688,18.02446],[105.97747,18.02506],[105.97888,18.02607],[105.97983,18.02623],[105.9804,18.02655],[105.9817,18.02763],[105.98334,18.02701],[105.98403,18.0262],[105.98574,18.02658],[105.98592,18.02686],[105.98603,18.0281],[105.98655,18.02913],[105.98774,18.02975],[105.98798,18.03004],[105.98826,18.03128],[105.98822,18.03182],[105.98852,18.0325],[105.98917,18.0332],[105.98911,18.03416],[105.98949,18.03488],[105.99041,18.03577],[105.99219,18.03663],[105.99247,18.03686],[105.99285,18.03824],[105.99347,18.03871],[105.99317,18.03916],[105.9929,18.03996],[105.99256,18.04059],[105.99245,18.04215],[105.99206,18.04369],[105.99183,18.04506],[105.99172,18.04616],[105.99193,18.0471],[105.99177,18.04806],[105.99166,18.04984],[105.99176,18.05019],[105.9936,18.05027],[105.99429,18.05057],[105.99483,18.05104],[105.99464,18.05219],[105.99482,18.0529],[105.99475,18.05378],[105.99396,18.05463],[105.9937,18.05568],[105.99319,18.05693],[105.99267,18.05772],[105.99204,18.05844],[105.99131,18.05873],[105.9909,18.05914],[105.99018,18.05953],[105.98968,18.06059],[105.98943,18.06077],[105.98865,18.06088],[105.98793,18.06128],[105.98681,18.06162],[105.98647,18.06238],[105.98614,18.06279],[105.98626,18.06371],[105.98545,18.06411],[105.98432,18.06412],[105.98303,18.06437],[105.98235,18.06426],[105.98124,18.06382],[105.98075,18.06384],[105.97931,18.06371],[105.97829,18.06352],[105.97709,18.06309],[105.97609,18.06253],[105.97475,18.06193],[105.97396,18.06093],[105.97296,18.0601],[105.97223,18.05906],[105.97176,18.0589],[105.97068,18.05815],[105.97041,18.05744],[105.96993,18.05686],[105.96939,18.05665],[105.96882,18.05604],[105.96839,18.05519],[105.96797,18.05494],[105.96708,18.05533],[105.96585,18.05598],[105.96454,18.0563],[105.96404,18.05655],[105.96365,18.05703],[105.96372,18.05893],[105.9633,18.05952],[105.96236,18.05952],[105.96138,18.05936],[105.95984,18.05895],[105.95878,18.05908],[105.95714,18.05891],[105.95529,18.05813],[105.95289,18.05758],[105.95219,18.05762],[105.95045,18.05826],[105.95001,18.05884],[105.94991,18.05948],[105.95004,18.06039],[105.94993,18.06103],[105.94999,18.06235],[105.94991,18.06266],[105.94935,18.06313],[105.94939,18.06344],[105.95023,18.06417],[105.95045,18.06466],[105.95038,18.06598],[105.94938,18.06718],[105.94722,18.06909],[105.9472,18.07027],[105.9469,18.07115],[105.94606,18.07156],[105.94619,18.07186],[105.94611,18.07299],[105.94537,18.07396],[105.94508,18.07419],[105.94419,18.07455],[105.94278,18.0753],[105.94169,18.0768],[105.94011,18.07796],[105.93897,18.07917],[105.93876,18.08025],[105.93828,18.08089],[105.93767,18.08218],[105.93708,18.08259],[105.93575,18.08318],[105.93537,18.08399],[105.93522,18.08471],[105.93517,18.08632],[105.93503,18.08685],[105.9344,18.08806],[105.93364,18.08855],[105.93331,18.08861],[105.93232,18.0892],[105.93114,18.08944],[105.9302,18.08911],[105.92948,18.08805],[105.92856,18.08701],[105.92821,18.08675],[105.92718,18.08628],[105.92562,18.08569],[105.92508,18.08558],[105.92413,18.08504],[105.92276,18.0838],[105.92214,18.08338],[105.92163,18.08332],[105.92009,18.08232],[105.91962,18.08123],[105.91946,18.08109],[105.91833,18.08072],[105.91796,18.08106],[105.91344,18.08704],[105.91322,18.08723],[105.91203,18.08753],[105.91145,18.08728],[105.91109,18.08745],[105.91093,18.08808],[105.91019,18.08869],[105.90944,18.08878],[105.9083,18.08922],[105.90722,18.08914],[105.90647,18.08926],[105.90589,18.08922],[105.90544,18.0895],[105.90479,18.08956],[105.90399,18.08978],[105.90254,18.08955],[105.90001,18.08963],[105.89892,18.08961],[105.89788,18.09003],[105.89691,18.09006],[105.89633,18.08987],[105.89555,18.09016],[105.89505,18.09005],[105.89325,18.08903],[105.8929,18.08852],[105.892,18.08785],[105.89195,18.08742],[105.89125,18.08641],[105.88725,18.08536],[105.88623,18.08428],[105.88589,18.08418],[105.88498,18.08425],[105.88396,18.08392],[105.8831,18.08332],[105.8825,18.08272],[105.88221,18.08224],[105.88208,18.08125],[105.8823,18.08049],[105.88229,18.07998],[105.88152,18.0794],[105.8813,18.07821],[105.88141,18.07751],[105.88115,18.07679],[105.88048,18.07673],[105.88023,18.07608],[105.87992,18.07583],[105.87901,18.07574],[105.8783,18.07503],[105.878,18.07411],[105.87705,18.07362],[105.87559,18.07328],[105.87545,18.07315],[105.87564,18.07221],[105.87549,18.07129],[105.8751,18.07053],[105.87529,18.07007],[105.87515,18.0693],[105.87419,18.06839],[105.87362,18.06813],[105.8727,18.06797],[105.87235,18.06775],[105.86952,18.06653],[105.86039,18.06722],[105.85483,18.06765],[105.85355,18.06753],[105.85269,18.06767],[105.85224,18.06761],[105.85112,18.06722],[105.85059,18.06717],[105.85005,18.06689],[105.84974,18.0665],[105.84943,18.06561],[105.84861,18.06405],[105.84569,18.0642],[105.84444,18.06419],[105.8428,18.06523],[105.8425,18.0655],[105.84189,18.06535],[105.84146,18.06503],[105.84078,18.06481],[105.84066,18.06447],[105.84018,18.06443],[105.83934,18.06384],[105.83918,18.06343],[105.83871,18.0632],[105.83796,18.06313],[105.83695,18.06338],[105.83618,18.06385],[105.83571,18.06402],[105.83532,18.06391],[105.83486,18.06411],[105.83448,18.06402],[105.83389,18.06507],[105.83339,18.06509],[105.83296,18.06532],[105.83222,18.06502],[105.83185,18.06529],[105.8308,18.06495],[105.83062,18.0643],[105.83026,18.06441],[105.82799,18.0637],[105.82751,18.0636],[105.82601,18.06289],[105.82536,18.06241],[105.82379,18.06088],[105.82313,18.06006],[105.82207,18.05953],[105.82145,18.05937],[105.81301,18.05265],[105.81598,18.0521],[105.81857,18.05142],[105.81941,18.05124],[105.82148,18.05017],[105.82203,18.0496],[105.82379,18.04829],[105.82407,18.04798],[105.82522,18.0475],[105.82598,18.04754],[105.82662,18.04741],[105.8274,18.04744],[105.8279,18.04727],[105.82868,18.04665],[105.82955,18.04582],[105.83516,18.04127],[105.83534,18.04106],[105.83522,18.04048],[105.83439,18.03887],[105.83408,18.03807],[105.83413,18.03762],[105.8337,18.03734],[105.83338,18.03668],[105.83189,18.03573],[105.83153,18.03538],[105.83131,18.03475],[105.83076,18.03422],[105.83056,18.03364],[105.83004,18.03284],[105.82926,18.03219],[105.82897,18.03168],[105.82952,18.03115],[105.8301,18.03026],[105.83105,18.0292],[105.8318,18.02884],[105.83265,18.02863],[105.83388,18.02853],[105.83436,18.02795],[105.83487,18.02705],[105.83517,18.02685],[105.83667,18.02677],[105.83712,18.02622],[105.83721,18.02571],[105.8376,18.02492],[105.83779,18.02418],[105.83824,18.02391],[105.83915,18.02373],[105.84136,18.02318],[105.84296,18.0226],[105.84377,18.02264],[105.84451,18.02231],[105.84577,18.02225],[105.8464,18.02211],[105.84749,18.0222],[105.84831,18.02285],[105.85008,18.02301],[105.8513,18.02201],[105.85216,18.02102],[105.85238,18.0206],[105.85269,18.01933],[105.85331,18.01874],[105.85224,18.01871],[105.85149,18.01937],[105.85096,18.0202],[105.85,18.02048],[105.84954,18.02017],[105.84942,18.01886],[105.84992,18.01784],[105.84996,18.01671],[105.84979,18.01613],[105.84881,18.01516],[105.84902,18.0144],[105.84883,18.01338],[105.84895,18.01269],[105.84937,18.01216],[105.84986,18.01086],[105.84976,18.00985],[105.84944,18.00905],[105.84932,18.00798],[105.84955,18.0073],[105.84908,18.00653],[105.84885,18.00571],[105.84886,18.00531],[105.84946,18.00402],[105.84955,18.00363],[105.84926,18.00332],[105.85111,18.00192],[105.85224,18.00138],[105.85343,18.0011],[105.85483,17.9995],[105.85525,17.99949],[105.85637,17.99983],[105.85745,17.99895],[105.85844,17.99791],[105.85961,17.99761],[105.85894,17.99643],[105.85807,17.9963],[105.85659,17.99572],[105.85609,17.9953],[105.85577,17.99471],[105.85474,17.99371],[105.85477,17.99293],[105.85707,17.99175],[105.85776,17.99058],[105.8572,17.99036],[105.85552,17.98915],[105.85534,17.98859],[105.85486,17.98788],[105.85449,17.98688],[105.85487,17.98543],[105.85561,17.98363],[105.85588,17.9832],[105.85586,17.98267],[105.85635,17.98207],[105.85636,17.9804],[105.85539,17.97879],[105.85477,17.97713],[105.85426,17.97649],[105.85386,17.97545],[105.85367,17.97433],[105.85337,17.97392],[105.85253,17.97342],[105.85111,17.9714],[105.85083,17.97116],[105.84986,17.97111],[105.84977,17.9707],[105.84927,17.97045],[105.84719,17.97048],[105.84661,17.97084],[105.8461,17.97137],[105.84485,17.97148],[105.84311,17.97133],[105.84271,17.97142],[105.84177,17.97201],[105.84121,17.97272],[105.84069,17.97313],[105.84,17.9726],[105.83995,17.97226],[105.84016,17.97007],[105.84018,17.96906],[105.84004,17.96765],[105.84059,17.96704],[105.84147,17.96643],[105.84174,17.96598],[105.84171,17.9655],[105.842,17.96466],[105.84274,17.96354],[105.84332,17.96308],[105.84343,17.96269],[105.84323,17.96152],[105.84357,17.96009],[105.84404,17.95929],[105.84411,17.9587],[105.84382,17.95798],[105.84417,17.95734],[105.84483,17.95662],[105.84572,17.95656],[105.8467,17.95588],[105.8473,17.95572],[105.8479,17.9562],[105.84906,17.95649],[105.8497,17.95625],[105.85012,17.95536],[105.85155,17.95421],[105.85193,17.95335],[105.85263,17.95264],[105.85305,17.95275],[105.85415,17.95329],[105.85474,17.9533],[105.85512,17.95305],[105.85603,17.95212],[105.85631,17.95151],[105.85635,17.9509],[105.85666,17.95022],[105.85798,17.95025],[105.85899,17.95121],[105.85937,17.95169],[105.8613,17.95178],[105.86265,17.95133],[105.86364,17.9511],[105.86628,17.95149],[105.86761,17.95183],[105.86921,17.95402],[105.86971,17.95443],[105.87063,17.9547],[105.87212,17.95525],[105.87295,17.95566],[105.87336,17.95567],[105.87386,17.95592],[105.87474,17.95665],[105.87576,17.95712],[105.87648,17.95757]]]},"properties":{"name":"Tuyên Sơn","nameEn":"Tuyen Son","fullName":"Xã Tuyên Sơn","fullNameEn":"Tuyen Son Commune","codeName":"tuyen_son","areaKm2":132.14,"postalCode":"47526","code":"18952"}},{"type":"Feature","geometry":{"type":"Polygon","coordinates":[[[105.76451,17.89099],[105.76592,17.89128],[105.76673,17.89165],[105.76793,17.89248],[105.77032,17.89385],[105.77123,17.89486],[105.77205,17.89474],[105.77255,17.89479],[105.77343,17.8951],[105.77467,17.89505],[105.77581,17.89483],[105.77673,17.89481],[105.77864,17.89498],[105.77936,17.89529],[105.77998,17.89576],[105.78143,17.89723],[105.78234,17.89737],[105.78274,17.89759],[105.78267,17.8983],[105.78281,17.89921],[105.78332,17.90148],[105.78329,17.90302],[105.78348,17.90423],[105.78323,17.90487],[105.78282,17.90701],[105.78282,17.90788],[105.783,17.90828],[105.78391,17.90968],[105.7851,17.91032],[105.78588,17.91172],[105.78626,17.91272],[105.7867,17.91359],[105.78748,17.91452],[105.78763,17.91512],[105.78759,17.91608],[105.78789,17.91667],[105.78958,17.91659],[105.79012,17.91694],[105.79084,17.91762],[105.79149,17.91807],[105.7925,17.91857],[105.79299,17.91893],[105.79428,17.92009],[105.79467,17.92024],[105.79545,17.92027],[105.79712,17.91999],[105.79847,17.92025],[105.79913,17.92005],[105.80171,17.92032],[105.8039,17.92016],[105.80482,17.91984],[105.80595,17.9204],[105.80721,17.92059],[105.80889,17.92142],[105.80952,17.92155],[105.81155,17.9213],[105.81274,17.92099],[105.81392,17.92002],[105.81462,17.9189],[105.81519,17.91867],[105.81581,17.91863],[105.81746,17.91969],[105.8177,17.92006],[105.81884,17.9209],[105.81946,17.92108],[105.8206,17.9206],[105.82336,17.91858],[105.8243,17.91832],[105.82678,17.91881],[105.82722,17.91876],[105.82887,17.91881],[105.82911,17.91798],[105.82913,17.91731],[105.83005,17.91571],[105.83047,17.9153],[105.83194,17.91423],[105.83226,17.91364],[105.83232,17.913],[105.83259,17.91205],[105.83414,17.90897],[105.83527,17.908],[105.83719,17.90643],[105.83834,17.90567],[105.83915,17.90538],[105.83991,17.90523],[105.84088,17.90559],[105.84169,17.90619],[105.84222,17.90607],[105.84308,17.9064],[105.84331,17.9069],[105.84346,17.90793],[105.8443,17.91025],[105.84455,17.91076],[105.84616,17.91139],[105.8491,17.91315],[105.84982,17.91371],[105.85058,17.91404],[105.85141,17.91481],[105.85073,17.91635],[105.85026,17.91704],[105.84933,17.91745],[105.84788,17.91895],[105.84736,17.91915],[105.84613,17.91901],[105.84568,17.91916],[105.8445,17.92024],[105.84449,17.92097],[105.84472,17.92129],[105.84498,17.92221],[105.84498,17.92288],[105.84462,17.92369],[105.84413,17.92408],[105.8439,17.92462],[105.84404,17.92503],[105.84405,17.92624],[105.84378,17.92686],[105.84308,17.92768],[105.84152,17.93028],[105.84024,17.93009],[105.83851,17.93061],[105.83809,17.93082],[105.83732,17.93153],[105.83712,17.9324],[105.837,17.93448],[105.83719,17.93513],[105.83868,17.93676],[105.83924,17.93845],[105.83935,17.93959],[105.83906,17.9406],[105.84026,17.9395],[105.84155,17.93945],[105.84472,17.93948],[105.84522,17.93969],[105.84594,17.93976],[105.84916,17.9396],[105.85082,17.93973],[105.85351,17.93962],[105.85446,17.93941],[105.85481,17.93944],[105.85514,17.94003],[105.85513,17.94045],[105.85478,17.94207],[105.8545,17.94266],[105.85494,17.94341],[105.85511,17.94468],[105.85504,17.9454],[105.85522,17.94573],[105.855,17.94746],[105.85464,17.9479],[105.85524,17.94844],[105.85611,17.94984],[105.85666,17.95022],[105.85635,17.9509],[105.85631,17.95151],[105.85603,17.95212],[105.85512,17.95305],[105.85474,17.9533],[105.85415,17.95329],[105.85305,17.95275],[105.85263,17.95264],[105.85193,17.95335],[105.85155,17.95421],[105.85012,17.95536],[105.8497,17.95625],[105.84906,17.95649],[105.8479,17.9562],[105.8473,17.95572],[105.8467,17.95588],[105.84572,17.95656],[105.84483,17.95662],[105.84417,17.95734],[105.84382,17.95798],[105.84411,17.9587],[105.84404,17.95929],[105.84357,17.96009],[105.84323,17.96152],[105.84343,17.96269],[105.84332,17.96308],[105.84274,17.96354],[105.842,17.96466],[105.84171,17.9655],[105.84174,17.96598],[105.84147,17.96643],[105.84059,17.96704],[105.84004,17.96765],[105.84018,17.96906],[105.84016,17.97007],[105.83995,17.97226],[105.84,17.9726],[105.84069,17.97313],[105.84121,17.97272],[105.84177,17.97201],[105.84271,17.97142],[105.84311,17.97133],[105.84485,17.97148],[105.8461,17.97137],[105.84661,17.97084],[105.84719,17.97048],[105.84927,17.97045],[105.84977,17.9707],[105.84986,17.97111],[105.85083,17.97116],[105.85111,17.9714],[105.85253,17.97342],[105.85337,17.97392],[105.85367,17.97433],[105.85386,17.97545],[105.85426,17.97649],[105.85477,17.97713],[105.85539,17.97879],[105.85636,17.9804],[105.85635,17.98207],[105.85586,17.98267],[105.85588,17.9832],[105.85561,17.98363],[105.85487,17.98543],[105.85449,17.98688],[105.85486,17.98788],[105.85534,17.98859],[105.85552,17.98915],[105.8572,17.99036],[105.85776,17.99058],[105.85707,17.99175],[105.85477,17.99293],[105.85474,17.99371],[105.85577,17.99471],[105.85609,17.9953],[105.85659,17.99572],[105.85807,17.9963],[105.85894,17.99643],[105.85961,17.99761],[105.85844,17.99791],[105.85745,17.99895],[105.85637,17.99983],[105.85525,17.99949],[105.85483,17.9995],[105.85343,18.0011],[105.85224,18.00138],[105.85111,18.00192],[105.84926,18.00332],[105.84955,18.00363],[105.84946,18.00402],[105.84886,18.00531],[105.84885,18.00571],[105.84908,18.00653],[105.84955,18.0073],[105.84932,18.00798],[105.84944,18.00905],[105.84976,18.00985],[105.84986,18.01086],[105.84937,18.01216],[105.84895,18.01269],[105.84883,18.01338],[105.84902,18.0144],[105.84881,18.01516],[105.84979,18.01613],[105.84996,18.01671],[105.84992,18.01784],[105.84942,18.01886],[105.84954,18.02017],[105.85,18.02048],[105.85096,18.0202],[105.85149,18.01937],[105.85224,18.01871],[105.85331,18.01874],[105.85269,18.01933],[105.85238,18.0206],[105.85216,18.02102],[105.8513,18.02201],[105.85008,18.02301],[105.84831,18.02285],[105.84749,18.0222],[105.8464,18.02211],[105.84577,18.02225],[105.84451,18.02231],[105.84377,18.02264],[105.84296,18.0226],[105.84136,18.02318],[105.83915,18.02373],[105.83824,18.02391],[105.83779,18.02418],[105.8376,18.02492],[105.83721,18.02571],[105.83712,18.02622],[105.83667,18.02677],[105.83517,18.02685],[105.83487,18.02705],[105.83436,18.02795],[105.83388,18.02853],[105.83265,18.02863],[105.8318,18.02884],[105.83105,18.0292],[105.8301,18.03026],[105.82952,18.03115],[105.82897,18.03168],[105.82639,18.03204],[105.82596,18.03214],[105.82552,18.03251],[105.82504,18.03266],[105.82451,18.03306],[105.82307,18.03351],[105.822,18.03346],[105.82149,18.03362],[105.82025,18.03434],[105.81953,18.03528],[105.81902,18.0367],[105.81878,18.03705],[105.81733,18.03762],[105.81683,18.03797],[105.81638,18.03778],[105.81606,18.03711],[105.81583,18.03625],[105.81388,18.03527],[105.81258,18.03452],[105.81082,18.03364],[105.81007,18.03303],[105.8085,18.03223],[105.80779,18.03182],[105.80763,18.03111],[105.80857,18.02989],[105.81004,18.02847],[105.81027,18.02772],[105.81069,18.02728],[105.81062,18.02684],[105.81029,18.02629],[105.80972,18.02588],[105.80904,18.02583],[105.80836,18.02601],[105.80781,18.02599],[105.80595,18.02614],[105.80523,18.02597],[105.80383,18.02611],[105.802,18.0258],[105.80101,18.02538],[105.80056,18.02491],[105.79973,18.02462],[105.79889,18.02399],[105.79808,18.02404],[105.79706,18.02376],[105.79569,18.02417],[105.79455,18.02473],[105.79318,18.02504],[105.79181,18.02471],[105.79143,18.02483],[105.79091,18.02534],[105.79011,18.02554],[105.78839,18.02522],[105.7878,18.02491],[105.78719,18.02477],[105.78533,18.02306],[105.78453,18.02272],[105.78397,18.02185],[105.78331,18.02167],[105.7823,18.02017],[105.78176,18.01903],[105.78025,18.01845],[105.77879,18.01724],[105.77756,18.01697],[105.77657,18.01704],[105.7757,18.01722],[105.77523,18.01757],[105.7749,18.01853],[105.77434,18.01886],[105.77402,18.01928],[105.77295,18.02014],[105.77265,18.02068],[105.77228,18.02096],[105.77131,18.02215],[105.76997,18.02346],[105.76874,18.02379],[105.76733,18.02396],[105.76636,18.02415],[105.76467,18.02473],[105.76323,18.02462],[105.76248,18.02472],[105.76187,18.02463],[105.76052,18.02469],[105.75975,18.02513],[105.75837,18.02563],[105.7572,18.02643],[105.75635,18.0268],[105.75584,18.0272],[105.75398,18.02827],[105.75379,18.02908],[105.75349,18.02942],[105.75346,18.03009],[105.7526,18.03134],[105.75166,18.03165],[105.75116,18.03223],[105.7505,18.03384],[105.75001,18.03408],[105.74838,18.03408],[105.74753,18.03423],[105.74623,18.03471],[105.74537,18.03551],[105.74358,18.03529],[105.74229,18.03545],[105.74016,18.03678],[105.7399,18.03723],[105.73839,18.03664],[105.73686,18.0358],[105.73593,18.03549],[105.73543,18.03554],[105.73487,18.03594],[105.73442,18.03574],[105.73389,18.03512],[105.73194,18.03472],[105.73099,18.0344],[105.73016,18.03365],[105.72926,18.03211],[105.72898,18.03137],[105.72872,18.03029],[105.72853,18.02907],[105.7283,18.02893],[105.72766,18.02902],[105.72713,18.0287],[105.72674,18.02754],[105.72608,18.02718],[105.72523,18.02651],[105.7248,18.02596],[105.72454,18.02485],[105.72393,18.02343],[105.72234,18.02283],[105.72109,18.02183],[105.72065,18.02135],[105.72004,18.02028],[105.71979,18.01911],[105.71977,18.01839],[105.72007,18.01704],[105.71998,18.015],[105.72044,18.01365],[105.72087,18.01336],[105.72124,18.01281],[105.7214,18.01202],[105.72119,18.01109],[105.72069,18.01049],[105.72048,18.00985],[105.72057,18.00957],[105.72113,18.00904],[105.72144,18.00812],[105.72216,18.00784],[105.72126,18.00713],[105.72052,18.00592],[105.72028,18.00565],[105.7196,18.00534],[105.71871,18.00523],[105.71765,18.0045],[105.71716,18.00433],[105.71531,18.00442],[105.71492,18.00427],[105.71428,18.00311],[105.71343,18.00222],[105.71263,18.00184],[105.71255,18.00136],[105.71289,18.00049],[105.71314,17.99875],[105.71264,17.99823],[105.71182,17.99767],[105.71149,17.99693],[105.71075,17.99622],[105.71021,17.99599],[105.70911,17.99572],[105.70776,17.99504],[105.70752,17.99478],[105.70693,17.9935],[105.70608,17.9925],[105.70475,17.99234],[105.68934,17.99237],[105.65552,17.99243],[105.64909,17.99243],[105.64354,17.99246],[105.64326,17.99152],[105.64325,17.99081],[105.64351,17.99016],[105.64358,17.98908],[105.64333,17.98759],[105.64327,17.98649],[105.64346,17.98562],[105.64349,17.98355],[105.6432,17.98215],[105.6429,17.98156],[105.6428,17.98063],[105.64282,17.97898],[105.6429,17.97868],[105.64365,17.97748],[105.64382,17.97687],[105.64384,17.97549],[105.64369,17.9748],[105.64307,17.97416],[105.64208,17.97186],[105.64221,17.9708],[105.64273,17.96987],[105.64275,17.96897],[105.64295,17.9679],[105.6429,17.96645],[105.64294,17.96527],[105.64306,17.96448],[105.64292,17.96351],[105.64238,17.96181],[105.64218,17.95891],[105.64245,17.95808],[105.64317,17.95731],[105.64481,17.9559],[105.64594,17.95523],[105.6477,17.95489],[105.64873,17.95445],[105.64977,17.95426],[105.65088,17.95421],[105.6519,17.95387],[105.65391,17.95347],[105.65495,17.95351],[105.65657,17.95393],[105.65812,17.95294],[105.65878,17.95264],[105.65961,17.95151],[105.66022,17.95116],[105.66127,17.95097],[105.66217,17.9503],[105.66286,17.95002],[105.66307,17.94966],[105.66326,17.94837],[105.66375,17.94787],[105.66462,17.94805],[105.66521,17.94775],[105.66659,17.94755],[105.66775,17.94682],[105.66834,17.94581],[105.6691,17.94518],[105.66994,17.94481],[105.67123,17.94472],[105.67303,17.94426],[105.67365,17.94425],[105.67477,17.94446],[105.67604,17.94502],[105.67761,17.94489],[105.67884,17.9449],[105.67894,17.94427],[105.67974,17.94207],[105.67891,17.94047],[105.67884,17.93969],[105.67906,17.93759],[105.67897,17.93705],[105.67854,17.9363],[105.67846,17.93555],[105.67864,17.9343],[105.67821,17.93358],[105.67805,17.93277],[105.67801,17.93193],[105.679,17.92998],[105.67921,17.92931],[105.67966,17.92882],[105.68113,17.92825],[105.68184,17.92703],[105.68302,17.92662],[105.68427,17.92553],[105.6846,17.92495],[105.68617,17.92481],[105.68643,17.92467],[105.68656,17.92415],[105.6869,17.9239],[105.68774,17.9236],[105.68894,17.92336],[105.68991,17.9235],[105.6905,17.92343],[105.69122,17.92283],[105.69188,17.92246],[105.6927,17.92231],[105.69335,17.92194],[105.69479,17.92183],[105.69571,17.92195],[105.69774,17.92196],[105.69935,17.92247],[105.7002,17.92263],[105.70086,17.92193],[105.70127,17.9212],[105.70291,17.91988],[105.70324,17.91889],[105.7038,17.91864],[105.70429,17.91865],[105.70478,17.91844],[105.70469,17.91811],[105.70407,17.91715],[105.70321,17.9165],[105.70321,17.91636],[105.70398,17.91507],[105.70457,17.91446],[105.7048,17.91402],[105.70526,17.91264],[105.70557,17.91231],[105.70656,17.91232],[105.70797,17.91213],[105.70946,17.91289],[105.71095,17.91305],[105.71164,17.9132],[105.71223,17.91423],[105.71292,17.91404],[105.71353,17.91351],[105.71469,17.91346],[105.71593,17.91273],[105.71651,17.91348],[105.71748,17.91421],[105.71867,17.91537],[105.72044,17.91653],[105.72101,17.917],[105.72189,17.91795],[105.72322,17.91785],[105.72432,17.91815],[105.72533,17.91777],[105.72704,17.91681],[105.72769,17.9143],[105.72825,17.9138],[105.7287,17.91297],[105.72991,17.91186],[105.73016,17.91126],[105.72984,17.9099],[105.72989,17.90911],[105.73016,17.90828],[105.73068,17.90818],[105.73212,17.90824],[105.73306,17.90782],[105.73424,17.90788],[105.73511,17.90815],[105.73598,17.90819],[105.73629,17.90807],[105.7383,17.90678],[105.73899,17.90651],[105.73944,17.90667],[105.74169,17.90853],[105.74231,17.90854],[105.74302,17.90837],[105.74368,17.90795],[105.74453,17.9067],[105.74553,17.90544],[105.74644,17.90521],[105.74727,17.90485],[105.74736,17.90422],[105.74727,17.90368],[105.74738,17.90291],[105.74813,17.90213],[105.74828,17.90124],[105.74917,17.90101],[105.7507,17.90072],[105.75151,17.90048],[105.75172,17.89994],[105.75128,17.8995],[105.75131,17.89875],[105.75115,17.89714],[105.75119,17.8966],[105.75146,17.89575],[105.75195,17.89526],[105.75286,17.89514],[105.75389,17.89526],[105.75427,17.8954],[105.75481,17.89519],[105.75639,17.89366],[105.75706,17.89289],[105.75807,17.89241],[105.75885,17.89243],[105.75989,17.89166],[105.76043,17.89141],[105.76174,17.89122],[105.76304,17.89087],[105.76415,17.89088],[105.76451,17.89099]]]},"properties":{"name":"Tuyên Lâm","nameEn":"Tuyen Lam","fullName":"Xã Tuyên Lâm","fullNameEn":"Tuyen Lam Commune","codeName":"tuyen_lam","areaKm2":235.2,"postalCode":"47527","code":"18958"}},{"type":"Feature","geometry":{"type":"Polygon","coordinates":[[[106.10799,17.79171],[106.10861,17.79156],[106.10885,17.79124],[106.10932,17.79107],[106.11006,17.79113],[106.11101,17.79078],[106.11223,17.79083],[106.11281,17.79102],[106.11363,17.79084],[106.11513,17.79164],[106.11663,17.79156],[106.11807,17.79094],[106.11918,17.79062],[106.11972,17.79084],[106.12018,17.79124],[106.12138,17.79121],[106.12187,17.79133],[106.12328,17.79107],[106.12456,17.79049],[106.12593,17.79102],[106.12792,17.79078],[106.12877,17.79095],[106.13016,17.79081],[106.13069,17.79051],[106.13131,17.79071],[106.13301,17.79188],[106.13403,17.79166],[106.13507,17.79119],[106.137,17.7925],[106.13872,17.79357],[106.13884,17.79407],[106.13804,17.79506],[106.13756,17.79611],[106.13718,17.79643],[106.13582,17.7967],[106.13541,17.79701],[106.13725,17.79981],[106.13734,17.80144],[106.13784,17.80285],[106.13789,17.80437],[106.13834,17.80603],[106.1387,17.80654],[106.14055,17.80745],[106.14117,17.80752],[106.1422,17.80733],[106.14282,17.8089],[106.14306,17.80974],[106.14337,17.81014],[106.14565,17.81165],[106.14514,17.8148],[106.14499,17.81627],[106.14506,17.81974],[106.14321,17.82023],[106.14231,17.82059],[106.14209,17.8226],[106.14396,17.8244],[106.14438,17.82496],[106.14507,17.82492],[106.14498,17.82555],[106.14661,17.82548],[106.14699,17.82612],[106.14638,17.8268],[106.14699,17.82772],[106.14803,17.82797],[106.14862,17.82881],[106.14889,17.82972],[106.14883,17.83009],[106.14812,17.8311],[106.14903,17.83228],[106.15042,17.83384],[106.15127,17.83461],[106.15341,17.83635],[106.15405,17.83676],[106.15516,17.83724],[106.1562,17.8376],[106.15783,17.8379],[106.159,17.83851],[106.15929,17.83886],[106.15916,17.83928],[106.15873,17.83943],[106.15746,17.83908],[106.15544,17.83895],[106.15406,17.83865],[106.15336,17.83882],[106.15316,17.83907],[106.15325,17.83958],[106.15399,17.84038],[106.15463,17.84121],[106.15521,17.8422],[106.15534,17.84268],[106.15538,17.84366],[106.15595,17.84494],[106.15679,17.84505],[106.15706,17.84493],[106.15741,17.84431],[106.15822,17.84411],[106.15872,17.84331],[106.15914,17.84309],[106.15964,17.84311],[106.16037,17.84372],[106.16124,17.84406],[106.16139,17.84498],[106.16108,17.84581],[106.16082,17.84598],[106.16002,17.84596],[106.15972,17.84631],[106.1605,17.84705],[106.16084,17.84704],[106.16149,17.84766],[106.16235,17.84866],[106.16262,17.84926],[106.16257,17.84986],[106.16303,17.84988],[106.16425,17.85173],[106.16464,17.85185],[106.1648,17.85249],[106.16474,17.85289],[106.16539,17.85411],[106.1659,17.8559],[106.16591,17.85617],[106.16552,17.85659],[106.1638,17.85755],[106.16301,17.85771],[106.16183,17.85733],[106.16202,17.85813],[106.16262,17.85841],[106.16319,17.8584],[106.16362,17.85876],[106.16364,17.85966],[106.16341,17.86012],[106.16355,17.86103],[106.16352,17.86176],[106.16422,17.86286],[106.16436,17.86326],[106.16486,17.8638],[106.16545,17.86474],[106.16591,17.86514],[106.16673,17.86565],[106.16691,17.86624],[106.16675,17.86664],[106.16741,17.86681],[106.16772,17.86715],[106.16819,17.86725],[106.16831,17.86815],[106.16873,17.8689],[106.16866,17.8695],[106.16896,17.86982],[106.1691,17.8705],[106.16944,17.87104],[106.16957,17.87165],[106.16981,17.87202],[106.17066,17.87254],[106.17137,17.87477],[106.17143,17.87661],[106.17057,17.8777],[106.17012,17.87801],[106.17014,17.87875],[106.16963,17.8793],[106.16973,17.88094],[106.1696,17.88178],[106.16925,17.8824],[106.16918,17.88296],[106.1693,17.88475],[106.16992,17.88493],[106.17363,17.88206],[106.17509,17.882],[106.17552,17.88179],[106.17677,17.88173],[106.17775,17.88125],[106.17928,17.88107],[106.17985,17.88061],[106.18043,17.88055],[106.18152,17.88109],[106.18215,17.88081],[106.183,17.88125],[106.1842,17.88112],[106.18443,17.88089],[106.18551,17.88106],[106.18604,17.88143],[106.1865,17.88212],[106.187,17.88235],[106.18764,17.88185],[106.1879,17.88105],[106.18851,17.88132],[106.18946,17.88102],[106.18946,17.88014],[106.1896,17.87962],[106.19014,17.87949],[106.19077,17.87953],[106.19117,17.87881],[106.19153,17.87859],[106.19158,17.87671],[106.19203,17.87613],[106.19349,17.87641],[106.19383,17.8768],[106.1943,17.87677],[106.19451,17.87603],[106.19532,17.87582],[106.19533,17.8762],[106.19582,17.87658],[106.1967,17.87692],[106.19778,17.87699],[106.19869,17.87685],[106.19918,17.87659],[106.19974,17.87606],[106.20033,17.87526],[106.20123,17.8745],[106.20238,17.87401],[106.20294,17.87359],[106.20347,17.87339],[106.20435,17.87342],[106.20474,17.87433],[106.20397,17.87467],[106.20356,17.8751],[106.20338,17.87566],[106.20399,17.87658],[106.20406,17.87694],[106.20377,17.87873],[106.20368,17.8799],[106.20374,17.88081],[106.2035,17.88157],[106.20288,17.88208],[106.20271,17.88242],[106.20195,17.88306],[106.20104,17.88359],[106.2,17.88446],[106.19956,17.88474],[106.19883,17.88604],[106.19876,17.88764],[106.19844,17.88839],[106.19796,17.8902],[106.19631,17.89176],[106.19539,17.8938],[106.19449,17.8949],[106.19439,17.89521],[106.19429,17.8968],[106.19414,17.89697],[106.193,17.89739],[106.1921,17.89801],[106.19087,17.89868],[106.19042,17.89918],[106.18961,17.89982],[106.18861,17.90022],[106.1883,17.90067],[106.18811,17.90148],[106.1883,17.90227],[106.18828,17.90294],[106.188,17.90388],[106.18736,17.90519],[106.18653,17.90597],[106.18616,17.90658],[106.18533,17.90882],[106.1849,17.90947],[106.18372,17.91043],[106.18234,17.91123],[106.18095,17.91252],[106.17988,17.91402],[106.17936,17.91562],[106.17917,17.91775],[106.17892,17.91817],[106.17777,17.9189],[106.17682,17.91715],[106.17634,17.9167],[106.17521,17.91599],[106.17315,17.91501],[106.1726,17.91451],[106.17189,17.91436],[106.17146,17.91461],[106.17055,17.91462],[106.16933,17.91487],[106.16861,17.9147],[106.16754,17.91496],[106.16701,17.91543],[106.16624,17.91588],[106.16515,17.91633],[106.16464,17.91683],[106.16392,17.91694],[106.16317,17.91727],[106.16189,17.91698],[106.15939,17.91713],[106.15859,17.91673],[106.15783,17.91657],[106.15632,17.91704],[106.15559,17.91707],[106.15253,17.9176],[106.15192,17.91794],[106.151,17.91884],[106.15053,17.91895],[106.1481,17.919],[106.14739,17.91879],[106.14675,17.91832],[106.14634,17.91825],[106.14563,17.91837],[106.14421,17.91825],[106.14303,17.91877],[106.14219,17.91891],[106.14048,17.91864],[106.13997,17.91866],[106.13901,17.91904],[106.13877,17.91935],[106.1387,17.92053],[106.13814,17.92149],[106.13773,17.92161],[106.1368,17.92159],[106.13617,17.92142],[106.1352,17.92142],[106.13473,17.92123],[106.13407,17.92054],[106.13295,17.9206],[106.13251,17.92076],[106.13172,17.92044],[106.13112,17.92041],[106.13021,17.92071],[106.12963,17.92106],[106.12923,17.92184],[106.12835,17.92234],[106.12697,17.92336],[106.12556,17.92399],[106.12434,17.92432],[106.12359,17.92461],[106.12279,17.92506],[106.12166,17.92532],[106.12064,17.92571],[106.12048,17.92652],[106.1202,17.92688],[106.11957,17.92713],[106.11898,17.92757],[106.1173,17.9279],[106.11472,17.92697],[106.1143,17.92692],[106.11363,17.92719],[106.11325,17.92704],[106.11229,17.92701],[106.11204,17.92726],[106.11067,17.92766],[106.10923,17.92791],[106.10864,17.92786],[106.10621,17.92746],[106.1061,17.9278],[106.10527,17.92904],[106.1046,17.92913],[106.10377,17.92894],[106.10266,17.92887],[106.10201,17.92916],[106.10145,17.92964],[106.0996,17.93019],[106.09736,17.93038],[106.09685,17.93055],[106.09644,17.93114],[106.09613,17.93128],[106.09486,17.93144],[106.09431,17.93181],[106.09297,17.93219],[106.09098,17.93295],[106.08993,17.93241],[106.08915,17.93234],[106.08828,17.93208],[106.08687,17.93192],[106.08594,17.93189],[106.08533,17.93204],[106.08439,17.9325],[106.08382,17.93266],[106.0833,17.93261],[106.07982,17.93291],[106.07854,17.93296],[106.07641,17.93275],[106.07534,17.9331],[106.07432,17.93429],[106.07419,17.93461],[106.07409,17.93576],[106.073,17.93566],[106.07239,17.93584],[106.07166,17.93626],[106.0704,17.93588],[106.06999,17.93599],[106.06906,17.93698],[106.06846,17.93704],[106.06798,17.93741],[106.067,17.93746],[106.06577,17.93708],[106.06535,17.93735],[106.06457,17.93758],[106.06398,17.93725],[106.06358,17.93673],[106.0632,17.93596],[106.06299,17.93498],[106.06309,17.93422],[106.06191,17.9317],[106.06194,17.93073],[106.06167,17.93037],[106.06086,17.93014],[106.06037,17.92969],[106.05957,17.92832],[106.05892,17.92742],[106.05796,17.92567],[106.05786,17.92507],[106.0598,17.92118],[106.06006,17.91939],[106.06066,17.91862],[106.06107,17.9179],[106.06125,17.91687],[106.06002,17.91461],[106.05977,17.91364],[106.05895,17.91217],[106.0585,17.91069],[106.05857,17.91034],[106.05831,17.90966],[106.05816,17.90869],[106.05904,17.90847],[106.05975,17.90806],[106.06047,17.90809],[106.06148,17.90763],[106.06366,17.90785],[106.06425,17.90756],[106.06502,17.90657],[106.06546,17.9062],[106.0665,17.90599],[106.06707,17.90559],[106.06786,17.90536],[106.06906,17.9047],[106.06912,17.90444],[106.06854,17.90328],[106.06841,17.90282],[106.06862,17.90242],[106.06854,17.90183],[106.06861,17.90094],[106.06898,17.9002],[106.06879,17.89843],[106.06857,17.89746],[106.06799,17.8966],[106.06785,17.89611],[106.06707,17.89518],[106.06624,17.89275],[106.06605,17.89186],[106.06556,17.89108],[106.0651,17.89089],[106.06446,17.89101],[106.06435,17.89052],[106.06357,17.89019],[106.0633,17.88969],[106.06308,17.88878],[106.06306,17.88821],[106.06276,17.88762],[106.06226,17.88767],[106.06203,17.88733],[106.06068,17.88683],[106.0596,17.88511],[106.06029,17.882],[106.06116,17.88204],[106.06206,17.88168],[106.06222,17.88148],[106.06219,17.88072],[106.06236,17.87973],[106.0622,17.87927],[106.06267,17.87845],[106.06257,17.87792],[106.06267,17.87723],[106.06262,17.87662],[106.06216,17.87401],[106.0624,17.87274],[106.06224,17.87182],[106.06162,17.87006],[106.06223,17.86967],[106.06349,17.86924],[106.06386,17.86879],[106.06411,17.86817],[106.06447,17.86773],[106.06566,17.86667],[106.06674,17.86643],[106.06745,17.86578],[106.06774,17.86566],[106.06865,17.86576],[106.06976,17.86513],[106.07033,17.86463],[106.07105,17.86259],[106.0709,17.8617],[106.07099,17.86128],[106.07147,17.8606],[106.07188,17.85974],[106.07157,17.85769],[106.0717,17.85722],[106.07275,17.85549],[106.07337,17.85462],[106.07417,17.85317],[106.07438,17.85265],[106.07552,17.85219],[106.07566,17.85126],[106.07589,17.85064],[106.07582,17.84958],[106.07561,17.84906],[106.07557,17.84832],[106.07582,17.84752],[106.07555,17.84676],[106.0755,17.84622],[106.07471,17.84566],[106.07333,17.84542],[106.07234,17.84503],[106.07165,17.84397],[106.07098,17.84331],[106.06907,17.84192],[106.06762,17.84056],[106.06728,17.84055],[106.06657,17.84086],[106.06619,17.84149],[106.06594,17.84155],[106.06529,17.84103],[106.06444,17.83969],[106.06436,17.83941],[106.06446,17.83823],[106.06375,17.83831],[106.06283,17.83877],[106.06242,17.83863],[106.06189,17.83765],[106.06183,17.83662],[106.06166,17.83624],[106.06076,17.83548],[106.06051,17.83416],[106.06087,17.83342],[106.06047,17.83306],[106.06013,17.83248],[106.05998,17.83174],[106.05995,17.83057],[106.06059,17.83002],[106.06064,17.8297],[106.05974,17.82967],[106.05873,17.82897],[106.05835,17.82856],[106.05745,17.82865],[106.0566,17.82888],[106.05605,17.82791],[106.05516,17.82692],[106.05525,17.8264],[106.05467,17.82643],[106.05341,17.82623],[106.05224,17.82516],[106.0518,17.82449],[106.05213,17.82323],[106.05312,17.82235],[106.05438,17.82173],[106.05561,17.82139],[106.05757,17.82044],[106.05886,17.81955],[106.05864,17.81783],[106.05839,17.81707],[106.05753,17.81553],[106.05702,17.81481],[106.05627,17.81431],[106.05602,17.81345],[106.05578,17.81314],[106.05585,17.81265],[106.05716,17.81187],[106.05745,17.81154],[106.05897,17.81079],[106.06006,17.81075],[106.06084,17.81046],[106.06248,17.81013],[106.06351,17.80959],[106.06467,17.80946],[106.06642,17.80903],[106.06853,17.80818],[106.06958,17.80792],[106.07081,17.80715],[106.07174,17.80713],[106.07261,17.80663],[106.07373,17.80698],[106.07485,17.80617],[106.0763,17.80567],[106.07712,17.80569],[106.07797,17.80513],[106.07905,17.8048],[106.07969,17.80397],[106.0807,17.8041],[106.08175,17.80344],[106.08302,17.80384],[106.08332,17.80355],[106.08528,17.80284],[106.08568,17.80217],[106.08632,17.80156],[106.08709,17.80141],[106.08754,17.80118],[106.08824,17.80106],[106.089,17.80074],[106.08968,17.8],[106.08996,17.79907],[106.09058,17.79863],[106.09103,17.79857],[106.09146,17.79801],[106.09269,17.79747],[106.09323,17.79632],[106.09357,17.79602],[106.09448,17.7959],[106.09615,17.79479],[106.09793,17.79456],[106.09917,17.7942],[106.1011,17.79416],[106.10144,17.79376],[106.10249,17.79291],[106.10344,17.7927],[106.10403,17.79217],[106.10474,17.79191],[106.10537,17.79197],[106.10628,17.79176],[106.1068,17.79152],[106.10738,17.79144],[106.10799,17.79171]]]},"properties":{"name":"Tuyên Phú","nameEn":"Tuyen Phu","fullName":"Xã Tuyên Phú","fullNameEn":"Tuyen Phu Commune","codeName":"tuyen_phu","areaKm2":155.38,"postalCode":"47528","code":"18985"}},{"type":"Feature","geometry":{"type":"Polygon","coordinates":[[[106.14565,17.81165],[106.1461,17.81145],[106.15013,17.80931],[106.15173,17.8082],[106.15245,17.80788],[106.15385,17.8078],[106.155,17.80802],[106.15635,17.80765],[106.1568,17.8077],[106.15963,17.80674],[106.1603,17.80625],[106.16208,17.80576],[106.16351,17.80562],[106.16389,17.80516],[106.16528,17.80485],[106.16678,17.80498],[106.1679,17.80438],[106.16879,17.80415],[106.16945,17.80385],[106.17033,17.80301],[106.17183,17.80224],[106.17347,17.80201],[106.17473,17.80105],[106.17587,17.80118],[106.1768,17.80067],[106.17712,17.80005],[106.17845,17.79983],[106.17887,17.79951],[106.18041,17.80053],[106.18079,17.80169],[106.18232,17.80351],[106.18278,17.8043],[106.182,17.80634],[106.18388,17.8092],[106.18119,17.81162],[106.18234,17.81245],[106.18228,17.81493],[106.18331,17.81571],[106.18693,17.81445],[106.18934,17.81346],[106.19183,17.81274],[106.19451,17.81238],[106.19688,17.81195],[106.19881,17.8115],[106.20159,17.81022],[106.20425,17.80879],[106.20556,17.80791],[106.20758,17.80636],[106.21002,17.80404],[106.21172,17.80279],[106.21273,17.80225],[106.21391,17.80187],[106.21545,17.80159],[106.21696,17.80151],[106.21945,17.80149],[106.22355,17.80173],[106.22302,17.80304],[106.22257,17.80358],[106.22227,17.80508],[106.22248,17.8056],[106.22182,17.80575],[106.22108,17.80638],[106.22063,17.80663],[106.22107,17.80702],[106.22044,17.80727],[106.22017,17.808],[106.22049,17.8081],[106.2203,17.80879],[106.21974,17.80917],[106.21866,17.81028],[106.21786,17.8109],[106.21773,17.81203],[106.21824,17.8121],[106.21847,17.81274],[106.21804,17.813],[106.21825,17.81343],[106.21972,17.8129],[106.2223,17.81148],[106.22244,17.81117],[106.22285,17.8112],[106.22367,17.81277],[106.2251,17.81206],[106.22646,17.8149],[106.22697,17.81578],[106.22728,17.81684],[106.2277,17.81781],[106.22841,17.81893],[106.22935,17.82069],[106.22971,17.82102],[106.23175,17.82213],[106.23211,17.82268],[106.23272,17.82271],[106.23332,17.82293],[106.2336,17.82328],[106.23348,17.82412],[106.23394,17.82479],[106.23468,17.82525],[106.235,17.82575],[106.23592,17.8275],[106.23626,17.82887],[106.23749,17.83086],[106.23748,17.83132],[106.23722,17.83191],[106.23729,17.83243],[106.23844,17.83425],[106.23893,17.8351],[106.23951,17.83591],[106.23957,17.83737],[106.24009,17.83824],[106.2405,17.83977],[106.24061,17.84043],[106.24097,17.84115],[106.24089,17.84185],[106.24098,17.84281],[106.24199,17.84501],[106.24056,17.84576],[106.23919,17.8457],[106.23833,17.84688],[106.23819,17.84726],[106.23672,17.84758],[106.23512,17.84784],[106.23423,17.84831],[106.23293,17.85016],[106.23282,17.85061],[106.23434,17.85131],[106.23604,17.85165],[106.23842,17.85181],[106.23894,17.8523],[106.23998,17.85291],[106.24101,17.85302],[106.24147,17.85331],[106.24195,17.85441],[106.24261,17.85448],[106.24387,17.85385],[106.24476,17.85397],[106.24623,17.85375],[106.24814,17.854],[106.2501,17.85455],[106.25105,17.85511],[106.25247,17.85558],[106.2535,17.85604],[106.2546,17.85569],[106.25503,17.85536],[106.25545,17.85544],[106.25592,17.85504],[106.25588,17.85401],[106.25598,17.85202],[106.25643,17.85145],[106.25677,17.85137],[106.25772,17.85179],[106.25842,17.852],[106.25963,17.85207],[106.26113,17.85189],[106.26168,17.85405],[106.26181,17.85496],[106.26247,17.85561],[106.26252,17.85643],[106.26274,17.85709],[106.26333,17.8582],[106.26372,17.85931],[106.26402,17.85965],[106.26516,17.8606],[106.26677,17.86141],[106.2675,17.86135],[106.26894,17.86082],[106.26949,17.86074],[106.26998,17.86089],[106.26967,17.86245],[106.26987,17.86369],[106.27096,17.86396],[106.27159,17.86496],[106.27161,17.86544],[106.2714,17.86608],[106.27055,17.86728],[106.27011,17.86747],[106.26971,17.86808],[106.27001,17.86998],[106.27038,17.87037],[106.27149,17.87054],[106.27224,17.8709],[106.27294,17.87145],[106.27332,17.87259],[106.27385,17.87326],[106.27416,17.8746],[106.27401,17.87543],[106.27372,17.87625],[106.27335,17.87674],[106.27306,17.87756],[106.27239,17.87776],[106.27093,17.87786],[106.27024,17.87815],[106.2703,17.87925],[106.27027,17.88045],[106.27014,17.88093],[106.26951,17.88113],[106.26913,17.8816],[106.26906,17.88196],[106.26924,17.88301],[106.26856,17.88369],[106.26777,17.88479],[106.26696,17.88516],[106.26722,17.88621],[106.26795,17.88769],[106.26793,17.88925],[106.26818,17.89017],[106.26808,17.89062],[106.26822,17.89204],[106.26975,17.8928],[106.2711,17.89364],[106.27104,17.8946],[106.27138,17.89519],[106.27095,17.89602],[106.27093,17.89637],[106.27139,17.8974],[106.27133,17.89849],[106.2711,17.89904],[106.27095,17.89981],[106.27109,17.90028],[106.2715,17.90058],[106.27167,17.90138],[106.27208,17.90194],[106.27298,17.90219],[106.27411,17.90285],[106.27495,17.90304],[106.27548,17.90333],[106.27581,17.90378],[106.27606,17.90484],[106.2764,17.90535],[106.2773,17.90553],[106.27837,17.90559],[106.27849,17.9062],[106.27947,17.90659],[106.27959,17.90906],[106.28064,17.9102],[106.28087,17.911],[106.28052,17.91174],[106.27973,17.91307],[106.27956,17.91354],[106.27985,17.91467],[106.28045,17.9157],[106.27889,17.91616],[106.27774,17.9167],[106.27751,17.91729],[106.27716,17.91776],[106.27674,17.91862],[106.27576,17.91929],[106.27519,17.91958],[106.27329,17.91958],[106.2728,17.9198],[106.27212,17.91978],[106.26938,17.91854],[106.26841,17.91806],[106.26608,17.91622],[106.26565,17.91513],[106.26494,17.91439],[106.26418,17.91383],[106.26312,17.91384],[106.26245,17.91557],[106.2607,17.91573],[106.25984,17.91595],[106.25944,17.91628],[106.25862,17.91737],[106.25856,17.91773],[106.25886,17.91842],[106.25832,17.91881],[106.25745,17.91915],[106.2566,17.91977],[106.256,17.91987],[106.25467,17.91992],[106.25387,17.92021],[106.2536,17.92017],[106.25253,17.92041],[106.25131,17.92211],[106.25031,17.92313],[106.2494,17.92338],[106.2491,17.92401],[106.24909,17.9246],[106.24855,17.92503],[106.24851,17.9255],[106.24817,17.9257],[106.24749,17.92568],[106.24728,17.926],[106.24674,17.92597],[106.24629,17.92552],[106.24568,17.92579],[106.24531,17.92642],[106.24523,17.92743],[106.24451,17.92719],[106.24396,17.92753],[106.24346,17.92723],[106.24325,17.92759],[106.24211,17.92763],[106.24257,17.92844],[106.24259,17.92931],[106.24148,17.92929],[106.24126,17.92946],[106.24074,17.93045],[106.24012,17.93025],[106.2398,17.92988],[106.23972,17.92944],[106.2388,17.92875],[106.23842,17.92872],[106.23824,17.92779],[106.23777,17.92772],[106.2375,17.928],[106.23742,17.92849],[106.23694,17.9284],[106.23675,17.9275],[106.23602,17.92707],[106.23486,17.92786],[106.23419,17.92781],[106.23392,17.92818],[106.23401,17.92862],[106.2339,17.92918],[106.23338,17.92862],[106.233,17.92844],[106.23229,17.92844],[106.23157,17.92879],[106.23084,17.92812],[106.23008,17.92856],[106.22963,17.92901],[106.22912,17.92926],[106.22755,17.92909],[106.2272,17.92913],[106.22619,17.92957],[106.22543,17.9297],[106.2235,17.92977],[106.22258,17.92972],[106.2218,17.92901],[106.22102,17.92782],[106.22069,17.9275],[106.21973,17.92746],[106.21878,17.92793],[106.21819,17.928],[106.21652,17.92735],[106.21371,17.92664],[106.21251,17.92606],[106.21049,17.92626],[106.20911,17.92609],[106.2085,17.92539],[106.20773,17.92553],[106.20711,17.92541],[106.2062,17.92432],[106.20571,17.92341],[106.2044,17.9214],[106.20401,17.92019],[106.20283,17.91892],[106.20091,17.91769],[106.20025,17.91693],[106.2,17.91635],[106.19846,17.91639],[106.19774,17.91657],[106.19679,17.91704],[106.1962,17.91767],[106.19521,17.91814],[106.19461,17.91925],[106.19361,17.92031],[106.19359,17.92157],[106.1937,17.92214],[106.19312,17.92217],[106.19189,17.92299],[106.19107,17.92321],[106.19058,17.92347],[106.18949,17.92349],[106.18859,17.92235],[106.18811,17.92136],[106.18773,17.92076],[106.18717,17.92042],[106.18619,17.92028],[106.18393,17.92068],[106.18325,17.92101],[106.18259,17.92082],[106.18196,17.92083],[106.18163,17.92066],[106.18099,17.91988],[106.18038,17.91952],[106.1798,17.91935],[106.17883,17.91871],[106.17777,17.9189],[106.17892,17.91817],[106.17917,17.91775],[106.17936,17.91562],[106.17988,17.91402],[106.18095,17.91252],[106.18234,17.91123],[106.18372,17.91043],[106.1849,17.90947],[106.18533,17.90882],[106.18616,17.90658],[106.18653,17.90597],[106.18736,17.90519],[106.188,17.90388],[106.18828,17.90294],[106.1883,17.90227],[106.18811,17.90148],[106.1883,17.90067],[106.18861,17.90022],[106.18961,17.89982],[106.19042,17.89918],[106.19087,17.89868],[106.1921,17.89801],[106.193,17.89739],[106.19414,17.89697],[106.19429,17.8968],[106.19439,17.89521],[106.19449,17.8949],[106.19539,17.8938],[106.19631,17.89176],[106.19796,17.8902],[106.19844,17.88839],[106.19876,17.88764],[106.19883,17.88604],[106.19956,17.88474],[106.2,17.88446],[106.20104,17.88359],[106.20195,17.88306],[106.20271,17.88242],[106.20288,17.88208],[106.2035,17.88157],[106.20374,17.88081],[106.20368,17.8799],[106.20377,17.87873],[106.20406,17.87694],[106.20399,17.87658],[106.20338,17.87566],[106.20356,17.8751],[106.20397,17.87467],[106.20474,17.87433],[106.20435,17.87342],[106.20347,17.87339],[106.20294,17.87359],[106.20238,17.87401],[106.20123,17.8745],[106.20033,17.87526],[106.19974,17.87606],[106.19918,17.87659],[106.19869,17.87685],[106.19778,17.87699],[106.1967,17.87692],[106.19582,17.87658],[106.19533,17.8762],[106.19532,17.87582],[106.19451,17.87603],[106.1943,17.87677],[106.19383,17.8768],[106.19349,17.87641],[106.19203,17.87613],[106.19158,17.87671],[106.19153,17.87859],[106.19117,17.87881],[106.19077,17.87953],[106.19014,17.87949],[106.1896,17.87962],[106.18946,17.88014],[106.18946,17.88102],[106.18851,17.88132],[106.1879,17.88105],[106.18764,17.88185],[106.187,17.88235],[106.1865,17.88212],[106.18604,17.88143],[106.18551,17.88106],[106.18443,17.88089],[106.1842,17.88112],[106.183,17.88125],[106.18215,17.88081],[106.18152,17.88109],[106.18043,17.88055],[106.17985,17.88061],[106.17928,17.88107],[106.17775,17.88125],[106.17677,17.88173],[106.17552,17.88179],[106.17509,17.882],[106.17363,17.88206],[106.16992,17.88493],[106.1693,17.88475],[106.16918,17.88296],[106.16925,17.8824],[106.1696,17.88178],[106.16973,17.88094],[106.16963,17.8793],[106.17014,17.87875],[106.17012,17.87801],[106.17057,17.8777],[106.17143,17.87661],[106.17137,17.87477],[106.17066,17.87254],[106.16981,17.87202],[106.16957,17.87165],[106.16944,17.87104],[106.1691,17.8705],[106.16896,17.86982],[106.16866,17.8695],[106.16873,17.8689],[106.16831,17.86815],[106.16819,17.86725],[106.16772,17.86715],[106.16741,17.86681],[106.16675,17.86664],[106.16691,17.86624],[106.16673,17.86565],[106.16591,17.86514],[106.16545,17.86474],[106.16486,17.8638],[106.16436,17.86326],[106.16422,17.86286],[106.16352,17.86176],[106.16355,17.86103],[106.16341,17.86012],[106.16364,17.85966],[106.16362,17.85876],[106.16319,17.8584],[106.16262,17.85841],[106.16202,17.85813],[106.16183,17.85733],[106.16301,17.85771],[106.1638,17.85755],[106.16552,17.85659],[106.16591,17.85617],[106.1659,17.8559],[106.16539,17.85411],[106.16474,17.85289],[106.1648,17.85249],[106.16464,17.85185],[106.16425,17.85173],[106.16303,17.84988],[106.16257,17.84986],[106.16262,17.84926],[106.16235,17.84866],[106.16149,17.84766],[106.16084,17.84704],[106.1605,17.84705],[106.15972,17.84631],[106.16002,17.84596],[106.16082,17.84598],[106.16108,17.84581],[106.16139,17.84498],[106.16124,17.84406],[106.16037,17.84372],[106.15964,17.84311],[106.15914,17.84309],[106.15872,17.84331],[106.15822,17.84411],[106.15741,17.84431],[106.15706,17.84493],[106.15679,17.84505],[106.15595,17.84494],[106.15538,17.84366],[106.15534,17.84268],[106.15521,17.8422],[106.15463,17.84121],[106.15399,17.84038],[106.15325,17.83958],[106.15316,17.83907],[106.15336,17.83882],[106.15406,17.83865],[106.15544,17.83895],[106.15746,17.83908],[106.15873,17.83943],[106.15916,17.83928],[106.15929,17.83886],[106.159,17.83851],[106.15783,17.8379],[106.1562,17.8376],[106.15516,17.83724],[106.15405,17.83676],[106.15341,17.83635],[106.15127,17.83461],[106.15042,17.83384],[106.14903,17.83228],[106.14812,17.8311],[106.14883,17.83009],[106.14889,17.82972],[106.14862,17.82881],[106.14803,17.82797],[106.14699,17.82772],[106.14638,17.8268],[106.14699,17.82612],[106.14661,17.82548],[106.14498,17.82555],[106.14507,17.82492],[106.14438,17.82496],[106.14396,17.8244],[106.14209,17.8226],[106.14231,17.82059],[106.14321,17.82023],[106.14506,17.81974],[106.14499,17.81627],[106.14514,17.8148],[106.14565,17.81165]]]},"properties":{"name":"Tuyên Bình","nameEn":"Tuyen Binh","fullName":"Xã Tuyên Bình","fullNameEn":"Tuyen Binh Commune","codeName":"tuyen_binh","areaKm2":119.19,"postalCode":"47529","code":"18991"}},{"type":"Feature","geometry":{"type":"Polygon","coordinates":[[[106.11545,17.72213],[106.11631,17.72282],[106.1172,17.72315],[106.1188,17.72311],[106.11976,17.72334],[106.12084,17.72379],[106.12433,17.72395],[106.12531,17.7239],[106.12684,17.72396],[106.12756,17.72415],[106.12854,17.72412],[106.1297,17.72397],[106.13101,17.72365],[106.13266,17.7239],[106.13388,17.72335],[106.1353,17.7232],[106.13687,17.72398],[106.13798,17.72403],[106.1387,17.72383],[106.13911,17.72395],[106.14024,17.72497],[106.14112,17.72548],[106.14348,17.7262],[106.14398,17.72668],[106.14509,17.72661],[106.14576,17.72671],[106.14699,17.72717],[106.1481,17.72697],[106.14885,17.72726],[106.14949,17.72772],[106.15058,17.72801],[106.15082,17.72831],[106.15137,17.72964],[106.15178,17.72798],[106.15195,17.72771],[106.15322,17.7268],[106.15352,17.72649],[106.15413,17.7254],[106.15474,17.72487],[106.1557,17.72455],[106.15679,17.7243],[106.15743,17.72405],[106.15937,17.72422],[106.15981,17.72394],[106.16008,17.72346],[106.16072,17.72271],[106.1612,17.72241],[106.16203,17.72221],[106.16301,17.72234],[106.16423,17.7223],[106.16484,17.72206],[106.16675,17.72196],[106.16839,17.72225],[106.17013,17.72157],[106.1709,17.72167],[106.17205,17.72139],[106.17263,17.72151],[106.17386,17.72137],[106.17476,17.72142],[106.17543,17.72109],[106.17618,17.72117],[106.17697,17.72088],[106.17835,17.7206],[106.18055,17.71956],[106.18151,17.71962],[106.18214,17.71953],[106.18271,17.71918],[106.18319,17.7185],[106.18433,17.71924],[106.18463,17.71933],[106.18552,17.71913],[106.18573,17.71868],[106.18587,17.71754],[106.18652,17.71865],[106.18735,17.71897],[106.18844,17.71902],[106.18981,17.71874],[106.19035,17.71853],[106.19087,17.71865],[106.19189,17.71843],[106.19292,17.71852],[106.19373,17.71827],[106.19543,17.71795],[106.19683,17.71806],[106.19733,17.71786],[106.19766,17.71729],[106.19796,17.71711],[106.19954,17.71708],[106.20096,17.71666],[106.20089,17.71775],[106.20179,17.71877],[106.20217,17.71861],[106.20263,17.71883],[106.20298,17.71924],[106.20366,17.71955],[106.20422,17.7194],[106.20459,17.71884],[106.20502,17.7185],[106.20555,17.71839],[106.20613,17.7186],[106.20643,17.71899],[106.20785,17.719],[106.20803,17.71857],[106.20888,17.71796],[106.20925,17.71748],[106.2099,17.71707],[106.21051,17.71692],[106.21156,17.71722],[106.21189,17.71741],[106.21264,17.71713],[106.21385,17.71735],[106.215,17.71875],[106.2158,17.71887],[106.21672,17.71861],[106.21774,17.71799],[106.21829,17.71791],[106.21853,17.7172],[106.21878,17.71695],[106.21975,17.71691],[106.22013,17.71648],[106.22115,17.7164],[106.22198,17.71542],[106.22197,17.71483],[106.22254,17.71389],[106.22233,17.71286],[106.22528,17.71224],[106.22618,17.71177],[106.22722,17.71194],[106.22804,17.7116],[106.22887,17.71148],[106.22976,17.71149],[106.23099,17.71112],[106.23206,17.71089],[106.23454,17.71003],[106.23548,17.7096],[106.23667,17.71134],[106.23732,17.71203],[106.23778,17.71193],[106.23868,17.71155],[106.23943,17.71168],[106.23998,17.71192],[106.24063,17.7117],[106.24129,17.71115],[106.24166,17.71106],[106.24251,17.71162],[106.24372,17.71148],[106.24385,17.71322],[106.24366,17.71437],[106.24387,17.71594],[106.2442,17.71666],[106.24417,17.71751],[106.24564,17.71805],[106.24609,17.71899],[106.24632,17.71923],[106.24782,17.71941],[106.24997,17.72015],[106.25025,17.72063],[106.25044,17.72175],[106.25095,17.72237],[106.25211,17.72251],[106.25368,17.72318],[106.25416,17.72361],[106.25455,17.72372],[106.25561,17.7234],[106.25689,17.72426],[106.25716,17.72464],[106.25683,17.72615],[106.25555,17.72635],[106.25479,17.72663],[106.25452,17.727],[106.25366,17.72726],[106.25336,17.72761],[106.25343,17.72888],[106.25371,17.73013],[106.25366,17.73087],[106.25451,17.73185],[106.25529,17.73227],[106.25563,17.73207],[106.25612,17.73216],[106.2563,17.73259],[106.25555,17.73322],[106.25534,17.73372],[106.25553,17.73439],[106.25513,17.7353],[106.25504,17.73622],[106.25518,17.7372],[106.25476,17.73799],[106.25484,17.73838],[106.25655,17.73756],[106.25802,17.73716],[106.25789,17.73787],[106.25688,17.73838],[106.25693,17.73872],[106.25852,17.73886],[106.25973,17.7388],[106.26006,17.73896],[106.26052,17.73947],[106.26072,17.73994],[106.26045,17.74064],[106.25966,17.74148],[106.25957,17.74226],[106.26181,17.74218],[106.26325,17.74232],[106.26393,17.74248],[106.26446,17.74237],[106.26481,17.74252],[106.26713,17.74457],[106.2676,17.74449],[106.26819,17.74408],[106.26893,17.74388],[106.27033,17.74389],[106.27088,17.74375],[106.27154,17.74337],[106.27263,17.74345],[106.27378,17.74316],[106.27478,17.74308],[106.27591,17.74361],[106.27633,17.74402],[106.277,17.74502],[106.27815,17.74569],[106.27893,17.74659],[106.27979,17.74716],[106.28023,17.74768],[106.28044,17.74865],[106.28079,17.749],[106.28079,17.74945],[106.28228,17.74877],[106.28285,17.74874],[106.28333,17.749],[106.28363,17.74939],[106.28457,17.74795],[106.28638,17.74805],[106.28868,17.7472],[106.28909,17.74643],[106.29049,17.74573],[106.29149,17.74557],[106.29242,17.74572],[106.29268,17.74589],[106.29423,17.74559],[106.29483,17.74524],[106.2954,17.74548],[106.2959,17.74543],[106.29666,17.74502],[106.29709,17.74457],[106.29833,17.74546],[106.29851,17.74539],[106.29923,17.74834],[106.29772,17.74887],[106.29684,17.74955],[106.29658,17.75004],[106.29649,17.75141],[106.29676,17.7523],[106.29635,17.75231],[106.2959,17.75298],[106.29639,17.75456],[106.29672,17.75437],[106.29746,17.7559],[106.29784,17.75625],[106.29744,17.75645],[106.29775,17.75732],[106.30025,17.75791],[106.3016,17.75838],[106.30249,17.75859],[106.303,17.7598],[106.30317,17.76072],[106.30107,17.76075],[106.29912,17.761],[106.29811,17.76127],[106.29706,17.76178],[106.29644,17.76247],[106.2953,17.76475],[106.29463,17.76796],[106.29437,17.77052],[106.29415,17.77215],[106.29412,17.77359],[106.29424,17.7753],[106.294,17.77606],[106.29297,17.77831],[106.2923,17.7793],[106.29151,17.77999],[106.28986,17.78129],[106.28888,17.78196],[106.28628,17.7839],[106.28345,17.78579],[106.28114,17.78683],[106.27698,17.78808],[106.27555,17.78834],[106.27402,17.78851],[106.2717,17.78844],[106.27178,17.78969],[106.27225,17.79178],[106.2724,17.79303],[106.27237,17.7939],[106.27261,17.79438],[106.27404,17.79437],[106.27402,17.79543],[106.2741,17.79653],[106.2743,17.79764],[106.27489,17.79932],[106.27526,17.7999],[106.27593,17.80137],[106.27657,17.80158],[106.27671,17.80251],[106.27733,17.80344],[106.27726,17.8048],[106.27698,17.80607],[106.2772,17.80726],[106.27781,17.80777],[106.27891,17.80805],[106.28016,17.80823],[106.2809,17.80846],[106.28135,17.80845],[106.28257,17.80819],[106.28346,17.80864],[106.28453,17.80938],[106.28462,17.80992],[106.28456,17.81072],[106.2834,17.8123],[106.28324,17.81479],[106.28302,17.81506],[106.28064,17.81601],[106.28126,17.81679],[106.28176,17.81811],[106.28195,17.81937],[106.2811,17.8199],[106.28053,17.82095],[106.28132,17.82154],[106.2819,17.8224],[106.28194,17.82322],[106.28142,17.82458],[106.28181,17.82556],[106.28261,17.82715],[106.28349,17.8278],[106.2836,17.82811],[106.28438,17.82901],[106.28441,17.82964],[106.28375,17.82993],[106.28346,17.83047],[106.28349,17.83124],[106.28408,17.83216],[106.2841,17.83325],[106.28451,17.83412],[106.28406,17.83506],[106.28398,17.83595],[106.28377,17.83651],[106.28231,17.83768],[106.2836,17.8386],[106.2841,17.83944],[106.28455,17.83998],[106.28516,17.84027],[106.28651,17.8407],[106.28713,17.8408],[106.28814,17.84073],[106.28827,17.84279],[106.28798,17.8434],[106.28786,17.84444],[106.28472,17.84412],[106.28331,17.84425],[106.28267,17.84448],[106.28099,17.84436],[106.28035,17.84473],[106.27939,17.84556],[106.27933,17.84652],[106.27904,17.847],[106.27737,17.84817],[106.27655,17.84867],[106.27542,17.84886],[106.27464,17.84914],[106.27403,17.84964],[106.27305,17.85008],[106.27282,17.85098],[106.27273,17.85236],[106.2725,17.85265],[106.27205,17.85253],[106.26952,17.85109],[106.2681,17.85067],[106.26735,17.85057],[106.26616,17.8499],[106.26583,17.84982],[106.26533,17.8502],[106.26451,17.85115],[106.26323,17.85134],[106.2623,17.85163],[106.26113,17.85189],[106.25963,17.85207],[106.25842,17.852],[106.25772,17.85179],[106.25677,17.85137],[106.25643,17.85145],[106.25598,17.85202],[106.25588,17.85401],[106.25592,17.85504],[106.25545,17.85544],[106.25503,17.85536],[106.2546,17.85569],[106.2535,17.85604],[106.25247,17.85558],[106.25105,17.85511],[106.2501,17.85455],[106.24814,17.854],[106.24623,17.85375],[106.24476,17.85397],[106.24387,17.85385],[106.24261,17.85448],[106.24195,17.85441],[106.24147,17.85331],[106.24101,17.85302],[106.23998,17.85291],[106.23894,17.8523],[106.23842,17.85181],[106.23604,17.85165],[106.23434,17.85131],[106.23282,17.85061],[106.23293,17.85016],[106.23423,17.84831],[106.23512,17.84784],[106.23672,17.84758],[106.23819,17.84726],[106.23833,17.84688],[106.23919,17.8457],[106.24056,17.84576],[106.24199,17.84501],[106.24098,17.84281],[106.24089,17.84185],[106.24097,17.84115],[106.24061,17.84043],[106.2405,17.83977],[106.24009,17.83824],[106.23957,17.83737],[106.23951,17.83591],[106.23893,17.8351],[106.23844,17.83425],[106.23729,17.83243],[106.23722,17.83191],[106.23748,17.83132],[106.23749,17.83086],[106.23626,17.82887],[106.23592,17.8275],[106.235,17.82575],[106.23468,17.82525],[106.23394,17.82479],[106.23348,17.82412],[106.2336,17.82328],[106.23332,17.82293],[106.23272,17.82271],[106.23211,17.82268],[106.23175,17.82213],[106.22971,17.82102],[106.22935,17.82069],[106.22841,17.81893],[106.2277,17.81781],[106.22728,17.81684],[106.22697,17.81578],[106.22646,17.8149],[106.2251,17.81206],[106.22367,17.81277],[106.22285,17.8112],[106.22244,17.81117],[106.2223,17.81148],[106.21972,17.8129],[106.21825,17.81343],[106.21804,17.813],[106.21847,17.81274],[106.21824,17.8121],[106.21773,17.81203],[106.21786,17.8109],[106.21866,17.81028],[106.21974,17.80917],[106.2203,17.80879],[106.22049,17.8081],[106.22017,17.808],[106.22044,17.80727],[106.22107,17.80702],[106.22063,17.80663],[106.22108,17.80638],[106.22182,17.80575],[106.22248,17.8056],[106.22227,17.80508],[106.22257,17.80358],[106.22302,17.80304],[106.22355,17.80173],[106.21945,17.80149],[106.21696,17.80151],[106.21545,17.80159],[106.21391,17.80187],[106.21273,17.80225],[106.21172,17.80279],[106.21002,17.80404],[106.20758,17.80636],[106.20556,17.80791],[106.20425,17.80879],[106.20159,17.81022],[106.19881,17.8115],[106.19688,17.81195],[106.19451,17.81238],[106.19183,17.81274],[106.18934,17.81346],[106.18693,17.81445],[106.18331,17.81571],[106.18228,17.81493],[106.18234,17.81245],[106.18119,17.81162],[106.18388,17.8092],[106.182,17.80634],[106.18278,17.8043],[106.18232,17.80351],[106.18079,17.80169],[106.18041,17.80053],[106.17887,17.79951],[106.17845,17.79983],[106.17712,17.80005],[106.1768,17.80067],[106.17587,17.80118],[106.17473,17.80105],[106.17347,17.80201],[106.17183,17.80224],[106.17033,17.80301],[106.16945,17.80385],[106.16879,17.80415],[106.1679,17.80438],[106.16678,17.80498],[106.16528,17.80485],[106.16389,17.80516],[106.16351,17.80562],[106.16208,17.80576],[106.1603,17.80625],[106.15963,17.80674],[106.1568,17.8077],[106.15635,17.80765],[106.155,17.80802],[106.15385,17.8078],[106.15245,17.80788],[106.15173,17.8082],[106.15013,17.80931],[106.1461,17.81145],[106.14565,17.81165],[106.14337,17.81014],[106.14306,17.80974],[106.14282,17.8089],[106.1422,17.80733],[106.14117,17.80752],[106.14055,17.80745],[106.1387,17.80654],[106.13834,17.80603],[106.13789,17.80437],[106.13784,17.80285],[106.13734,17.80144],[106.13725,17.79981],[106.13541,17.79701],[106.13582,17.7967],[106.13718,17.79643],[106.13756,17.79611],[106.13804,17.79506],[106.13884,17.79407],[106.13872,17.79357],[106.137,17.7925],[106.13507,17.79119],[106.13403,17.79166],[106.13301,17.79188],[106.13131,17.79071],[106.13069,17.79051],[106.13016,17.79081],[106.12877,17.79095],[106.12792,17.79078],[106.12593,17.79102],[106.12456,17.79049],[106.12328,17.79107],[106.12187,17.79133],[106.12138,17.79121],[106.12018,17.79124],[106.11972,17.79084],[106.11918,17.79062],[106.11807,17.79094],[106.11663,17.79156],[106.11513,17.79164],[106.11363,17.79084],[106.11281,17.79102],[106.11223,17.79083],[106.11101,17.79078],[106.11006,17.79113],[106.10932,17.79107],[106.10885,17.79124],[106.10861,17.79156],[106.10799,17.79171],[106.10814,17.79147],[106.10807,17.79014],[106.10783,17.78956],[106.10735,17.78887],[106.10737,17.78837],[106.10767,17.78786],[106.10839,17.78722],[106.1106,17.78696],[106.11149,17.78666],[106.11144,17.78639],[106.11084,17.78543],[106.11076,17.78506],[106.11057,17.78223],[106.11024,17.78094],[106.10916,17.78084],[106.10796,17.78053],[106.10704,17.78043],[106.10617,17.77994],[106.10527,17.77814],[106.10496,17.77784],[106.10355,17.77738],[106.10219,17.77649],[106.10148,17.77627],[106.10095,17.77654],[106.10109,17.7744],[106.1013,17.77389],[106.1014,17.77318],[106.10129,17.77263],[106.10032,17.77131],[106.10019,17.77049],[106.09954,17.76997],[106.09936,17.76952],[106.10023,17.76811],[106.10204,17.76673],[106.10236,17.76616],[106.10214,17.76513],[106.10103,17.76304],[106.10098,17.76285],[106.10127,17.76116],[106.10128,17.75944],[106.1012,17.75814],[106.10176,17.75576],[106.10174,17.75527],[106.10151,17.75438],[106.10167,17.75173],[106.10128,17.75094],[106.10147,17.75049],[106.10201,17.75027],[106.10387,17.75002],[106.10659,17.75008],[106.10748,17.74964],[106.10848,17.74966],[106.10983,17.74955],[106.11063,17.74918],[106.1117,17.74911],[106.11355,17.74916],[106.11384,17.74871],[106.11391,17.7481],[106.11361,17.74508],[106.1133,17.74309],[106.11309,17.74123],[106.113,17.73952],[106.1127,17.73844],[106.11314,17.73643],[106.11344,17.73473],[106.11384,17.73295],[106.11393,17.73106],[106.11422,17.72983],[106.11417,17.72952],[106.11351,17.7287],[106.11298,17.72768],[106.11268,17.72662],[106.1124,17.72497],[106.1126,17.72382],[106.11284,17.72345],[106.1136,17.72288],[106.11545,17.72213]]]},"properties":{"name":"Tuyên Hoá","nameEn":"Tuyen Hoa","fullName":"Xã Tuyên Hoá","fullNameEn":"Tuyen Hoa Commune","codeName":"tuyen_hoa","areaKm2":194.92,"postalCode":"47530","code":"18997"}},{"type":"Feature","geometry":{"type":"Polygon","coordinates":[[[106.44,17.76888],[106.43979,17.7711],[106.42961,17.78741],[106.42666,17.79267],[106.42488,17.79693],[106.4216,17.79609],[106.41715,17.795],[106.4158,17.79471],[106.41821,17.77954],[106.41367,17.77599],[106.41351,17.77589],[106.40765,17.7711],[106.40687,17.7676],[106.40456,17.76358],[106.40162,17.76416],[106.39813,17.76545],[106.39729,17.76569],[106.39714,17.76589],[106.39425,17.76445],[106.39412,17.7637],[106.39354,17.76133],[106.39305,17.76026],[106.39212,17.75719],[106.39202,17.75672],[106.39242,17.75658],[106.39227,17.75565],[106.39199,17.75496],[106.3913,17.75419],[106.39036,17.75495],[106.3891,17.75616],[106.38832,17.75656],[106.38705,17.7568],[106.38499,17.75687],[106.38264,17.75677],[106.37852,17.75687],[106.3738,17.75795],[106.37079,17.7588],[106.36688,17.76041],[106.36262,17.76195],[106.36184,17.76171],[106.36116,17.76115],[106.3593,17.7598],[106.35834,17.75935],[106.35758,17.75914],[106.3559,17.75903],[106.3546,17.7592],[106.3527,17.75962],[106.35028,17.76026],[106.34912,17.76036],[106.35011,17.75947],[106.35135,17.75812],[106.35266,17.7568],[106.35382,17.75509],[106.35451,17.75483],[106.3573,17.75409],[106.36101,17.75334],[106.36338,17.75261],[106.36666,17.75134],[106.36855,17.75073],[106.372,17.7499],[106.37649,17.74904],[106.37975,17.74783],[106.38443,17.74576],[106.38719,17.74474],[106.38857,17.74464],[106.39003,17.74488],[106.39192,17.74549],[106.3971,17.74778],[106.39827,17.74873],[106.40271,17.74753],[106.40404,17.74726],[106.40828,17.74606],[106.41155,17.74486],[106.41768,17.74216],[106.41903,17.74332],[106.42009,17.74414],[106.4213,17.74483],[106.4227,17.74494],[106.42409,17.74495],[106.4243,17.74507],[106.42428,17.74587],[106.4239,17.74653],[106.42377,17.74785],[106.42395,17.74885],[106.42445,17.74968],[106.42554,17.75125],[106.42589,17.75153],[106.42669,17.75158],[106.42824,17.75119],[106.42899,17.75285],[106.42971,17.75302],[106.43032,17.75302],[106.43206,17.75231],[106.43249,17.75271],[106.43298,17.75392],[106.43274,17.75433],[106.43095,17.75421],[106.43059,17.75577],[106.43032,17.75773],[106.43002,17.75913],[106.43015,17.75986],[106.43047,17.76013],[106.43416,17.7595],[106.4349,17.75906],[106.43527,17.75913],[106.436,17.75972],[106.43647,17.76039],[106.43901,17.76168],[106.43929,17.76194],[106.4396,17.76283],[106.44034,17.76388],[106.44073,17.76472],[106.44073,17.7651],[106.44027,17.76703],[106.44,17.76888]]]},"properties":{"name":"Ba Đồn","nameEn":"Ba Don","fullName":"Phường Ba Đồn","fullNameEn":"Ba Don Ward","codeName":"ba_don","areaKm2":20.45,"postalCode":"47306","code":"19009"}},{"type":"Feature","geometry":{"type":"MultiPolygon","coordinates":[[[[106.27306,17.87756],[106.27333,17.87809],[106.27382,17.87849],[106.2748,17.87857],[106.27595,17.87778],[106.27714,17.87796],[106.2791,17.8777],[106.2803,17.87718],[106.28074,17.87804],[106.28171,17.87859],[106.28253,17.87875],[106.28355,17.87864],[106.28407,17.87848],[106.28495,17.87776],[106.28593,17.8775],[106.2868,17.87763],[106.28806,17.87761],[106.28862,17.87843],[106.28924,17.87964],[106.28957,17.88007],[106.29005,17.8802],[106.29045,17.88062],[106.29109,17.88163],[106.29123,17.88224],[106.29182,17.88258],[106.29198,17.88331],[106.29245,17.88368],[106.29266,17.88437],[106.29226,17.88521],[106.29345,17.88657],[106.2969,17.88704],[106.29681,17.88854],[106.29627,17.89009],[106.2956,17.89272],[106.29586,17.89458],[106.2963,17.89494],[106.29725,17.89507],[106.30116,17.89658],[106.30154,17.89641],[106.30242,17.89654],[106.30337,17.8972],[106.30479,17.89577],[106.30496,17.89551],[106.30533,17.89416],[106.30548,17.89407],[106.30733,17.89422],[106.3081,17.89409],[106.30872,17.89379],[106.31062,17.89492],[106.31087,17.89479],[106.31199,17.8938],[106.31252,17.89381],[106.31324,17.89421],[106.31407,17.89425],[106.31459,17.89403],[106.31557,17.89325],[106.3174,17.89353],[106.31782,17.89392],[106.31878,17.89442],[106.31883,17.89519],[106.32056,17.89712],[106.32071,17.89749],[106.32015,17.89868],[106.32016,17.89939],[106.31956,17.90006],[106.31956,17.90138],[106.31874,17.90245],[106.31908,17.90267],[106.31968,17.90252],[106.32032,17.90264],[106.32136,17.90259],[106.32218,17.90299],[106.3238,17.90298],[106.32479,17.90315],[106.32541,17.90288],[106.32809,17.90266],[106.32922,17.9021],[106.33015,17.90144],[106.33081,17.90145],[106.33155,17.90165],[106.33224,17.90105],[106.3322,17.90058],[106.33247,17.90003],[106.3343,17.89894],[106.33623,17.89936],[106.33781,17.89932],[106.33829,17.89968],[106.33884,17.89954],[106.33944,17.89898],[106.34036,17.89885],[106.34113,17.8986],[106.34189,17.89858],[106.34329,17.89719],[106.34483,17.89622],[106.34643,17.89583],[106.34884,17.89485],[106.34965,17.89479],[106.35038,17.89505],[106.35097,17.89541],[106.35189,17.89501],[106.35221,17.89387],[106.35229,17.89317],[106.35268,17.89264],[106.35329,17.89257],[106.35365,17.89215],[106.35438,17.8918],[106.35553,17.89108],[106.35628,17.89083],[106.3584,17.89044],[106.35983,17.89033],[106.36064,17.89117],[106.36161,17.892],[106.36276,17.89252],[106.36388,17.89261],[106.36474,17.89252],[106.36564,17.89229],[106.36836,17.89056],[106.37046,17.88912],[106.37148,17.88886],[106.37297,17.88934],[106.37684,17.89094],[106.37728,17.89101],[106.37982,17.89275],[106.38104,17.89371],[106.3822,17.89499],[106.38252,17.89573],[106.38227,17.8961],[106.38254,17.89744],[106.38364,17.89909],[106.38436,17.89979],[106.38488,17.90002],[106.38605,17.90022],[106.38585,17.90077],[106.38618,17.90083],[106.3867,17.89996],[106.38739,17.8997],[106.38745,17.90013],[106.38806,17.9009],[106.38772,17.90153],[106.38948,17.90195],[106.39106,17.90405],[106.39124,17.9045],[106.39085,17.90552],[106.39035,17.90643],[106.39071,17.90724],[106.391,17.90829],[106.39133,17.90877],[106.39176,17.90967],[106.39221,17.91096],[106.39268,17.9113],[106.3943,17.91177],[106.39512,17.91218],[106.39579,17.91297],[106.39605,17.91347],[106.39616,17.91408],[106.39587,17.91596],[106.39597,17.91747],[106.39662,17.91834],[106.39832,17.91957],[106.39873,17.91888],[106.39909,17.91774],[106.39907,17.91743],[106.3987,17.91664],[106.39876,17.91526],[106.39915,17.91338],[106.39989,17.91253],[106.40158,17.90953],[106.40188,17.90835],[106.40168,17.90663],[106.4015,17.90582],[106.40112,17.90523],[106.40094,17.90465],[106.40105,17.90312],[106.40089,17.90239],[106.40009,17.90176],[106.40063,17.89734],[106.39974,17.89619],[106.39997,17.89589],[106.40074,17.89581],[106.4007,17.89515],[106.40208,17.89473],[106.40286,17.89408],[106.4027,17.89351],[106.40417,17.89314],[106.4054,17.89315],[106.40575,17.89296],[106.40602,17.89237],[106.40575,17.89139],[106.40533,17.89072],[106.40529,17.89025],[106.4061,17.89015],[106.40683,17.89032],[106.40803,17.89089],[106.4091,17.89149],[106.40983,17.89209],[106.41069,17.89301],[106.41133,17.89332],[106.41182,17.89326],[106.41229,17.893],[106.41279,17.89225],[106.41356,17.8898],[106.41412,17.88958],[106.41537,17.88935],[106.4172,17.88927],[106.41803,17.88947],[106.41884,17.89006],[106.4196,17.89089],[106.42007,17.89127],[106.42092,17.89167],[106.42169,17.89185],[106.42303,17.89188],[106.42422,17.89141],[106.42493,17.89093],[106.42617,17.88923],[106.42667,17.88839],[106.42706,17.88738],[106.42735,17.8861],[106.42765,17.88365],[106.42793,17.88282],[106.42848,17.88166],[106.42944,17.87978],[106.43045,17.87863],[106.43148,17.87771],[106.43167,17.87738],[106.43249,17.87658],[106.43341,17.87596],[106.43468,17.87553],[106.43548,17.87545],[106.43636,17.87561],[106.43723,17.876],[106.43802,17.87662],[106.43977,17.87846],[106.44048,17.87885],[106.44146,17.87908],[106.44242,17.87921],[106.44326,17.87903],[106.44409,17.87851],[106.44478,17.8777],[106.44634,17.87678],[106.44762,17.87617],[106.4487,17.87577],[106.45014,17.8758],[106.4519,17.87642],[106.45276,17.87709],[106.45384,17.87816],[106.45472,17.87868],[106.45556,17.8787],[106.45607,17.87846],[106.45648,17.87809],[106.45719,17.87856],[106.45774,17.87831],[106.45844,17.87838],[106.45964,17.87886],[106.46016,17.87944],[106.46084,17.88113],[106.46119,17.88227],[106.46171,17.88344],[106.4632,17.88899],[106.46382,17.89026],[106.46468,17.89167],[106.46554,17.89246],[106.46649,17.8929],[106.46672,17.89318],[106.46767,17.89355],[106.46784,17.89408],[106.46869,17.89498],[106.46885,17.89594],[106.46883,17.89714],[106.46893,17.89901],[106.46933,17.90062],[106.46993,17.90235],[106.4703,17.90292],[106.47148,17.90432],[106.47172,17.90477],[106.47202,17.90602],[106.47252,17.90702],[106.47334,17.90789],[106.47452,17.90871],[106.47475,17.9092],[106.47527,17.90951],[106.47575,17.9104],[106.47688,17.91109],[106.4773,17.91201],[106.4775,17.91128],[106.47918,17.91305],[106.48132,17.9155],[106.48135,17.91601],[106.48163,17.91654],[106.48274,17.91972],[106.48336,17.9209],[106.48478,17.92198],[106.48562,17.92236],[106.48627,17.92245],[106.48788,17.922],[106.48833,17.92159],[106.48949,17.92148],[106.49049,17.92172],[106.49123,17.92112],[106.49159,17.92131],[106.49123,17.92174],[106.49205,17.92195],[106.49237,17.92149],[106.49289,17.92134],[106.49326,17.92203],[106.49334,17.92254],[106.49364,17.92277],[106.49429,17.92284],[106.49503,17.92245],[106.49577,17.92155],[106.49658,17.92121],[106.49719,17.9213],[106.49821,17.922],[106.49893,17.92239],[106.50079,17.92309],[106.50184,17.92376],[106.50241,17.9239],[106.5021,17.92466],[106.50217,17.92504],[106.502,17.9256],[106.5034,17.92867],[106.50432,17.9304],[106.50619,17.93323],[106.50816,17.93557],[106.50972,17.93711],[106.50958,17.93724],[106.51101,17.93817],[106.51271,17.93918],[106.51325,17.93936],[106.51368,17.94003],[106.51448,17.94067],[106.51558,17.94128],[106.51608,17.94141],[106.51482,17.94252],[106.51429,17.94276],[106.51264,17.94296],[106.51144,17.94265],[106.51133,17.94295],[106.5108,17.94329],[106.50965,17.94439],[106.50865,17.94571],[106.50734,17.94771],[106.50621,17.95005],[106.50534,17.9526],[106.505,17.95423],[106.50496,17.95581],[106.50517,17.95755],[106.50543,17.95846],[106.50641,17.95893],[106.50788,17.9591],[106.50836,17.95906],[106.50991,17.95943],[106.51071,17.95991],[106.50844,17.95997],[106.50816,17.96022],[106.50658,17.96092],[106.50581,17.96139],[106.50487,17.96158],[106.50347,17.96151],[106.50184,17.96102],[106.49968,17.96069],[106.49879,17.96069],[106.49713,17.96055],[106.49635,17.96068],[106.4955,17.96062],[106.49332,17.95993],[106.49256,17.95961],[106.4915,17.95937],[106.48983,17.95832],[106.48934,17.95779],[106.48877,17.95747],[106.48785,17.95713],[106.48666,17.95683],[106.48576,17.95618],[106.48413,17.95567],[106.48257,17.95493],[106.48211,17.95462],[106.48129,17.95438],[106.48074,17.95363],[106.4802,17.95361],[106.4793,17.95325],[106.4786,17.95337],[106.4768,17.95428],[106.47616,17.95492],[106.47568,17.95526],[106.47426,17.95543],[106.47304,17.95582],[106.47113,17.95616],[106.46982,17.95624],[106.46837,17.95625],[106.46631,17.95604],[106.46546,17.95588],[106.46494,17.95593],[106.46422,17.95543],[106.46368,17.95528],[106.46136,17.95482],[106.46039,17.95486],[106.45908,17.9544],[106.45692,17.95294],[106.4549,17.95176],[106.45336,17.9511],[106.45233,17.95057],[106.45102,17.95017],[106.45021,17.94955],[106.44953,17.95015],[106.44737,17.95124],[106.44634,17.95132],[106.4454,17.95179],[106.44471,17.95174],[106.44459,17.95221],[106.44408,17.95574],[106.44426,17.95798],[106.44399,17.96009],[106.44409,17.96289],[106.44409,17.96535],[106.44402,17.96693],[106.44412,17.96768],[106.44438,17.96839],[106.44411,17.96893],[106.44282,17.96893],[106.44201,17.96923],[106.44042,17.96936],[106.43883,17.96985],[106.43812,17.97056],[106.4365,17.97184],[106.43631,17.9723],[106.43588,17.97278],[106.43547,17.97284],[106.4347,17.97255],[106.43394,17.97206],[106.4327,17.97215],[106.43225,17.97205],[106.43136,17.97147],[106.43024,17.97106],[106.42862,17.9711],[106.42665,17.97079],[106.42492,17.96992],[106.42388,17.96958],[106.4228,17.9695],[106.42214,17.96999],[106.42138,17.97033],[106.42109,17.97101],[106.42053,17.9715],[106.41999,17.97173],[106.41948,17.97221],[106.41847,17.97294],[106.41783,17.97406],[106.41727,17.97466],[106.41674,17.9747],[106.41511,17.97398],[106.41399,17.97378],[106.41301,17.97344],[106.41174,17.97337],[106.41024,17.97291],[106.40995,17.97262],[106.40941,17.97291],[106.40767,17.97399],[106.40732,17.97462],[106.40612,17.97598],[106.40482,17.97673],[106.40345,17.97784],[106.40261,17.97831],[106.40187,17.97904],[106.40076,17.98041],[106.40039,17.9817],[106.39616,17.98124],[106.39546,17.98136],[106.39446,17.98179],[106.39351,17.98195],[106.39216,17.98183],[106.39094,17.98208],[106.39013,17.9821],[106.38898,17.98239],[106.38787,17.98234],[106.38703,17.98244],[106.38466,17.98356],[106.38402,17.98393],[106.38312,17.98472],[106.38215,17.98516],[106.38148,17.98591],[106.38011,17.98628],[106.37941,17.9862],[106.37891,17.98576],[106.37805,17.98562],[106.37712,17.9856],[106.37619,17.98534],[106.37535,17.98533],[106.3732,17.98652],[106.37211,17.98685],[106.36858,17.98823],[106.36788,17.98837],[106.36553,17.98834],[106.36417,17.98876],[106.36374,17.98951],[106.36315,17.99012],[106.36193,17.99064],[106.36045,17.991],[106.35671,17.99069],[106.35535,17.99009],[106.35424,17.98981],[106.35293,17.98933],[106.3517,17.98907],[106.35075,17.98922],[106.34964,17.98888],[106.3489,17.98894],[106.34827,17.9892],[106.34648,17.98967],[106.34397,17.99067],[106.34161,17.99173],[106.34099,17.99182],[106.3403,17.99163],[106.33981,17.99123],[106.33839,17.99134],[106.33781,17.99101],[106.33778,17.99055],[106.33799,17.98925],[106.33774,17.98791],[106.33739,17.98735],[106.33666,17.98647],[106.33606,17.98551],[106.33491,17.9847],[106.33413,17.98432],[106.33345,17.98348],[106.33228,17.98255],[106.3314,17.98163],[106.33032,17.98077],[106.32862,17.97992],[106.32852,17.97949],[106.32835,17.97737],[106.3281,17.97508],[106.32777,17.97364],[106.32616,17.97005],[106.32565,17.96923],[106.3251,17.96758],[106.32496,17.96683],[106.32514,17.96591],[106.32508,17.96545],[106.32433,17.96453],[106.32411,17.96304],[106.32385,17.96276],[106.32302,17.96251],[106.32231,17.96249],[106.3212,17.9627],[106.31778,17.96362],[106.31685,17.96362],[106.31498,17.9634],[106.31302,17.96342],[106.31231,17.96331],[106.31167,17.96258],[106.31075,17.96226],[106.30721,17.96249],[106.3054,17.96285],[106.30494,17.9626],[106.30445,17.96142],[106.30431,17.95935],[106.30416,17.95889],[106.30354,17.95861],[106.30258,17.95714],[106.30114,17.95572],[106.30056,17.95525],[106.29987,17.9544],[106.29943,17.95421],[106.2984,17.95428],[106.29787,17.95395],[106.29771,17.95366],[106.29774,17.95291],[106.29755,17.95015],[106.29734,17.94928],[106.29679,17.94861],[106.29626,17.94665],[106.29636,17.94587],[106.29621,17.94528],[106.29514,17.9447],[106.29376,17.94358],[106.29247,17.94324],[106.29073,17.94326],[106.29006,17.94306],[106.2888,17.94238],[106.28462,17.93906],[106.2809,17.93362],[106.28211,17.92976],[106.28504,17.92521],[106.28521,17.92183],[106.28477,17.91933],[106.28337,17.91849],[106.28045,17.9157],[106.27985,17.91467],[106.27956,17.91354],[106.27973,17.91307],[106.28052,17.91174],[106.28087,17.911],[106.28064,17.9102],[106.27959,17.90906],[106.27947,17.90659],[106.27849,17.9062],[106.27837,17.90559],[106.2773,17.90553],[106.2764,17.90535],[106.27606,17.90484],[106.27581,17.90378],[106.27548,17.90333],[106.27495,17.90304],[106.27411,17.90285],[106.27298,17.90219],[106.27208,17.90194],[106.27167,17.90138],[106.2715,17.90058],[106.27109,17.90028],[106.27095,17.89981],[106.2711,17.89904],[106.27133,17.89849],[106.27139,17.8974],[106.27093,17.89637],[106.27095,17.89602],[106.27138,17.89519],[106.27104,17.8946],[106.2711,17.89364],[106.26975,17.8928],[106.26822,17.89204],[106.26808,17.89062],[106.26818,17.89017],[106.26793,17.88925],[106.26795,17.88769],[106.26722,17.88621],[106.26696,17.88516],[106.26777,17.88479],[106.26856,17.88369],[106.26924,17.88301],[106.26906,17.88196],[106.26913,17.8816],[106.26951,17.88113],[106.27014,17.88093],[106.27027,17.88045],[106.2703,17.87925],[106.27024,17.87815],[106.27093,17.87786],[106.27239,17.87776],[106.27306,17.87756]]],[[[106.4963,17.90719],[106.49726,17.90776],[106.49798,17.90854],[106.49812,17.90904],[106.49722,17.9095],[106.49732,17.91094],[106.49721,17.91143],[106.49661,17.91285],[106.49541,17.91478],[106.49479,17.91496],[106.49432,17.91481],[106.49371,17.91421],[106.49284,17.91269],[106.49274,17.91234],[106.49288,17.91172],[106.49445,17.91042],[106.4955,17.90908],[106.49558,17.90857],[106.49526,17.90791],[106.49534,17.90722],[106.4963,17.90719]]],[[[106.67092,17.91147],[106.67146,17.91147],[106.67251,17.91175],[106.67324,17.91214],[106.67431,17.9125],[106.67439,17.91318],[106.67379,17.91357],[106.67267,17.91342],[106.67155,17.91313],[106.67079,17.91259],[106.67025,17.91198],[106.67045,17.91148],[106.67092,17.91147]]],[[[106.53122,17.93584],[106.53033,17.93635],[106.53007,17.93662],[106.52995,17.93737],[106.52874,17.93749],[106.5274,17.93782],[106.52631,17.93801],[106.52556,17.93766],[106.52538,17.93706],[106.52553,17.93686],[106.5262,17.93663],[106.52706,17.93598],[106.52737,17.93482],[106.52726,17.93406],[106.52699,17.93339],[106.52633,17.93297],[106.52636,17.93257],[106.52686,17.9322],[106.52831,17.93156],[106.52982,17.9313],[106.53103,17.93131],[106.53325,17.93158],[106.53385,17.93224],[106.53408,17.93282],[106.53439,17.9342],[106.53462,17.93468],[106.5348,17.9357],[106.53439,17.93624],[106.53237,17.93567],[106.53122,17.93584]]],[[[106.52378,17.94101],[106.52358,17.94241],[106.5236,17.94286],[106.52333,17.94313],[106.52264,17.94341],[106.52178,17.9439],[106.52113,17.94385],[106.52026,17.94289],[106.51991,17.94269],[106.51894,17.94246],[106.51783,17.94192],[106.51725,17.94152],[106.5172,17.94061],[106.51758,17.94031],[106.51885,17.93877],[106.52146,17.94099],[106.52194,17.94056],[106.52229,17.93982],[106.52282,17.93969],[106.52345,17.94011],[106.52378,17.94101]]]]},"properties":{"name":"Phú Trạch","nameEn":"Phu Trach","fullName":"Xã Phú Trạch","fullNameEn":"Phu Trach Commune","codeName":"phu_trach","areaKm2":197.41,"postalCode":"47427","code":"19021"}},{"type":"Feature","geometry":{"type":"Polygon","coordinates":[[[106.26113,17.85189],[106.2623,17.85163],[106.26323,17.85134],[106.26451,17.85115],[106.26533,17.8502],[106.26583,17.84982],[106.26616,17.8499],[106.26735,17.85057],[106.2681,17.85067],[106.26952,17.85109],[106.27205,17.85253],[106.2725,17.85265],[106.27273,17.85236],[106.27282,17.85098],[106.27305,17.85008],[106.27403,17.84964],[106.27464,17.84914],[106.27542,17.84886],[106.27655,17.84867],[106.27737,17.84817],[106.27904,17.847],[106.27933,17.84652],[106.27939,17.84556],[106.28035,17.84473],[106.28099,17.84436],[106.28267,17.84448],[106.28331,17.84425],[106.28472,17.84412],[106.28786,17.84444],[106.28798,17.8434],[106.28827,17.84279],[106.28814,17.84073],[106.28713,17.8408],[106.28651,17.8407],[106.28516,17.84027],[106.28455,17.83998],[106.2841,17.83944],[106.2836,17.8386],[106.28231,17.83768],[106.28377,17.83651],[106.28398,17.83595],[106.28406,17.83506],[106.28451,17.83412],[106.2841,17.83325],[106.28408,17.83216],[106.28349,17.83124],[106.28346,17.83047],[106.28375,17.82993],[106.28441,17.82964],[106.28438,17.82901],[106.2836,17.82811],[106.28349,17.8278],[106.28261,17.82715],[106.28181,17.82556],[106.28142,17.82458],[106.28194,17.82322],[106.2819,17.8224],[106.28132,17.82154],[106.28053,17.82095],[106.2811,17.8199],[106.28195,17.81937],[106.28319,17.81937],[106.28484,17.81929],[106.28595,17.81941],[106.28641,17.81958],[106.28841,17.81986],[106.28905,17.81988],[106.29149,17.82058],[106.29209,17.8205],[106.29247,17.8199],[106.29283,17.81967],[106.29394,17.81939],[106.29458,17.81868],[106.29584,17.81856],[106.29732,17.81811],[106.29758,17.81797],[106.29733,17.81669],[106.29655,17.81552],[106.2963,17.81499],[106.29621,17.81368],[106.29589,17.81317],[106.29578,17.81261],[106.29606,17.81126],[106.29603,17.81041],[106.29563,17.80938],[106.29671,17.80805],[106.29873,17.80957],[106.30062,17.81077],[106.30177,17.8112],[106.30417,17.81126],[106.30493,17.81186],[106.30562,17.81145],[106.30601,17.81076],[106.30741,17.81036],[106.30859,17.8099],[106.30985,17.80968],[106.31074,17.80984],[106.31099,17.81005],[106.31232,17.80978],[106.31466,17.80868],[106.31584,17.80809],[106.31674,17.80824],[106.31786,17.80773],[106.31867,17.80771],[106.3199,17.80703],[106.32014,17.8073],[106.3202,17.80814],[106.31985,17.80892],[106.32031,17.80945],[106.32078,17.80975],[106.32165,17.81003],[106.32172,17.81093],[106.3222,17.81149],[106.32268,17.8117],[106.32312,17.81289],[106.32318,17.81356],[106.32373,17.81434],[106.32425,17.81465],[106.32515,17.81468],[106.32812,17.81428],[106.32876,17.81439],[106.32945,17.81389],[106.33009,17.81324],[106.33041,17.81257],[106.33048,17.81141],[106.33079,17.81061],[106.33058,17.80953],[106.33075,17.80875],[106.3307,17.80808],[106.33038,17.80758],[106.33034,17.80708],[106.32978,17.80619],[106.32913,17.80611],[106.32874,17.80583],[106.32868,17.80471],[106.32963,17.80378],[106.33028,17.80334],[106.33135,17.80388],[106.33234,17.80408],[106.33269,17.80402],[106.33325,17.80438],[106.33366,17.80446],[106.33461,17.805],[106.33487,17.80533],[106.33565,17.80584],[106.33669,17.80616],[106.3377,17.80666],[106.33792,17.80567],[106.33837,17.80483],[106.33901,17.80437],[106.3397,17.80407],[106.34018,17.8041],[106.34156,17.80278],[106.34206,17.80241],[106.34218,17.80181],[106.34271,17.80171],[106.34313,17.8014],[106.34361,17.80146],[106.34382,17.80173],[106.34493,17.80226],[106.3455,17.80177],[106.34608,17.80175],[106.34674,17.80122],[106.34724,17.80136],[106.34872,17.80043],[106.34842,17.79906],[106.3482,17.79874],[106.34575,17.79737],[106.34469,17.79615],[106.34415,17.79574],[106.34364,17.79511],[106.34361,17.79434],[106.34376,17.79372],[106.34418,17.79325],[106.3448,17.79295],[106.34527,17.79305],[106.34546,17.79265],[106.34754,17.79263],[106.34797,17.79233],[106.34982,17.79074],[106.35107,17.78933],[106.35133,17.78932],[106.35297,17.79013],[106.35377,17.79017],[106.35401,17.79052],[106.3549,17.79088],[106.35625,17.7921],[106.35731,17.79294],[106.3587,17.79314],[106.36056,17.79391],[106.36143,17.79459],[106.36215,17.79445],[106.36265,17.7945],[106.36358,17.79484],[106.36442,17.79493],[106.36519,17.79512],[106.36592,17.79609],[106.3667,17.79629],[106.36792,17.796],[106.36873,17.79632],[106.36972,17.79656],[106.37004,17.79677],[106.37087,17.79702],[106.37176,17.79701],[106.37245,17.79734],[106.37301,17.7969],[106.37353,17.796],[106.37501,17.79605],[106.3752,17.79547],[106.37569,17.79481],[106.37609,17.79494],[106.37671,17.79562],[106.37724,17.79587],[106.37789,17.79548],[106.3782,17.79595],[106.37811,17.79632],[106.37987,17.79651],[106.38031,17.79676],[106.38056,17.79749],[106.38041,17.79809],[106.38159,17.79822],[106.38167,17.79969],[106.38178,17.80038],[106.38211,17.80422],[106.38357,17.8044],[106.38371,17.80553],[106.38418,17.8056],[106.3855,17.8055],[106.38534,17.80654],[106.39088,17.80573],[106.39116,17.80575],[106.39286,17.80543],[106.39373,17.80594],[106.39422,17.80661],[106.3946,17.80749],[106.39532,17.80822],[106.39582,17.8079],[106.39911,17.80919],[106.40105,17.81],[106.40118,17.8207],[106.40157,17.8248],[106.4085,17.8229],[106.41101,17.82271],[106.41556,17.82084],[106.41602,17.82526],[106.41787,17.83886],[106.41815,17.84197],[106.41852,17.84397],[106.41878,17.84719],[106.41856,17.84877],[106.41812,17.84861],[106.41646,17.84878],[106.41494,17.84856],[106.41396,17.84833],[106.41254,17.84845],[106.40891,17.84921],[106.40763,17.85243],[106.40743,17.85469],[106.40699,17.85528],[106.40662,17.85981],[106.40515,17.85942],[106.40442,17.85906],[106.40379,17.85847],[106.40029,17.85394],[106.39872,17.85194],[106.3964,17.84869],[106.39598,17.84862],[106.39275,17.84785],[106.3924,17.84794],[106.3895,17.84914],[106.38908,17.84909],[106.38752,17.84839],[106.38718,17.84855],[106.38437,17.85075],[106.38414,17.8513],[106.38349,17.85381],[106.38229,17.85487],[106.38093,17.85593],[106.38069,17.85603],[106.37979,17.85572],[106.37933,17.8558],[106.37856,17.85512],[106.37788,17.85481],[106.37703,17.85467],[106.3767,17.85371],[106.37565,17.854],[106.37523,17.85362],[106.37523,17.85285],[106.37477,17.85241],[106.37445,17.85099],[106.37266,17.85034],[106.37281,17.84994],[106.37348,17.84982],[106.37338,17.84911],[106.37243,17.84772],[106.37155,17.84659],[106.37157,17.84617],[106.37019,17.84643],[106.36899,17.84651],[106.36865,17.84644],[106.36325,17.85653],[106.3575,17.8581],[106.35564,17.85814],[106.35452,17.85843],[106.35375,17.85848],[106.35311,17.85876],[106.35278,17.85907],[106.35225,17.85919],[106.35171,17.85904],[106.3514,17.85927],[106.35109,17.85983],[106.3502,17.86095],[106.3495,17.86107],[106.34874,17.86103],[106.34831,17.86083],[106.34777,17.86104],[106.34776,17.86131],[106.34661,17.8616],[106.34582,17.86153],[106.34488,17.86131],[106.34284,17.86129],[106.34148,17.8615],[106.34084,17.86175],[106.33976,17.8624],[106.33798,17.86321],[106.33737,17.86355],[106.33644,17.86378],[106.33588,17.86445],[106.33571,17.86489],[106.33492,17.86563],[106.33479,17.8661],[106.33484,17.86798],[106.33428,17.869],[106.33419,17.8701],[106.3337,17.87158],[106.33346,17.87179],[106.33252,17.87206],[106.33259,17.87272],[106.33218,17.87322],[106.33165,17.87326],[106.3311,17.87377],[106.33052,17.87376],[106.32996,17.874],[106.32975,17.87429],[106.33054,17.87536],[106.33064,17.87563],[106.33075,17.87719],[106.33059,17.87766],[106.32996,17.87818],[106.32946,17.87957],[106.32966,17.88053],[106.32956,17.88086],[106.32875,17.8816],[106.32766,17.88168],[106.32637,17.88165],[106.32513,17.88191],[106.32422,17.88229],[106.32326,17.8832],[106.32212,17.88392],[106.32165,17.88452],[106.3215,17.88567],[106.32211,17.88713],[106.3219,17.888],[106.32207,17.88868],[106.32174,17.88928],[106.32125,17.88978],[106.32116,17.89066],[106.32092,17.89116],[106.32028,17.89168],[106.31939,17.89367],[106.31878,17.89442],[106.31782,17.89392],[106.3174,17.89353],[106.31557,17.89325],[106.31459,17.89403],[106.31407,17.89425],[106.31324,17.89421],[106.31252,17.89381],[106.31199,17.8938],[106.31087,17.89479],[106.31062,17.89492],[106.30872,17.89379],[106.3081,17.89409],[106.30733,17.89422],[106.30548,17.89407],[106.30533,17.89416],[106.30496,17.89551],[106.30479,17.89577],[106.30337,17.8972],[106.30242,17.89654],[106.30154,17.89641],[106.30116,17.89658],[106.29725,17.89507],[106.2963,17.89494],[106.29586,17.89458],[106.2956,17.89272],[106.29627,17.89009],[106.29681,17.88854],[106.2969,17.88704],[106.29345,17.88657],[106.29226,17.88521],[106.29266,17.88437],[106.29245,17.88368],[106.29198,17.88331],[106.29182,17.88258],[106.29123,17.88224],[106.29109,17.88163],[106.29045,17.88062],[106.29005,17.8802],[106.28957,17.88007],[106.28924,17.87964],[106.28862,17.87843],[106.28806,17.87761],[106.2868,17.87763],[106.28593,17.8775],[106.28495,17.87776],[106.28407,17.87848],[106.28355,17.87864],[106.28253,17.87875],[106.28171,17.87859],[106.28074,17.87804],[106.2803,17.87718],[106.2791,17.8777],[106.27714,17.87796],[106.27595,17.87778],[106.2748,17.87857],[106.27382,17.87849],[106.27333,17.87809],[106.27306,17.87756],[106.27335,17.87674],[106.27372,17.87625],[106.27401,17.87543],[106.27416,17.8746],[106.27385,17.87326],[106.27332,17.87259],[106.27294,17.87145],[106.27224,17.8709],[106.27149,17.87054],[106.27038,17.87037],[106.27001,17.86998],[106.26971,17.86808],[106.27011,17.86747],[106.27055,17.86728],[106.2714,17.86608],[106.27161,17.86544],[106.27159,17.86496],[106.27096,17.86396],[106.26987,17.86369],[106.26967,17.86245],[106.26998,17.86089],[106.26949,17.86074],[106.26894,17.86082],[106.2675,17.86135],[106.26677,17.86141],[106.26516,17.8606],[106.26402,17.85965],[106.26372,17.85931],[106.26333,17.8582],[106.26274,17.85709],[106.26252,17.85643],[106.26247,17.85561],[106.26181,17.85496],[106.26168,17.85405],[106.26113,17.85189]]]},"properties":{"name":"Trung Thuần","nameEn":"Trung Thuan","fullName":"Xã Trung Thuần","fullNameEn":"Trung Thuan Commune","codeName":"trung_thuan","areaKm2":98.83,"postalCode":"47425","code":"19030"}},{"type":"Feature","geometry":{"type":"Polygon","coordinates":[[[106.31878,17.89442],[106.31939,17.89367],[106.32028,17.89168],[106.32092,17.89116],[106.32116,17.89066],[106.32125,17.88978],[106.32174,17.88928],[106.32207,17.88868],[106.3219,17.888],[106.32211,17.88713],[106.3215,17.88567],[106.32165,17.88452],[106.32212,17.88392],[106.32326,17.8832],[106.32422,17.88229],[106.32513,17.88191],[106.32637,17.88165],[106.32766,17.88168],[106.32875,17.8816],[106.32956,17.88086],[106.32966,17.88053],[106.32946,17.87957],[106.32996,17.87818],[106.33059,17.87766],[106.33075,17.87719],[106.33064,17.87563],[106.33054,17.87536],[106.32975,17.87429],[106.32996,17.874],[106.33052,17.87376],[106.3311,17.87377],[106.33165,17.87326],[106.33218,17.87322],[106.33259,17.87272],[106.33252,17.87206],[106.33346,17.87179],[106.3337,17.87158],[106.33419,17.8701],[106.33428,17.869],[106.33484,17.86798],[106.33479,17.8661],[106.33492,17.86563],[106.33571,17.86489],[106.33588,17.86445],[106.33644,17.86378],[106.33737,17.86355],[106.33798,17.86321],[106.33976,17.8624],[106.34084,17.86175],[106.34148,17.8615],[106.34284,17.86129],[106.34488,17.86131],[106.34582,17.86153],[106.34661,17.8616],[106.34776,17.86131],[106.34777,17.86104],[106.34831,17.86083],[106.34874,17.86103],[106.3495,17.86107],[106.3502,17.86095],[106.35109,17.85983],[106.3514,17.85927],[106.35171,17.85904],[106.35225,17.85919],[106.35278,17.85907],[106.35311,17.85876],[106.35375,17.85848],[106.35452,17.85843],[106.35564,17.85814],[106.3575,17.8581],[106.36325,17.85653],[106.36865,17.84644],[106.36899,17.84651],[106.37019,17.84643],[106.37157,17.84617],[106.37155,17.84659],[106.37243,17.84772],[106.37338,17.84911],[106.37348,17.84982],[106.37281,17.84994],[106.37266,17.85034],[106.37445,17.85099],[106.37477,17.85241],[106.37523,17.85285],[106.37523,17.85362],[106.37565,17.854],[106.3767,17.85371],[106.37703,17.85467],[106.37788,17.85481],[106.37856,17.85512],[106.37933,17.8558],[106.37979,17.85572],[106.38069,17.85603],[106.38093,17.85593],[106.38229,17.85487],[106.38349,17.85381],[106.38414,17.8513],[106.38437,17.85075],[106.38718,17.84855],[106.38752,17.84839],[106.38908,17.84909],[106.3895,17.84914],[106.3924,17.84794],[106.39275,17.84785],[106.39598,17.84862],[106.3964,17.84869],[106.39872,17.85194],[106.40029,17.85394],[106.40379,17.85847],[106.40442,17.85906],[106.40515,17.85942],[106.40662,17.85981],[106.40923,17.8605],[106.41038,17.86061],[106.41143,17.86051],[106.41621,17.85957],[106.41706,17.85949],[106.41799,17.85964],[106.41992,17.86022],[106.42074,17.86031],[106.42141,17.86021],[106.42219,17.85983],[106.42353,17.85886],[106.42432,17.85847],[106.42515,17.85826],[106.42639,17.85828],[106.42901,17.85731],[106.42986,17.8569],[106.43119,17.85727],[106.432,17.85734],[106.43312,17.85723],[106.43406,17.85738],[106.43482,17.85762],[106.43554,17.85805],[106.43605,17.85813],[106.43554,17.85476],[106.43654,17.85468],[106.43726,17.85485],[106.43925,17.85474],[106.44141,17.85401],[106.44263,17.85373],[106.44278,17.85402],[106.44299,17.85618],[106.44644,17.85591],[106.44685,17.85721],[106.44722,17.85898],[106.44787,17.86117],[106.44913,17.8645],[106.45022,17.86713],[106.45082,17.86846],[106.45246,17.8719],[106.45376,17.874],[106.45517,17.87575],[106.45571,17.87703],[106.45563,17.87752],[106.45648,17.87809],[106.45607,17.87846],[106.45556,17.8787],[106.45472,17.87868],[106.45384,17.87816],[106.45276,17.87709],[106.4519,17.87642],[106.45014,17.8758],[106.4487,17.87577],[106.44762,17.87617],[106.44634,17.87678],[106.44478,17.8777],[106.44409,17.87851],[106.44326,17.87903],[106.44242,17.87921],[106.44146,17.87908],[106.44048,17.87885],[106.43977,17.87846],[106.43802,17.87662],[106.43723,17.876],[106.43636,17.87561],[106.43548,17.87545],[106.43468,17.87553],[106.43341,17.87596],[106.43249,17.87658],[106.43167,17.87738],[106.43148,17.87771],[106.43045,17.87863],[106.42944,17.87978],[106.42848,17.88166],[106.42793,17.88282],[106.42765,17.88365],[106.42735,17.8861],[106.42706,17.88738],[106.42667,17.88839],[106.42617,17.88923],[106.42493,17.89093],[106.42422,17.89141],[106.42303,17.89188],[106.42169,17.89185],[106.42092,17.89167],[106.42007,17.89127],[106.4196,17.89089],[106.41884,17.89006],[106.41803,17.88947],[106.4172,17.88927],[106.41537,17.88935],[106.41412,17.88958],[106.41356,17.8898],[106.41279,17.89225],[106.41229,17.893],[106.41182,17.89326],[106.41133,17.89332],[106.41069,17.89301],[106.40983,17.89209],[106.4091,17.89149],[106.40803,17.89089],[106.40683,17.89032],[106.4061,17.89015],[106.40529,17.89025],[106.40533,17.89072],[106.40575,17.89139],[106.40602,17.89237],[106.40575,17.89296],[106.4054,17.89315],[106.40417,17.89314],[106.4027,17.89351],[106.40286,17.89408],[106.40208,17.89473],[106.4007,17.89515],[106.40074,17.89581],[106.39997,17.89589],[106.39974,17.89619],[106.40063,17.89734],[106.40009,17.90176],[106.40089,17.90239],[106.40105,17.90312],[106.40094,17.90465],[106.40112,17.90523],[106.4015,17.90582],[106.40168,17.90663],[106.40188,17.90835],[106.40158,17.90953],[106.39989,17.91253],[106.39915,17.91338],[106.39876,17.91526],[106.3987,17.91664],[106.39907,17.91743],[106.39909,17.91774],[106.39873,17.91888],[106.39832,17.91957],[106.39662,17.91834],[106.39597,17.91747],[106.39587,17.91596],[106.39616,17.91408],[106.39605,17.91347],[106.39579,17.91297],[106.39512,17.91218],[106.3943,17.91177],[106.39268,17.9113],[106.39221,17.91096],[106.39176,17.90967],[106.39133,17.90877],[106.391,17.90829],[106.39071,17.90724],[106.39035,17.90643],[106.39085,17.90552],[106.39124,17.9045],[106.39106,17.90405],[106.38948,17.90195],[106.38772,17.90153],[106.38806,17.9009],[106.38745,17.90013],[106.38739,17.8997],[106.3867,17.89996],[106.38618,17.90083],[106.38585,17.90077],[106.38605,17.90022],[106.38488,17.90002],[106.38436,17.89979],[106.38364,17.89909],[106.38254,17.89744],[106.38227,17.8961],[106.38252,17.89573],[106.3822,17.89499],[106.38104,17.89371],[106.37982,17.89275],[106.37728,17.89101],[106.37684,17.89094],[106.37297,17.88934],[106.37148,17.88886],[106.37046,17.88912],[106.36836,17.89056],[106.36564,17.89229],[106.36474,17.89252],[106.36388,17.89261],[106.36276,17.89252],[106.36161,17.892],[106.36064,17.89117],[106.35983,17.89033],[106.3584,17.89044],[106.35628,17.89083],[106.35553,17.89108],[106.35438,17.8918],[106.35365,17.89215],[106.35329,17.89257],[106.35268,17.89264],[106.35229,17.89317],[106.35221,17.89387],[106.35189,17.89501],[106.35097,17.89541],[106.35038,17.89505],[106.34965,17.89479],[106.34884,17.89485],[106.34643,17.89583],[106.34483,17.89622],[106.34329,17.89719],[106.34189,17.89858],[106.34113,17.8986],[106.34036,17.89885],[106.33944,17.89898],[106.33884,17.89954],[106.33829,17.89968],[106.33781,17.89932],[106.33623,17.89936],[106.3343,17.89894],[106.33247,17.90003],[106.3322,17.90058],[106.33224,17.90105],[106.33155,17.90165],[106.33081,17.90145],[106.33015,17.90144],[106.32922,17.9021],[106.32809,17.90266],[106.32541,17.90288],[106.32479,17.90315],[106.3238,17.90298],[106.32218,17.90299],[106.32136,17.90259],[106.32032,17.90264],[106.31968,17.90252],[106.31908,17.90267],[106.31874,17.90245],[106.31956,17.90138],[106.31956,17.90006],[106.32016,17.89939],[106.32015,17.89868],[106.32071,17.89749],[106.32056,17.89712],[106.31883,17.89519],[106.31878,17.89442]]]},"properties":{"name":"Hoà Trạch","nameEn":"Hoa Trach","fullName":"Xã Hoà Trạch","fullNameEn":"Hoa Trach Commune","codeName":"hoa_trach","areaKm2":52.67,"postalCode":"47426","code":"19033"}},{"type":"Feature","geometry":{"type":"Polygon","coordinates":[[[106.30317,17.76072],[106.30776,17.76023],[106.30868,17.76025],[106.30978,17.76058],[106.31078,17.76107],[106.31169,17.76186],[106.31392,17.76418],[106.31459,17.76481],[106.31678,17.76665],[106.31772,17.76757],[106.31811,17.76808],[106.31959,17.76938],[106.32065,17.77008],[106.32198,17.77044],[106.32635,17.77017],[106.3297,17.76882],[106.33375,17.76652],[106.33483,17.7661],[106.3396,17.764],[106.34101,17.76348],[106.34479,17.76184],[106.34782,17.76067],[106.34912,17.76036],[106.35028,17.76026],[106.3527,17.75962],[106.3546,17.7592],[106.3559,17.75903],[106.35758,17.75914],[106.35834,17.75935],[106.3593,17.7598],[106.36116,17.76115],[106.36184,17.76171],[106.36262,17.76195],[106.36688,17.76041],[106.37079,17.7588],[106.3738,17.75795],[106.37852,17.75687],[106.38264,17.75677],[106.38499,17.75687],[106.38705,17.7568],[106.38832,17.75656],[106.3891,17.75616],[106.39036,17.75495],[106.3913,17.75419],[106.39199,17.75496],[106.39227,17.75565],[106.39242,17.75658],[106.39202,17.75672],[106.39212,17.75719],[106.39305,17.76026],[106.39354,17.76133],[106.39412,17.7637],[106.39425,17.76445],[106.39714,17.76589],[106.39614,17.76799],[106.39233,17.76781],[106.38629,17.76947],[106.38441,17.76937],[106.38329,17.76924],[106.38176,17.76925],[106.38094,17.77114],[106.3808,17.77177],[106.38066,17.77338],[106.37977,17.77337],[106.37948,17.77398],[106.37848,17.77425],[106.37808,17.77467],[106.37768,17.77459],[106.37764,17.77409],[106.37684,17.77258],[106.37582,17.7719],[106.37483,17.77111],[106.37433,17.77083],[106.37368,17.77069],[106.37307,17.77078],[106.37201,17.77044],[106.37162,17.77059],[106.37086,17.77171],[106.37019,17.77186],[106.36918,17.77273],[106.36659,17.77239],[106.36602,17.77276],[106.36573,17.7736],[106.3651,17.77412],[106.36342,17.77382],[106.36273,17.7738],[106.36133,17.77395],[106.3606,17.77387],[106.36013,17.77355],[106.35939,17.77344],[106.35821,17.7742],[106.35739,17.77413],[106.35639,17.77474],[106.35581,17.7746],[106.35505,17.77513],[106.35397,17.77573],[106.35101,17.77597],[106.3501,17.77634],[106.3486,17.77734],[106.34786,17.77763],[106.34834,17.77796],[106.3488,17.77853],[106.34905,17.77926],[106.34915,17.77995],[106.34882,17.78019],[106.34835,17.78108],[106.34751,17.78117],[106.3467,17.78161],[106.34576,17.7824],[106.34393,17.78277],[106.34308,17.78338],[106.34249,17.784],[106.34135,17.78442],[106.34067,17.7844],[106.33988,17.78468],[106.33886,17.78523],[106.33835,17.7854],[106.33754,17.78632],[106.33617,17.7865],[106.33572,17.78674],[106.33576,17.78757],[106.33533,17.78833],[106.33539,17.78856],[106.33688,17.7903],[106.33797,17.79092],[106.33811,17.79143],[106.33857,17.79181],[106.34116,17.79218],[106.34277,17.79338],[106.34324,17.79355],[106.34361,17.79434],[106.34364,17.79511],[106.34415,17.79574],[106.34469,17.79615],[106.34575,17.79737],[106.3482,17.79874],[106.34842,17.79906],[106.34872,17.80043],[106.34724,17.80136],[106.34674,17.80122],[106.34608,17.80175],[106.3455,17.80177],[106.34493,17.80226],[106.34382,17.80173],[106.34361,17.80146],[106.34313,17.8014],[106.34271,17.80171],[106.34218,17.80181],[106.34206,17.80241],[106.34156,17.80278],[106.34018,17.8041],[106.3397,17.80407],[106.33901,17.80437],[106.33837,17.80483],[106.33792,17.80567],[106.3377,17.80666],[106.33669,17.80616],[106.33565,17.80584],[106.33487,17.80533],[106.33461,17.805],[106.33366,17.80446],[106.33325,17.80438],[106.33269,17.80402],[106.33234,17.80408],[106.33135,17.80388],[106.33028,17.80334],[106.32963,17.80378],[106.32868,17.80471],[106.32874,17.80583],[106.32913,17.80611],[106.32978,17.80619],[106.33034,17.80708],[106.33038,17.80758],[106.3307,17.80808],[106.33075,17.80875],[106.33058,17.80953],[106.33079,17.81061],[106.33048,17.81141],[106.33041,17.81257],[106.33009,17.81324],[106.32945,17.81389],[106.32876,17.81439],[106.32812,17.81428],[106.32515,17.81468],[106.32425,17.81465],[106.32373,17.81434],[106.32318,17.81356],[106.32312,17.81289],[106.32268,17.8117],[106.3222,17.81149],[106.32172,17.81093],[106.32165,17.81003],[106.32078,17.80975],[106.32031,17.80945],[106.31985,17.80892],[106.3202,17.80814],[106.32014,17.8073],[106.3199,17.80703],[106.31867,17.80771],[106.31786,17.80773],[106.31674,17.80824],[106.31584,17.80809],[106.31466,17.80868],[106.31232,17.80978],[106.31099,17.81005],[106.31074,17.80984],[106.30985,17.80968],[106.30859,17.8099],[106.30741,17.81036],[106.30601,17.81076],[106.30562,17.81145],[106.30493,17.81186],[106.30417,17.81126],[106.30177,17.8112],[106.30062,17.81077],[106.29873,17.80957],[106.29671,17.80805],[106.29563,17.80938],[106.29603,17.81041],[106.29606,17.81126],[106.29578,17.81261],[106.29589,17.81317],[106.29621,17.81368],[106.2963,17.81499],[106.29655,17.81552],[106.29733,17.81669],[106.29758,17.81797],[106.29732,17.81811],[106.29584,17.81856],[106.29458,17.81868],[106.29394,17.81939],[106.29283,17.81967],[106.29247,17.8199],[106.29209,17.8205],[106.29149,17.82058],[106.28905,17.81988],[106.28841,17.81986],[106.28641,17.81958],[106.28595,17.81941],[106.28484,17.81929],[106.28319,17.81937],[106.28195,17.81937],[106.28176,17.81811],[106.28126,17.81679],[106.28064,17.81601],[106.28302,17.81506],[106.28324,17.81479],[106.2834,17.8123],[106.28456,17.81072],[106.28462,17.80992],[106.28453,17.80938],[106.28346,17.80864],[106.28257,17.80819],[106.28135,17.80845],[106.2809,17.80846],[106.28016,17.80823],[106.27891,17.80805],[106.27781,17.80777],[106.2772,17.80726],[106.27698,17.80607],[106.27726,17.8048],[106.27733,17.80344],[106.27671,17.80251],[106.27657,17.80158],[106.27593,17.80137],[106.27526,17.7999],[106.27489,17.79932],[106.2743,17.79764],[106.2741,17.79653],[106.27402,17.79543],[106.27404,17.79437],[106.27261,17.79438],[106.27237,17.7939],[106.2724,17.79303],[106.27225,17.79178],[106.27178,17.78969],[106.2717,17.78844],[106.27402,17.78851],[106.27555,17.78834],[106.27698,17.78808],[106.28114,17.78683],[106.28345,17.78579],[106.28628,17.7839],[106.28888,17.78196],[106.28986,17.78129],[106.29151,17.77999],[106.2923,17.7793],[106.29297,17.77831],[106.294,17.77606],[106.29424,17.7753],[106.29412,17.77359],[106.29415,17.77215],[106.29437,17.77052],[106.29463,17.76796],[106.2953,17.76475],[106.29644,17.76247],[106.29706,17.76178],[106.29811,17.76127],[106.29912,17.761],[106.30107,17.76075],[106.30317,17.76072]]]},"properties":{"name":"Tân Gianh","nameEn":"Tan Gianh","fullName":"Xã Tân Gianh","fullNameEn":"Tan Gianh Commune","codeName":"tan_gianh","areaKm2":41.05,"postalCode":"47428","code":"19051"}},{"type":"Feature","geometry":{"type":"Polygon","coordinates":[[[106.44,17.76888],[106.44047,17.769],[106.44043,17.76961],[106.44193,17.7702],[106.44501,17.77101],[106.44527,17.77206],[106.45737,17.77741],[106.45522,17.78398],[106.45402,17.78807],[106.45371,17.78903],[106.45255,17.79298],[106.45114,17.79819],[106.44966,17.80397],[106.44818,17.81025],[106.44725,17.81466],[106.44659,17.81815],[106.44624,17.82023],[106.44551,17.8257],[106.44532,17.8273],[106.44502,17.82919],[106.44475,17.83163],[106.4445,17.83448],[106.44431,17.83708],[106.4443,17.84114],[106.44442,17.84501],[106.44478,17.84859],[106.44513,17.85056],[106.44578,17.85344],[106.44644,17.85591],[106.44299,17.85618],[106.44278,17.85402],[106.44263,17.85373],[106.44141,17.85401],[106.43925,17.85474],[106.43726,17.85485],[106.43654,17.85468],[106.43554,17.85476],[106.43605,17.85813],[106.43554,17.85805],[106.43482,17.85762],[106.43406,17.85738],[106.43312,17.85723],[106.432,17.85734],[106.43119,17.85727],[106.42986,17.8569],[106.42901,17.85731],[106.42639,17.85828],[106.42515,17.85826],[106.42432,17.85847],[106.42353,17.85886],[106.42219,17.85983],[106.42141,17.86021],[106.42074,17.86031],[106.41992,17.86022],[106.41799,17.85964],[106.41706,17.85949],[106.41621,17.85957],[106.41143,17.86051],[106.41038,17.86061],[106.40923,17.8605],[106.40662,17.85981],[106.40699,17.85528],[106.40743,17.85469],[106.40763,17.85243],[106.40891,17.84921],[106.41254,17.84845],[106.41396,17.84833],[106.41494,17.84856],[106.41646,17.84878],[106.41812,17.84861],[106.41856,17.84877],[106.41878,17.84719],[106.41852,17.84397],[106.41815,17.84197],[106.41787,17.83886],[106.41602,17.82526],[106.41556,17.82084],[106.41101,17.82271],[106.4085,17.8229],[106.40157,17.8248],[106.40118,17.8207],[106.40105,17.81],[106.39911,17.80919],[106.39582,17.8079],[106.39532,17.80822],[106.3946,17.80749],[106.39422,17.80661],[106.39373,17.80594],[106.39286,17.80543],[106.39116,17.80575],[106.39088,17.80573],[106.38534,17.80654],[106.3855,17.8055],[106.38418,17.8056],[106.38371,17.80553],[106.38357,17.8044],[106.38211,17.80422],[106.38178,17.80038],[106.38167,17.79969],[106.38159,17.79822],[106.38041,17.79809],[106.38056,17.79749],[106.38031,17.79676],[106.37987,17.79651],[106.37811,17.79632],[106.3782,17.79595],[106.37789,17.79548],[106.37724,17.79587],[106.37671,17.79562],[106.37609,17.79494],[106.37569,17.79481],[106.3752,17.79547],[106.37501,17.79605],[106.37353,17.796],[106.37301,17.7969],[106.37245,17.79734],[106.37176,17.79701],[106.37087,17.79702],[106.37004,17.79677],[106.36972,17.79656],[106.36873,17.79632],[106.36792,17.796],[106.3667,17.79629],[106.36592,17.79609],[106.36519,17.79512],[106.36442,17.79493],[106.36358,17.79484],[106.36265,17.7945],[106.36215,17.79445],[106.36143,17.79459],[106.36056,17.79391],[106.3587,17.79314],[106.35731,17.79294],[106.35625,17.7921],[106.3549,17.79088],[106.35401,17.79052],[106.35377,17.79017],[106.35297,17.79013],[106.35133,17.78932],[106.35107,17.78933],[106.34982,17.79074],[106.34797,17.79233],[106.34754,17.79263],[106.34546,17.79265],[106.34527,17.79305],[106.3448,17.79295],[106.34418,17.79325],[106.34376,17.79372],[106.34361,17.79434],[106.34324,17.79355],[106.34277,17.79338],[106.34116,17.79218],[106.33857,17.79181],[106.33811,17.79143],[106.33797,17.79092],[106.33688,17.7903],[106.33539,17.78856],[106.33533,17.78833],[106.33576,17.78757],[106.33572,17.78674],[106.33617,17.7865],[106.33754,17.78632],[106.33835,17.7854],[106.33886,17.78523],[106.33988,17.78468],[106.34067,17.7844],[106.34135,17.78442],[106.34249,17.784],[106.34308,17.78338],[106.34393,17.78277],[106.34576,17.7824],[106.3467,17.78161],[106.34751,17.78117],[106.34835,17.78108],[106.34882,17.78019],[106.34915,17.77995],[106.34905,17.77926],[106.3488,17.77853],[106.34834,17.77796],[106.34786,17.77763],[106.3486,17.77734],[106.3501,17.77634],[106.35101,17.77597],[106.35397,17.77573],[106.35505,17.77513],[106.35581,17.7746],[106.35639,17.77474],[106.35739,17.77413],[106.35821,17.7742],[106.35939,17.77344],[106.36013,17.77355],[106.3606,17.77387],[106.36133,17.77395],[106.36273,17.7738],[106.36342,17.77382],[106.3651,17.77412],[106.36573,17.7736],[106.36602,17.77276],[106.36659,17.77239],[106.36918,17.77273],[106.37019,17.77186],[106.37086,17.77171],[106.37162,17.77059],[106.37201,17.77044],[106.37307,17.77078],[106.37368,17.77069],[106.37433,17.77083],[106.37483,17.77111],[106.37582,17.7719],[106.37684,17.77258],[106.37764,17.77409],[106.37768,17.77459],[106.37808,17.77467],[106.37848,17.77425],[106.37948,17.77398],[106.37977,17.77337],[106.38066,17.77338],[106.3808,17.77177],[106.38094,17.77114],[106.38176,17.76925],[106.38329,17.76924],[106.38441,17.76937],[106.38629,17.76947],[106.39233,17.76781],[106.39614,17.76799],[106.39714,17.76589],[106.39729,17.76569],[106.39813,17.76545],[106.40162,17.76416],[106.40456,17.76358],[106.40687,17.7676],[106.40765,17.7711],[106.41351,17.77589],[106.41367,17.77599],[106.41821,17.77954],[106.4158,17.79471],[106.41715,17.795],[106.4216,17.79609],[106.42488,17.79693],[106.42666,17.79267],[106.42961,17.78741],[106.43979,17.7711],[106.44,17.76888]]]},"properties":{"name":"Quảng Trạch","nameEn":"Quang Trach","fullName":"Xã Quảng Trạch","fullNameEn":"Quang Trach Commune","codeName":"quang_trach","areaKm2":56.64,"postalCode":"47424","code":"19057"}},{"type":"Feature","geometry":{"type":"Polygon","coordinates":[[[106.41768,17.74216],[106.42198,17.74026],[106.42373,17.73945],[106.42693,17.73707],[106.43285,17.73274],[106.43336,17.73203],[106.43421,17.72807],[106.43535,17.71849],[106.4355,17.71737],[106.43604,17.71698],[106.43855,17.71471],[106.43931,17.7141],[106.44047,17.71353],[106.44236,17.71284],[106.44695,17.71142],[106.44961,17.71078],[106.46017,17.70898],[106.47452,17.70585],[106.47742,17.70512],[106.48094,17.70442],[106.48458,17.70391],[106.48683,17.7038],[106.48857,17.70406],[106.48919,17.70424],[106.48879,17.7049],[106.48939,17.70563],[106.48955,17.70672],[106.48957,17.70776],[106.48921,17.70906],[106.48867,17.71141],[106.48843,17.71187],[106.48785,17.71413],[106.48725,17.71552],[106.48645,17.71704],[106.48507,17.71934],[106.48356,17.72148],[106.48327,17.72224],[106.48262,17.72305],[106.48167,17.72468],[106.48066,17.72602],[106.48019,17.72703],[106.47983,17.72729],[106.47912,17.72863],[106.47892,17.72924],[106.47827,17.72982],[106.4781,17.73041],[106.47733,17.73149],[106.47699,17.73227],[106.47665,17.73251],[106.47644,17.73334],[106.47585,17.73413],[106.47564,17.73481],[106.4751,17.73552],[106.47489,17.73634],[106.47434,17.7369],[106.47418,17.73751],[106.47369,17.73814],[106.47323,17.73934],[106.47282,17.73987],[106.47223,17.74127],[106.47175,17.74188],[106.47158,17.74238],[106.47087,17.74377],[106.47007,17.74554],[106.46935,17.74697],[106.46805,17.74975],[106.46685,17.75244],[106.46486,17.75712],[106.46371,17.75999],[106.46287,17.76224],[106.46137,17.76597],[106.45985,17.77021],[106.45925,17.77181],[106.45885,17.77316],[106.45822,17.77464],[106.45737,17.77741],[106.44527,17.77206],[106.44501,17.77101],[106.44193,17.7702],[106.44043,17.76961],[106.44047,17.769],[106.44,17.76888],[106.44027,17.76703],[106.44073,17.7651],[106.44073,17.76472],[106.44034,17.76388],[106.4396,17.76283],[106.43929,17.76194],[106.43901,17.76168],[106.43647,17.76039],[106.436,17.75972],[106.43527,17.75913],[106.4349,17.75906],[106.43416,17.7595],[106.43047,17.76013],[106.43015,17.75986],[106.43002,17.75913],[106.43032,17.75773],[106.43059,17.75577],[106.43095,17.75421],[106.43274,17.75433],[106.43298,17.75392],[106.43249,17.75271],[106.43206,17.75231],[106.43032,17.75302],[106.42971,17.75302],[106.42899,17.75285],[106.42824,17.75119],[106.42669,17.75158],[106.42589,17.75153],[106.42554,17.75125],[106.42445,17.74968],[106.42395,17.74885],[106.42377,17.74785],[106.4239,17.74653],[106.42428,17.74587],[106.4243,17.74507],[106.42409,17.74495],[106.4227,17.74494],[106.4213,17.74483],[106.42009,17.74414],[106.41903,17.74332],[106.41768,17.74216]]]},"properties":{"name":"Bắc Gianh","nameEn":"Bac Gianh","fullName":"Phường Bắc Gianh","fullNameEn":"Bac Gianh Ward","codeName":"bac_gianh","areaKm2":31.14,"postalCode":"47322","code":"19066"}},{"type":"Feature","geometry":{"type":"Polygon","coordinates":[[[106.23548,17.7096],[106.23551,17.70803],[106.23596,17.70704],[106.23672,17.70618],[106.23747,17.70563],[106.23794,17.705],[106.2384,17.70468],[106.23972,17.70427],[106.24101,17.7034],[106.2415,17.70328],[106.2427,17.70321],[106.24359,17.70341],[106.24462,17.70352],[106.24575,17.70353],[106.24629,17.70483],[106.24674,17.70543],[106.24742,17.70589],[106.2481,17.7062],[106.24881,17.70616],[106.24985,17.70639],[106.25003,17.70473],[106.25032,17.70422],[106.25116,17.70352],[106.25184,17.70458],[106.25323,17.70643],[106.25387,17.70699],[106.25421,17.70658],[106.25487,17.70489],[106.25518,17.70434],[106.25668,17.70376],[106.25684,17.70426],[106.25727,17.70485],[106.25819,17.70498],[106.25941,17.70454],[106.2603,17.70415],[106.2613,17.7041],[106.26206,17.70394],[106.26256,17.703],[106.26367,17.70317],[106.26558,17.70308],[106.26674,17.70289],[106.26818,17.70275],[106.26936,17.70294],[106.26998,17.70316],[106.27197,17.70352],[106.27403,17.70321],[106.27455,17.70327],[106.27512,17.70313],[106.27603,17.7034],[106.27729,17.70308],[106.27786,17.70308],[106.27913,17.70276],[106.27963,17.70232],[106.27907,17.70012],[106.27957,17.6993],[106.27988,17.69796],[106.28049,17.6978],[106.2813,17.69797],[106.28192,17.69791],[106.28296,17.69831],[106.28526,17.69819],[106.28639,17.69846],[106.28717,17.69913],[106.28791,17.6994],[106.28929,17.69935],[106.28962,17.6998],[106.2897,17.70073],[106.29006,17.70156],[106.29065,17.70198],[106.29196,17.70192],[106.2929,17.70214],[106.29393,17.70138],[106.29468,17.70109],[106.29528,17.7007],[106.29567,17.70016],[106.2976,17.69683],[106.29829,17.69644],[106.29904,17.69654],[106.30023,17.69648],[106.30105,17.69631],[106.30284,17.69687],[106.30394,17.69706],[106.30456,17.69738],[106.30597,17.69764],[106.30635,17.69716],[106.30693,17.6967],[106.30786,17.69551],[106.30827,17.69524],[106.30996,17.69373],[106.31142,17.69331],[106.31209,17.69393],[106.31286,17.69405],[106.31394,17.69433],[106.31435,17.69372],[106.31477,17.69351],[106.31537,17.69344],[106.31728,17.69422],[106.31833,17.6943],[106.31872,17.69464],[106.31936,17.69555],[106.32077,17.69582],[106.32159,17.69551],[106.32208,17.69559],[106.32318,17.69555],[106.32485,17.69584],[106.32592,17.6964],[106.32705,17.69677],[106.32809,17.69733],[106.32982,17.69759],[106.33032,17.69795],[106.33298,17.69862],[106.33365,17.69892],[106.33427,17.69984],[106.33535,17.70059],[106.33675,17.70031],[106.33803,17.70028],[106.33883,17.70041],[106.33921,17.70066],[106.34037,17.70084],[106.34143,17.70132],[106.34222,17.70213],[106.34244,17.7027],[106.34276,17.70264],[106.34364,17.70138],[106.34375,17.7011],[106.34351,17.69984],[106.34358,17.69885],[106.34372,17.69833],[106.3436,17.69743],[106.34364,17.69698],[106.34413,17.69664],[106.34455,17.69553],[106.34572,17.69522],[106.34741,17.69464],[106.34843,17.69447],[106.34934,17.6942],[106.35017,17.6941],[106.35066,17.69379],[106.35123,17.69368],[106.35212,17.69333],[106.35245,17.69327],[106.35406,17.69346],[106.35501,17.69329],[106.35568,17.69361],[106.35668,17.69388],[106.35767,17.69396],[106.35824,17.69434],[106.35885,17.69586],[106.3592,17.69619],[106.35941,17.69681],[106.35934,17.69759],[106.36043,17.69826],[106.36079,17.69872],[106.36018,17.70323],[106.3609,17.70487],[106.36343,17.70521],[106.36903,17.70371],[106.36904,17.70407],[106.37,17.70376],[106.37088,17.70373],[106.37204,17.70357],[106.37239,17.70875],[106.37124,17.70938],[106.36994,17.70989],[106.36858,17.71026],[106.36864,17.7109],[106.36941,17.71259],[106.36979,17.7136],[106.36872,17.71632],[106.36855,17.7177],[106.36852,17.71849],[106.37001,17.71911],[106.37069,17.71964],[106.3716,17.72084],[106.37051,17.72292],[106.36766,17.723],[106.36635,17.72341],[106.36399,17.72216],[106.36241,17.72541],[106.36083,17.72472],[106.35987,17.72708],[106.35903,17.72681],[106.35774,17.731],[106.35964,17.73156],[106.36237,17.73334],[106.36261,17.73623],[106.3622,17.73682],[106.36151,17.73755],[106.36133,17.73858],[106.3613,17.73968],[106.36084,17.74146],[106.36097,17.74227],[106.36132,17.74266],[106.36198,17.74273],[106.36314,17.74179],[106.3642,17.7414],[106.36487,17.74132],[106.36573,17.74142],[106.36565,17.74251],[106.36597,17.74307],[106.36757,17.7448],[106.36867,17.74559],[106.36913,17.7457],[106.36969,17.74637],[106.37083,17.74714],[106.37143,17.74845],[106.372,17.7499],[106.36855,17.75073],[106.36666,17.75134],[106.36338,17.75261],[106.36101,17.75334],[106.3573,17.75409],[106.35451,17.75483],[106.35382,17.75509],[106.35266,17.7568],[106.35135,17.75812],[106.35011,17.75947],[106.34912,17.76036],[106.34782,17.76067],[106.34479,17.76184],[106.34101,17.76348],[106.3396,17.764],[106.33483,17.7661],[106.33375,17.76652],[106.3297,17.76882],[106.32635,17.77017],[106.32198,17.77044],[106.32065,17.77008],[106.31959,17.76938],[106.31811,17.76808],[106.31772,17.76757],[106.31678,17.76665],[106.31459,17.76481],[106.31392,17.76418],[106.31169,17.76186],[106.31078,17.76107],[106.30978,17.76058],[106.30868,17.76025],[106.30776,17.76023],[106.30317,17.76072],[106.303,17.7598],[106.30249,17.75859],[106.3016,17.75838],[106.30025,17.75791],[106.29775,17.75732],[106.29744,17.75645],[106.29784,17.75625],[106.29746,17.7559],[106.29672,17.75437],[106.29639,17.75456],[106.2959,17.75298],[106.29635,17.75231],[106.29676,17.7523],[106.29649,17.75141],[106.29658,17.75004],[106.29684,17.74955],[106.29772,17.74887],[106.29923,17.74834],[106.29851,17.74539],[106.29833,17.74546],[106.29709,17.74457],[106.29666,17.74502],[106.2959,17.74543],[106.2954,17.74548],[106.29483,17.74524],[106.29423,17.74559],[106.29268,17.74589],[106.29242,17.74572],[106.29149,17.74557],[106.29049,17.74573],[106.28909,17.74643],[106.28868,17.7472],[106.28638,17.74805],[106.28457,17.74795],[106.28363,17.74939],[106.28333,17.749],[106.28285,17.74874],[106.28228,17.74877],[106.28079,17.74945],[106.28079,17.749],[106.28044,17.74865],[106.28023,17.74768],[106.27979,17.74716],[106.27893,17.74659],[106.27815,17.74569],[106.277,17.74502],[106.27633,17.74402],[106.27591,17.74361],[106.27478,17.74308],[106.27378,17.74316],[106.27263,17.74345],[106.27154,17.74337],[106.27088,17.74375],[106.27033,17.74389],[106.26893,17.74388],[106.26819,17.74408],[106.2676,17.74449],[106.26713,17.74457],[106.26481,17.74252],[106.26446,17.74237],[106.26393,17.74248],[106.26325,17.74232],[106.26181,17.74218],[106.25957,17.74226],[106.25966,17.74148],[106.26045,17.74064],[106.26072,17.73994],[106.26052,17.73947],[106.26006,17.73896],[106.25973,17.7388],[106.25852,17.73886],[106.25693,17.73872],[106.25688,17.73838],[106.25789,17.73787],[106.25802,17.73716],[106.25655,17.73756],[106.25484,17.73838],[106.25476,17.73799],[106.25518,17.7372],[106.25504,17.73622],[106.25513,17.7353],[106.25553,17.73439],[106.25534,17.73372],[106.25555,17.73322],[106.2563,17.73259],[106.25612,17.73216],[106.25563,17.73207],[106.25529,17.73227],[106.25451,17.73185],[106.25366,17.73087],[106.25371,17.73013],[106.25343,17.72888],[106.25336,17.72761],[106.25366,17.72726],[106.25452,17.727],[106.25479,17.72663],[106.25555,17.72635],[106.25683,17.72615],[106.25716,17.72464],[106.25689,17.72426],[106.25561,17.7234],[106.25455,17.72372],[106.25416,17.72361],[106.25368,17.72318],[106.25211,17.72251],[106.25095,17.72237],[106.25044,17.72175],[106.25025,17.72063],[106.24997,17.72015],[106.24782,17.71941],[106.24632,17.71923],[106.24609,17.71899],[106.24564,17.71805],[106.24417,17.71751],[106.2442,17.71666],[106.24387,17.71594],[106.24366,17.71437],[106.24385,17.71322],[106.24372,17.71148],[106.24251,17.71162],[106.24166,17.71106],[106.24129,17.71115],[106.24063,17.7117],[106.23998,17.71192],[106.23943,17.71168],[106.23868,17.71155],[106.23778,17.71193],[106.23732,17.71203],[106.23667,17.71134],[106.23548,17.7096]]]},"properties":{"name":"Nam Ba Đồn","nameEn":"Nam Ba Don","fullName":"Xã Nam Ba Đồn","fullNameEn":"Nam Ba Don Commune","codeName":"nam_ba_don","areaKm2":76.3,"postalCode":"47323","code":"19075"}},{"type":"Feature","geometry":{"type":"Polygon","coordinates":[[[106.372,17.7499],[106.37143,17.74845],[106.37083,17.74714],[106.36969,17.74637],[106.36913,17.7457],[106.36867,17.74559],[106.36757,17.7448],[106.36597,17.74307],[106.36565,17.74251],[106.36573,17.74142],[106.36487,17.74132],[106.3642,17.7414],[106.36314,17.74179],[106.36198,17.74273],[106.36132,17.74266],[106.36097,17.74227],[106.36084,17.74146],[106.3613,17.73968],[106.36133,17.73858],[106.36151,17.73755],[106.3622,17.73682],[106.36261,17.73623],[106.36237,17.73334],[106.35964,17.73156],[106.35774,17.731],[106.35903,17.72681],[106.35987,17.72708],[106.36083,17.72472],[106.36241,17.72541],[106.36399,17.72216],[106.36635,17.72341],[106.36766,17.723],[106.37051,17.72292],[106.3716,17.72084],[106.37069,17.71964],[106.37001,17.71911],[106.36852,17.71849],[106.36855,17.7177],[106.36872,17.71632],[106.36979,17.7136],[106.36941,17.71259],[106.36864,17.7109],[106.36858,17.71026],[106.36994,17.70989],[106.37124,17.70938],[106.37239,17.70875],[106.37204,17.70357],[106.37088,17.70373],[106.37,17.70376],[106.36904,17.70407],[106.36903,17.70371],[106.36343,17.70521],[106.3609,17.70487],[106.36018,17.70323],[106.36079,17.69872],[106.36043,17.69826],[106.35934,17.69759],[106.35941,17.69681],[106.3592,17.69619],[106.35885,17.69586],[106.35824,17.69434],[106.35767,17.69396],[106.35668,17.69388],[106.35568,17.69361],[106.35501,17.69329],[106.35406,17.69346],[106.35245,17.69327],[106.35212,17.69333],[106.35208,17.69257],[106.35304,17.69087],[106.35266,17.69011],[106.35162,17.68846],[106.35131,17.68742],[106.35145,17.6844],[106.35156,17.68414],[106.35323,17.68165],[106.35363,17.68077],[106.3545,17.67764],[106.35516,17.67692],[106.35568,17.67675],[106.35692,17.67713],[106.35755,17.67715],[106.35819,17.67699],[106.35914,17.67615],[106.35993,17.67577],[106.36056,17.67702],[106.36174,17.67806],[106.36217,17.67857],[106.36351,17.6786],[106.36409,17.67942],[106.36511,17.6798],[106.36588,17.68021],[106.36648,17.68082],[106.36797,17.68105],[106.36854,17.68123],[106.3693,17.68111],[106.37023,17.68063],[106.37182,17.68099],[106.37225,17.68096],[106.37355,17.68126],[106.37407,17.68155],[106.375,17.68137],[106.37726,17.68148],[106.37825,17.68201],[106.37862,17.6824],[106.37935,17.68235],[106.38136,17.68275],[106.38318,17.6826],[106.38394,17.68272],[106.38481,17.68323],[106.38572,17.68355],[106.38736,17.68518],[106.38868,17.68503],[106.38957,17.68518],[106.39013,17.68586],[106.39136,17.68596],[106.39284,17.68624],[106.39355,17.68645],[106.395,17.68641],[106.39579,17.68693],[106.39641,17.68684],[106.39733,17.68699],[106.3982,17.68695],[106.39887,17.68721],[106.40013,17.68724],[106.40363,17.68771],[106.40246,17.69002],[106.40161,17.69191],[106.40133,17.6923],[106.40049,17.69309],[106.39908,17.69399],[106.39767,17.69507],[106.39537,17.69693],[106.394,17.69809],[106.39313,17.69905],[106.39282,17.6996],[106.39255,17.70122],[106.39226,17.70246],[106.39177,17.70365],[106.39087,17.70551],[106.39035,17.70687],[106.39012,17.70778],[106.3902,17.70959],[106.39046,17.71072],[106.39097,17.71175],[106.39212,17.713],[106.39567,17.71611],[106.39783,17.71783],[106.39898,17.71864],[106.40032,17.71948],[106.40155,17.72007],[106.40398,17.72094],[106.40834,17.72235],[106.41116,17.72357],[106.41285,17.72473],[106.41509,17.72536],[106.41809,17.72597],[106.42037,17.72658],[106.42188,17.72607],[106.42352,17.72544],[106.4251,17.72464],[106.42595,17.72411],[106.42716,17.72312],[106.4333,17.71895],[106.4355,17.71737],[106.43535,17.71849],[106.43421,17.72807],[106.43336,17.73203],[106.43285,17.73274],[106.42693,17.73707],[106.42373,17.73945],[106.42198,17.74026],[106.41768,17.74216],[106.41155,17.74486],[106.40828,17.74606],[106.40404,17.74726],[106.40271,17.74753],[106.39827,17.74873],[106.3971,17.74778],[106.39192,17.74549],[106.39003,17.74488],[106.38857,17.74464],[106.38719,17.74474],[106.38443,17.74576],[106.37975,17.74783],[106.37649,17.74904],[106.372,17.7499]]]},"properties":{"name":"Nam Gianh","nameEn":"Nam Gianh","fullName":"Xã Nam Gianh","fullNameEn":"Nam Gianh Commune","codeName":"nam_gianh","areaKm2":34.43,"postalCode":"47324","code":"19093"}},{"type":"Feature","geometry":{"type":"Polygon","coordinates":[[[106.54911,17.61417],[106.54479,17.61328],[106.54235,17.61335],[106.53972,17.61336],[106.53843,17.61392],[106.53837,17.61366],[106.5382,17.60897],[106.53732,17.6087],[106.53648,17.60792],[106.53524,17.60707],[106.53524,17.60687],[106.53434,17.60664],[106.53348,17.60609],[106.53295,17.60622],[106.53245,17.60659],[106.53192,17.60628],[106.53132,17.60569],[106.5302,17.60524],[106.5292,17.60499],[106.52685,17.60354],[106.52493,17.60341],[106.52468,17.60408],[106.52348,17.60542],[106.52267,17.60578],[106.52119,17.60696],[106.52066,17.60754],[106.51892,17.60826],[106.5177,17.6087],[106.51517,17.60985],[106.51461,17.61023],[106.51385,17.61115],[106.51376,17.61307],[106.51371,17.61525],[106.51388,17.61681],[106.51377,17.61725],[106.51386,17.62045],[106.51364,17.6206],[106.51339,17.62124],[106.51302,17.62169],[106.51259,17.62091],[106.51119,17.62166],[106.51079,17.6211],[106.50928,17.62055],[106.50615,17.61935],[106.5052,17.61906],[106.50358,17.61964],[106.50121,17.62172],[106.50092,17.62217],[106.50114,17.62747],[106.50062,17.62739],[106.49885,17.62689],[106.49541,17.62606],[106.49319,17.62543],[106.49364,17.62372],[106.4961,17.62411],[106.4964,17.62249],[106.49631,17.62196],[106.49629,17.62037],[106.49621,17.61907],[106.49634,17.6187],[106.49634,17.61545],[106.49383,17.61572],[106.49381,17.61364],[106.49194,17.61387],[106.4914,17.61383],[106.49134,17.6145],[106.49067,17.6145],[106.49045,17.61911],[106.4865,17.61873],[106.48602,17.61096],[106.48739,17.61034],[106.48736,17.61017],[106.48854,17.61005],[106.48843,17.60935],[106.49075,17.60862],[106.49258,17.60826],[106.49278,17.60771],[106.49393,17.60744],[106.49348,17.60668],[106.49387,17.6064],[106.49419,17.60558],[106.4947,17.60467],[106.49406,17.60427],[106.49564,17.60313],[106.49544,17.60226],[106.49569,17.6019],[106.5001,17.599],[106.50056,17.59897],[106.49922,17.5979],[106.49837,17.59699],[106.49581,17.59531],[106.49485,17.59444],[106.49382,17.59386],[106.49273,17.59295],[106.491,17.59088],[106.49021,17.58937],[106.48985,17.5891],[106.48983,17.58848],[106.48954,17.58853],[106.48913,17.58815],[106.48838,17.58839],[106.48873,17.58911],[106.48868,17.59009],[106.48828,17.59012],[106.48798,17.58938],[106.48794,17.58892],[106.48703,17.58889],[106.48566,17.59001],[106.48403,17.5899],[106.48234,17.58969],[106.48178,17.59012],[106.48151,17.58981],[106.48205,17.58921],[106.48273,17.58945],[106.48325,17.5893],[106.48266,17.5889],[106.4824,17.5889],[106.48222,17.5882],[106.48173,17.58801],[106.48092,17.58812],[106.48052,17.58749],[106.4801,17.58766],[106.47798,17.5878],[106.47769,17.58735],[106.47676,17.58759],[106.47529,17.58762],[106.47516,17.58881],[106.47398,17.58868],[106.47257,17.58835],[106.47188,17.58804],[106.46948,17.58646],[106.4681,17.58631],[106.4673,17.58638],[106.46583,17.58584],[106.464,17.58509],[106.46181,17.58404],[106.45999,17.58353],[106.45875,17.58356],[106.45805,17.58341],[106.45581,17.58148],[106.45442,17.58018],[106.45401,17.57989],[106.45356,17.57933],[106.45329,17.57853],[106.4529,17.5781],[106.45233,17.5771],[106.45266,17.57591],[106.45275,17.57453],[106.45242,17.57264],[106.45246,17.57071],[106.45257,17.56988],[106.45133,17.56786],[106.44856,17.56363],[106.44711,17.56133],[106.44763,17.56095],[106.44687,17.5596],[106.44594,17.55891],[106.44522,17.55869],[106.4442,17.55784],[106.44357,17.5564],[106.44284,17.55571],[106.44249,17.55558],[106.44167,17.55556],[106.44126,17.55535],[106.43973,17.55511],[106.4389,17.55513],[106.43786,17.55501],[106.43725,17.55467],[106.4365,17.55476],[106.43579,17.55404],[106.43563,17.55353],[106.43529,17.55306],[106.43478,17.55265],[106.43485,17.55181],[106.43526,17.55084],[106.43554,17.54933],[106.43504,17.54788],[106.4349,17.54656],[106.43498,17.54632],[106.43621,17.54488],[106.43636,17.54441],[106.43639,17.54357],[106.43599,17.54246],[106.43737,17.54179],[106.43799,17.54133],[106.43858,17.5412],[106.43903,17.54129],[106.4403,17.54182],[106.44129,17.54186],[106.4418,17.54201],[106.44285,17.5421],[106.44386,17.54192],[106.44471,17.54214],[106.44535,17.54198],[106.44575,17.54171],[106.44599,17.54126],[106.44671,17.54057],[106.44674,17.54024],[106.44869,17.53909],[106.44965,17.53808],[106.44974,17.53742],[106.45034,17.53715],[106.45134,17.53714],[106.45267,17.53606],[106.4533,17.53517],[106.4542,17.53536],[106.45512,17.53537],[106.45545,17.53507],[106.45821,17.53463],[106.46021,17.53517],[106.46183,17.53405],[106.46177,17.53314],[106.46193,17.53135],[106.46299,17.53027],[106.46318,17.53064],[106.46391,17.53067],[106.46428,17.53039],[106.46592,17.53048],[106.46623,17.53077],[106.46742,17.53083],[106.46843,17.53142],[106.46919,17.53144],[106.46983,17.53129],[106.47022,17.53077],[106.47106,17.53033],[106.47145,17.52983],[106.47203,17.52995],[106.47289,17.52974],[106.47351,17.52978],[106.47464,17.5294],[106.47525,17.52936],[106.47546,17.52959],[106.47549,17.53016],[106.47586,17.53081],[106.47674,17.53098],[106.47778,17.5306],[106.47795,17.52985],[106.47858,17.52943],[106.47924,17.5296],[106.47954,17.52934],[106.48024,17.52924],[106.4804,17.52876],[106.48086,17.52878],[106.48134,17.52824],[106.48163,17.52765],[106.48217,17.52726],[106.48251,17.5272],[106.48351,17.52747],[106.48438,17.52834],[106.48535,17.529],[106.4863,17.52907],[106.48667,17.52952],[106.48703,17.53041],[106.48745,17.53107],[106.48826,17.53159],[106.48915,17.53184],[106.49065,17.53215],[106.49114,17.53241],[106.49271,17.53279],[106.49271,17.53176],[106.49242,17.53109],[106.49208,17.5299],[106.49162,17.52942],[106.49099,17.52928],[106.48973,17.52878],[106.48946,17.52842],[106.48945,17.52774],[106.49011,17.5253],[106.49033,17.52428],[106.49094,17.52235],[106.49149,17.52144],[106.49198,17.52093],[106.49525,17.51931],[106.4956,17.51893],[106.49617,17.51768],[106.49678,17.51558],[106.49749,17.51398],[106.49816,17.51445],[106.49882,17.51472],[106.4994,17.51478],[106.50081,17.51411],[106.50183,17.51402],[106.50391,17.51416],[106.5044,17.51519],[106.50472,17.51526],[106.50489,17.51659],[106.50461,17.51679],[106.50485,17.5174],[106.50519,17.5192],[106.50514,17.52004],[106.50477,17.52076],[106.50446,17.52098],[106.50578,17.52193],[106.50553,17.52223],[106.50371,17.52335],[106.50575,17.52566],[106.50894,17.52833],[106.51047,17.53052],[106.51086,17.5309],[106.51447,17.53383],[106.51532,17.53287],[106.5171,17.53303],[106.51797,17.53328],[106.51913,17.53428],[106.52099,17.53311],[106.5237,17.53168],[106.52484,17.53128],[106.52533,17.5314],[106.52607,17.53135],[106.52632,17.53159],[106.52724,17.53186],[106.52859,17.53193],[106.52879,17.53221],[106.53086,17.53377],[106.53176,17.53551],[106.53261,17.53645],[106.53306,17.53709],[106.53386,17.5378],[106.53417,17.53822],[106.53488,17.53874],[106.53565,17.5388],[106.53627,17.53903],[106.53712,17.5391],[106.53801,17.53932],[106.53889,17.53973],[106.53944,17.54011],[106.53962,17.54087],[106.54082,17.54193],[106.54146,17.54263],[106.54332,17.54372],[106.5446,17.54478],[106.54503,17.54529],[106.54607,17.54679],[106.54674,17.54739],[106.54786,17.54802],[106.54893,17.54878],[106.54946,17.54926],[106.55024,17.55019],[106.55088,17.55079],[106.55283,17.55161],[106.5535,17.55157],[106.55453,17.55087],[106.55477,17.55011],[106.55404,17.54671],[106.55374,17.54568],[106.55387,17.54415],[106.55468,17.54322],[106.55603,17.54253],[106.55649,17.54261],[106.55743,17.54318],[106.55785,17.54386],[106.55814,17.54478],[106.55894,17.54532],[106.5599,17.54526],[106.56093,17.54544],[106.56204,17.54526],[106.563,17.54416],[106.56337,17.54387],[106.56422,17.54354],[106.5664,17.54235],[106.56766,17.54178],[106.56914,17.54135],[106.56981,17.5414],[106.57057,17.54204],[106.57082,17.54264],[106.5711,17.54425],[106.5716,17.54602],[106.5718,17.54656],[106.57196,17.5475],[106.57227,17.54842],[106.57301,17.54966],[106.57354,17.55025],[106.57472,17.55082],[106.57569,17.55108],[106.57863,17.55171],[106.57407,17.55981],[106.57376,17.56039],[106.57332,17.56206],[106.57202,17.56445],[106.5757,17.56653],[106.57449,17.56833],[106.57345,17.56997],[106.57259,17.57159],[106.5722,17.57187],[106.57186,17.57284],[106.57118,17.57359],[106.57088,17.57435],[106.57022,17.5753],[106.56999,17.5758],[106.56948,17.57646],[106.56871,17.5778],[106.56726,17.58014],[106.56639,17.58179],[106.56516,17.58374],[106.56442,17.5852],[106.56398,17.58621],[106.56309,17.58801],[106.56119,17.59137],[106.55906,17.59569],[106.55839,17.59679],[106.55802,17.59726],[106.55788,17.59788],[106.55705,17.59938],[106.5566,17.59989],[106.55632,17.60053],[106.55594,17.60095],[106.5558,17.60157],[106.55539,17.60209],[106.55417,17.604],[106.55352,17.60521],[106.55235,17.60778],[106.55168,17.60936],[106.55049,17.61124],[106.5496,17.61286],[106.54911,17.61417]]]},"properties":{"name":"Hoàn Lão","nameEn":"Hoan Lao","fullName":"Xã Hoàn Lão","fullNameEn":"Hoan Lao Commune","codeName":"hoan_lao","areaKm2":99.03,"postalCode":"47206","code":"19111"}},{"type":"Feature","geometry":{"type":"Polygon","coordinates":[[[106.4355,17.71737],[106.4333,17.71895],[106.42716,17.72312],[106.42595,17.72411],[106.4251,17.72464],[106.42352,17.72544],[106.42188,17.72607],[106.42037,17.72658],[106.41809,17.72597],[106.41509,17.72536],[106.41285,17.72473],[106.41116,17.72357],[106.40834,17.72235],[106.40398,17.72094],[106.40155,17.72007],[106.40032,17.71948],[106.39898,17.71864],[106.39783,17.71783],[106.39567,17.71611],[106.39212,17.713],[106.39097,17.71175],[106.39046,17.71072],[106.3902,17.70959],[106.39012,17.70778],[106.39035,17.70687],[106.39087,17.70551],[106.39177,17.70365],[106.39226,17.70246],[106.39255,17.70122],[106.39282,17.6996],[106.39313,17.69905],[106.394,17.69809],[106.39537,17.69693],[106.39767,17.69507],[106.39908,17.69399],[106.40049,17.69309],[106.40133,17.6923],[106.40161,17.69191],[106.40246,17.69002],[106.40363,17.68771],[106.40013,17.68724],[106.39887,17.68721],[106.3982,17.68695],[106.39733,17.68699],[106.39641,17.68684],[106.39579,17.68693],[106.395,17.68641],[106.39355,17.68645],[106.39284,17.68624],[106.39136,17.68596],[106.39013,17.68586],[106.38957,17.68518],[106.38868,17.68503],[106.38736,17.68518],[106.38572,17.68355],[106.38481,17.68323],[106.38394,17.68272],[106.38318,17.6826],[106.38136,17.68275],[106.37935,17.68235],[106.37862,17.6824],[106.37825,17.68201],[106.37726,17.68148],[106.375,17.68137],[106.37407,17.68155],[106.37355,17.68126],[106.37225,17.68096],[106.37182,17.68099],[106.37023,17.68063],[106.3693,17.68111],[106.36854,17.68123],[106.36797,17.68105],[106.36648,17.68082],[106.36588,17.68021],[106.36511,17.6798],[106.36409,17.67942],[106.36351,17.6786],[106.36217,17.67857],[106.36174,17.67806],[106.36056,17.67702],[106.35993,17.67577],[106.35914,17.67615],[106.35819,17.67699],[106.35755,17.67715],[106.35692,17.67713],[106.35568,17.67675],[106.35516,17.67692],[106.3545,17.67764],[106.35363,17.68077],[106.35323,17.68165],[106.35156,17.68414],[106.35164,17.68348],[106.35112,17.68245],[106.35029,17.68128],[106.34845,17.67951],[106.34704,17.67781],[106.34682,17.67713],[106.34715,17.67653],[106.34715,17.67567],[106.34682,17.6751],[106.34567,17.67387],[106.34575,17.67353],[106.34654,17.67253],[106.34665,17.67184],[106.346,17.67225],[106.34541,17.67232],[106.34475,17.67196],[106.3432,17.67176],[106.34223,17.67149],[106.34157,17.67174],[106.34056,17.67153],[106.33976,17.67119],[106.33911,17.67112],[106.33968,17.66987],[106.34079,17.66895],[106.34152,17.66772],[106.34177,17.66695],[106.34192,17.66501],[106.3422,17.66415],[106.34195,17.66245],[106.34159,17.66182],[106.34114,17.66172],[106.34059,17.66096],[106.3401,17.66068],[106.33873,17.66018],[106.33853,17.65959],[106.33795,17.65897],[106.33733,17.65869],[106.33706,17.65827],[106.33665,17.6565],[106.33635,17.65595],[106.33568,17.65532],[106.33497,17.65496],[106.33544,17.65463],[106.33677,17.65241],[106.33786,17.65185],[106.33831,17.65096],[106.33848,17.65011],[106.33842,17.64962],[106.33927,17.64806],[106.34055,17.64754],[106.34137,17.6471],[106.34192,17.64716],[106.34271,17.64708],[106.34356,17.64685],[106.34439,17.64617],[106.34474,17.64558],[106.34559,17.64492],[106.34586,17.64459],[106.34616,17.64366],[106.3469,17.64215],[106.34686,17.64114],[106.34717,17.64081],[106.34843,17.64015],[106.34967,17.64023],[106.35076,17.63979],[106.351,17.6398],[106.35225,17.64084],[106.35295,17.642],[106.35331,17.64308],[106.35399,17.64316],[106.35505,17.64259],[106.35515,17.64212],[106.35595,17.64134],[106.3571,17.64132],[106.35788,17.64178],[106.3581,17.64221],[106.35801,17.64257],[106.35739,17.64374],[106.35746,17.64441],[106.35771,17.64468],[106.35886,17.64503],[106.35983,17.64546],[106.36109,17.64552],[106.36163,17.6458],[106.36238,17.64593],[106.36241,17.64704],[106.36201,17.64798],[106.36279,17.64895],[106.36329,17.64934],[106.36394,17.6496],[106.36502,17.64966],[106.36594,17.64951],[106.36683,17.64977],[106.36775,17.65015],[106.36921,17.64996],[106.37019,17.64992],[106.37133,17.65002],[106.37157,17.64983],[106.37184,17.64888],[106.3725,17.64826],[106.37364,17.64769],[106.3743,17.6476],[106.37509,17.64659],[106.3754,17.64642],[106.37684,17.64659],[106.37741,17.64637],[106.37785,17.64599],[106.37897,17.6473],[106.38018,17.6484],[106.38148,17.64881],[106.38426,17.64904],[106.38475,17.64914],[106.38572,17.64982],[106.38761,17.64989],[106.38853,17.64977],[106.39017,17.64845],[106.39122,17.64842],[106.39213,17.6487],[106.39267,17.64917],[106.39397,17.65059],[106.3946,17.65139],[106.39514,17.65228],[106.39634,17.65836],[106.39755,17.65955],[106.39795,17.66036],[106.39824,17.66071],[106.3989,17.66105],[106.40079,17.66129],[106.40099,17.66169],[106.40115,17.66265],[106.40139,17.66345],[106.40207,17.66385],[106.40435,17.66385],[106.40515,17.66335],[106.40613,17.66304],[106.40892,17.66155],[106.40973,17.66116],[106.41011,17.66113],[106.41078,17.66153],[106.41157,17.66142],[106.41206,17.6611],[106.41253,17.66047],[106.41352,17.65948],[106.41452,17.65876],[106.41512,17.65877],[106.41552,17.65858],[106.4171,17.65674],[106.4174,17.65631],[106.41917,17.65464],[106.41967,17.65427],[106.42095,17.65387],[106.42408,17.65356],[106.43023,17.65342],[106.43094,17.65365],[106.4333,17.65481],[106.43431,17.6559],[106.43468,17.65658],[106.43566,17.65752],[106.43734,17.65752],[106.43971,17.65761],[106.4409,17.65785],[106.4421,17.65819],[106.44247,17.65742],[106.44305,17.65707],[106.44345,17.65654],[106.44367,17.656],[106.44367,17.65489],[106.44327,17.65393],[106.44331,17.65366],[106.44387,17.65334],[106.44489,17.65312],[106.44589,17.65271],[106.44665,17.65269],[106.44853,17.65295],[106.44905,17.65323],[106.44991,17.65339],[106.45066,17.65333],[106.45164,17.65396],[106.45233,17.65413],[106.4533,17.65403],[106.45391,17.65373],[106.45412,17.65326],[106.45449,17.65322],[106.4552,17.65354],[106.46025,17.65288],[106.46202,17.65289],[106.46309,17.65266],[106.46402,17.65262],[106.46527,17.65268],[106.46793,17.6526],[106.46853,17.6517],[106.46887,17.65148],[106.47007,17.65143],[106.47118,17.65164],[106.47241,17.65147],[106.47343,17.65153],[106.47458,17.65206],[106.47492,17.65212],[106.47629,17.65124],[106.47761,17.65068],[106.47876,17.65074],[106.47934,17.65092],[106.48017,17.65182],[106.48118,17.65201],[106.48226,17.6518],[106.48291,17.65106],[106.48339,17.65091],[106.48441,17.65034],[106.48467,17.64996],[106.48488,17.64925],[106.48509,17.64908],[106.48744,17.64871],[106.48805,17.64878],[106.48983,17.64922],[106.4922,17.649],[106.49374,17.64901],[106.49438,17.64876],[106.49503,17.64824],[106.49664,17.64759],[106.49739,17.64709],[106.49851,17.64706],[106.49952,17.64788],[106.50023,17.6482],[106.50146,17.64852],[106.50274,17.649],[106.50404,17.64911],[106.50449,17.64974],[106.50415,17.65128],[106.50427,17.65184],[106.50545,17.65307],[106.50593,17.65318],[106.50705,17.6532],[106.50754,17.65299],[106.50795,17.6536],[106.50776,17.65422],[106.50782,17.65494],[106.50821,17.65573],[106.50903,17.65602],[106.50975,17.65687],[106.51067,17.65751],[106.51176,17.65759],[106.51243,17.65785],[106.51339,17.65847],[106.51377,17.65829],[106.51347,17.65755],[106.51274,17.65655],[106.51259,17.65569],[106.51414,17.65439],[106.51467,17.65415],[106.51592,17.65431],[106.51664,17.65452],[106.51766,17.6542],[106.51828,17.6542],[106.51914,17.65495],[106.51821,17.65727],[106.51745,17.65777],[106.51706,17.65848],[106.51667,17.6597],[106.51604,17.66053],[106.51536,17.66085],[106.51496,17.66089],[106.51386,17.66143],[106.51324,17.66243],[106.51282,17.66335],[106.51231,17.66393],[106.51116,17.66587],[106.5108,17.66635],[106.51053,17.66708],[106.5091,17.66924],[106.50851,17.67048],[106.50816,17.67092],[106.50753,17.67202],[106.50713,17.67302],[106.50604,17.67473],[106.50533,17.67606],[106.50528,17.67639],[106.50451,17.67763],[106.50409,17.67858],[106.50328,17.67982],[106.5025,17.68168],[106.50219,17.68201],[106.50181,17.68316],[106.50107,17.68444],[106.50026,17.68649],[106.49977,17.68746],[106.49923,17.68887],[106.49818,17.69231],[106.49792,17.69384],[106.49787,17.69456],[106.49763,17.69547],[106.49729,17.69626],[106.49723,17.69674],[106.49687,17.69779],[106.49664,17.69875],[106.49655,17.70022],[106.49624,17.70127],[106.49584,17.70214],[106.49512,17.70225],[106.49363,17.70346],[106.49299,17.70365],[106.49164,17.70354],[106.49067,17.70315],[106.49008,17.70278],[106.48919,17.70424],[106.48857,17.70406],[106.48683,17.7038],[106.48458,17.70391],[106.48094,17.70442],[106.47742,17.70512],[106.47452,17.70585],[106.46017,17.70898],[106.44961,17.71078],[106.44695,17.71142],[106.44236,17.71284],[106.44047,17.71353],[106.43931,17.7141],[106.43855,17.71471],[106.43604,17.71698],[106.4355,17.71737]]]},"properties":{"name":"Bắc Trạch","nameEn":"Bac Trach","fullName":"Xã Bắc Trạch","fullNameEn":"Bac Trach Commune","codeName":"bac_trach","areaKm2":97.61,"postalCode":"47212","code":"19126"}},{"type":"Feature","geometry":{"type":"Polygon","coordinates":[[[106.08901,17.64773],[106.08949,17.64751],[106.09046,17.64772],[106.09094,17.64701],[106.09181,17.64727],[106.09218,17.64728],[106.09259,17.64639],[106.09369,17.64583],[106.09322,17.64419],[106.09273,17.64269],[106.09247,17.64164],[106.09194,17.64016],[106.09163,17.63828],[106.09097,17.63147],[106.09056,17.62991],[106.08989,17.62904],[106.08934,17.62873],[106.08943,17.62849],[106.09051,17.62781],[106.09107,17.62771],[106.09142,17.6273],[106.09154,17.62663],[106.09185,17.62583],[106.09269,17.62508],[106.09304,17.62527],[106.09386,17.62499],[106.09484,17.62387],[106.0949,17.62315],[106.09625,17.62238],[106.0973,17.62202],[106.09787,17.62151],[106.09861,17.62043],[106.09932,17.61987],[106.10005,17.61955],[106.1003,17.61919],[106.1004,17.61863],[106.10095,17.61766],[106.10176,17.61702],[106.10216,17.61693],[106.10378,17.61714],[106.10571,17.61671],[106.10794,17.61597],[106.10959,17.61563],[106.11069,17.61547],[106.1112,17.61529],[106.11297,17.6151],[106.11343,17.61494],[106.11481,17.61403],[106.1153,17.61379],[106.11626,17.614],[106.11711,17.6143],[106.11924,17.61447],[106.12034,17.61522],[106.1212,17.61636],[106.12188,17.61636],[106.12224,17.61665],[106.12231,17.61733],[106.1225,17.61763],[106.12394,17.61776],[106.12536,17.61815],[106.12546,17.61842],[106.12532,17.61913],[106.12684,17.6207],[106.12745,17.62094],[106.12805,17.62097],[106.12913,17.62056],[106.13006,17.62057],[106.13114,17.62019],[106.13294,17.61918],[106.13578,17.61794],[106.13761,17.61787],[106.13844,17.61804],[106.14214,17.62083],[106.14236,17.62172],[106.14285,17.62241],[106.14451,17.62357],[106.14471,17.6251],[106.14538,17.62535],[106.14672,17.62679],[106.14723,17.62772],[106.14756,17.6287],[106.14784,17.63017],[106.14754,17.63084],[106.14749,17.63241],[106.14761,17.63278],[106.14808,17.63336],[106.15245,17.63425],[106.15279,17.63405],[106.15361,17.63421],[106.15405,17.63405],[106.15513,17.63445],[106.15683,17.63554],[106.1588,17.6365],[106.15927,17.63702],[106.16094,17.63694],[106.16164,17.63674],[106.16236,17.63706],[106.1632,17.63762],[106.16464,17.63808],[106.16513,17.63857],[106.16533,17.63757],[106.16552,17.6372],[106.16673,17.63737],[106.16722,17.63764],[106.16779,17.63837],[106.16864,17.6388],[106.16916,17.63927],[106.16996,17.63956],[106.1717,17.64082],[106.17314,17.64023],[106.17364,17.63991],[106.17507,17.63999],[106.17646,17.64013],[106.17675,17.64077],[106.17792,17.64234],[106.17827,17.64267],[106.17911,17.64288],[106.18085,17.64363],[106.18187,17.64228],[106.18224,17.642],[106.18323,17.64166],[106.18394,17.64106],[106.18482,17.64049],[106.18581,17.63999],[106.18669,17.64031],[106.18692,17.64131],[106.18746,17.64194],[106.18804,17.64244],[106.18792,17.64299],[106.18792,17.64381],[106.1892,17.64529],[106.18984,17.64563],[106.19083,17.64492],[106.19102,17.64443],[106.19238,17.64446],[106.19389,17.64245],[106.19443,17.6413],[106.19542,17.63798],[106.19498,17.63773],[106.19461,17.63727],[106.19434,17.63655],[106.19339,17.63529],[106.19608,17.63236],[106.20002,17.62797],[106.2003,17.62789],[106.20135,17.62797],[106.20121,17.62741],[106.20144,17.62697],[106.20275,17.62633],[106.20396,17.62532],[106.20486,17.62401],[106.20585,17.62363],[106.20628,17.62336],[106.20667,17.62335],[106.20789,17.62409],[106.20844,17.62453],[106.20886,17.62514],[106.20978,17.62569],[106.21091,17.62794],[106.21178,17.62798],[106.21252,17.62825],[106.21379,17.62741],[106.21461,17.62727],[106.21599,17.6272],[106.22047,17.62801],[106.22004,17.62735],[106.22006,17.62641],[106.22048,17.62614],[106.22183,17.62586],[106.22278,17.62586],[106.22379,17.62507],[106.22488,17.62469],[106.22558,17.62474],[106.22577,17.62416],[106.22583,17.62326],[106.22627,17.62298],[106.22715,17.62282],[106.22753,17.62258],[106.2286,17.62258],[106.22891,17.62202],[106.23223,17.62218],[106.23308,17.62254],[106.23388,17.62358],[106.23469,17.62392],[106.23535,17.62333],[106.236,17.62309],[106.23678,17.6226],[106.23697,17.62216],[106.2374,17.62189],[106.23793,17.6219],[106.23896,17.62214],[106.23942,17.62249],[106.23995,17.6232],[106.24089,17.624],[106.24343,17.62596],[106.24608,17.62759],[106.24671,17.6277],[106.24755,17.62869],[106.24873,17.62894],[106.24914,17.62846],[106.24963,17.62718],[106.25128,17.62505],[106.25152,17.62421],[106.25103,17.62325],[106.25067,17.62296],[106.25138,17.62206],[106.2517,17.62192],[106.25253,17.62191],[106.25294,17.62105],[106.25394,17.62084],[106.25389,17.62045],[106.25482,17.62013],[106.25495,17.6193],[106.2547,17.61896],[106.25379,17.61837],[106.2534,17.6178],[106.25281,17.61735],[106.25141,17.61737],[106.25101,17.61698],[106.25037,17.61603],[106.249,17.61427],[106.24824,17.61422],[106.24689,17.61329],[106.24605,17.61215],[106.24555,17.61061],[106.24506,17.60949],[106.2449,17.60799],[106.24506,17.6075],[106.24484,17.60683],[106.24403,17.60616],[106.24383,17.60523],[106.24356,17.60489],[106.24202,17.60431],[106.24153,17.60375],[106.24103,17.6029],[106.24078,17.60227],[106.24022,17.60134],[106.23957,17.6008],[106.23915,17.60023],[106.23803,17.5997],[106.23712,17.59918],[106.23684,17.59852],[106.2361,17.59815],[106.23586,17.59746],[106.23577,17.59663],[106.23595,17.59621],[106.23583,17.59556],[106.23382,17.59301],[106.23334,17.5926],[106.23328,17.59224],[106.23346,17.59055],[106.23464,17.58554],[106.23359,17.5801],[106.23557,17.57485],[106.23537,17.566],[106.23697,17.56429],[106.23746,17.56402],[106.23879,17.56374],[106.23953,17.56367],[106.24133,17.56333],[106.24114,17.56293],[106.24076,17.56132],[106.24008,17.56047],[106.23998,17.56013],[106.2391,17.55909],[106.23886,17.55812],[106.23788,17.55586],[106.23785,17.55455],[106.23772,17.55396],[106.23675,17.55277],[106.23631,17.55124],[106.23561,17.54979],[106.23538,17.54956],[106.23488,17.54821],[106.23482,17.54703],[106.23407,17.54612],[106.23389,17.54552],[106.23462,17.54488],[106.23477,17.54453],[106.23475,17.54378],[106.23457,17.54336],[106.23408,17.54325],[106.23385,17.54296],[106.23374,17.54185],[106.23381,17.54],[106.2335,17.5397],[106.23219,17.53981],[106.23187,17.53956],[106.23166,17.53782],[106.23064,17.53626],[106.22955,17.53573],[106.2293,17.53534],[106.22911,17.53456],[106.22914,17.5333],[106.22939,17.53198],[106.22897,17.53144],[106.22761,17.53086],[106.22693,17.53025],[106.22598,17.53004],[106.22528,17.52963],[106.22512,17.52929],[106.22432,17.52841],[106.22325,17.5277],[106.22284,17.52727],[106.22204,17.52716],[106.22102,17.52718],[106.22022,17.52762],[106.21959,17.52752],[106.21896,17.52701],[106.21851,17.52684],[106.2181,17.52638],[106.2173,17.52693],[106.21684,17.52758],[106.21645,17.52745],[106.21604,17.52706],[106.21576,17.52616],[106.21494,17.52563],[106.21458,17.52507],[106.2146,17.52406],[106.21397,17.52313],[106.21395,17.52249],[106.21333,17.52167],[106.21306,17.52094],[106.21268,17.52041],[106.21284,17.51968],[106.21271,17.51856],[106.21252,17.51809],[106.21362,17.51683],[106.21379,17.51643],[106.21354,17.516],[106.21336,17.51509],[106.21298,17.51469],[106.21259,17.51334],[106.21256,17.51249],[106.21232,17.5121],[106.21229,17.5113],[106.21164,17.51036],[106.21127,17.51019],[106.21047,17.51017],[106.21001,17.50948],[106.20955,17.509],[106.20865,17.5075],[106.2082,17.50727],[106.2069,17.50696],[106.20661,17.50674],[106.20713,17.5062],[106.20763,17.50514],[106.20811,17.5048],[106.20915,17.50484],[106.20938,17.50505],[106.20953,17.50581],[106.20979,17.50618],[106.21074,17.50689],[106.21096,17.50766],[106.2123,17.5076],[106.21256,17.50719],[106.2132,17.50685],[106.21353,17.50692],[106.21417,17.50761],[106.21418,17.50792],[106.21345,17.50854],[106.21382,17.50962],[106.21438,17.50987],[106.21496,17.50899],[106.21548,17.50899],[106.21574,17.50949],[106.21569,17.51056],[106.21605,17.5106],[106.21675,17.51039],[106.21825,17.51072],[106.21898,17.51108],[106.21915,17.51153],[106.21911,17.51213],[106.21967,17.51299],[106.21998,17.51397],[106.22114,17.51419],[106.22275,17.51489],[106.22389,17.51473],[106.22537,17.51529],[106.22666,17.5157],[106.22683,17.51593],[106.22717,17.51752],[106.2274,17.51783],[106.22805,17.51805],[106.22923,17.51819],[106.2307,17.51891],[106.2318,17.51917],[106.23358,17.51889],[106.23615,17.5186],[106.23816,17.51885],[106.23837,17.51897],[106.2388,17.51976],[106.23925,17.52017],[106.24127,17.52099],[106.24259,17.52121],[106.24395,17.52076],[106.24514,17.52057],[106.24624,17.52053],[106.2473,17.52072],[106.24864,17.52147],[106.24972,17.52272],[106.2521,17.52567],[106.25404,17.52917],[106.25452,17.52985],[106.25536,17.5307],[106.25516,17.53145],[106.25556,17.53228],[106.25609,17.53233],[106.25705,17.53163],[106.25731,17.53159],[106.26031,17.53454],[106.26114,17.53411],[106.2616,17.53433],[106.2629,17.53566],[106.26336,17.53639],[106.26347,17.53684],[106.26337,17.53766],[106.26395,17.53881],[106.26432,17.53915],[106.26516,17.53939],[106.26551,17.53931],[106.26647,17.53878],[106.26674,17.53885],[106.26777,17.53842],[106.26847,17.53804],[106.26998,17.53836],[106.2718,17.53828],[106.27337,17.53787],[106.27545,17.53743],[106.27642,17.53746],[106.2771,17.53735],[106.27745,17.53749],[106.27832,17.53845],[106.27874,17.53855],[106.2793,17.53918],[106.28069,17.53956],[106.28113,17.5396],[106.28209,17.53938],[106.28242,17.53913],[106.28377,17.5391],[106.28457,17.5389],[106.28524,17.5393],[106.28615,17.53935],[106.28749,17.54057],[106.28766,17.54134],[106.28768,17.54226],[106.28825,17.5436],[106.28843,17.54381],[106.28939,17.5442],[106.29049,17.54486],[106.29169,17.54613],[106.2917,17.54652],[106.292,17.54754],[106.2925,17.54738],[106.29298,17.54686],[106.29424,17.54486],[106.29463,17.54347],[106.29504,17.54155],[106.29532,17.54094],[106.29645,17.54009],[106.29674,17.53964],[106.29788,17.53837],[106.29808,17.53762],[106.29809,17.53643],[106.29801,17.53517],[106.29868,17.53478],[106.29907,17.53471],[106.29968,17.53403],[106.30029,17.53248],[106.30088,17.53184],[106.30132,17.53168],[106.30204,17.53114],[106.30239,17.53056],[106.30301,17.52997],[106.30348,17.5293],[106.30863,17.51827],[106.31025,17.51385],[106.31217,17.50731],[106.31443,17.50731],[106.31941,17.50986],[106.32268,17.51174],[106.32401,17.51167],[106.3259,17.50747],[106.32717,17.50772],[106.32733,17.50822],[106.32765,17.50861],[106.32836,17.50909],[106.32882,17.51028],[106.32979,17.51054],[106.33044,17.51097],[106.33077,17.51167],[106.33068,17.51209],[106.33088,17.51267],[106.33227,17.51246],[106.33338,17.51274],[106.33382,17.51297],[106.33531,17.51251],[106.33517,17.51338],[106.3354,17.51387],[106.33598,17.51463],[106.33673,17.51476],[106.33732,17.51545],[106.33877,17.51627],[106.33931,17.51741],[106.3403,17.51804],[106.34057,17.51872],[106.34025,17.51958],[106.34063,17.5208],[106.34127,17.52199],[106.34187,17.52394],[106.34271,17.52581],[106.3431,17.52606],[106.34415,17.52716],[106.34435,17.52825],[106.34421,17.52898],[106.34325,17.53011],[106.34287,17.5311],[106.34252,17.53346],[106.34251,17.53391],[106.34218,17.53478],[106.34168,17.53544],[106.34138,17.537],[106.34141,17.53738],[106.34207,17.5381],[106.34217,17.53904],[106.34234,17.53958],[106.34247,17.5411],[106.34247,17.54205],[106.34218,17.54337],[106.34223,17.54432],[106.34205,17.54496],[106.34152,17.5456],[106.34115,17.54727],[106.34129,17.54846],[106.34099,17.54959],[106.34068,17.5501],[106.34087,17.55098],[106.34072,17.55436],[106.3406,17.55495],[106.34072,17.55569],[106.34054,17.55625],[106.3396,17.55722],[106.33931,17.55772],[106.33887,17.55812],[106.33814,17.55781],[106.33694,17.55842],[106.33627,17.55894],[106.33528,17.55853],[106.33388,17.55835],[106.33295,17.55863],[106.33216,17.55938],[106.33164,17.55948],[106.33108,17.55933],[106.33024,17.55927],[106.32982,17.55943],[106.32888,17.56024],[106.32823,17.56105],[106.32822,17.56224],[106.32791,17.56271],[106.3269,17.56339],[106.32419,17.56385],[106.32388,17.56407],[106.32358,17.56473],[106.32289,17.56534],[106.32299,17.56628],[106.3226,17.5665],[106.32198,17.56715],[106.32129,17.56751],[106.32004,17.56771],[106.31871,17.56881],[106.318,17.56887],[106.31818,17.56925],[106.31892,17.56981],[106.31892,17.57057],[106.31912,17.57116],[106.32002,17.57194],[106.32036,17.57251],[106.32169,17.57322],[106.32225,17.57342],[106.32333,17.57406],[106.32369,17.5748],[106.32345,17.5764],[106.32368,17.57725],[106.3246,17.57833],[106.32635,17.57859],[106.32714,17.57883],[106.32805,17.57886],[106.32843,17.57923],[106.32907,17.58029],[106.32898,17.58083],[106.32928,17.58131],[106.32988,17.58148],[106.33072,17.58213],[106.33084,17.58247],[106.33065,17.58338],[106.33046,17.58483],[106.33106,17.58541],[106.33159,17.5856],[106.33191,17.58671],[106.33219,17.58718],[106.33221,17.58812],[106.3326,17.589],[106.33341,17.58965],[106.3348,17.58969],[106.33591,17.59099],[106.33536,17.59226],[106.33486,17.59258],[106.33448,17.59313],[106.33412,17.5941],[106.3338,17.59461],[106.33326,17.59505],[106.33257,17.59536],[106.33211,17.59586],[106.33097,17.59685],[106.33083,17.59793],[106.33056,17.59848],[106.33062,17.59899],[106.33122,17.59985],[106.33144,17.60066],[106.33201,17.60102],[106.33294,17.60259],[106.33445,17.6034],[106.33435,17.60373],[106.33516,17.60419],[106.33527,17.60451],[106.33579,17.60478],[106.33599,17.60453],[106.33645,17.60473],[106.33652,17.60551],[106.33618,17.6061],[106.33567,17.6063],[106.33536,17.60719],[106.335,17.60873],[106.33552,17.6101],[106.3353,17.61058],[106.33548,17.61246],[106.33583,17.61267],[106.3364,17.61348],[106.33618,17.61386],[106.33637,17.61456],[106.33702,17.61457],[106.33729,17.61407],[106.33759,17.61406],[106.33796,17.61456],[106.33882,17.61503],[106.3389,17.61524],[106.33856,17.61582],[106.33934,17.61592],[106.33978,17.61632],[106.34033,17.61597],[106.34098,17.61602],[106.34152,17.61635],[106.34173,17.61671],[106.34143,17.61702],[106.34142,17.6174],[106.34178,17.61807],[106.34199,17.61808],[106.34284,17.61766],[106.34387,17.61768],[106.34431,17.61788],[106.34461,17.6188],[106.34525,17.61947],[106.34538,17.62031],[106.34365,17.61994],[106.34229,17.61996],[106.33856,17.62026],[106.33846,17.62037],[106.33847,17.62187],[106.3387,17.62249],[106.33868,17.62332],[106.33844,17.624],[106.33826,17.62528],[106.33841,17.62567],[106.3393,17.62644],[106.33957,17.62759],[106.33947,17.62903],[106.33822,17.62973],[106.33804,17.63011],[106.33697,17.63164],[106.33558,17.63188],[106.33486,17.63254],[106.33449,17.63322],[106.33443,17.63446],[106.33461,17.63519],[106.33513,17.63625],[106.33586,17.63709],[106.33625,17.63781],[106.33738,17.63847],[106.33817,17.63919],[106.33874,17.64035],[106.33902,17.64076],[106.33912,17.64175],[106.33999,17.64182],[106.34063,17.64165],[106.34123,17.64119],[106.34189,17.64098],[106.34325,17.64025],[106.34369,17.63993],[106.34544,17.63966],[106.34616,17.64067],[106.34686,17.64114],[106.3469,17.64215],[106.34616,17.64366],[106.34586,17.64459],[106.34559,17.64492],[106.34474,17.64558],[106.34439,17.64617],[106.34356,17.64685],[106.34271,17.64708],[106.34192,17.64716],[106.34137,17.6471],[106.34055,17.64754],[106.33927,17.64806],[106.33842,17.64962],[106.33848,17.65011],[106.33831,17.65096],[106.33786,17.65185],[106.33677,17.65241],[106.33544,17.65463],[106.33497,17.65496],[106.33568,17.65532],[106.33635,17.65595],[106.33665,17.6565],[106.33706,17.65827],[106.33733,17.65869],[106.33795,17.65897],[106.33853,17.65959],[106.33873,17.66018],[106.3401,17.66068],[106.34059,17.66096],[106.34114,17.66172],[106.34159,17.66182],[106.34195,17.66245],[106.3422,17.66415],[106.34192,17.66501],[106.34177,17.66695],[106.34152,17.66772],[106.34079,17.66895],[106.33968,17.66987],[106.33911,17.67112],[106.33976,17.67119],[106.34056,17.67153],[106.34157,17.67174],[106.34223,17.67149],[106.3432,17.67176],[106.34475,17.67196],[106.34541,17.67232],[106.346,17.67225],[106.34665,17.67184],[106.34654,17.67253],[106.34575,17.67353],[106.34567,17.67387],[106.34682,17.6751],[106.34715,17.67567],[106.34715,17.67653],[106.34682,17.67713],[106.34704,17.67781],[106.34845,17.67951],[106.35029,17.68128],[106.35112,17.68245],[106.35164,17.68348],[106.35156,17.68414],[106.35145,17.6844],[106.35131,17.68742],[106.35162,17.68846],[106.35266,17.69011],[106.35304,17.69087],[106.35208,17.69257],[106.35212,17.69333],[106.35123,17.69368],[106.35066,17.69379],[106.35017,17.6941],[106.34934,17.6942],[106.34843,17.69447],[106.34741,17.69464],[106.34572,17.69522],[106.34455,17.69553],[106.34413,17.69664],[106.34364,17.69698],[106.3436,17.69743],[106.34372,17.69833],[106.34358,17.69885],[106.34351,17.69984],[106.34375,17.7011],[106.34364,17.70138],[106.34276,17.70264],[106.34244,17.7027],[106.34222,17.70213],[106.34143,17.70132],[106.34037,17.70084],[106.33921,17.70066],[106.33883,17.70041],[106.33803,17.70028],[106.33675,17.70031],[106.33535,17.70059],[106.33427,17.69984],[106.33365,17.69892],[106.33298,17.69862],[106.33032,17.69795],[106.32982,17.69759],[106.32809,17.69733],[106.32705,17.69677],[106.32592,17.6964],[106.32485,17.69584],[106.32318,17.69555],[106.32208,17.69559],[106.32159,17.69551],[106.32077,17.69582],[106.31936,17.69555],[106.31872,17.69464],[106.31833,17.6943],[106.31728,17.69422],[106.31537,17.69344],[106.31477,17.69351],[106.31435,17.69372],[106.31394,17.69433],[106.31286,17.69405],[106.31209,17.69393],[106.31142,17.69331],[106.30996,17.69373],[106.30827,17.69524],[106.30786,17.69551],[106.30693,17.6967],[106.30635,17.69716],[106.30597,17.69764],[106.30456,17.69738],[106.30394,17.69706],[106.30284,17.69687],[106.30105,17.69631],[106.30023,17.69648],[106.29904,17.69654],[106.29829,17.69644],[106.2976,17.69683],[106.29567,17.70016],[106.29528,17.7007],[106.29468,17.70109],[106.29393,17.70138],[106.2929,17.70214],[106.29196,17.70192],[106.29065,17.70198],[106.29006,17.70156],[106.2897,17.70073],[106.28962,17.6998],[106.28929,17.69935],[106.28791,17.6994],[106.28717,17.69913],[106.28639,17.69846],[106.28526,17.69819],[106.28296,17.69831],[106.28192,17.69791],[106.2813,17.69797],[106.28049,17.6978],[106.27988,17.69796],[106.27957,17.6993],[106.27907,17.70012],[106.27963,17.70232],[106.27913,17.70276],[106.27786,17.70308],[106.27729,17.70308],[106.27603,17.7034],[106.27512,17.70313],[106.27455,17.70327],[106.27403,17.70321],[106.27197,17.70352],[106.26998,17.70316],[106.26936,17.70294],[106.26818,17.70275],[106.26674,17.70289],[106.26558,17.70308],[106.26367,17.70317],[106.26256,17.703],[106.26206,17.70394],[106.2613,17.7041],[106.2603,17.70415],[106.25941,17.70454],[106.25819,17.70498],[106.25727,17.70485],[106.25684,17.70426],[106.25668,17.70376],[106.25518,17.70434],[106.25487,17.70489],[106.25421,17.70658],[106.25387,17.70699],[106.25323,17.70643],[106.25184,17.70458],[106.25116,17.70352],[106.25032,17.70422],[106.25003,17.70473],[106.24985,17.70639],[106.24881,17.70616],[106.2481,17.7062],[106.24742,17.70589],[106.24674,17.70543],[106.24629,17.70483],[106.24575,17.70353],[106.24462,17.70352],[106.24359,17.70341],[106.2427,17.70321],[106.2415,17.70328],[106.24101,17.7034],[106.23972,17.70427],[106.2384,17.70468],[106.23794,17.705],[106.23747,17.70563],[106.23672,17.70618],[106.23596,17.70704],[106.23551,17.70803],[106.23548,17.7096],[106.23454,17.71003],[106.23206,17.71089],[106.23099,17.71112],[106.22976,17.71149],[106.22887,17.71148],[106.22804,17.7116],[106.22722,17.71194],[106.22618,17.71177],[106.22528,17.71224],[106.22233,17.71286],[106.22254,17.71389],[106.22197,17.71483],[106.22198,17.71542],[106.22115,17.7164],[106.22013,17.71648],[106.21975,17.71691],[106.21878,17.71695],[106.21853,17.7172],[106.21829,17.71791],[106.21774,17.71799],[106.21672,17.71861],[106.2158,17.71887],[106.215,17.71875],[106.21385,17.71735],[106.21264,17.71713],[106.21189,17.71741],[106.21156,17.71722],[106.21051,17.71692],[106.2099,17.71707],[106.20925,17.71748],[106.20888,17.71796],[106.20803,17.71857],[106.20785,17.719],[106.20643,17.71899],[106.20613,17.7186],[106.20555,17.71839],[106.20502,17.7185],[106.20459,17.71884],[106.20422,17.7194],[106.20366,17.71955],[106.20298,17.71924],[106.20263,17.71883],[106.20217,17.71861],[106.20179,17.71877],[106.20089,17.71775],[106.20096,17.71666],[106.19954,17.71708],[106.19796,17.71711],[106.19766,17.71729],[106.19733,17.71786],[106.19683,17.71806],[106.19543,17.71795],[106.19373,17.71827],[106.19292,17.71852],[106.19189,17.71843],[106.19087,17.71865],[106.19035,17.71853],[106.18981,17.71874],[106.18844,17.71902],[106.18735,17.71897],[106.18652,17.71865],[106.18587,17.71754],[106.18573,17.71868],[106.18552,17.71913],[106.18463,17.71933],[106.18433,17.71924],[106.18319,17.7185],[106.18271,17.71918],[106.18214,17.71953],[106.18151,17.71962],[106.18055,17.71956],[106.17835,17.7206],[106.17697,17.72088],[106.17618,17.72117],[106.17543,17.72109],[106.17476,17.72142],[106.17386,17.72137],[106.17263,17.72151],[106.17205,17.72139],[106.1709,17.72167],[106.17013,17.72157],[106.16839,17.72225],[106.16675,17.72196],[106.16484,17.72206],[106.16423,17.7223],[106.16301,17.72234],[106.16203,17.72221],[106.1612,17.72241],[106.16072,17.72271],[106.16008,17.72346],[106.15981,17.72394],[106.15937,17.72422],[106.15743,17.72405],[106.15679,17.7243],[106.1557,17.72455],[106.15474,17.72487],[106.15413,17.7254],[106.15352,17.72649],[106.15322,17.7268],[106.15195,17.72771],[106.15178,17.72798],[106.15137,17.72964],[106.15082,17.72831],[106.15058,17.72801],[106.14949,17.72772],[106.14885,17.72726],[106.1481,17.72697],[106.14699,17.72717],[106.14576,17.72671],[106.14509,17.72661],[106.14398,17.72668],[106.14348,17.7262],[106.14112,17.72548],[106.14024,17.72497],[106.13911,17.72395],[106.1387,17.72383],[106.13798,17.72403],[106.13687,17.72398],[106.1353,17.7232],[106.13388,17.72335],[106.13266,17.7239],[106.13101,17.72365],[106.1297,17.72397],[106.12854,17.72412],[106.12756,17.72415],[106.12684,17.72396],[106.12531,17.7239],[106.12433,17.72395],[106.12084,17.72379],[106.11976,17.72334],[106.1188,17.72311],[106.1172,17.72315],[106.11631,17.72282],[106.11545,17.72213],[106.11486,17.72116],[106.11412,17.7207],[106.11265,17.72006],[106.11193,17.71957],[106.111,17.7186],[106.11045,17.71768],[106.10995,17.71582],[106.10955,17.71504],[106.10859,17.71456],[106.10743,17.71436],[106.10615,17.71424],[106.10359,17.71331],[106.10284,17.71315],[106.09978,17.71218],[106.09929,17.71181],[106.09903,17.71127],[106.09862,17.71084],[106.09817,17.71069],[106.09667,17.71062],[106.09522,17.71044],[106.09432,17.71016],[106.09337,17.71001],[106.08678,17.7095],[106.08526,17.70923],[106.08301,17.70902],[106.08262,17.70837],[106.08251,17.70761],[106.08259,17.70657],[106.08246,17.7055],[106.08225,17.70475],[106.08197,17.70422],[106.07927,17.70127],[106.07806,17.70013],[106.07787,17.69902],[106.07919,17.69421],[106.08127,17.69437],[106.08173,17.69424],[106.08218,17.69378],[106.08274,17.69295],[106.08367,17.69215],[106.08573,17.69137],[106.08735,17.69128],[106.0892,17.69081],[106.09014,17.69042],[106.09103,17.69039],[106.09256,17.69047],[106.09291,17.6903],[106.09344,17.68936],[106.09403,17.68861],[106.09476,17.68748],[106.09526,17.68622],[106.09552,17.68589],[106.09614,17.68568],[106.09648,17.68537],[106.09917,17.68451],[106.10249,17.68399],[106.10409,17.68332],[106.10552,17.68293],[106.10651,17.68219],[106.10766,17.68038],[106.10824,17.67881],[106.10897,17.67819],[106.11074,17.67697],[106.11331,17.67557],[106.11447,17.67442],[106.11712,17.67242],[106.11935,17.67099],[106.12094,17.66956],[106.12246,17.66863],[106.12163,17.6669],[106.12113,17.6662],[106.12059,17.66576],[106.1185,17.66496],[106.11776,17.66428],[106.11716,17.66259],[106.11671,17.66231],[106.11433,17.66228],[106.11331,17.6625],[106.11158,17.66257],[106.11051,17.66301],[106.10931,17.66269],[106.10733,17.66269],[106.10558,17.66121],[106.10497,17.66049],[106.10458,17.65987],[106.10429,17.65907],[106.10451,17.65818],[106.10452,17.65735],[106.10411,17.65609],[106.1034,17.65527],[106.10208,17.65478],[106.10143,17.65437],[106.10008,17.65403],[106.09737,17.6536],[106.09637,17.65383],[106.09538,17.65363],[106.09473,17.65364],[106.09438,17.65275],[106.09363,17.65185],[106.09266,17.65121],[106.09276,17.65084],[106.09259,17.6497],[106.09221,17.64928],[106.09083,17.64911],[106.0903,17.64897],[106.08945,17.6484],[106.08899,17.64798],[106.08901,17.64773]]]},"properties":{"name":"Phong Nha","nameEn":"Phong Nha","fullName":"Xã Phong Nha","fullNameEn":"Phong Nha Commune","codeName":"phong_nha","areaKm2":358.1,"postalCode":"47232","code":"19138"}},{"type":"Feature","geometry":{"type":"Polygon","coordinates":[[[106.49319,17.62543],[106.49263,17.62537],[106.49021,17.62477],[106.48984,17.62518],[106.48807,17.62549],[106.48771,17.62545],[106.48738,17.62573],[106.48604,17.6252],[106.4839,17.62448],[106.48305,17.62443],[106.48166,17.62454],[106.48047,17.62502],[106.4787,17.62623],[106.47805,17.62643],[106.47741,17.6262],[106.47686,17.62568],[106.47516,17.62479],[106.4741,17.62383],[106.47301,17.62371],[106.47249,17.62431],[106.47063,17.62526],[106.46989,17.62552],[106.46911,17.62551],[106.46762,17.62615],[106.467,17.62709],[106.4664,17.62766],[106.46535,17.62886],[106.46408,17.62957],[106.46328,17.62962],[106.4613,17.62912],[106.45904,17.62901],[106.45842,17.62927],[106.45794,17.629],[106.45749,17.62941],[106.45726,17.63036],[106.45757,17.63134],[106.45807,17.63193],[106.45819,17.63247],[106.45879,17.63341],[106.45884,17.6337],[106.45808,17.63453],[106.45775,17.63475],[106.45514,17.63573],[106.45434,17.6358],[106.45326,17.63557],[106.45264,17.63534],[106.45209,17.63496],[106.45212,17.63411],[106.45202,17.63375],[106.4516,17.63333],[106.45146,17.63288],[106.45151,17.63215],[106.45193,17.63173],[106.45181,17.63123],[106.45115,17.63115],[106.45086,17.63086],[106.45032,17.63075],[106.44972,17.63101],[106.44912,17.63163],[106.44964,17.63246],[106.4497,17.63307],[106.44879,17.63416],[106.44866,17.63492],[106.44811,17.6351],[106.44775,17.63433],[106.4472,17.63397],[106.44624,17.634],[106.44604,17.63389],[106.44568,17.6327],[106.44603,17.63229],[106.44615,17.63177],[106.44574,17.63142],[106.44561,17.63095],[106.44489,17.63055],[106.44383,17.62971],[106.44336,17.62992],[106.4426,17.63002],[106.44214,17.62993],[106.44201,17.62938],[106.44174,17.62903],[106.44095,17.62917],[106.44062,17.62911],[106.44068,17.62813],[106.43943,17.62908],[106.43674,17.6313],[106.43689,17.63146],[106.43626,17.63194],[106.43509,17.63255],[106.43239,17.63353],[106.43209,17.63356],[106.43358,17.63597],[106.43395,17.6367],[106.43424,17.63753],[106.43441,17.64058],[106.43442,17.64288],[106.43436,17.64461],[106.43425,17.6462],[106.43411,17.64962],[106.43464,17.65152],[106.43517,17.65243],[106.4363,17.65349],[106.43651,17.65396],[106.43645,17.65478],[106.43566,17.65752],[106.43468,17.65658],[106.43431,17.6559],[106.4333,17.65481],[106.43094,17.65365],[106.43023,17.65342],[106.42408,17.65356],[106.42095,17.65387],[106.41967,17.65427],[106.41917,17.65464],[106.4174,17.65631],[106.4171,17.65674],[106.41552,17.65858],[106.41512,17.65877],[106.41452,17.65876],[106.41352,17.65948],[106.41253,17.66047],[106.41206,17.6611],[106.41157,17.66142],[106.41078,17.66153],[106.41011,17.66113],[106.40973,17.66116],[106.40892,17.66155],[106.40613,17.66304],[106.40515,17.66335],[106.40435,17.66385],[106.40207,17.66385],[106.40139,17.66345],[106.40115,17.66265],[106.40099,17.66169],[106.40079,17.66129],[106.3989,17.66105],[106.39824,17.66071],[106.39795,17.66036],[106.39755,17.65955],[106.39634,17.65836],[106.39514,17.65228],[106.3946,17.65139],[106.39397,17.65059],[106.39267,17.64917],[106.39213,17.6487],[106.39122,17.64842],[106.39017,17.64845],[106.38853,17.64977],[106.38761,17.64989],[106.38572,17.64982],[106.38475,17.64914],[106.38426,17.64904],[106.38148,17.64881],[106.38018,17.6484],[106.37897,17.6473],[106.37785,17.64599],[106.37741,17.64637],[106.37684,17.64659],[106.3754,17.64642],[106.37509,17.64659],[106.3743,17.6476],[106.37364,17.64769],[106.3725,17.64826],[106.37184,17.64888],[106.37157,17.64983],[106.37133,17.65002],[106.37019,17.64992],[106.36921,17.64996],[106.36775,17.65015],[106.36683,17.64977],[106.36594,17.64951],[106.36502,17.64966],[106.36394,17.6496],[106.36329,17.64934],[106.36279,17.64895],[106.36201,17.64798],[106.36241,17.64704],[106.36238,17.64593],[106.36163,17.6458],[106.36109,17.64552],[106.35983,17.64546],[106.35886,17.64503],[106.35771,17.64468],[106.35746,17.64441],[106.35739,17.64374],[106.35801,17.64257],[106.3581,17.64221],[106.35788,17.64178],[106.3571,17.64132],[106.35595,17.64134],[106.35515,17.64212],[106.35505,17.64259],[106.35399,17.64316],[106.35331,17.64308],[106.35295,17.642],[106.35225,17.64084],[106.351,17.6398],[106.35076,17.63979],[106.34967,17.64023],[106.34843,17.64015],[106.34717,17.64081],[106.34686,17.64114],[106.34616,17.64067],[106.34544,17.63966],[106.34369,17.63993],[106.34325,17.64025],[106.34189,17.64098],[106.34123,17.64119],[106.34063,17.64165],[106.33999,17.64182],[106.33912,17.64175],[106.33902,17.64076],[106.33874,17.64035],[106.33817,17.63919],[106.33738,17.63847],[106.33625,17.63781],[106.33586,17.63709],[106.33513,17.63625],[106.33461,17.63519],[106.33443,17.63446],[106.33449,17.63322],[106.33486,17.63254],[106.33558,17.63188],[106.33697,17.63164],[106.33804,17.63011],[106.33822,17.62973],[106.33947,17.62903],[106.33957,17.62759],[106.3393,17.62644],[106.33841,17.62567],[106.33826,17.62528],[106.33844,17.624],[106.33868,17.62332],[106.3387,17.62249],[106.33847,17.62187],[106.33846,17.62037],[106.33856,17.62026],[106.34229,17.61996],[106.34365,17.61994],[106.34538,17.62031],[106.34525,17.61947],[106.34461,17.6188],[106.34431,17.61788],[106.34387,17.61768],[106.34284,17.61766],[106.34199,17.61808],[106.34178,17.61807],[106.34142,17.6174],[106.34143,17.61702],[106.34173,17.61671],[106.34152,17.61635],[106.34098,17.61602],[106.34033,17.61597],[106.33978,17.61632],[106.33934,17.61592],[106.33856,17.61582],[106.3389,17.61524],[106.33882,17.61503],[106.33796,17.61456],[106.33759,17.61406],[106.33729,17.61407],[106.33702,17.61457],[106.33637,17.61456],[106.33618,17.61386],[106.3364,17.61348],[106.33583,17.61267],[106.33548,17.61246],[106.3353,17.61058],[106.33552,17.6101],[106.335,17.60873],[106.33536,17.60719],[106.33567,17.6063],[106.33618,17.6061],[106.33652,17.60551],[106.33645,17.60473],[106.33599,17.60453],[106.33579,17.60478],[106.33527,17.60451],[106.33516,17.60419],[106.33435,17.60373],[106.33445,17.6034],[106.33294,17.60259],[106.33201,17.60102],[106.33144,17.60066],[106.33122,17.59985],[106.33062,17.59899],[106.33056,17.59848],[106.33083,17.59793],[106.33097,17.59685],[106.33211,17.59586],[106.33257,17.59536],[106.33326,17.59505],[106.3338,17.59461],[106.33412,17.5941],[106.33448,17.59313],[106.33486,17.59258],[106.33536,17.59226],[106.33591,17.59099],[106.3348,17.58969],[106.33341,17.58965],[106.3326,17.589],[106.33221,17.58812],[106.33219,17.58718],[106.33191,17.58671],[106.33159,17.5856],[106.33106,17.58541],[106.33046,17.58483],[106.33065,17.58338],[106.33084,17.58247],[106.33072,17.58213],[106.32988,17.58148],[106.32928,17.58131],[106.32898,17.58083],[106.32907,17.58029],[106.32843,17.57923],[106.32805,17.57886],[106.32714,17.57883],[106.32635,17.57859],[106.3246,17.57833],[106.32368,17.57725],[106.32345,17.5764],[106.32369,17.5748],[106.32333,17.57406],[106.32225,17.57342],[106.32169,17.57322],[106.32036,17.57251],[106.32002,17.57194],[106.31912,17.57116],[106.31892,17.57057],[106.31892,17.56981],[106.31818,17.56925],[106.318,17.56887],[106.31871,17.56881],[106.32004,17.56771],[106.32129,17.56751],[106.32198,17.56715],[106.3226,17.5665],[106.32299,17.56628],[106.32289,17.56534],[106.32358,17.56473],[106.32388,17.56407],[106.32419,17.56385],[106.3269,17.56339],[106.32791,17.56271],[106.32822,17.56224],[106.32823,17.56105],[106.32888,17.56024],[106.32982,17.55943],[106.33024,17.55927],[106.33108,17.55933],[106.33164,17.55948],[106.33216,17.55938],[106.33295,17.55863],[106.33388,17.55835],[106.33528,17.55853],[106.33627,17.55894],[106.33694,17.55842],[106.33814,17.55781],[106.33887,17.55812],[106.33931,17.55772],[106.3396,17.55722],[106.34054,17.55625],[106.34072,17.55569],[106.3406,17.55495],[106.34072,17.55436],[106.34087,17.55098],[106.34068,17.5501],[106.34099,17.54959],[106.34129,17.54846],[106.34115,17.54727],[106.34152,17.5456],[106.34205,17.54496],[106.34223,17.54432],[106.34218,17.54337],[106.34247,17.54205],[106.34247,17.5411],[106.34234,17.53958],[106.34217,17.53904],[106.34207,17.5381],[106.34141,17.53738],[106.34138,17.537],[106.34168,17.53544],[106.34218,17.53478],[106.34251,17.53391],[106.34252,17.53346],[106.34287,17.5311],[106.34325,17.53011],[106.34421,17.52898],[106.34435,17.52825],[106.34415,17.52716],[106.3431,17.52606],[106.34271,17.52581],[106.34187,17.52394],[106.34127,17.52199],[106.34063,17.5208],[106.34025,17.51958],[106.34057,17.51872],[106.3403,17.51804],[106.34054,17.51773],[106.34085,17.51692],[106.34164,17.51609],[106.34243,17.51464],[106.34308,17.51391],[106.34504,17.51267],[106.34644,17.51254],[106.34768,17.51265],[106.34843,17.51305],[106.3498,17.51322],[106.35092,17.51367],[106.35173,17.51372],[106.35296,17.51408],[106.35348,17.51459],[106.35399,17.51491],[106.35484,17.51497],[106.35541,17.51543],[106.35632,17.51592],[106.35678,17.51598],[106.35819,17.51559],[106.36017,17.51534],[106.3622,17.51486],[106.36282,17.51438],[106.36345,17.51406],[106.36605,17.51457],[106.36642,17.51472],[106.36746,17.5143],[106.36773,17.51378],[106.36764,17.51293],[106.36801,17.51265],[106.3684,17.51148],[106.36956,17.51007],[106.37024,17.50946],[106.37135,17.50872],[106.37233,17.50784],[106.37359,17.50775],[106.37504,17.50682],[106.37569,17.50628],[106.37716,17.5056],[106.37766,17.50509],[106.37977,17.50469],[106.38161,17.50369],[106.3834,17.50291],[106.38411,17.50255],[106.38481,17.5024],[106.3843,17.50193],[106.38303,17.50177],[106.38268,17.50141],[106.38301,17.5005],[106.38361,17.49999],[106.38372,17.49836],[106.38356,17.49777],[106.38309,17.49691],[106.38241,17.49611],[106.38235,17.49581],[106.38277,17.4952],[106.38335,17.49362],[106.38304,17.49255],[106.38249,17.49205],[106.38146,17.49152],[106.38037,17.4911],[106.37932,17.49054],[106.37904,17.49008],[106.3786,17.48899],[106.37795,17.48812],[106.37779,17.48751],[106.37747,17.48687],[106.37717,17.48592],[106.37704,17.48458],[106.37678,17.48395],[106.37619,17.48362],[106.37515,17.48272],[106.37543,17.4821],[106.37544,17.48109],[106.37479,17.47995],[106.37408,17.47927],[106.37459,17.47892],[106.37473,17.47823],[106.37453,17.47717],[106.37526,17.4765],[106.3764,17.47459],[106.3764,17.47403],[106.37519,17.47287],[106.3752,17.47246],[106.37491,17.47179],[106.37503,17.4701],[106.37535,17.46926],[106.37544,17.46874],[106.37533,17.46744],[106.37441,17.46644],[106.37499,17.466],[106.37521,17.46539],[106.37537,17.4645],[106.37653,17.46355],[106.37718,17.46277],[106.3788,17.4611],[106.37987,17.4603],[106.38031,17.45984],[106.38131,17.45846],[106.38169,17.45834],[106.38416,17.45874],[106.38511,17.45875],[106.38584,17.45844],[106.38619,17.45804],[106.38773,17.45681],[106.38696,17.45575],[106.38681,17.4549],[106.38701,17.45419],[106.38756,17.45352],[106.38914,17.45256],[106.39049,17.45205],[106.39145,17.45149],[106.39272,17.4514],[106.3934,17.4511],[106.39463,17.45027],[106.39539,17.44881],[106.39694,17.44804],[106.39744,17.44763],[106.39765,17.4469],[106.39754,17.44551],[106.3979,17.44487],[106.39936,17.44354],[106.39997,17.44308],[106.40219,17.44116],[106.40282,17.44074],[106.40293,17.43945],[106.40293,17.43838],[106.40331,17.43714],[106.40414,17.43627],[106.40429,17.43559],[106.4041,17.43482],[106.40458,17.43433],[106.40535,17.43305],[106.40564,17.43193],[106.40606,17.43097],[106.4069,17.42972],[106.40751,17.42922],[106.40791,17.42907],[106.40927,17.42832],[106.41021,17.42817],[106.41056,17.42795],[106.41065,17.4268],[106.41077,17.42635],[106.4117,17.42526],[106.41243,17.42425],[106.4131,17.42383],[106.41437,17.42269],[106.41543,17.42161],[106.41584,17.42135],[106.41702,17.42092],[106.4172,17.42057],[106.41757,17.41927],[106.4181,17.41874],[106.41823,17.41746],[106.41869,17.41611],[106.41937,17.41528],[106.42072,17.4146],[106.42188,17.41415],[106.42221,17.41364],[106.42224,17.41313],[106.42187,17.41201],[106.42199,17.41112],[106.42193,17.41069],[106.4212,17.40996],[106.42082,17.40935],[106.42083,17.40866],[106.4212,17.40776],[106.42172,17.4057],[106.42245,17.40358],[106.42332,17.4022],[106.42402,17.40131],[106.42435,17.40045],[106.42506,17.40016],[106.42573,17.39974],[106.42698,17.39849],[106.4275,17.39733],[106.42809,17.39487],[106.42844,17.39399],[106.42896,17.3916],[106.4309,17.3898],[106.4319,17.38915],[106.43229,17.38871],[106.43322,17.38728],[106.43346,17.38648],[106.434,17.38643],[106.43463,17.38668],[106.4363,17.38756],[106.43729,17.38794],[106.43784,17.38837],[106.43814,17.38897],[106.43852,17.38924],[106.44013,17.38951],[106.44102,17.38942],[106.44238,17.38965],[106.44299,17.38987],[106.44345,17.39032],[106.44516,17.39011],[106.44587,17.39014],[106.44676,17.39062],[106.448,17.39178],[106.4488,17.39216],[106.4498,17.39216],[106.45118,17.39264],[106.45401,17.3924],[106.45417,17.39196],[106.45532,17.39088],[106.45678,17.3898],[106.45799,17.38814],[106.45868,17.38778],[106.45932,17.38722],[106.46059,17.38584],[106.4611,17.38506],[106.46179,17.38322],[106.46194,17.38232],[106.46219,17.38211],[106.46269,17.38216],[106.46465,17.38279],[106.46564,17.38296],[106.46664,17.38336],[106.46779,17.38402],[106.46847,17.38431],[106.46903,17.38441],[106.47105,17.38413],[106.47307,17.38364],[106.47489,17.38308],[106.47564,17.38295],[106.47684,17.38255],[106.47817,17.38196],[106.47917,17.38175],[106.48003,17.38194],[106.48078,17.38229],[106.48189,17.38237],[106.48321,17.38211],[106.48346,17.38215],[106.48785,17.38323],[106.48916,17.38373],[106.49143,17.38482],[106.49237,17.38484],[106.49166,17.38613],[106.49039,17.38792],[106.49,17.38835],[106.48927,17.3897],[106.48889,17.39017],[106.48812,17.39085],[106.4877,17.39179],[106.48739,17.39311],[106.48688,17.39353],[106.48595,17.394],[106.48455,17.39579],[106.48404,17.39672],[106.48392,17.39862],[106.48373,17.39989],[106.48393,17.40105],[106.48362,17.40289],[106.48364,17.40422],[106.48396,17.40442],[106.48554,17.40489],[106.4864,17.40499],[106.48698,17.4055],[106.48754,17.40583],[106.48889,17.40637],[106.49032,17.40776],[106.49059,17.40813],[106.49074,17.40957],[106.49064,17.41089],[106.49034,17.41132],[106.48931,17.41215],[106.48869,17.41256],[106.48819,17.41349],[106.48803,17.41405],[106.48819,17.41472],[106.4888,17.41576],[106.48876,17.41656],[106.48839,17.41807],[106.48772,17.41994],[106.48752,17.42111],[106.48767,17.42206],[106.48747,17.42255],[106.48617,17.42378],[106.48566,17.42408],[106.48327,17.425],[106.48237,17.42544],[106.48101,17.42633],[106.47969,17.42823],[106.47868,17.42955],[106.47879,17.43092],[106.47809,17.43097],[106.47756,17.4314],[106.47733,17.432],[106.47669,17.4324],[106.47579,17.4324],[106.47533,17.43264],[106.47466,17.43343],[106.47427,17.43439],[106.47373,17.4349],[106.47322,17.43591],[106.47234,17.4367],[106.47106,17.43725],[106.47044,17.43813],[106.47033,17.43878],[106.47036,17.43969],[106.4708,17.44076],[106.47109,17.44084],[106.47211,17.44257],[106.4725,17.44448],[106.47251,17.44493],[106.47156,17.44679],[106.47162,17.44827],[106.4715,17.44925],[106.47116,17.45022],[106.47096,17.45245],[106.47111,17.45472],[106.47115,17.45625],[106.47125,17.45696],[106.47111,17.45748],[106.47034,17.45894],[106.46995,17.46023],[106.46899,17.46191],[106.46808,17.46303],[106.46614,17.46495],[106.46409,17.46648],[106.46216,17.46727],[106.46223,17.46794],[106.46147,17.4681],[106.46087,17.46861],[106.45922,17.46953],[106.45885,17.46989],[106.45789,17.47121],[106.45713,17.4718],[106.45274,17.47558],[106.45229,17.4763],[106.45166,17.4769],[106.45159,17.47817],[106.45142,17.47845],[106.45007,17.47869],[106.44986,17.47893],[106.44984,17.47954],[106.44943,17.48053],[106.44951,17.48138],[106.45026,17.48247],[106.45022,17.48285],[106.44979,17.48347],[106.44954,17.4851],[106.44925,17.48537],[106.44839,17.48578],[106.44827,17.48619],[106.44838,17.48673],[106.44832,17.48806],[106.44794,17.48904],[106.44733,17.48936],[106.44665,17.48987],[106.44675,17.49075],[106.44642,17.49152],[106.44602,17.49203],[106.44509,17.49268],[106.44384,17.49384],[106.44339,17.49454],[106.44322,17.49529],[106.44324,17.496],[106.44386,17.49676],[106.44394,17.49749],[106.44361,17.49801],[106.44359,17.49885],[106.44338,17.49953],[106.44318,17.50094],[106.44343,17.50161],[106.44387,17.50221],[106.44364,17.50296],[106.44338,17.50477],[106.44322,17.50505],[106.44165,17.50629],[106.44153,17.50693],[106.44095,17.50762],[106.44042,17.50871],[106.44046,17.50955],[106.44031,17.51076],[106.43975,17.51127],[106.43841,17.51318],[106.43821,17.51406],[106.43834,17.51512],[106.43723,17.51652],[106.43701,17.51698],[106.43684,17.51787],[106.43703,17.5192],[106.43695,17.52016],[106.43592,17.52194],[106.4353,17.52357],[106.43487,17.52495],[106.43458,17.5265],[106.43447,17.52779],[106.43407,17.52834],[106.43373,17.52956],[106.43303,17.52999],[106.43299,17.53097],[106.43206,17.53181],[106.43168,17.53261],[106.43093,17.53357],[106.43058,17.5342],[106.43065,17.53461],[106.43037,17.53525],[106.43041,17.53607],[106.43055,17.53634],[106.43208,17.53671],[106.43253,17.53695],[106.43309,17.53801],[106.43377,17.53866],[106.43355,17.53942],[106.4335,17.54007],[106.43374,17.54046],[106.43428,17.54089],[106.43475,17.54169],[106.43545,17.54201],[106.43599,17.54246],[106.43639,17.54357],[106.43636,17.54441],[106.43621,17.54488],[106.43498,17.54632],[106.4349,17.54656],[106.43504,17.54788],[106.43554,17.54933],[106.43526,17.55084],[106.43485,17.55181],[106.43478,17.55265],[106.43529,17.55306],[106.43563,17.55353],[106.43579,17.55404],[106.4365,17.55476],[106.43725,17.55467],[106.43786,17.55501],[106.4389,17.55513],[106.43973,17.55511],[106.44126,17.55535],[106.44167,17.55556],[106.44249,17.55558],[106.44284,17.55571],[106.44357,17.5564],[106.4442,17.55784],[106.44522,17.55869],[106.44594,17.55891],[106.44687,17.5596],[106.44763,17.56095],[106.44711,17.56133],[106.44856,17.56363],[106.45133,17.56786],[106.45257,17.56988],[106.45246,17.57071],[106.45242,17.57264],[106.45275,17.57453],[106.45266,17.57591],[106.45233,17.5771],[106.4529,17.5781],[106.45329,17.57853],[106.45356,17.57933],[106.45401,17.57989],[106.45442,17.58018],[106.45581,17.58148],[106.45805,17.58341],[106.45875,17.58356],[106.45999,17.58353],[106.46181,17.58404],[106.464,17.58509],[106.46583,17.58584],[106.4673,17.58638],[106.4681,17.58631],[106.46948,17.58646],[106.47188,17.58804],[106.47257,17.58835],[106.47398,17.58868],[106.47516,17.58881],[106.47529,17.58762],[106.47676,17.58759],[106.47769,17.58735],[106.47798,17.5878],[106.4801,17.58766],[106.48052,17.58749],[106.48092,17.58812],[106.48173,17.58801],[106.48222,17.5882],[106.4824,17.5889],[106.48266,17.5889],[106.48325,17.5893],[106.48273,17.58945],[106.48205,17.58921],[106.48151,17.58981],[106.48178,17.59012],[106.48234,17.58969],[106.48403,17.5899],[106.48566,17.59001],[106.48703,17.58889],[106.48794,17.58892],[106.48798,17.58938],[106.48828,17.59012],[106.48868,17.59009],[106.48873,17.58911],[106.48838,17.58839],[106.48913,17.58815],[106.48954,17.58853],[106.48983,17.58848],[106.48985,17.5891],[106.49021,17.58937],[106.491,17.59088],[106.49273,17.59295],[106.49382,17.59386],[106.49485,17.59444],[106.49581,17.59531],[106.49837,17.59699],[106.49922,17.5979],[106.50056,17.59897],[106.5001,17.599],[106.49569,17.6019],[106.49544,17.60226],[106.49564,17.60313],[106.49406,17.60427],[106.4947,17.60467],[106.49419,17.60558],[106.49387,17.6064],[106.49348,17.60668],[106.49393,17.60744],[106.49278,17.60771],[106.49258,17.60826],[106.49075,17.60862],[106.48843,17.60935],[106.48854,17.61005],[106.48736,17.61017],[106.48739,17.61034],[106.48602,17.61096],[106.4865,17.61873],[106.49045,17.61911],[106.49067,17.6145],[106.49134,17.6145],[106.4914,17.61383],[106.49194,17.61387],[106.49381,17.61364],[106.49383,17.61572],[106.49634,17.61545],[106.49634,17.6187],[106.49621,17.61907],[106.49629,17.62037],[106.49631,17.62196],[106.4964,17.62249],[106.4961,17.62411],[106.49364,17.62372],[106.49319,17.62543]]]},"properties":{"name":"Bố Trạch","nameEn":"Bo Trach","fullName":"Xã Bố Trạch","fullNameEn":"Bo Trach Commune","codeName":"bo_trach","areaKm2":299.42,"postalCode":"47237","code":"19141"}},{"type":"Feature","geometry":{"type":"Polygon","coordinates":[[[105.96547,17.50326],[105.96925,17.499],[106.00184,17.46241],[106.08023,17.37401],[106.08564,17.368],[106.09194,17.36088],[106.09199,17.36041],[106.09241,17.36008],[106.09323,17.3601],[106.09356,17.35987],[106.09349,17.35934],[106.09399,17.35877],[106.09466,17.35853],[106.09576,17.35829],[106.09734,17.35812],[106.09785,17.35795],[106.09876,17.35718],[106.0992,17.35659],[106.0996,17.35633],[106.10035,17.35656],[106.10099,17.35645],[106.10286,17.35468],[106.10319,17.35385],[106.10387,17.35295],[106.1047,17.3524],[106.10557,17.35249],[106.1069,17.35301],[106.10756,17.35291],[106.10865,17.35186],[106.1091,17.35228],[106.10948,17.35329],[106.11074,17.35329],[106.11061,17.35284],[106.11008,17.3518],[106.10997,17.35107],[106.11013,17.35061],[106.11084,17.35011],[106.11193,17.34881],[106.11248,17.34841],[106.11317,17.3477],[106.11383,17.34772],[106.11464,17.34742],[106.11589,17.34724],[106.11779,17.34592],[106.1187,17.34575],[106.11919,17.34553],[106.12036,17.34462],[106.12096,17.34385],[106.12143,17.34341],[106.12205,17.34246],[106.12276,17.34163],[106.12337,17.34109],[106.12357,17.34067],[106.12378,17.33969],[106.12396,17.33947],[106.12491,17.33949],[106.12554,17.33993],[106.12684,17.34001],[106.12765,17.33984],[106.1281,17.33839],[106.12884,17.33816],[106.1299,17.33826],[106.13026,17.33809],[106.13061,17.3374],[106.1312,17.33676],[106.13236,17.33617],[106.13296,17.3356],[106.1336,17.3355],[106.13399,17.33567],[106.13454,17.33541],[106.13489,17.33475],[106.13572,17.33389],[106.13561,17.33254],[106.13578,17.33157],[106.13551,17.33124],[106.13548,17.33051],[106.13609,17.32915],[106.13659,17.32881],[106.13757,17.32848],[106.13924,17.32778],[106.14054,17.32695],[106.14067,17.32663],[106.14036,17.32583],[106.14073,17.32553],[106.14142,17.32609],[106.14175,17.32621],[106.14266,17.32687],[106.14314,17.3269],[106.14355,17.32609],[106.14413,17.32545],[106.14469,17.325],[106.14415,17.32449],[106.14353,17.32343],[106.14251,17.32237],[106.14232,17.32133],[106.14251,17.32089],[106.14327,17.32033],[106.14569,17.31821],[106.14559,17.31778],[106.14336,17.31627],[106.14314,17.31603],[106.14307,17.31516],[106.14388,17.31438],[106.14473,17.31407],[106.14518,17.31336],[106.14543,17.31235],[106.14547,17.31179],[106.14571,17.31143],[106.14665,17.31153],[106.14829,17.31182],[106.14857,17.31194],[106.14905,17.31157],[106.15155,17.31053],[106.1526,17.30949],[106.15315,17.3091],[106.15361,17.3092],[106.1543,17.30908],[106.15507,17.30851],[106.15584,17.30815],[106.1563,17.30761],[106.15688,17.30659],[106.15802,17.30555],[106.15913,17.3054],[106.16014,17.30499],[106.16153,17.30491],[106.16222,17.30426],[106.16298,17.30332],[106.16449,17.30274],[106.16484,17.30246],[106.16484,17.3017],[106.16374,17.30013],[106.16359,17.29981],[106.16396,17.29916],[106.165,17.29885],[106.16592,17.29879],[106.16658,17.29801],[106.16691,17.29724],[106.16746,17.29721],[106.16844,17.29769],[106.16902,17.29823],[106.1713,17.29823],[106.17163,17.29802],[106.17176,17.29749],[106.17368,17.29612],[106.17461,17.2949],[106.17565,17.29425],[106.17657,17.29434],[106.17715,17.2942],[106.17857,17.29343],[106.17884,17.29302],[106.17982,17.29219],[106.18041,17.29187],[106.18115,17.29125],[106.18153,17.2906],[106.18239,17.28981],[106.18324,17.28922],[106.18393,17.28823],[106.18407,17.28743],[106.18522,17.28658],[106.18625,17.28554],[106.18784,17.28413],[106.18865,17.28284],[106.18906,17.28231],[106.18926,17.28172],[106.18956,17.27984],[106.19035,17.27925],[106.1911,17.27896],[106.19208,17.27893],[106.19315,17.27841],[106.19375,17.27765],[106.19411,17.27747],[106.19548,17.27749],[106.19593,17.27686],[106.19679,17.27626],[106.19694,17.27602],[106.19737,17.27441],[106.19866,17.27427],[106.2002,17.27337],[106.20059,17.27296],[106.20214,17.27233],[106.20328,17.27218],[106.20556,17.27154],[106.20797,17.2712],[106.20891,17.26986],[106.20915,17.26964],[106.21032,17.26918],[106.21163,17.26848],[106.21306,17.2669],[106.21385,17.26633],[106.2152,17.266],[106.21569,17.26557],[106.21618,17.26489],[106.21947,17.26251],[106.22044,17.26176],[106.22148,17.26106],[106.22253,17.26079],[106.22385,17.26074],[106.2244,17.2603],[106.22553,17.25827],[106.22591,17.25727],[106.22628,17.25675],[106.22741,17.25642],[106.22808,17.25609],[106.22919,17.25576],[106.22963,17.25529],[106.22992,17.25466],[106.23035,17.25415],[106.23095,17.25387],[106.23158,17.25296],[106.23177,17.25211],[106.23205,17.25156],[106.23278,17.25138],[106.2341,17.25143],[106.2348,17.2513],[106.23523,17.25077],[106.23601,17.2503],[106.23672,17.25007],[106.23811,17.24975],[106.24056,17.24961],[106.24166,17.24963],[106.24329,17.24979],[106.24403,17.25004],[106.2452,17.25014],[106.24578,17.24988],[106.24642,17.24921],[106.24717,17.24859],[106.24716,17.24764],[106.24746,17.24689],[106.24795,17.24649],[106.24798,17.24583],[106.24826,17.24521],[106.24957,17.24443],[106.25091,17.24428],[106.25136,17.24447],[106.25156,17.24519],[106.25159,17.24583],[106.25141,17.2467],[106.25098,17.24716],[106.25118,17.24821],[106.2512,17.249],[106.25096,17.25009],[106.25127,17.25071],[106.25259,17.25164],[106.2532,17.25189],[106.25363,17.2523],[106.25363,17.25291],[106.2542,17.25333],[106.25526,17.25321],[106.25562,17.25307],[106.25614,17.25254],[106.25733,17.25268],[106.25725,17.25294],[106.2576,17.25347],[106.25831,17.25324],[106.25966,17.25333],[106.2604,17.25376],[106.26095,17.25385],[106.26214,17.25354],[106.26327,17.25484],[106.26374,17.25572],[106.26418,17.25608],[106.26551,17.25659],[106.2666,17.2571],[106.26757,17.25798],[106.26898,17.25983],[106.27011,17.26043],[106.27092,17.26063],[106.2721,17.2607],[106.27356,17.26127],[106.27476,17.26147],[106.27572,17.26177],[106.27599,17.26228],[106.27685,17.26316],[106.2776,17.26478],[106.2779,17.26522],[106.27793,17.26591],[106.27884,17.26693],[106.27898,17.26797],[106.27913,17.26835],[106.2796,17.26888],[106.27922,17.26989],[106.27914,17.2704],[106.27982,17.27073],[106.28038,17.27148],[106.2804,17.2724],[106.28069,17.27359],[106.2805,17.27457],[106.28102,17.27668],[106.28097,17.27717],[106.28033,17.27772],[106.27974,17.27849],[106.27878,17.27912],[106.27841,17.27949],[106.27833,17.28008],[106.27748,17.28187],[106.27669,17.28266],[106.27651,17.28379],[106.27564,17.28493],[106.27517,17.28576],[106.27498,17.28651],[106.27492,17.28729],[106.27512,17.28832],[106.27563,17.28965],[106.27561,17.29144],[106.27545,17.293],[106.27552,17.29526],[106.27529,17.2959],[106.27663,17.29573],[106.27728,17.29582],[106.27943,17.29555],[106.28046,17.29552],[106.28164,17.2958],[106.28293,17.29632],[106.28412,17.29659],[106.28591,17.29666],[106.28639,17.29651],[106.28712,17.29604],[106.28835,17.29603],[106.28874,17.29613],[106.28955,17.29671],[106.29099,17.29701],[106.29166,17.29685],[106.29272,17.29625],[106.29375,17.29581],[106.29511,17.29574],[106.29543,17.29592],[106.29681,17.29616],[106.29686,17.29545],[106.29798,17.29479],[106.29967,17.29431],[106.30014,17.29375],[106.30088,17.29355],[106.30206,17.29387],[106.30262,17.29415],[106.30371,17.29518],[106.30391,17.29524],[106.30485,17.29587],[106.30567,17.29616],[106.30672,17.29672],[106.30753,17.29757],[106.30796,17.29769],[106.30893,17.29773],[106.30979,17.29745],[106.31068,17.2976],[106.31087,17.29796],[106.31118,17.29924],[106.3115,17.29965],[106.31202,17.2999],[106.31359,17.30113],[106.31485,17.30259],[106.31511,17.30388],[106.31461,17.30462],[106.31407,17.30512],[106.31354,17.3059],[106.31346,17.30681],[106.31317,17.30729],[106.31205,17.30675],[106.31109,17.30672],[106.31035,17.30653],[106.30958,17.30651],[106.30928,17.30672],[106.3085,17.30688],[106.30736,17.30746],[106.30742,17.30907],[106.30725,17.30944],[106.30654,17.31009],[106.30621,17.31124],[106.30581,17.31173],[106.30547,17.31288],[106.30519,17.31318],[106.30432,17.31307],[106.30356,17.31431],[106.30309,17.31486],[106.30275,17.31503],[106.30181,17.31618],[106.30137,17.31716],[106.29955,17.31648],[106.29842,17.31753],[106.29814,17.31829],[106.29768,17.31872],[106.29678,17.31911],[106.29592,17.31896],[106.29552,17.31933],[106.29507,17.31931],[106.29486,17.3196],[106.29468,17.32054],[106.29416,17.32171],[106.29368,17.32195],[106.29309,17.3218],[106.29229,17.32141],[106.2916,17.32071],[106.29127,17.32109],[106.29095,17.32211],[106.29051,17.32307],[106.28985,17.32382],[106.28981,17.32479],[106.28944,17.32563],[106.28878,17.32612],[106.28814,17.3272],[106.28829,17.32778],[106.2882,17.32898],[106.28873,17.33057],[106.28922,17.3318],[106.28865,17.33198],[106.28822,17.33187],[106.28772,17.33259],[106.28761,17.33348],[106.28726,17.33451],[106.28771,17.33729],[106.2891,17.33997],[106.28937,17.34095],[106.29014,17.34234],[106.29032,17.34367],[106.29075,17.34443],[106.29154,17.34634],[106.29206,17.34735],[106.29253,17.34771],[106.29437,17.34724],[106.29526,17.3469],[106.29733,17.34644],[106.29936,17.34733],[106.29998,17.34765],[106.30134,17.34756],[106.30175,17.34771],[106.3036,17.34911],[106.3041,17.34965],[106.30461,17.34976],[106.30537,17.34936],[106.30661,17.34924],[106.30805,17.34848],[106.30916,17.3484],[106.31051,17.34878],[106.31121,17.34911],[106.31211,17.34978],[106.31325,17.35138],[106.31373,17.35153],[106.31454,17.35207],[106.31518,17.35274],[106.31518,17.35403],[106.31507,17.35453],[106.31513,17.35528],[106.31505,17.35616],[106.3157,17.35806],[106.31519,17.3591],[106.31515,17.3601],[106.31486,17.36053],[106.31574,17.36154],[106.31607,17.36286],[106.3161,17.36351],[106.31631,17.36438],[106.31623,17.36489],[106.31682,17.36589],[106.31708,17.3665],[106.3179,17.36755],[106.31882,17.36823],[106.31976,17.3684],[106.32035,17.36872],[106.32149,17.36962],[106.32223,17.36963],[106.32327,17.36936],[106.32399,17.36999],[106.32448,17.37098],[106.32492,17.37121],[106.32555,17.37183],[106.32598,17.37195],[106.32716,17.3717],[106.32783,17.37177],[106.32832,17.37205],[106.32901,17.37207],[106.32962,17.37229],[106.33012,17.37292],[106.33068,17.37298],[106.33126,17.37322],[106.33271,17.37357],[106.33319,17.374],[106.33333,17.37484],[106.33325,17.3754],[106.33349,17.3761],[106.33296,17.37669],[106.33361,17.3771],[106.33452,17.37804],[106.33463,17.37834],[106.33447,17.37891],[106.33465,17.37993],[106.33442,17.38072],[106.33433,17.38156],[106.33412,17.38246],[106.33373,17.38312],[106.33442,17.38428],[106.33511,17.38528],[106.33566,17.38577],[106.33573,17.38717],[106.33544,17.38759],[106.33528,17.38904],[106.33572,17.38971],[106.33561,17.39074],[106.33581,17.3912],[106.33716,17.38978],[106.33785,17.38954],[106.33919,17.38876],[106.34086,17.38804],[106.34172,17.38805],[106.34277,17.3884],[106.34344,17.38834],[106.34378,17.38765],[106.34442,17.38743],[106.34631,17.38769],[106.34723,17.38804],[106.34756,17.38797],[106.34811,17.38629],[106.34818,17.38553],[106.3476,17.38474],[106.34728,17.38414],[106.34745,17.38332],[106.34735,17.38273],[106.34692,17.38133],[106.34717,17.38031],[106.34738,17.3801],[106.34796,17.38007],[106.34945,17.37954],[106.35028,17.37958],[106.35124,17.38],[106.35211,17.37881],[106.3523,17.37871],[106.35389,17.37893],[106.35428,17.37936],[106.35575,17.37964],[106.35665,17.37994],[106.35752,17.38092],[106.35818,17.38192],[106.35824,17.38284],[106.35849,17.38333],[106.3589,17.38349],[106.35982,17.38413],[106.3613,17.38556],[106.36344,17.38691],[106.36528,17.38755],[106.36614,17.38859],[106.36634,17.38919],[106.36716,17.39018],[106.36738,17.3906],[106.36684,17.39268],[106.36644,17.39282],[106.36551,17.39476],[106.36525,17.3956],[106.36564,17.39714],[106.3657,17.3977],[106.36517,17.39881],[106.36498,17.3995],[106.36579,17.40085],[106.36576,17.40133],[106.36537,17.40224],[106.36499,17.40274],[106.36487,17.40353],[106.36491,17.40421],[106.36529,17.40559],[106.36565,17.40642],[106.36576,17.40752],[106.36543,17.40878],[106.36552,17.4095],[106.36555,17.41147],[106.36581,17.41421],[106.36835,17.41507],[106.36866,17.41553],[106.36897,17.41639],[106.36944,17.41735],[106.37018,17.41847],[106.37033,17.41932],[106.37065,17.41967],[106.37157,17.4202],[106.37245,17.42176],[106.37334,17.4228],[106.37417,17.42303],[106.37489,17.42385],[106.37564,17.4239],[106.37684,17.42416],[106.37771,17.42451],[106.37883,17.42468],[106.37927,17.42508],[106.37956,17.42575],[106.37986,17.42603],[106.38087,17.42586],[106.38143,17.42603],[106.38208,17.42715],[106.38244,17.42737],[106.3833,17.42752],[106.38369,17.4278],[106.38369,17.42897],[106.38383,17.42964],[106.38423,17.43006],[106.3848,17.43018],[106.3869,17.43135],[106.38801,17.43152],[106.38894,17.43138],[106.38999,17.43146],[106.39096,17.43162],[106.3954,17.43248],[106.39759,17.43267],[106.39949,17.43301],[106.4007,17.43307],[106.40347,17.43421],[106.4041,17.43482],[106.40429,17.43559],[106.40414,17.43627],[106.40331,17.43714],[106.40293,17.43838],[106.40293,17.43945],[106.40282,17.44074],[106.40219,17.44116],[106.39997,17.44308],[106.39936,17.44354],[106.3979,17.44487],[106.39754,17.44551],[106.39765,17.4469],[106.39744,17.44763],[106.39694,17.44804],[106.39539,17.44881],[106.39463,17.45027],[106.3934,17.4511],[106.39272,17.4514],[106.39145,17.45149],[106.39049,17.45205],[106.38914,17.45256],[106.38756,17.45352],[106.38701,17.45419],[106.38681,17.4549],[106.38696,17.45575],[106.38773,17.45681],[106.38619,17.45804],[106.38584,17.45844],[106.38511,17.45875],[106.38416,17.45874],[106.38169,17.45834],[106.38131,17.45846],[106.38031,17.45984],[106.37987,17.4603],[106.3788,17.4611],[106.37718,17.46277],[106.37653,17.46355],[106.37537,17.4645],[106.37521,17.46539],[106.37499,17.466],[106.37441,17.46644],[106.37533,17.46744],[106.37544,17.46874],[106.37535,17.46926],[106.37503,17.4701],[106.37491,17.47179],[106.3752,17.47246],[106.37519,17.47287],[106.3764,17.47403],[106.3764,17.47459],[106.37526,17.4765],[106.37453,17.47717],[106.37473,17.47823],[106.37459,17.47892],[106.37408,17.47927],[106.37479,17.47995],[106.37544,17.48109],[106.37543,17.4821],[106.37515,17.48272],[106.37619,17.48362],[106.37678,17.48395],[106.37704,17.48458],[106.37717,17.48592],[106.37747,17.48687],[106.37779,17.48751],[106.37795,17.48812],[106.3786,17.48899],[106.37904,17.49008],[106.37932,17.49054],[106.38037,17.4911],[106.38146,17.49152],[106.38249,17.49205],[106.38304,17.49255],[106.38335,17.49362],[106.38277,17.4952],[106.38235,17.49581],[106.38241,17.49611],[106.38309,17.49691],[106.38356,17.49777],[106.38372,17.49836],[106.38361,17.49999],[106.38301,17.5005],[106.38268,17.50141],[106.38303,17.50177],[106.3843,17.50193],[106.38481,17.5024],[106.38411,17.50255],[106.3834,17.50291],[106.38161,17.50369],[106.37977,17.50469],[106.37766,17.50509],[106.37716,17.5056],[106.37569,17.50628],[106.37504,17.50682],[106.37359,17.50775],[106.37233,17.50784],[106.37135,17.50872],[106.37024,17.50946],[106.36956,17.51007],[106.3684,17.51148],[106.36801,17.51265],[106.36764,17.51293],[106.36773,17.51378],[106.36746,17.5143],[106.36642,17.51472],[106.36605,17.51457],[106.36345,17.51406],[106.36282,17.51438],[106.3622,17.51486],[106.36017,17.51534],[106.35819,17.51559],[106.35678,17.51598],[106.35632,17.51592],[106.35541,17.51543],[106.35484,17.51497],[106.35399,17.51491],[106.35348,17.51459],[106.35296,17.51408],[106.35173,17.51372],[106.35092,17.51367],[106.3498,17.51322],[106.34843,17.51305],[106.34768,17.51265],[106.34644,17.51254],[106.34504,17.51267],[106.34308,17.51391],[106.34243,17.51464],[106.34164,17.51609],[106.34085,17.51692],[106.34054,17.51773],[106.3403,17.51804],[106.33931,17.51741],[106.33877,17.51627],[106.33732,17.51545],[106.33673,17.51476],[106.33598,17.51463],[106.3354,17.51387],[106.33517,17.51338],[106.33531,17.51251],[106.33382,17.51297],[106.33338,17.51274],[106.33227,17.51246],[106.33088,17.51267],[106.33068,17.51209],[106.33077,17.51167],[106.33044,17.51097],[106.32979,17.51054],[106.32882,17.51028],[106.32836,17.50909],[106.32765,17.50861],[106.32733,17.50822],[106.32717,17.50772],[106.3259,17.50747],[106.32401,17.51167],[106.32268,17.51174],[106.31941,17.50986],[106.31443,17.50731],[106.31217,17.50731],[106.31025,17.51385],[106.30863,17.51827],[106.30348,17.5293],[106.30301,17.52997],[106.30239,17.53056],[106.30204,17.53114],[106.30132,17.53168],[106.30088,17.53184],[106.30029,17.53248],[106.29968,17.53403],[106.29907,17.53471],[106.29868,17.53478],[106.29801,17.53517],[106.29809,17.53643],[106.29808,17.53762],[106.29788,17.53837],[106.29674,17.53964],[106.29645,17.54009],[106.29532,17.54094],[106.29504,17.54155],[106.29463,17.54347],[106.29424,17.54486],[106.29298,17.54686],[106.2925,17.54738],[106.292,17.54754],[106.2917,17.54652],[106.29169,17.54613],[106.29049,17.54486],[106.28939,17.5442],[106.28843,17.54381],[106.28825,17.5436],[106.28768,17.54226],[106.28766,17.54134],[106.28749,17.54057],[106.28615,17.53935],[106.28524,17.5393],[106.28457,17.5389],[106.28377,17.5391],[106.28242,17.53913],[106.28209,17.53938],[106.28113,17.5396],[106.28069,17.53956],[106.2793,17.53918],[106.27874,17.53855],[106.27832,17.53845],[106.27745,17.53749],[106.2771,17.53735],[106.27642,17.53746],[106.27545,17.53743],[106.27337,17.53787],[106.2718,17.53828],[106.26998,17.53836],[106.26847,17.53804],[106.26777,17.53842],[106.26674,17.53885],[106.26647,17.53878],[106.26551,17.53931],[106.26516,17.53939],[106.26432,17.53915],[106.26395,17.53881],[106.26337,17.53766],[106.26347,17.53684],[106.26336,17.53639],[106.2629,17.53566],[106.2616,17.53433],[106.26114,17.53411],[106.26031,17.53454],[106.25731,17.53159],[106.25705,17.53163],[106.25609,17.53233],[106.25556,17.53228],[106.25516,17.53145],[106.25536,17.5307],[106.25452,17.52985],[106.25404,17.52917],[106.2521,17.52567],[106.24972,17.52272],[106.24864,17.52147],[106.2473,17.52072],[106.24624,17.52053],[106.24514,17.52057],[106.24395,17.52076],[106.24259,17.52121],[106.24127,17.52099],[106.23925,17.52017],[106.2388,17.51976],[106.23837,17.51897],[106.23816,17.51885],[106.23615,17.5186],[106.23358,17.51889],[106.2318,17.51917],[106.2307,17.51891],[106.22923,17.51819],[106.22805,17.51805],[106.2274,17.51783],[106.22717,17.51752],[106.22683,17.51593],[106.22666,17.5157],[106.22537,17.51529],[106.22389,17.51473],[106.22275,17.51489],[106.22114,17.51419],[106.21998,17.51397],[106.21967,17.51299],[106.21911,17.51213],[106.21915,17.51153],[106.21898,17.51108],[106.21825,17.51072],[106.21675,17.51039],[106.21605,17.5106],[106.21569,17.51056],[106.21574,17.50949],[106.21548,17.50899],[106.21496,17.50899],[106.21438,17.50987],[106.21382,17.50962],[106.21345,17.50854],[106.21418,17.50792],[106.21417,17.50761],[106.21353,17.50692],[106.2132,17.50685],[106.21256,17.50719],[106.2123,17.5076],[106.21096,17.50766],[106.21074,17.50689],[106.20979,17.50618],[106.20953,17.50581],[106.20938,17.50505],[106.20915,17.50484],[106.20811,17.5048],[106.20763,17.50514],[106.20713,17.5062],[106.20661,17.50674],[106.2069,17.50696],[106.2082,17.50727],[106.20865,17.5075],[106.20955,17.509],[106.21001,17.50948],[106.21047,17.51017],[106.21127,17.51019],[106.21164,17.51036],[106.21229,17.5113],[106.21232,17.5121],[106.21256,17.51249],[106.21259,17.51334],[106.21298,17.51469],[106.21336,17.51509],[106.21354,17.516],[106.21379,17.51643],[106.21362,17.51683],[106.21252,17.51809],[106.21271,17.51856],[106.21284,17.51968],[106.21268,17.52041],[106.21306,17.52094],[106.21333,17.52167],[106.21395,17.52249],[106.21397,17.52313],[106.2146,17.52406],[106.21458,17.52507],[106.21494,17.52563],[106.21576,17.52616],[106.21604,17.52706],[106.21645,17.52745],[106.21684,17.52758],[106.2173,17.52693],[106.2181,17.52638],[106.21851,17.52684],[106.21896,17.52701],[106.21959,17.52752],[106.22022,17.52762],[106.22102,17.52718],[106.22204,17.52716],[106.22284,17.52727],[106.22325,17.5277],[106.22432,17.52841],[106.22512,17.52929],[106.22528,17.52963],[106.22598,17.53004],[106.22693,17.53025],[106.22761,17.53086],[106.22897,17.53144],[106.22939,17.53198],[106.22914,17.5333],[106.22911,17.53456],[106.2293,17.53534],[106.22955,17.53573],[106.23064,17.53626],[106.23166,17.53782],[106.23187,17.53956],[106.23219,17.53981],[106.2335,17.5397],[106.23381,17.54],[106.23374,17.54185],[106.23385,17.54296],[106.23408,17.54325],[106.23457,17.54336],[106.23475,17.54378],[106.23477,17.54453],[106.23462,17.54488],[106.23389,17.54552],[106.23407,17.54612],[106.23482,17.54703],[106.23488,17.54821],[106.23538,17.54956],[106.23561,17.54979],[106.23631,17.55124],[106.23675,17.55277],[106.23772,17.55396],[106.23785,17.55455],[106.23788,17.55586],[106.23886,17.55812],[106.2391,17.55909],[106.23998,17.56013],[106.24008,17.56047],[106.24076,17.56132],[106.24114,17.56293],[106.24133,17.56333],[106.23953,17.56367],[106.23879,17.56374],[106.23746,17.56402],[106.23697,17.56429],[106.23537,17.566],[106.23557,17.57485],[106.23359,17.5801],[106.23464,17.58554],[106.23346,17.59055],[106.23328,17.59224],[106.23334,17.5926],[106.23382,17.59301],[106.23583,17.59556],[106.23595,17.59621],[106.23577,17.59663],[106.23586,17.59746],[106.2361,17.59815],[106.23684,17.59852],[106.23712,17.59918],[106.23803,17.5997],[106.23915,17.60023],[106.23957,17.6008],[106.24022,17.60134],[106.24078,17.60227],[106.24103,17.6029],[106.24153,17.60375],[106.24202,17.60431],[106.24356,17.60489],[106.24383,17.60523],[106.24403,17.60616],[106.24484,17.60683],[106.24506,17.6075],[106.2449,17.60799],[106.24506,17.60949],[106.24555,17.61061],[106.24605,17.61215],[106.24689,17.61329],[106.24824,17.61422],[106.249,17.61427],[106.25037,17.61603],[106.25101,17.61698],[106.25141,17.61737],[106.25281,17.61735],[106.2534,17.6178],[106.25379,17.61837],[106.2547,17.61896],[106.25495,17.6193],[106.25482,17.62013],[106.25389,17.62045],[106.25394,17.62084],[106.25294,17.62105],[106.25253,17.62191],[106.2517,17.62192],[106.25138,17.62206],[106.25067,17.62296],[106.25103,17.62325],[106.25152,17.62421],[106.25128,17.62505],[106.24963,17.62718],[106.24914,17.62846],[106.24873,17.62894],[106.24755,17.62869],[106.24671,17.6277],[106.24608,17.62759],[106.24343,17.62596],[106.24089,17.624],[106.23995,17.6232],[106.23942,17.62249],[106.23896,17.62214],[106.23793,17.6219],[106.2374,17.62189],[106.23697,17.62216],[106.23678,17.6226],[106.236,17.62309],[106.23535,17.62333],[106.23469,17.62392],[106.23388,17.62358],[106.23308,17.62254],[106.23223,17.62218],[106.22891,17.62202],[106.2286,17.62258],[106.22753,17.62258],[106.22715,17.62282],[106.22627,17.62298],[106.22583,17.62326],[106.22577,17.62416],[106.22558,17.62474],[106.22488,17.62469],[106.22379,17.62507],[106.22278,17.62586],[106.22183,17.62586],[106.22048,17.62614],[106.22006,17.62641],[106.22004,17.62735],[106.22047,17.62801],[106.21599,17.6272],[106.21461,17.62727],[106.21379,17.62741],[106.21252,17.62825],[106.21178,17.62798],[106.21091,17.62794],[106.20978,17.62569],[106.20886,17.62514],[106.20844,17.62453],[106.20789,17.62409],[106.20667,17.62335],[106.20628,17.62336],[106.20585,17.62363],[106.20486,17.62401],[106.20396,17.62532],[106.20275,17.62633],[106.20144,17.62697],[106.20121,17.62741],[106.20135,17.62797],[106.2003,17.62789],[106.20002,17.62797],[106.19608,17.63236],[106.19339,17.63529],[106.19434,17.63655],[106.19461,17.63727],[106.19498,17.63773],[106.19542,17.63798],[106.19443,17.6413],[106.19389,17.64245],[106.19238,17.64446],[106.19102,17.64443],[106.19083,17.64492],[106.18984,17.64563],[106.1892,17.64529],[106.18792,17.64381],[106.18792,17.64299],[106.18804,17.64244],[106.18746,17.64194],[106.18692,17.64131],[106.18669,17.64031],[106.18581,17.63999],[106.18482,17.64049],[106.18394,17.64106],[106.18323,17.64166],[106.18224,17.642],[106.18187,17.64228],[106.18085,17.64363],[106.17911,17.64288],[106.17827,17.64267],[106.17792,17.64234],[106.17675,17.64077],[106.17646,17.64013],[106.17507,17.63999],[106.17364,17.63991],[106.17314,17.64023],[106.1717,17.64082],[106.16996,17.63956],[106.16916,17.63927],[106.16864,17.6388],[106.16779,17.63837],[106.16722,17.63764],[106.16673,17.63737],[106.16552,17.6372],[106.16533,17.63757],[106.16513,17.63857],[106.16464,17.63808],[106.1632,17.63762],[106.16236,17.63706],[106.16164,17.63674],[106.16094,17.63694],[106.15927,17.63702],[106.1588,17.6365],[106.15683,17.63554],[106.15513,17.63445],[106.15405,17.63405],[106.15361,17.63421],[106.15279,17.63405],[106.15245,17.63425],[106.14808,17.63336],[106.14761,17.63278],[106.14749,17.63241],[106.14754,17.63084],[106.14784,17.63017],[106.14756,17.6287],[106.14723,17.62772],[106.14672,17.62679],[106.14538,17.62535],[106.14471,17.6251],[106.14451,17.62357],[106.14285,17.62241],[106.14236,17.62172],[106.14214,17.62083],[106.13844,17.61804],[106.13761,17.61787],[106.13578,17.61794],[106.13294,17.61918],[106.13114,17.62019],[106.13006,17.62057],[106.12913,17.62056],[106.12805,17.62097],[106.12745,17.62094],[106.12684,17.6207],[106.12532,17.61913],[106.12546,17.61842],[106.12536,17.61815],[106.12394,17.61776],[106.1225,17.61763],[106.12231,17.61733],[106.12224,17.61665],[106.12188,17.61636],[106.1212,17.61636],[106.12034,17.61522],[106.11924,17.61447],[106.11711,17.6143],[106.11626,17.614],[106.1153,17.61379],[106.11481,17.61403],[106.11343,17.61494],[106.11297,17.6151],[106.1112,17.61529],[106.11069,17.61547],[106.10959,17.61563],[106.10794,17.61597],[106.10571,17.61671],[106.10378,17.61714],[106.10216,17.61693],[106.10176,17.61702],[106.10095,17.61766],[106.1004,17.61863],[106.1003,17.61919],[106.10005,17.61955],[106.09932,17.61987],[106.09861,17.62043],[106.09787,17.62151],[106.0973,17.62202],[106.09625,17.62238],[106.0949,17.62315],[106.09484,17.62387],[106.09386,17.62499],[106.09304,17.62527],[106.09269,17.62508],[106.09185,17.62583],[106.09154,17.62663],[106.09142,17.6273],[106.09107,17.62771],[106.09051,17.62781],[106.08943,17.62849],[106.08934,17.62873],[106.08989,17.62904],[106.09056,17.62991],[106.09097,17.63147],[106.09163,17.63828],[106.09194,17.64016],[106.09247,17.64164],[106.09273,17.64269],[106.09322,17.64419],[106.09369,17.64583],[106.09259,17.64639],[106.09218,17.64728],[106.09181,17.64727],[106.09094,17.64701],[106.09046,17.64772],[106.08949,17.64751],[106.08901,17.64773],[106.08875,17.6467],[106.0879,17.64561],[106.0875,17.64553],[106.08412,17.646],[106.08265,17.64637],[106.08116,17.64641],[106.08036,17.64652],[106.07991,17.6467],[106.07835,17.64712],[106.07486,17.64852],[106.07279,17.64958],[106.07113,17.65031],[106.07001,17.65071],[106.06738,17.65243],[106.06655,17.65281],[106.06573,17.65301],[106.06527,17.6529],[106.06501,17.65254],[106.06322,17.65055],[106.06129,17.64881],[106.05969,17.647],[106.05946,17.64657],[106.05943,17.64593],[106.05892,17.64525],[106.05945,17.64426],[106.05936,17.64345],[106.05776,17.64345],[106.05645,17.64217],[106.05595,17.64097],[106.05574,17.64072],[106.05431,17.63972],[106.05424,17.63921],[106.05397,17.63877],[106.05332,17.63818],[106.05226,17.6376],[106.05128,17.63791],[106.0506,17.63774],[106.0495,17.63707],[106.04602,17.63642],[106.04324,17.63615],[106.04215,17.63554],[106.04073,17.63497],[106.03987,17.63493],[106.03959,17.63461],[106.03932,17.63342],[106.03895,17.6326],[106.0385,17.63207],[106.03672,17.63087],[106.03608,17.63024],[106.03447,17.62995],[106.03391,17.62934],[106.03298,17.62931],[106.0318,17.62866],[106.0316,17.62789],[106.03125,17.6271],[106.03032,17.62654],[106.02964,17.62657],[106.02896,17.62708],[106.02845,17.62725],[106.02812,17.62703],[106.02816,17.62666],[106.02748,17.62624],[106.02729,17.62593],[106.02739,17.62505],[106.02657,17.62454],[106.02589,17.62472],[106.02595,17.624],[106.02554,17.62368],[106.02237,17.62169],[106.02113,17.61998],[106.02018,17.61853],[106.01942,17.61664],[106.01761,17.61473],[106.01767,17.61446],[106.01694,17.6127],[106.01736,17.61116],[106.01864,17.61078],[106.01888,17.61056],[106.01892,17.60935],[106.01912,17.60891],[106.02015,17.6084],[106.02045,17.60781],[106.02101,17.60764],[106.02211,17.60713],[106.02285,17.60657],[106.0236,17.60618],[106.02393,17.60561],[106.02381,17.60466],[106.02342,17.60411],[106.0234,17.60352],[106.02408,17.60181],[106.02427,17.60054],[106.02425,17.59992],[106.02882,17.59553],[106.02777,17.59418],[106.02796,17.59319],[106.02965,17.59173],[106.03021,17.59082],[106.02847,17.58908],[106.02876,17.58782],[106.02807,17.58667],[106.02926,17.58503],[106.02952,17.58394],[106.02976,17.58332],[106.02916,17.58251],[106.02897,17.58094],[106.02907,17.58058],[106.02979,17.58061],[106.03166,17.58095],[106.03359,17.58142],[106.03445,17.58155],[106.03521,17.58148],[106.03634,17.58103],[106.0379,17.58069],[106.03822,17.58047],[106.03914,17.57922],[106.03943,17.57832],[106.03886,17.57654],[106.03894,17.57577],[106.03846,17.57491],[106.03876,17.57453],[106.03877,17.57347],[106.03901,17.57264],[106.03905,17.57194],[106.03868,17.57123],[106.03873,17.57087],[106.03934,17.56988],[106.03971,17.56945],[106.04025,17.56851],[106.04104,17.56836],[106.04145,17.56795],[106.04109,17.56707],[106.04003,17.56563],[106.04056,17.56465],[106.04075,17.56368],[106.04132,17.5626],[106.04132,17.56198],[106.04109,17.56002],[106.0408,17.55924],[106.04009,17.55837],[106.03996,17.55787],[106.0401,17.55708],[106.04024,17.55562],[106.0401,17.55492],[106.03934,17.55363],[106.03754,17.55156],[106.03636,17.55013],[106.03453,17.54962],[106.03371,17.54978],[106.03309,17.54977],[106.03289,17.54925],[106.03287,17.54842],[106.03309,17.5463],[106.03329,17.54559],[106.03398,17.54432],[106.03383,17.54383],[106.03309,17.54308],[106.0306,17.54228],[106.02915,17.541],[106.02848,17.53998],[106.02696,17.53892],[106.02553,17.53751],[106.02475,17.53701],[106.02417,17.53625],[106.02375,17.53522],[106.02333,17.53487],[106.02265,17.53454],[106.02102,17.53393],[106.01984,17.53336],[106.01951,17.533],[106.01929,17.53228],[106.01977,17.53184],[106.01997,17.5312],[106.01972,17.5299],[106.01821,17.52916],[106.01773,17.52918],[106.01611,17.52966],[106.01421,17.5294],[106.01364,17.52921],[106.01269,17.5286],[106.01208,17.5284],[106.01062,17.52858],[106.01007,17.52853],[106.00924,17.52825],[106.00828,17.52753],[106.00702,17.52687],[106.00661,17.52683],[106.00562,17.5271],[106.00459,17.52695],[106.00305,17.52796],[106.00208,17.52769],[106.00186,17.52713],[106.00186,17.52665],[106.00226,17.52628],[106.00325,17.52601],[106.00354,17.52577],[106.00385,17.52495],[106.00389,17.52376],[106.00428,17.521],[106.00352,17.51965],[105.99917,17.51641],[105.99123,17.51211],[105.98783,17.50969],[105.98603,17.50798],[105.9849,17.50781],[105.9833,17.508],[105.98132,17.50882],[105.98029,17.509],[105.97641,17.50649],[105.97434,17.50632],[105.97235,17.50534],[105.9687,17.50497],[105.96746,17.5045],[105.96676,17.50394],[105.96613,17.5038],[105.96547,17.50326]]]},"properties":{"name":"Thượng Trạch","nameEn":"Thuong Trach","fullName":"Xã Thượng Trạch","fullNameEn":"Thuong Trach Commune","codeName":"thuong_trach","areaKm2":1095.78,"postalCode":"47230","code":"19147"}},{"type":"Feature","geometry":{"type":"Polygon","coordinates":[[[106.54911,17.61417],[106.54869,17.61518],[106.54826,17.61593],[106.54787,17.61743],[106.54776,17.61831],[106.54781,17.61924],[106.54691,17.61973],[106.54614,17.62052],[106.54553,17.62148],[106.54545,17.62205],[106.54485,17.62235],[106.5433,17.62221],[106.54288,17.62189],[106.54249,17.62189],[106.54171,17.62216],[106.54086,17.62279],[106.53963,17.62437],[106.53841,17.62621],[106.53732,17.6276],[106.53632,17.62863],[106.53578,17.6288],[106.53518,17.62972],[106.53515,17.63013],[106.53362,17.6321],[106.53283,17.6329],[106.53199,17.63415],[106.53031,17.63648],[106.52941,17.63748],[106.52918,17.63802],[106.52805,17.63974],[106.5275,17.64042],[106.52729,17.64093],[106.52664,17.64182],[106.52602,17.64289],[106.52569,17.64322],[106.52545,17.64382],[106.52496,17.6445],[106.52448,17.64539],[106.52422,17.64564],[106.523,17.64793],[106.52156,17.65005],[106.5211,17.65106],[106.52075,17.65156],[106.52046,17.65238],[106.51999,17.65317],[106.51914,17.65495],[106.51828,17.6542],[106.51766,17.6542],[106.51664,17.65452],[106.51592,17.65431],[106.51467,17.65415],[106.51414,17.65439],[106.51259,17.65569],[106.51274,17.65655],[106.51347,17.65755],[106.51377,17.65829],[106.51339,17.65847],[106.51243,17.65785],[106.51176,17.65759],[106.51067,17.65751],[106.50975,17.65687],[106.50903,17.65602],[106.50821,17.65573],[106.50782,17.65494],[106.50776,17.65422],[106.50795,17.6536],[106.50754,17.65299],[106.50705,17.6532],[106.50593,17.65318],[106.50545,17.65307],[106.50427,17.65184],[106.50415,17.65128],[106.50449,17.64974],[106.50404,17.64911],[106.50274,17.649],[106.50146,17.64852],[106.50023,17.6482],[106.49952,17.64788],[106.49851,17.64706],[106.49739,17.64709],[106.49664,17.64759],[106.49503,17.64824],[106.49438,17.64876],[106.49374,17.64901],[106.4922,17.649],[106.48983,17.64922],[106.48805,17.64878],[106.48744,17.64871],[106.48509,17.64908],[106.48488,17.64925],[106.48467,17.64996],[106.48441,17.65034],[106.48339,17.65091],[106.48291,17.65106],[106.48226,17.6518],[106.48118,17.65201],[106.48017,17.65182],[106.47934,17.65092],[106.47876,17.65074],[106.47761,17.65068],[106.47629,17.65124],[106.47492,17.65212],[106.47458,17.65206],[106.47343,17.65153],[106.47241,17.65147],[106.47118,17.65164],[106.47007,17.65143],[106.46887,17.65148],[106.46853,17.6517],[106.46793,17.6526],[106.46527,17.65268],[106.46402,17.65262],[106.46309,17.65266],[106.46202,17.65289],[106.46025,17.65288],[106.4552,17.65354],[106.45449,17.65322],[106.45412,17.65326],[106.45391,17.65373],[106.4533,17.65403],[106.45233,17.65413],[106.45164,17.65396],[106.45066,17.65333],[106.44991,17.65339],[106.44905,17.65323],[106.44853,17.65295],[106.44665,17.65269],[106.44589,17.65271],[106.44489,17.65312],[106.44387,17.65334],[106.44331,17.65366],[106.44327,17.65393],[106.44367,17.65489],[106.44367,17.656],[106.44345,17.65654],[106.44305,17.65707],[106.44247,17.65742],[106.4421,17.65819],[106.4409,17.65785],[106.43971,17.65761],[106.43734,17.65752],[106.43566,17.65752],[106.43645,17.65478],[106.43651,17.65396],[106.4363,17.65349],[106.43517,17.65243],[106.43464,17.65152],[106.43411,17.64962],[106.43425,17.6462],[106.43436,17.64461],[106.43442,17.64288],[106.43441,17.64058],[106.43424,17.63753],[106.43395,17.6367],[106.43358,17.63597],[106.43209,17.63356],[106.43239,17.63353],[106.43509,17.63255],[106.43626,17.63194],[106.43689,17.63146],[106.43674,17.6313],[106.43943,17.62908],[106.44068,17.62813],[106.44062,17.62911],[106.44095,17.62917],[106.44174,17.62903],[106.44201,17.62938],[106.44214,17.62993],[106.4426,17.63002],[106.44336,17.62992],[106.44383,17.62971],[106.44489,17.63055],[106.44561,17.63095],[106.44574,17.63142],[106.44615,17.63177],[106.44603,17.63229],[106.44568,17.6327],[106.44604,17.63389],[106.44624,17.634],[106.4472,17.63397],[106.44775,17.63433],[106.44811,17.6351],[106.44866,17.63492],[106.44879,17.63416],[106.4497,17.63307],[106.44964,17.63246],[106.44912,17.63163],[106.44972,17.63101],[106.45032,17.63075],[106.45086,17.63086],[106.45115,17.63115],[106.45181,17.63123],[106.45193,17.63173],[106.45151,17.63215],[106.45146,17.63288],[106.4516,17.63333],[106.45202,17.63375],[106.45212,17.63411],[106.45209,17.63496],[106.45264,17.63534],[106.45326,17.63557],[106.45434,17.6358],[106.45514,17.63573],[106.45775,17.63475],[106.45808,17.63453],[106.45884,17.6337],[106.45879,17.63341],[106.45819,17.63247],[106.45807,17.63193],[106.45757,17.63134],[106.45726,17.63036],[106.45749,17.62941],[106.45794,17.629],[106.45842,17.62927],[106.45904,17.62901],[106.4613,17.62912],[106.46328,17.62962],[106.46408,17.62957],[106.46535,17.62886],[106.4664,17.62766],[106.467,17.62709],[106.46762,17.62615],[106.46911,17.62551],[106.46989,17.62552],[106.47063,17.62526],[106.47249,17.62431],[106.47301,17.62371],[106.4741,17.62383],[106.47516,17.62479],[106.47686,17.62568],[106.47741,17.6262],[106.47805,17.62643],[106.4787,17.62623],[106.48047,17.62502],[106.48166,17.62454],[106.48305,17.62443],[106.4839,17.62448],[106.48604,17.6252],[106.48738,17.62573],[106.48771,17.62545],[106.48807,17.62549],[106.48984,17.62518],[106.49021,17.62477],[106.49263,17.62537],[106.49319,17.62543],[106.49541,17.62606],[106.49885,17.62689],[106.50062,17.62739],[106.50114,17.62747],[106.50092,17.62217],[106.50121,17.62172],[106.50358,17.61964],[106.5052,17.61906],[106.50615,17.61935],[106.50928,17.62055],[106.51079,17.6211],[106.51119,17.62166],[106.51259,17.62091],[106.51302,17.62169],[106.51339,17.62124],[106.51364,17.6206],[106.51386,17.62045],[106.51377,17.61725],[106.51388,17.61681],[106.51371,17.61525],[106.51376,17.61307],[106.51385,17.61115],[106.51461,17.61023],[106.51517,17.60985],[106.5177,17.6087],[106.51892,17.60826],[106.52066,17.60754],[106.52119,17.60696],[106.52267,17.60578],[106.52348,17.60542],[106.52468,17.60408],[106.52493,17.60341],[106.52685,17.60354],[106.5292,17.60499],[106.5302,17.60524],[106.53132,17.60569],[106.53192,17.60628],[106.53245,17.60659],[106.53295,17.60622],[106.53348,17.60609],[106.53434,17.60664],[106.53524,17.60687],[106.53524,17.60707],[106.53648,17.60792],[106.53732,17.6087],[106.5382,17.60897],[106.53837,17.61366],[106.53843,17.61392],[106.53972,17.61336],[106.54235,17.61335],[106.54479,17.61328],[106.54911,17.61417]]]},"properties":{"name":"Đông Trạch","nameEn":"Dong Trach","fullName":"Xã Đông Trạch","fullNameEn":"Dong Trach Commune","codeName":"dong_trach","areaKm2":35.72,"postalCode":"47236","code":"19159"}},{"type":"Feature","geometry":{"type":"Polygon","coordinates":[[[106.60015,17.53003],[106.59733,17.53357],[106.5962,17.53521],[106.59512,17.53654],[106.5936,17.53871],[106.59222,17.5409],[106.59024,17.54344],[106.58968,17.54406],[106.5877,17.54756],[106.58667,17.54964],[106.58636,17.55002],[106.58515,17.55215],[106.58423,17.55421],[106.58352,17.5537],[106.58306,17.55382],[106.5827,17.55348],[106.58203,17.55462],[106.58204,17.55502],[106.58121,17.55647],[106.58154,17.55703],[106.5825,17.55552],[106.58268,17.55496],[106.58317,17.55514],[106.58285,17.55577],[106.58188,17.55725],[106.58138,17.55819],[106.58063,17.55911],[106.57963,17.56068],[106.5789,17.5617],[106.57776,17.56356],[106.5757,17.56653],[106.57202,17.56445],[106.57332,17.56206],[106.57376,17.56039],[106.57407,17.55981],[106.57863,17.55171],[106.57569,17.55108],[106.57472,17.55082],[106.57354,17.55025],[106.57301,17.54966],[106.57227,17.54842],[106.57196,17.5475],[106.5718,17.54656],[106.5716,17.54602],[106.5711,17.54425],[106.57082,17.54264],[106.57057,17.54204],[106.56981,17.5414],[106.56914,17.54135],[106.56766,17.54178],[106.5664,17.54235],[106.56422,17.54354],[106.56337,17.54387],[106.563,17.54416],[106.56204,17.54526],[106.56093,17.54544],[106.5599,17.54526],[106.55894,17.54532],[106.55814,17.54478],[106.55785,17.54386],[106.55743,17.54318],[106.55649,17.54261],[106.55603,17.54253],[106.55468,17.54322],[106.55387,17.54415],[106.55374,17.54568],[106.55404,17.54671],[106.55477,17.55011],[106.55453,17.55087],[106.5535,17.55157],[106.55283,17.55161],[106.55088,17.55079],[106.55024,17.55019],[106.54946,17.54926],[106.54893,17.54878],[106.54786,17.54802],[106.54674,17.54739],[106.54607,17.54679],[106.54503,17.54529],[106.5446,17.54478],[106.54332,17.54372],[106.54146,17.54263],[106.54082,17.54193],[106.53962,17.54087],[106.53944,17.54011],[106.53889,17.53973],[106.53801,17.53932],[106.53712,17.5391],[106.53627,17.53903],[106.53565,17.5388],[106.53488,17.53874],[106.53417,17.53822],[106.53386,17.5378],[106.53306,17.53709],[106.53261,17.53645],[106.53176,17.53551],[106.53086,17.53377],[106.52879,17.53221],[106.52859,17.53193],[106.52724,17.53186],[106.52632,17.53159],[106.52607,17.53135],[106.52533,17.5314],[106.52484,17.53128],[106.5237,17.53168],[106.52099,17.53311],[106.51913,17.53428],[106.51797,17.53328],[106.5171,17.53303],[106.51532,17.53287],[106.51447,17.53383],[106.51086,17.5309],[106.51047,17.53052],[106.50894,17.52833],[106.50575,17.52566],[106.50371,17.52335],[106.50553,17.52223],[106.50578,17.52193],[106.50446,17.52098],[106.50477,17.52076],[106.50514,17.52004],[106.50519,17.5192],[106.50485,17.5174],[106.50461,17.51679],[106.50489,17.51659],[106.50472,17.51526],[106.5044,17.51519],[106.50391,17.51416],[106.50183,17.51402],[106.50081,17.51411],[106.4994,17.51478],[106.49882,17.51472],[106.49816,17.51445],[106.49749,17.51398],[106.49678,17.51558],[106.49617,17.51768],[106.4956,17.51893],[106.49525,17.51931],[106.49198,17.52093],[106.49149,17.52144],[106.49094,17.52235],[106.49033,17.52428],[106.49011,17.5253],[106.48945,17.52774],[106.48946,17.52842],[106.48973,17.52878],[106.49099,17.52928],[106.49162,17.52942],[106.49208,17.5299],[106.49242,17.53109],[106.49271,17.53176],[106.49271,17.53279],[106.49114,17.53241],[106.49065,17.53215],[106.48915,17.53184],[106.48826,17.53159],[106.48745,17.53107],[106.48703,17.53041],[106.48667,17.52952],[106.4863,17.52907],[106.48535,17.529],[106.48438,17.52834],[106.48351,17.52747],[106.48251,17.5272],[106.48217,17.52726],[106.48163,17.52765],[106.48134,17.52824],[106.48086,17.52878],[106.4804,17.52876],[106.48024,17.52924],[106.47954,17.52934],[106.47924,17.5296],[106.47858,17.52943],[106.47795,17.52985],[106.47778,17.5306],[106.47674,17.53098],[106.47586,17.53081],[106.47549,17.53016],[106.47546,17.52959],[106.47525,17.52936],[106.47464,17.5294],[106.47351,17.52978],[106.47289,17.52974],[106.47203,17.52995],[106.47145,17.52983],[106.47106,17.53033],[106.47022,17.53077],[106.46983,17.53129],[106.46919,17.53144],[106.46843,17.53142],[106.46742,17.53083],[106.46623,17.53077],[106.46592,17.53048],[106.46428,17.53039],[106.46391,17.53067],[106.46318,17.53064],[106.46299,17.53027],[106.46193,17.53135],[106.46177,17.53314],[106.46183,17.53405],[106.46021,17.53517],[106.45821,17.53463],[106.45545,17.53507],[106.45512,17.53537],[106.4542,17.53536],[106.4533,17.53517],[106.45267,17.53606],[106.45134,17.53714],[106.45034,17.53715],[106.44974,17.53742],[106.44965,17.53808],[106.44869,17.53909],[106.44674,17.54024],[106.44671,17.54057],[106.44599,17.54126],[106.44575,17.54171],[106.44535,17.54198],[106.44471,17.54214],[106.44386,17.54192],[106.44285,17.5421],[106.4418,17.54201],[106.44129,17.54186],[106.4403,17.54182],[106.43903,17.54129],[106.43858,17.5412],[106.43799,17.54133],[106.43737,17.54179],[106.43599,17.54246],[106.43545,17.54201],[106.43475,17.54169],[106.43428,17.54089],[106.43374,17.54046],[106.4335,17.54007],[106.43355,17.53942],[106.43377,17.53866],[106.43309,17.53801],[106.43253,17.53695],[106.43208,17.53671],[106.43055,17.53634],[106.43041,17.53607],[106.43037,17.53525],[106.43065,17.53461],[106.43058,17.5342],[106.43093,17.53357],[106.43168,17.53261],[106.43206,17.53181],[106.43299,17.53097],[106.43303,17.52999],[106.43373,17.52956],[106.43407,17.52834],[106.43447,17.52779],[106.43458,17.5265],[106.43487,17.52495],[106.4353,17.52357],[106.43592,17.52194],[106.43695,17.52016],[106.43703,17.5192],[106.43684,17.51787],[106.43701,17.51698],[106.43723,17.51652],[106.43834,17.51512],[106.43821,17.51406],[106.43841,17.51318],[106.43975,17.51127],[106.44031,17.51076],[106.44046,17.50955],[106.44042,17.50871],[106.44095,17.50762],[106.44153,17.50693],[106.44165,17.50629],[106.44322,17.50505],[106.44338,17.50477],[106.44364,17.50296],[106.44387,17.50221],[106.44343,17.50161],[106.44318,17.50094],[106.44338,17.49953],[106.44359,17.49885],[106.44361,17.49801],[106.44394,17.49749],[106.44386,17.49676],[106.44324,17.496],[106.44322,17.49529],[106.44339,17.49454],[106.44384,17.49384],[106.44509,17.49268],[106.44602,17.49203],[106.44642,17.49152],[106.44675,17.49075],[106.44665,17.48987],[106.44733,17.48936],[106.44794,17.48904],[106.44832,17.48806],[106.44838,17.48673],[106.44827,17.48619],[106.44839,17.48578],[106.44925,17.48537],[106.44954,17.4851],[106.44979,17.48347],[106.45022,17.48285],[106.45026,17.48247],[106.44951,17.48138],[106.44943,17.48053],[106.44984,17.47954],[106.44986,17.47893],[106.45007,17.47869],[106.45142,17.47845],[106.45159,17.47817],[106.45166,17.4769],[106.45229,17.4763],[106.45274,17.47558],[106.45713,17.4718],[106.45789,17.47121],[106.45885,17.46989],[106.45922,17.46953],[106.46087,17.46861],[106.46147,17.4681],[106.46223,17.46794],[106.46216,17.46727],[106.46409,17.46648],[106.46614,17.46495],[106.46808,17.46303],[106.46899,17.46191],[106.46995,17.46023],[106.47034,17.45894],[106.47111,17.45748],[106.47125,17.45696],[106.47115,17.45625],[106.47111,17.45472],[106.47096,17.45245],[106.47116,17.45022],[106.4715,17.44925],[106.47162,17.44827],[106.47156,17.44679],[106.47251,17.44493],[106.4725,17.44448],[106.47211,17.44257],[106.47109,17.44084],[106.4708,17.44076],[106.47036,17.43969],[106.47033,17.43878],[106.47044,17.43813],[106.47106,17.43725],[106.47234,17.4367],[106.47322,17.43591],[106.47373,17.4349],[106.47427,17.43439],[106.47466,17.43343],[106.47533,17.43264],[106.47579,17.4324],[106.47669,17.4324],[106.47733,17.432],[106.47756,17.4314],[106.47809,17.43097],[106.47879,17.43092],[106.47868,17.42955],[106.47969,17.42823],[106.48101,17.42633],[106.48237,17.42544],[106.48327,17.425],[106.48566,17.42408],[106.48617,17.42378],[106.48747,17.42255],[106.48767,17.42206],[106.48752,17.42111],[106.48772,17.41994],[106.48839,17.41807],[106.48876,17.41656],[106.4888,17.41576],[106.48819,17.41472],[106.48803,17.41405],[106.48819,17.41349],[106.48869,17.41256],[106.48931,17.41215],[106.49034,17.41132],[106.49064,17.41089],[106.49074,17.40957],[106.49059,17.40813],[106.49032,17.40776],[106.48889,17.40637],[106.48754,17.40583],[106.48698,17.4055],[106.4864,17.40499],[106.48554,17.40489],[106.48396,17.40442],[106.48364,17.40422],[106.48362,17.40289],[106.48393,17.40105],[106.48373,17.39989],[106.48392,17.39862],[106.48404,17.39672],[106.48455,17.39579],[106.48595,17.394],[106.48688,17.39353],[106.48739,17.39311],[106.4877,17.39179],[106.48812,17.39085],[106.48889,17.39017],[106.48927,17.3897],[106.49,17.38835],[106.49039,17.38792],[106.49166,17.38613],[106.49237,17.38484],[106.49357,17.38559],[106.49405,17.38607],[106.49411,17.38761],[106.49426,17.38908],[106.49468,17.39042],[106.49542,17.39331],[106.49597,17.39427],[106.49672,17.39507],[106.49791,17.39577],[106.49832,17.39648],[106.49828,17.39709],[106.4979,17.39766],[106.49731,17.39933],[106.49723,17.39981],[106.49752,17.40104],[106.49772,17.40142],[106.49846,17.40191],[106.4995,17.40233],[106.50093,17.40279],[106.50184,17.40369],[106.50267,17.40516],[106.50318,17.40574],[106.50427,17.40639],[106.50533,17.40657],[106.50557,17.40714],[106.50558,17.40812],[106.50576,17.40889],[106.50626,17.40993],[106.50599,17.41047],[106.50593,17.41134],[106.50617,17.41219],[106.50608,17.41325],[106.50612,17.41457],[106.50712,17.41497],[106.50733,17.41577],[106.50892,17.41861],[106.51007,17.41996],[106.51167,17.42161],[106.50917,17.42231],[106.50827,17.42317],[106.50748,17.42437],[106.50698,17.42475],[106.50623,17.42511],[106.50599,17.42597],[106.50663,17.42655],[106.50782,17.42702],[106.50778,17.42776],[106.50738,17.42867],[106.50726,17.42923],[106.50732,17.42994],[106.50897,17.42995],[106.50946,17.43006],[106.51022,17.43075],[106.51047,17.43181],[106.51065,17.4322],[106.51215,17.43348],[106.51275,17.43413],[106.51385,17.43489],[106.51378,17.43552],[106.51397,17.43607],[106.51536,17.43735],[106.51573,17.43794],[106.51599,17.43869],[106.51671,17.43983],[106.51794,17.44129],[106.51873,17.44157],[106.51919,17.44143],[106.5196,17.44092],[106.52011,17.44057],[106.52197,17.44037],[106.52251,17.44045],[106.52286,17.44094],[106.52341,17.44141],[106.52408,17.44216],[106.52459,17.44245],[106.5257,17.4424],[106.52636,17.4426],[106.5269,17.44295],[106.52715,17.44388],[106.5272,17.44599],[106.52745,17.44663],[106.52777,17.44704],[106.52757,17.44743],[106.52768,17.44803],[106.52761,17.4486],[106.5272,17.44913],[106.52628,17.44942],[106.52545,17.44939],[106.52501,17.44953],[106.52395,17.45105],[106.52404,17.45292],[106.52441,17.45321],[106.52461,17.45462],[106.52447,17.45559],[106.52384,17.45573],[106.52309,17.45753],[106.52321,17.45896],[106.52308,17.45965],[106.52283,17.46006],[106.5215,17.46111],[106.52123,17.46157],[106.52104,17.46241],[106.5206,17.46355],[106.52079,17.46392],[106.52139,17.46435],[106.52262,17.46599],[106.52299,17.46699],[106.5234,17.46838],[106.5239,17.46919],[106.52426,17.46957],[106.52451,17.47018],[106.52486,17.47024],[106.5262,17.47004],[106.52653,17.47046],[106.52717,17.47094],[106.52728,17.47141],[106.52805,17.4716],[106.52959,17.47176],[106.53021,17.47157],[106.53078,17.47171],[106.53246,17.47258],[106.5334,17.47418],[106.53389,17.47465],[106.53451,17.47575],[106.53513,17.47654],[106.53549,17.47754],[106.53657,17.47923],[106.53696,17.47924],[106.5372,17.47967],[106.53878,17.48023],[106.53882,17.4805],[106.54035,17.48107],[106.54112,17.48205],[106.54175,17.4817],[106.54266,17.48179],[106.54399,17.48258],[106.54183,17.48441],[106.54092,17.48484],[106.53995,17.48506],[106.54025,17.48555],[106.54026,17.48606],[106.54113,17.48635],[106.54221,17.48702],[106.54326,17.48795],[106.5435,17.48836],[106.54492,17.48865],[106.54564,17.48858],[106.54667,17.48813],[106.54725,17.48819],[106.54761,17.49015],[106.54802,17.48979],[106.54884,17.48969],[106.54986,17.48975],[106.55137,17.48994],[106.55234,17.49076],[106.55324,17.49132],[106.5544,17.49255],[106.55469,17.49303],[106.55531,17.49358],[106.55601,17.49383],[106.55734,17.49382],[106.55929,17.49351],[106.55981,17.49357],[106.56051,17.49387],[106.56234,17.4951],[106.56289,17.49615],[106.56317,17.49719],[106.56478,17.49965],[106.56559,17.5005],[106.56606,17.50141],[106.5665,17.50191],[106.56747,17.50365],[106.5678,17.50398],[106.56833,17.50509],[106.56905,17.50596],[106.57149,17.50727],[106.57198,17.50769],[106.57285,17.50803],[106.57324,17.5086],[106.57373,17.50899],[106.57487,17.50952],[106.57507,17.50983],[106.5751,17.51044],[106.57534,17.51086],[106.57676,17.51079],[106.57777,17.51062],[106.57794,17.51117],[106.57821,17.51134],[106.57831,17.51247],[106.5786,17.51308],[106.57856,17.51335],[106.57894,17.51372],[106.5793,17.51436],[106.58013,17.51539],[106.58024,17.51533],[106.58152,17.51689],[106.582,17.51672],[106.58368,17.52022],[106.58397,17.52036],[106.58547,17.5224],[106.58697,17.52408],[106.5873,17.52387],[106.58731,17.52291],[106.58694,17.52214],[106.58667,17.52196],[106.58618,17.52109],[106.58634,17.52089],[106.58765,17.5216],[106.58845,17.52179],[106.58914,17.52158],[106.58971,17.5206],[106.58975,17.51974],[106.5889,17.51785],[106.58958,17.51756],[106.58978,17.51785],[106.59144,17.51891],[106.59197,17.51979],[106.59215,17.51988],[106.5932,17.51996],[106.59432,17.5208],[106.60015,17.53003]]]},"properties":{"name":"Nam Trạch","nameEn":"Nam Trach","fullName":"Xã Nam Trạch","fullNameEn":"Nam Trach Commune","codeName":"nam_trach","areaKm2":129.83,"postalCode":"47238","code":"19198"}},{"type":"Feature","geometry":{"type":"Polygon","coordinates":[[[106.49237,17.38484],[106.49143,17.38482],[106.48916,17.38373],[106.48785,17.38323],[106.48346,17.38215],[106.48321,17.38211],[106.48189,17.38237],[106.48078,17.38229],[106.48003,17.38194],[106.47917,17.38175],[106.47817,17.38196],[106.47684,17.38255],[106.47564,17.38295],[106.47489,17.38308],[106.47307,17.38364],[106.47105,17.38413],[106.46903,17.38441],[106.46847,17.38431],[106.46779,17.38402],[106.46664,17.38336],[106.46564,17.38296],[106.46465,17.38279],[106.46269,17.38216],[106.46219,17.38211],[106.46194,17.38232],[106.46179,17.38322],[106.4611,17.38506],[106.46059,17.38584],[106.45932,17.38722],[106.45868,17.38778],[106.45799,17.38814],[106.45678,17.3898],[106.45532,17.39088],[106.45417,17.39196],[106.45401,17.3924],[106.45118,17.39264],[106.4498,17.39216],[106.4488,17.39216],[106.448,17.39178],[106.44676,17.39062],[106.44587,17.39014],[106.44516,17.39011],[106.44345,17.39032],[106.44299,17.38987],[106.44238,17.38965],[106.44102,17.38942],[106.44013,17.38951],[106.43852,17.38924],[106.43814,17.38897],[106.43784,17.38837],[106.43729,17.38794],[106.4363,17.38756],[106.43463,17.38668],[106.434,17.38643],[106.43346,17.38648],[106.43322,17.38728],[106.43229,17.38871],[106.4319,17.38915],[106.4309,17.3898],[106.42896,17.3916],[106.42844,17.39399],[106.42809,17.39487],[106.4275,17.39733],[106.42698,17.39849],[106.42573,17.39974],[106.42506,17.40016],[106.42435,17.40045],[106.42402,17.40131],[106.42332,17.4022],[106.42245,17.40358],[106.42172,17.4057],[106.4212,17.40776],[106.42083,17.40866],[106.42082,17.40935],[106.4212,17.40996],[106.42193,17.41069],[106.42199,17.41112],[106.42187,17.41201],[106.42224,17.41313],[106.42221,17.41364],[106.42188,17.41415],[106.42072,17.4146],[106.41937,17.41528],[106.41869,17.41611],[106.41823,17.41746],[106.4181,17.41874],[106.41757,17.41927],[106.4172,17.42057],[106.41702,17.42092],[106.41584,17.42135],[106.41543,17.42161],[106.41437,17.42269],[106.4131,17.42383],[106.41243,17.42425],[106.4117,17.42526],[106.41077,17.42635],[106.41065,17.4268],[106.41056,17.42795],[106.41021,17.42817],[106.40927,17.42832],[106.40791,17.42907],[106.40751,17.42922],[106.4069,17.42972],[106.40606,17.43097],[106.40564,17.43193],[106.40535,17.43305],[106.40458,17.43433],[106.4041,17.43482],[106.40347,17.43421],[106.4007,17.43307],[106.39949,17.43301],[106.39759,17.43267],[106.3954,17.43248],[106.39096,17.43162],[106.38999,17.43146],[106.38894,17.43138],[106.38801,17.43152],[106.3869,17.43135],[106.3848,17.43018],[106.38423,17.43006],[106.38383,17.42964],[106.38369,17.42897],[106.38369,17.4278],[106.3833,17.42752],[106.38244,17.42737],[106.38208,17.42715],[106.38143,17.42603],[106.38087,17.42586],[106.37986,17.42603],[106.37956,17.42575],[106.37927,17.42508],[106.37883,17.42468],[106.37771,17.42451],[106.37684,17.42416],[106.37564,17.4239],[106.37489,17.42385],[106.37417,17.42303],[106.37334,17.4228],[106.37245,17.42176],[106.37157,17.4202],[106.37065,17.41967],[106.37033,17.41932],[106.37018,17.41847],[106.36944,17.41735],[106.36897,17.41639],[106.36866,17.41553],[106.36835,17.41507],[106.36581,17.41421],[106.36555,17.41147],[106.36552,17.4095],[106.36543,17.40878],[106.36576,17.40752],[106.36565,17.40642],[106.36529,17.40559],[106.36491,17.40421],[106.36487,17.40353],[106.36499,17.40274],[106.36537,17.40224],[106.36576,17.40133],[106.36579,17.40085],[106.36498,17.3995],[106.36517,17.39881],[106.3657,17.3977],[106.36564,17.39714],[106.36525,17.3956],[106.36551,17.39476],[106.36644,17.39282],[106.36684,17.39268],[106.36738,17.3906],[106.36716,17.39018],[106.36634,17.38919],[106.36614,17.38859],[106.36528,17.38755],[106.36344,17.38691],[106.3613,17.38556],[106.35982,17.38413],[106.3589,17.38349],[106.35849,17.38333],[106.35824,17.38284],[106.35818,17.38192],[106.35752,17.38092],[106.35665,17.37994],[106.35575,17.37964],[106.35428,17.37936],[106.35389,17.37893],[106.3523,17.37871],[106.35211,17.37881],[106.35124,17.38],[106.35028,17.37958],[106.34945,17.37954],[106.34796,17.38007],[106.34738,17.3801],[106.34717,17.38031],[106.34692,17.38133],[106.34735,17.38273],[106.34745,17.38332],[106.34728,17.38414],[106.3476,17.38474],[106.34818,17.38553],[106.34811,17.38629],[106.34756,17.38797],[106.34723,17.38804],[106.34631,17.38769],[106.34442,17.38743],[106.34378,17.38765],[106.34344,17.38834],[106.34277,17.3884],[106.34172,17.38805],[106.34086,17.38804],[106.33919,17.38876],[106.33785,17.38954],[106.33716,17.38978],[106.33581,17.3912],[106.33561,17.39074],[106.33572,17.38971],[106.33528,17.38904],[106.33544,17.38759],[106.33573,17.38717],[106.33566,17.38577],[106.33511,17.38528],[106.33442,17.38428],[106.33373,17.38312],[106.33412,17.38246],[106.33433,17.38156],[106.33442,17.38072],[106.33465,17.37993],[106.33447,17.37891],[106.33463,17.37834],[106.33452,17.37804],[106.33361,17.3771],[106.33296,17.37669],[106.33349,17.3761],[106.33325,17.3754],[106.33333,17.37484],[106.33319,17.374],[106.33271,17.37357],[106.33126,17.37322],[106.33068,17.37298],[106.33012,17.37292],[106.32962,17.37229],[106.32901,17.37207],[106.32832,17.37205],[106.32783,17.37177],[106.32716,17.3717],[106.32598,17.37195],[106.32555,17.37183],[106.32492,17.37121],[106.32448,17.37098],[106.32399,17.36999],[106.32327,17.36936],[106.32223,17.36963],[106.32149,17.36962],[106.32035,17.36872],[106.31976,17.3684],[106.31882,17.36823],[106.3179,17.36755],[106.31708,17.3665],[106.31682,17.36589],[106.31623,17.36489],[106.31631,17.36438],[106.3161,17.36351],[106.31607,17.36286],[106.31574,17.36154],[106.31486,17.36053],[106.31515,17.3601],[106.31519,17.3591],[106.3157,17.35806],[106.31505,17.35616],[106.31513,17.35528],[106.31507,17.35453],[106.31518,17.35403],[106.31518,17.35274],[106.31454,17.35207],[106.31373,17.35153],[106.31325,17.35138],[106.31211,17.34978],[106.31121,17.34911],[106.31051,17.34878],[106.30916,17.3484],[106.30805,17.34848],[106.30661,17.34924],[106.30537,17.34936],[106.30461,17.34976],[106.3041,17.34965],[106.3036,17.34911],[106.30175,17.34771],[106.30134,17.34756],[106.29998,17.34765],[106.29936,17.34733],[106.29733,17.34644],[106.29526,17.3469],[106.29437,17.34724],[106.29253,17.34771],[106.29206,17.34735],[106.29154,17.34634],[106.29075,17.34443],[106.29032,17.34367],[106.29014,17.34234],[106.28937,17.34095],[106.2891,17.33997],[106.28771,17.33729],[106.28726,17.33451],[106.28761,17.33348],[106.28772,17.33259],[106.28822,17.33187],[106.28865,17.33198],[106.28922,17.3318],[106.28873,17.33057],[106.2882,17.32898],[106.28829,17.32778],[106.28814,17.3272],[106.28878,17.32612],[106.28944,17.32563],[106.28981,17.32479],[106.28985,17.32382],[106.29051,17.32307],[106.29095,17.32211],[106.29127,17.32109],[106.2916,17.32071],[106.29229,17.32141],[106.29309,17.3218],[106.29368,17.32195],[106.29416,17.32171],[106.29468,17.32054],[106.29486,17.3196],[106.29507,17.31931],[106.29552,17.31933],[106.29592,17.31896],[106.29678,17.31911],[106.29768,17.31872],[106.29814,17.31829],[106.29842,17.31753],[106.29955,17.31648],[106.30137,17.31716],[106.30181,17.31618],[106.30275,17.31503],[106.30309,17.31486],[106.30356,17.31431],[106.30432,17.31307],[106.30519,17.31318],[106.30547,17.31288],[106.30581,17.31173],[106.30621,17.31124],[106.30654,17.31009],[106.30725,17.30944],[106.30742,17.30907],[106.30736,17.30746],[106.3085,17.30688],[106.30928,17.30672],[106.30958,17.30651],[106.31035,17.30653],[106.31109,17.30672],[106.31205,17.30675],[106.31317,17.30729],[106.31346,17.30681],[106.31354,17.3059],[106.31407,17.30512],[106.31461,17.30462],[106.31511,17.30388],[106.31485,17.30259],[106.31359,17.30113],[106.31202,17.2999],[106.3115,17.29965],[106.31118,17.29924],[106.31087,17.29796],[106.31068,17.2976],[106.30979,17.29745],[106.30893,17.29773],[106.30796,17.29769],[106.30753,17.29757],[106.30672,17.29672],[106.30567,17.29616],[106.30485,17.29587],[106.30391,17.29524],[106.30415,17.29503],[106.30476,17.29279],[106.30505,17.29206],[106.30533,17.29099],[106.30614,17.28994],[106.30567,17.28847],[106.30537,17.28782],[106.30556,17.28701],[106.30658,17.28543],[106.30719,17.28402],[106.30724,17.28346],[106.30693,17.28237],[106.30712,17.28149],[106.30687,17.28044],[106.30703,17.27876],[106.30735,17.27814],[106.30814,17.27737],[106.30812,17.27685],[106.30781,17.27589],[106.30753,17.2747],[106.30732,17.27235],[106.3085,17.27082],[106.30749,17.26983],[106.30682,17.26875],[106.30671,17.26767],[106.30681,17.267],[106.30654,17.26599],[106.30617,17.26553],[106.30609,17.26407],[106.30634,17.26253],[106.30702,17.26143],[106.30711,17.25967],[106.30701,17.2591],[106.30635,17.25809],[106.30558,17.25754],[106.30538,17.25707],[106.30572,17.2565],[106.30616,17.25644],[106.3077,17.25749],[106.30872,17.25756],[106.30929,17.25607],[106.30984,17.25487],[106.30999,17.25387],[106.30987,17.25371],[106.3088,17.25319],[106.30858,17.25271],[106.30962,17.25242],[106.31085,17.25169],[106.31141,17.25161],[106.31263,17.25222],[106.3142,17.25354],[106.31475,17.25304],[106.31556,17.25165],[106.31824,17.24958],[106.31861,17.249],[106.31838,17.24852],[106.31781,17.24787],[106.31763,17.24748],[106.31771,17.24701],[106.31815,17.24632],[106.31819,17.24566],[106.31779,17.24513],[106.31668,17.24429],[106.31622,17.24374],[106.31511,17.24293],[106.31472,17.24285],[106.31385,17.24293],[106.31288,17.24234],[106.31237,17.24229],[106.31048,17.24253],[106.31,17.24276],[106.30899,17.24261],[106.30852,17.24238],[106.30816,17.24191],[106.3082,17.2415],[106.30876,17.24093],[106.3089,17.24042],[106.30873,17.24007],[106.30798,17.23905],[106.30819,17.23879],[106.30871,17.23886],[106.31066,17.23938],[106.31164,17.23951],[106.31269,17.23951],[106.31353,17.23939],[106.31377,17.23918],[106.31491,17.23744],[106.31556,17.23659],[106.31672,17.23561],[106.31702,17.23549],[106.3178,17.23552],[106.31922,17.23664],[106.3208,17.23769],[106.32152,17.23785],[106.32251,17.23778],[106.3232,17.23793],[106.32377,17.23824],[106.32429,17.23812],[106.32472,17.23647],[106.32574,17.23638],[106.32635,17.23619],[106.3269,17.2358],[106.32743,17.23662],[106.3285,17.23663],[106.32897,17.23643],[106.32936,17.23592],[106.32945,17.23481],[106.33033,17.23507],[106.33113,17.2352],[106.33175,17.23557],[106.33254,17.23571],[106.33338,17.23552],[106.33364,17.23474],[106.33449,17.23326],[106.33435,17.2329],[106.33323,17.2329],[106.33287,17.23262],[106.33291,17.23204],[106.33409,17.23054],[106.33407,17.22736],[106.33421,17.22674],[106.33366,17.22625],[106.33287,17.22623],[106.33158,17.22653],[106.33067,17.22625],[106.32894,17.22484],[106.32815,17.22361],[106.32813,17.22274],[106.32848,17.22214],[106.3285,17.22172],[106.32805,17.2212],[106.32602,17.21988],[106.32591,17.21919],[106.32623,17.21807],[106.32614,17.21709],[106.32567,17.2164],[106.32476,17.21573],[106.32408,17.21564],[106.32321,17.21602],[106.32293,17.21633],[106.32252,17.21743],[106.32181,17.21776],[106.3215,17.21807],[106.32075,17.21844],[106.32032,17.21852],[106.31934,17.21846],[106.31792,17.21848],[106.3172,17.21869],[106.31447,17.21989],[106.31382,17.21954],[106.31295,17.21815],[106.31218,17.21733],[106.31101,17.21705],[106.31025,17.21713],[106.30827,17.21814],[106.30824,17.21722],[106.30851,17.21678],[106.30849,17.21615],[106.30775,17.2137],[106.30723,17.213],[106.30704,17.21242],[106.30574,17.21164],[106.30517,17.21077],[106.30406,17.21054],[106.3031,17.21009],[106.30281,17.20959],[106.30285,17.20891],[106.30374,17.2083],[106.30428,17.20763],[106.30488,17.20721],[106.30567,17.20689],[106.30739,17.20666],[106.30859,17.20566],[106.30917,17.20561],[106.30987,17.20575],[106.3105,17.20568],[106.31221,17.205],[106.31284,17.2045],[106.3132,17.20438],[106.31419,17.20442],[106.3154,17.20468],[106.31605,17.20456],[106.31614,17.20393],[106.31644,17.20348],[106.31715,17.20282],[106.31789,17.20235],[106.31865,17.20203],[106.32171,17.20088],[106.32288,17.20058],[106.32368,17.20019],[106.32603,17.19948],[106.32654,17.19914],[106.32795,17.19774],[106.32675,17.19803],[106.32556,17.19755],[106.32516,17.19708],[106.32506,17.19657],[106.32473,17.19592],[106.32318,17.19409],[106.32175,17.19344],[106.32118,17.19262],[106.32108,17.19163],[106.32289,17.19085],[106.3242,17.1896],[106.32481,17.18943],[106.32536,17.18899],[106.32563,17.18846],[106.32551,17.18812],[106.32472,17.1867],[106.32467,17.18621],[106.32514,17.1855],[106.32574,17.18507],[106.32571,17.18454],[106.32605,17.184],[106.3269,17.18342],[106.32709,17.18279],[106.32662,17.18146],[106.32671,17.18097],[106.32726,17.18078],[106.32801,17.18006],[106.32937,17.17975],[106.33029,17.1793],[106.33145,17.17843],[106.33179,17.17781],[106.33219,17.17627],[106.33267,17.17548],[106.33347,17.1745],[106.33417,17.174],[106.33472,17.17308],[106.33519,17.17184],[106.33574,17.17106],[106.33719,17.16996],[106.33772,17.16937],[106.33814,17.16835],[106.33862,17.16771],[106.33971,17.16711],[106.3405,17.16715],[106.34159,17.16733],[106.34264,17.16723],[106.3435,17.16687],[106.34378,17.16604],[106.34473,17.16563],[106.34554,17.1646],[106.34588,17.16451],[106.34697,17.1645],[106.34723,17.16425],[106.34775,17.16271],[106.34829,17.16207],[106.35184,17.16058],[106.35252,17.16039],[106.3539,17.16017],[106.35474,17.15943],[106.35523,17.15914],[106.35609,17.15886],[106.35619,17.15862],[106.35578,17.15694],[106.35556,17.15644],[106.35423,17.15488],[106.35381,17.15406],[106.35284,17.15322],[106.35152,17.15273],[106.35082,17.15234],[106.35054,17.15201],[106.35058,17.15137],[106.35024,17.15069],[106.35009,17.14998],[106.34948,17.14967],[106.34934,17.14877],[106.34898,17.14839],[106.34759,17.14799],[106.34861,17.14738],[106.34907,17.14739],[106.35032,17.1472],[106.35264,17.14719],[106.3532,17.14707],[106.35353,17.14674],[106.35362,17.14606],[106.35308,17.14535],[106.35372,17.14501],[106.35437,17.14417],[106.35517,17.14405],[106.35565,17.14343],[106.35584,17.14236],[106.35595,17.14122],[106.35578,17.13995],[106.35586,17.13965],[106.3565,17.13887],[106.35666,17.13842],[106.35656,17.13794],[106.35595,17.137],[106.35594,17.13656],[106.35636,17.13577],[106.35635,17.13496],[106.35651,17.13463],[106.35811,17.13395],[106.3588,17.13351],[106.35938,17.13335],[106.35973,17.13297],[106.35997,17.13228],[106.36034,17.13216],[106.36134,17.13219],[106.36176,17.13244],[106.36202,17.13167],[106.36234,17.13148],[106.36351,17.13119],[106.3642,17.13126],[106.36471,17.13101],[106.36499,17.13023],[106.36568,17.12886],[106.36672,17.12858],[106.36906,17.12571],[106.37054,17.12439],[106.37057,17.12346],[106.37117,17.12273],[106.37203,17.12046],[106.37203,17.11987],[106.3717,17.11857],[106.37167,17.11804],[106.37207,17.11716],[106.37228,17.11641],[106.37279,17.11568],[106.37268,17.11449],[106.3728,17.11386],[106.37272,17.1127],[106.37285,17.11206],[106.37334,17.11101],[106.37489,17.11004],[106.37611,17.10897],[106.37683,17.10798],[106.37736,17.10761],[106.37812,17.10741],[106.37956,17.10725],[106.38011,17.10668],[106.38074,17.10634],[106.38184,17.10606],[106.38267,17.10558],[106.3838,17.10441],[106.38446,17.10407],[106.38617,17.10381],[106.38761,17.10372],[106.38905,17.10378],[106.39002,17.10398],[106.39074,17.10373],[106.39138,17.10329],[106.39205,17.1024],[106.39235,17.10165],[106.39291,17.09943],[106.39329,17.09889],[106.39396,17.09836],[106.39519,17.0979],[106.39557,17.09768],[106.39637,17.09676],[106.39744,17.09662],[106.39835,17.09678],[106.39864,17.09642],[106.39872,17.09532],[106.39955,17.09392],[106.4,17.09362],[106.40148,17.09296],[106.4034,17.09164],[106.40378,17.0912],[106.40444,17.09076],[106.40609,17.0901],[106.4077,17.08877],[106.40783,17.08813],[106.40758,17.08749],[106.40762,17.08687],[106.40819,17.08585],[106.40944,17.08508],[106.40991,17.08435],[106.4102,17.08357],[106.41021,17.08248],[106.40966,17.08164],[106.41029,17.08126],[106.41171,17.08089],[106.41357,17.08003],[106.4153,17.07903],[106.41652,17.07856],[106.41751,17.07836],[106.41761,17.07817],[106.41806,17.0781],[106.41868,17.07768],[106.41946,17.07695],[106.41972,17.07616],[106.42076,17.07566],[106.42143,17.07468],[106.42225,17.0738],[106.42281,17.07375],[106.42398,17.07393],[106.42491,17.07391],[106.42524,17.07369],[106.42577,17.07382],[106.42613,17.07371],[106.42688,17.07299],[106.42791,17.07161],[106.42918,17.07145],[106.43019,17.07087],[106.43097,17.07065],[106.43299,17.07067],[106.43393,17.07082],[106.43517,17.07146],[106.43568,17.07162],[106.43667,17.07141],[106.43715,17.07143],[106.43792,17.07279],[106.43888,17.07403],[106.43943,17.07443],[106.44042,17.07583],[106.44121,17.07597],[106.44268,17.07648],[106.44395,17.07703],[106.44505,17.07723],[106.446,17.07832],[106.4466,17.07913],[106.44715,17.07941],[106.44909,17.07938],[106.45231,17.07919],[106.45379,17.07918],[106.45444,17.07893],[106.45537,17.07873],[106.45638,17.07866],[106.45741,17.07881],[106.45868,17.07911],[106.45954,17.079],[106.46051,17.07869],[106.46197,17.07871],[106.46231,17.07882],[106.46354,17.07975],[106.46421,17.07994],[106.46526,17.07978],[106.4664,17.0809],[106.46785,17.08161],[106.46896,17.08246],[106.46937,17.08302],[106.47009,17.08346],[106.47103,17.08357],[106.47201,17.08403],[106.4737,17.08517],[106.47621,17.0867],[106.47655,17.08745],[106.4777,17.08767],[106.47944,17.08776],[106.47985,17.08793],[106.48038,17.08867],[106.48074,17.0888],[106.48222,17.08898],[106.483,17.08922],[106.48396,17.08876],[106.48491,17.08885],[106.48576,17.08872],[106.48681,17.08974],[106.48721,17.09022],[106.48823,17.09075],[106.48859,17.09079],[106.49015,17.09029],[106.49055,17.09032],[106.49141,17.09082],[106.49232,17.09115],[106.4929,17.09121],[106.49337,17.09227],[106.49376,17.0935],[106.49396,17.09477],[106.49526,17.09665],[106.49614,17.09753],[106.49626,17.0981],[106.49608,17.0997],[106.49606,17.10119],[106.49714,17.10159],[106.49796,17.10235],[106.49776,17.10299],[106.49778,17.10481],[106.49769,17.10544],[106.49807,17.10618],[106.49765,17.10652],[106.49731,17.10706],[106.4972,17.10899],[106.49777,17.11011],[106.49815,17.11148],[106.49832,17.11288],[106.49656,17.11475],[106.49621,17.11545],[106.49522,17.1165],[106.49512,17.11685],[106.49657,17.11831],[106.49748,17.11957],[106.49927,17.11948],[106.50061,17.11994],[106.50115,17.12036],[106.50183,17.12027],[106.50283,17.12033],[106.50528,17.12079],[106.50572,17.12078],[106.50666,17.1205],[106.50757,17.12037],[106.50874,17.12068],[106.50932,17.12097],[106.50997,17.1216],[106.51064,17.12181],[106.5122,17.12126],[106.51296,17.12115],[106.51721,17.11922],[106.51883,17.11811],[106.51962,17.11781],[106.52201,17.11674],[106.52274,17.11744],[106.52317,17.11803],[106.52374,17.11817],[106.52459,17.11799],[106.5256,17.11834],[106.52639,17.11842],[106.52668,17.11878],[106.52682,17.11943],[106.52663,17.12026],[106.52713,17.12095],[106.52756,17.12238],[106.52763,17.12371],[106.52776,17.12487],[106.52766,17.12582],[106.52776,17.12684],[106.52849,17.12893],[106.52873,17.12947],[106.52892,17.13034],[106.52922,17.13099],[106.52978,17.13176],[106.52989,17.13308],[106.52943,17.13426],[106.52942,17.13476],[106.52964,17.13575],[106.5296,17.13649],[106.52926,17.13706],[106.52977,17.13794],[106.53066,17.13819],[106.53085,17.13868],[106.5313,17.13933],[106.5324,17.14029],[106.53297,17.14123],[106.53365,17.14206],[106.53419,17.14194],[106.53486,17.14201],[106.53612,17.14197],[106.53675,17.14217],[106.53881,17.1424],[106.53919,17.14255],[106.53992,17.14311],[106.54071,17.14438],[106.54073,17.14508],[106.54189,17.14536],[106.54242,17.14534],[106.54352,17.14553],[106.5442,17.14611],[106.54536,17.14645],[106.54584,17.14672],[106.54695,17.14755],[106.54795,17.14788],[106.54964,17.14794],[106.5507,17.14821],[106.5525,17.14808],[106.5535,17.14784],[106.55437,17.14738],[106.55503,17.14737],[106.55554,17.14761],[106.55632,17.14769],[106.55674,17.14817],[106.55719,17.14828],[106.55796,17.14871],[106.55924,17.14887],[106.55997,17.14976],[106.56073,17.14993],[106.56126,17.15044],[106.56204,17.15068],[106.56462,17.15253],[106.565,17.15291],[106.56568,17.15403],[106.56631,17.154],[106.56845,17.1543],[106.5691,17.15417],[106.5698,17.15379],[106.57052,17.15384],[106.57184,17.15463],[106.57305,17.15521],[106.57392,17.15529],[106.57527,17.15579],[106.57552,17.15597],[106.57604,17.15571],[106.57715,17.15546],[106.57778,17.15495],[106.57876,17.15439],[106.57934,17.1535],[106.58053,17.15359],[106.58138,17.15375],[106.58211,17.15345],[106.58292,17.15288],[106.5841,17.15231],[106.58443,17.15224],[106.58702,17.15266],[106.58735,17.15258],[106.58869,17.15131],[106.58999,17.15198],[106.5911,17.15199],[106.59156,17.15333],[106.59202,17.15389],[106.59204,17.15465],[106.59147,17.15538],[106.59127,17.15585],[106.59121,17.15705],[106.59212,17.15757],[106.5926,17.15797],[106.59352,17.1594],[106.59378,17.16038],[106.59434,17.16156],[106.5945,17.16238],[106.59423,17.16488],[106.59324,17.16528],[106.59285,17.1657],[106.59234,17.16677],[106.59209,17.16708],[106.59276,17.16834],[106.59273,17.16875],[106.59198,17.1694],[106.59188,17.17053],[106.59197,17.17113],[106.59254,17.1721],[106.59313,17.17284],[106.59516,17.17442],[106.59598,17.17513],[106.59709,17.17624],[106.59701,17.17758],[106.59672,17.17908],[106.59766,17.1792],[106.59822,17.17893],[106.59876,17.17901],[106.59969,17.17944],[106.60039,17.17995],[106.60088,17.18069],[106.60214,17.18089],[106.60319,17.18149],[106.6031,17.18245],[106.60385,17.18357],[106.6039,17.18459],[106.60437,17.18496],[106.60394,17.1862],[106.60323,17.18676],[106.6032,17.18787],[106.60307,17.1885],[106.60253,17.18965],[106.60269,17.19045],[106.60351,17.19111],[106.6035,17.19192],[106.6059,17.19422],[106.60593,17.19488],[106.60552,17.19548],[106.60561,17.19614],[106.60428,17.19745],[106.60357,17.19829],[106.60388,17.1991],[106.60325,17.19931],[106.60265,17.19928],[106.60264,17.19979],[106.6021,17.2004],[106.60141,17.20162],[106.60075,17.20169],[106.60009,17.20274],[106.60013,17.2032],[106.59973,17.20381],[106.59992,17.2043],[106.60072,17.20458],[106.60144,17.20402],[106.60226,17.20374],[106.60273,17.20381],[106.60464,17.20459],[106.60505,17.2053],[106.60625,17.20614],[106.60746,17.20627],[106.60896,17.20596],[106.61018,17.20556],[106.61126,17.20548],[106.61273,17.20565],[106.6138,17.20613],[106.61461,17.20663],[106.61528,17.20786],[106.61552,17.20887],[106.6161,17.21014],[106.61641,17.21118],[106.61615,17.21166],[106.61632,17.2131],[106.6171,17.21571],[106.61666,17.2164],[106.61617,17.21756],[106.61501,17.21939],[106.61409,17.22],[106.61333,17.22151],[106.61293,17.22206],[106.61153,17.22346],[106.61092,17.22414],[106.6111,17.22468],[106.61184,17.22618],[106.6123,17.22685],[106.61304,17.2282],[106.61345,17.22956],[106.61344,17.23029],[106.61382,17.23227],[106.61357,17.23319],[106.61343,17.23451],[106.61323,17.23511],[106.61257,17.23639],[106.61233,17.23718],[106.61158,17.2382],[106.62264,17.24417],[106.62511,17.24551],[106.6268,17.24699],[106.63013,17.24887],[106.63203,17.2499],[106.63296,17.25049],[106.63526,17.2518],[106.63637,17.25295],[106.63668,17.25308],[106.63554,17.25737],[106.63884,17.2651],[106.64106,17.26542],[106.64087,17.266],[106.64104,17.2666],[106.64055,17.26733],[106.64052,17.26797],[106.64064,17.26878],[106.64084,17.26907],[106.64142,17.2705],[106.64123,17.27153],[106.64145,17.27209],[106.64208,17.27275],[106.64284,17.27317],[106.64251,17.27369],[106.64165,17.27442],[106.64144,17.2749],[106.64096,17.27542],[106.64045,17.27559],[106.63967,17.27643],[106.63963,17.27686],[106.63904,17.2776],[106.63902,17.27806],[106.6385,17.27864],[106.63827,17.27945],[106.63746,17.27897],[106.63676,17.27901],[106.63661,17.27928],[106.63635,17.28041],[106.63646,17.28098],[106.63632,17.2817],[106.63666,17.28213],[106.63682,17.28299],[106.63664,17.28373],[106.63604,17.28364],[106.63558,17.28435],[106.63487,17.28458],[106.63406,17.28504],[106.63452,17.28553],[106.63427,17.28652],[106.63375,17.28692],[106.63342,17.28684],[106.63305,17.28727],[106.63313,17.28783],[106.63281,17.28865],[106.63257,17.28896],[106.63252,17.28991],[106.6322,17.29037],[106.63201,17.29142],[106.63198,17.29389],[106.63209,17.29432],[106.63197,17.295],[106.63158,17.29537],[106.63143,17.29588],[106.63007,17.29818],[106.62873,17.29983],[106.62882,17.30167],[106.62835,17.30174],[106.6278,17.30248],[106.6276,17.30307],[106.62757,17.30454],[106.62727,17.30522],[106.6273,17.30619],[106.62683,17.30806],[106.62672,17.31012],[106.62621,17.31118],[106.62509,17.31195],[106.62416,17.31287],[106.62461,17.31409],[106.6245,17.31514],[106.62424,17.31576],[106.62314,17.31735],[106.62223,17.3192],[106.62203,17.32034],[106.62092,17.32055],[106.62048,17.32088],[106.61897,17.32225],[106.61864,17.32275],[106.61803,17.32327],[106.61771,17.32421],[106.61696,17.32462],[106.6164,17.32506],[106.61577,17.32595],[106.61486,17.32781],[106.61411,17.32879],[106.61346,17.32945],[106.6126,17.33011],[106.61243,17.33063],[106.61183,17.33179],[106.61129,17.33309],[106.61025,17.33453],[106.60982,17.33575],[106.61032,17.33635],[106.61019,17.3368],[106.61014,17.33774],[106.60996,17.33871],[106.61001,17.3391],[106.61045,17.33947],[106.61058,17.34021],[106.60982,17.34096],[106.60883,17.34102],[106.6084,17.34121],[106.60851,17.34166],[106.60884,17.34199],[106.60895,17.34263],[106.60804,17.34352],[106.60798,17.34452],[106.60757,17.34544],[106.60524,17.34614],[106.60454,17.34627],[106.60413,17.34609],[106.60288,17.34525],[106.60126,17.34522],[106.59994,17.34543],[106.59824,17.34507],[106.59716,17.34501],[106.59591,17.34524],[106.59502,17.34579],[106.59421,17.34651],[106.59393,17.34687],[106.59345,17.34708],[106.59229,17.34728],[106.59164,17.34719],[106.59049,17.34662],[106.59003,17.34664],[106.58935,17.34727],[106.58897,17.34797],[106.5881,17.34891],[106.58797,17.34981],[106.58707,17.35253],[106.58686,17.35272],[106.5855,17.35316],[106.58487,17.35326],[106.58407,17.35385],[106.58346,17.35551],[106.58333,17.3564],[106.58337,17.35734],[106.58312,17.35791],[106.58195,17.35922],[106.58101,17.35988],[106.58055,17.36039],[106.57974,17.36191],[106.57966,17.36293],[106.5794,17.36358],[106.57766,17.36376],[106.57689,17.36363],[106.57635,17.36333],[106.57593,17.36259],[106.57506,17.36183],[106.57454,17.3616],[106.57381,17.36153],[106.57211,17.36148],[106.57129,17.36108],[106.57065,17.36123],[106.56982,17.36183],[106.56874,17.36227],[106.56762,17.36294],[106.56657,17.36268],[106.56574,17.3627],[106.56515,17.36252],[106.56435,17.36193],[106.564,17.3619],[106.56301,17.36272],[106.56261,17.36289],[106.56205,17.36269],[106.56132,17.36192],[106.56074,17.36165],[106.55935,17.36141],[106.55867,17.36151],[106.55796,17.3618],[106.55705,17.36187],[106.55631,17.36214],[106.55568,17.3626],[106.55416,17.36306],[106.55255,17.36306],[106.54995,17.36273],[106.54835,17.3624],[106.5473,17.36336],[106.54555,17.36484],[106.54492,17.36529],[106.54354,17.3657],[106.54297,17.36569],[106.54022,17.36518],[106.53907,17.3656],[106.53748,17.36585],[106.53526,17.36708],[106.53489,17.36717],[106.53289,17.36714],[106.53177,17.36859],[106.53107,17.36886],[106.53082,17.36926],[106.52994,17.3701],[106.52843,17.37108],[106.52752,17.37184],[106.52664,17.37212],[106.52634,17.37184],[106.52484,17.37115],[106.52399,17.37067],[106.52262,17.37016],[106.52216,17.37059],[106.52125,17.37072],[106.52042,17.37048],[106.51928,17.37036],[106.51828,17.36981],[106.51782,17.36917],[106.51728,17.36878],[106.51644,17.36785],[106.5157,17.36762],[106.51465,17.36761],[106.51403,17.36724],[106.51335,17.36657],[106.51206,17.36564],[106.51116,17.36562],[106.51016,17.36607],[106.50947,17.36654],[106.50817,17.36765],[106.50709,17.36829],[106.50618,17.36931],[106.50509,17.36969],[106.5035,17.36986],[106.50274,17.3706],[106.5024,17.37114],[106.50222,17.37239],[106.50149,17.37338],[106.50128,17.37409],[106.50047,17.37497],[106.50006,17.37556],[106.49985,17.37641],[106.49942,17.37691],[106.49783,17.37806],[106.49658,17.37959],[106.49624,17.37993],[106.49518,17.38061],[106.49412,17.38083],[106.49362,17.38158],[106.49331,17.38267],[106.4932,17.38341],[106.49286,17.38431],[106.49237,17.38484]]]},"properties":{"name":"Trường Sơn","nameEn":"Truong Son","fullName":"Xã Trường Sơn","fullNameEn":"Truong Son Commune","codeName":"truong_son","areaKm2":935.96,"postalCode":"47720","code":"19204"}},{"type":"Feature","geometry":{"type":"Polygon","coordinates":[[[106.52664,17.37212],[106.52752,17.37184],[106.52843,17.37108],[106.52994,17.3701],[106.53082,17.36926],[106.53107,17.36886],[106.53177,17.36859],[106.53289,17.36714],[106.53489,17.36717],[106.53526,17.36708],[106.53748,17.36585],[106.53907,17.3656],[106.54022,17.36518],[106.54297,17.36569],[106.54354,17.3657],[106.54492,17.36529],[106.54555,17.36484],[106.5473,17.36336],[106.54835,17.3624],[106.54995,17.36273],[106.55255,17.36306],[106.55416,17.36306],[106.55568,17.3626],[106.55631,17.36214],[106.55705,17.36187],[106.55796,17.3618],[106.55867,17.36151],[106.55935,17.36141],[106.56074,17.36165],[106.56132,17.36192],[106.56205,17.36269],[106.56261,17.36289],[106.56301,17.36272],[106.564,17.3619],[106.56435,17.36193],[106.56515,17.36252],[106.56574,17.3627],[106.56657,17.36268],[106.56762,17.36294],[106.56874,17.36227],[106.56982,17.36183],[106.57065,17.36123],[106.57129,17.36108],[106.57211,17.36148],[106.57381,17.36153],[106.57454,17.3616],[106.57506,17.36183],[106.57593,17.36259],[106.57635,17.36333],[106.57689,17.36363],[106.57766,17.36376],[106.5794,17.36358],[106.57966,17.36293],[106.57974,17.36191],[106.58055,17.36039],[106.58101,17.35988],[106.58195,17.35922],[106.58312,17.35791],[106.58337,17.35734],[106.58333,17.3564],[106.58346,17.35551],[106.58407,17.35385],[106.58487,17.35326],[106.5855,17.35316],[106.58686,17.35272],[106.58707,17.35253],[106.58797,17.34981],[106.5881,17.34891],[106.58897,17.34797],[106.58935,17.34727],[106.59003,17.34664],[106.59049,17.34662],[106.59164,17.34719],[106.59229,17.34728],[106.59345,17.34708],[106.59393,17.34687],[106.59421,17.34651],[106.59502,17.34579],[106.59591,17.34524],[106.59716,17.34501],[106.59824,17.34507],[106.59994,17.34543],[106.60126,17.34522],[106.60288,17.34525],[106.60413,17.34609],[106.60454,17.34627],[106.60524,17.34614],[106.60757,17.34544],[106.60814,17.34579],[106.60854,17.34584],[106.60841,17.34727],[106.60888,17.34771],[106.61233,17.34739],[106.61465,17.34782],[106.6185,17.34874],[106.61958,17.34874],[106.62073,17.34851],[106.62196,17.34835],[106.62388,17.34877],[106.62622,17.34832],[106.62614,17.35058],[106.6275,17.35062],[106.62797,17.35105],[106.62842,17.35094],[106.62856,17.35126],[106.63054,17.35123],[106.6309,17.35047],[106.63104,17.34979],[106.63099,17.3482],[106.63106,17.3475],[106.63518,17.34743],[106.63413,17.35054],[106.63521,17.35046],[106.63712,17.34911],[106.63858,17.34866],[106.64075,17.34864],[106.64271,17.34804],[106.64349,17.34946],[106.64412,17.35074],[106.6446,17.35093],[106.64459,17.35146],[106.64417,17.35323],[106.64401,17.35435],[106.64587,17.35467],[106.64839,17.35505],[106.64962,17.35511],[106.6489,17.35857],[106.64858,17.36052],[106.64778,17.3604],[106.64754,17.36195],[106.64707,17.36542],[106.64689,17.3665],[106.65252,17.36884],[106.65216,17.3697],[106.6535,17.3702],[106.65348,17.37038],[106.65514,17.37092],[106.65499,17.37156],[106.65737,17.3725],[106.65748,17.37224],[106.65876,17.37288],[106.65786,17.37385],[106.65878,17.37465],[106.65958,17.37422],[106.6604,17.37356],[106.66243,17.3752],[106.66287,17.37547],[106.66401,17.37653],[106.66502,17.37576],[106.66668,17.37304],[106.66644,17.37288],[106.66663,17.3722],[106.66718,17.37119],[106.66768,17.37086],[106.66897,17.3688],[106.66984,17.36821],[106.67023,17.36775],[106.6721,17.36826],[106.67312,17.36859],[106.67528,17.36989],[106.6787,17.37147],[106.69556,17.37796],[106.69776,17.37946],[106.68479,17.39349],[106.68499,17.39661],[106.68609,17.39995],[106.68575,17.40024],[106.67737,17.41124],[106.66691,17.42249],[106.65854,17.41718],[106.65808,17.41703],[106.65718,17.4181],[106.65621,17.4187],[106.65483,17.41928],[106.65422,17.41939],[106.65389,17.41962],[106.65324,17.42075],[106.65305,17.4215],[106.65218,17.42222],[106.65169,17.42221],[106.65104,17.42182],[106.65019,17.42165],[106.65013,17.42098],[106.64969,17.42053],[106.64963,17.41997],[106.64913,17.41956],[106.64913,17.41909],[106.64734,17.41767],[106.64603,17.42022],[106.64477,17.42223],[106.64167,17.42666],[106.6402,17.42904],[106.63923,17.43077],[106.63883,17.43169],[106.63807,17.43364],[106.63771,17.43492],[106.63761,17.43588],[106.63472,17.43554],[106.63297,17.43567],[106.62912,17.43606],[106.62794,17.43589],[106.62769,17.43493],[106.62726,17.43463],[106.62455,17.43396],[106.62385,17.43317],[106.62348,17.43198],[106.62358,17.43131],[106.62438,17.42936],[106.62451,17.42886],[106.62454,17.42807],[106.62414,17.42732],[106.62311,17.42637],[106.62188,17.4256],[106.62087,17.42531],[106.62015,17.42522],[106.61921,17.42534],[106.61815,17.42527],[106.61462,17.42418],[106.61337,17.42364],[106.61234,17.42349],[106.61166,17.42357],[106.61053,17.42386],[106.60955,17.42423],[106.60787,17.42524],[106.60729,17.4255],[106.60601,17.42565],[106.60274,17.4255],[106.59905,17.42515],[106.59802,17.42474],[106.59763,17.4235],[106.59729,17.42278],[106.59704,17.4218],[106.59675,17.42136],[106.59641,17.42122],[106.59481,17.42088],[106.59474,17.42052],[106.59497,17.42018],[106.59538,17.41812],[106.59522,17.41766],[106.59373,17.4179],[106.59301,17.41827],[106.59205,17.41859],[106.59155,17.41841],[106.59104,17.41791],[106.59114,17.41706],[106.59067,17.41656],[106.59052,17.41541],[106.59076,17.415],[106.5912,17.41494],[106.59166,17.41432],[106.59143,17.41381],[106.59108,17.41353],[106.58981,17.41338],[106.58926,17.41315],[106.58846,17.41256],[106.58791,17.41172],[106.58788,17.41072],[106.58718,17.41006],[106.58683,17.40892],[106.58642,17.40855],[106.58634,17.40809],[106.58675,17.407],[106.58586,17.406],[106.5851,17.40454],[106.58442,17.40377],[106.58416,17.40316],[106.58387,17.40295],[106.5831,17.40333],[106.58185,17.40319],[106.58097,17.40257],[106.57937,17.40242],[106.57894,17.4028],[106.57854,17.40289],[106.57772,17.40243],[106.5764,17.40229],[106.57552,17.40251],[106.5741,17.40365],[106.57397,17.40422],[106.5728,17.40488],[106.57211,17.4059],[106.5709,17.40592],[106.57039,17.40614],[106.57026,17.40672],[106.57002,17.40693],[106.56936,17.40686],[106.56788,17.40686],[106.56715,17.40719],[106.5664,17.40774],[106.56505,17.40752],[106.56346,17.40745],[106.56211,17.40772],[106.5624,17.40702],[106.56157,17.4058],[106.56091,17.40543],[106.56022,17.40486],[106.55916,17.40426],[106.55825,17.40421],[106.55707,17.40433],[106.5563,17.40455],[106.55413,17.40604],[106.55429,17.4056],[106.5548,17.4049],[106.55564,17.40296],[106.55568,17.40237],[106.55532,17.39968],[106.55465,17.39862],[106.55352,17.39755],[106.55276,17.39645],[106.55295,17.396],[106.55247,17.39553],[106.55184,17.39531],[106.55136,17.39483],[106.55128,17.39438],[106.5507,17.39387],[106.54943,17.39381],[106.54867,17.39353],[106.54746,17.39257],[106.54658,17.3916],[106.54545,17.39107],[106.54503,17.38997],[106.5442,17.38903],[106.54315,17.3881],[106.53953,17.38637],[106.53822,17.38552],[106.5376,17.38487],[106.53694,17.38471],[106.53632,17.38433],[106.53456,17.38418],[106.53332,17.38362],[106.5327,17.38205],[106.53248,17.38114],[106.53166,17.37987],[106.53081,17.37879],[106.53063,17.37824],[106.52967,17.37784],[106.5294,17.37747],[106.52905,17.37663],[106.52741,17.37567],[106.52725,17.37539],[106.52693,17.374],[106.52666,17.37331],[106.52664,17.37212]]]},"properties":{"name":"Quảng Ninh","nameEn":"Quang Ninh","fullName":"Xã Quảng Ninh","fullNameEn":"Quang Ninh Commune","codeName":"quang_ninh","areaKm2":100.27,"postalCode":"47721","code":"19207"}},{"type":"Feature","geometry":{"type":"Polygon","coordinates":[[[106.67737,17.41124],[106.68575,17.40024],[106.68609,17.39995],[106.68499,17.39661],[106.68479,17.39349],[106.69776,17.37946],[106.69556,17.37796],[106.6787,17.37147],[106.67528,17.36989],[106.67312,17.36859],[106.6721,17.36826],[106.67023,17.36775],[106.66984,17.36821],[106.66897,17.3688],[106.66768,17.37086],[106.66718,17.37119],[106.66663,17.3722],[106.66644,17.37288],[106.66668,17.37304],[106.66502,17.37576],[106.66401,17.37653],[106.66287,17.37547],[106.66243,17.3752],[106.6604,17.37356],[106.65958,17.37422],[106.65878,17.37465],[106.65786,17.37385],[106.65876,17.37288],[106.65748,17.37224],[106.65737,17.3725],[106.65499,17.37156],[106.65514,17.37092],[106.65348,17.37038],[106.6535,17.3702],[106.65216,17.3697],[106.65252,17.36884],[106.64689,17.3665],[106.64707,17.36542],[106.64754,17.36195],[106.64778,17.3604],[106.64858,17.36052],[106.6489,17.35857],[106.64962,17.35511],[106.64839,17.35505],[106.64587,17.35467],[106.64401,17.35435],[106.64417,17.35323],[106.64459,17.35146],[106.6446,17.35093],[106.64412,17.35074],[106.64349,17.34946],[106.64271,17.34804],[106.64514,17.347],[106.64956,17.34578],[106.65186,17.34552],[106.65412,17.34581],[106.65518,17.34614],[106.6585,17.34737],[106.6595,17.34547],[106.66123,17.34153],[106.65972,17.34027],[106.65998,17.33818],[106.66055,17.33799],[106.66123,17.33722],[106.66275,17.33644],[106.66519,17.33567],[106.66573,17.33524],[106.66629,17.33396],[106.6671,17.331],[106.66782,17.32821],[106.66717,17.32739],[106.6676,17.32574],[106.66577,17.32484],[106.66599,17.32428],[106.66841,17.32493],[106.66885,17.32478],[106.66888,17.32408],[106.66996,17.32416],[106.67051,17.324],[106.67049,17.32302],[106.6733,17.32309],[106.6765,17.32309],[106.6763,17.32369],[106.67736,17.32367],[106.67803,17.32326],[106.67851,17.3231],[106.68147,17.32297],[106.68163,17.32181],[106.68255,17.32187],[106.68351,17.32149],[106.68285,17.31862],[106.68296,17.31815],[106.68345,17.31778],[106.68359,17.3172],[106.68341,17.31688],[106.68365,17.3164],[106.68371,17.31438],[106.68426,17.31423],[106.68672,17.31391],[106.68923,17.31354],[106.69264,17.31276],[106.69589,17.31235],[106.69667,17.31243],[106.6967,17.31112],[106.69692,17.31057],[106.69824,17.30894],[106.6982,17.30862],[106.6978,17.30818],[106.69738,17.30714],[106.69662,17.30699],[106.69637,17.30516],[106.69593,17.30338],[106.69894,17.30229],[106.70102,17.30187],[106.70774,17.29954],[106.71433,17.29509],[106.71794,17.30174],[106.7186,17.30266],[106.71888,17.30321],[106.71884,17.30404],[106.71951,17.3053],[106.71998,17.30572],[106.72041,17.30581],[106.72111,17.30571],[106.72193,17.30632],[106.72062,17.30851],[106.71978,17.31001],[106.7207,17.31087],[106.72075,17.31091],[106.72139,17.31151],[106.72288,17.31355],[106.72346,17.31444],[106.72293,17.31499],[106.72393,17.31608],[106.72434,17.31677],[106.72431,17.31729],[106.72448,17.3183],[106.72469,17.31859],[106.72569,17.31853],[106.72631,17.31875],[106.7267,17.31931],[106.73512,17.33351],[106.75591,17.31915],[106.75546,17.31476],[106.75649,17.31398],[106.75845,17.31305],[106.75927,17.31246],[106.76034,17.31188],[106.76116,17.3117],[106.76218,17.31103],[106.76277,17.31033],[106.76304,17.30971],[106.76316,17.30898],[106.767,17.30594],[106.76725,17.30553],[106.76738,17.30457],[106.7676,17.30414],[106.76836,17.30336],[106.7706,17.30173],[106.77096,17.3009],[106.77158,17.29989],[106.77184,17.29904],[106.77214,17.2985],[106.77328,17.29745],[106.77375,17.2972],[106.77574,17.29649],[106.77641,17.29573],[106.77852,17.29511],[106.77974,17.29428],[106.78382,17.29163],[106.78537,17.29114],[106.78531,17.29182],[106.79057,17.30361],[106.79113,17.30459],[106.79202,17.3056],[106.79579,17.31086],[106.79683,17.31193],[106.7961,17.31246],[106.7956,17.31307],[106.79402,17.3146],[106.79243,17.31564],[106.79128,17.31677],[106.7893,17.3182],[106.78856,17.31879],[106.78813,17.3193],[106.78767,17.31959],[106.78701,17.32023],[106.78603,17.32094],[106.78558,17.32114],[106.78465,17.32201],[106.7835,17.3233],[106.78175,17.32445],[106.78092,17.32527],[106.77975,17.32627],[106.77886,17.32692],[106.77817,17.32781],[106.77663,17.32927],[106.77587,17.3296],[106.77502,17.33019],[106.77301,17.33243],[106.77261,17.33255],[106.77165,17.33321],[106.77052,17.33424],[106.76931,17.33526],[106.76898,17.33581],[106.7678,17.33678],[106.7667,17.33805],[106.76473,17.33924],[106.76393,17.33988],[106.763,17.34122],[106.76264,17.34141],[106.76205,17.34202],[106.7611,17.34277],[106.76064,17.34302],[106.75977,17.3438],[106.75894,17.3444],[106.75776,17.34571],[106.75611,17.34708],[106.75545,17.34786],[106.75351,17.34951],[106.75185,17.35109],[106.75075,17.35225],[106.74992,17.35281],[106.74739,17.35526],[106.74652,17.35621],[106.74569,17.35671],[106.74498,17.35752],[106.74433,17.35803],[106.74397,17.35847],[106.74299,17.35926],[106.74236,17.36006],[106.74054,17.36177],[106.7374,17.36456],[106.73583,17.36616],[106.73436,17.36774],[106.73394,17.36834],[106.73214,17.36991],[106.73087,17.37091],[106.72954,17.37238],[106.72784,17.37402],[106.72659,17.37517],[106.72584,17.37623],[106.72405,17.3776],[106.72364,17.37814],[106.72308,17.37844],[106.72266,17.37908],[106.72142,17.38062],[106.72078,17.38108],[106.72038,17.38154],[106.72015,17.38209],[106.71979,17.38193],[106.71836,17.38342],[106.71778,17.38414],[106.71736,17.38422],[106.71652,17.38524],[106.7164,17.38558],[106.71598,17.38555],[106.71471,17.38713],[106.71367,17.38816],[106.713,17.38867],[106.71146,17.3902],[106.7105,17.39109],[106.70991,17.39194],[106.70896,17.39301],[106.70861,17.3931],[106.70777,17.39396],[106.70699,17.39461],[106.70598,17.39595],[106.70548,17.39634],[106.70516,17.39689],[106.70486,17.39702],[106.70448,17.3976],[106.70408,17.39769],[106.70318,17.39871],[106.70217,17.39964],[106.70075,17.40127],[106.70052,17.40172],[106.69979,17.40207],[106.69785,17.4042],[106.69749,17.40479],[106.69692,17.4052],[106.69594,17.40637],[106.69519,17.40689],[106.69448,17.40779],[106.6939,17.40832],[106.69336,17.40915],[106.69249,17.40984],[106.69224,17.4103],[106.69163,17.41095],[106.6909,17.41141],[106.68976,17.41266],[106.68896,17.41378],[106.68808,17.41474],[106.68766,17.41491],[106.68681,17.41596],[106.68538,17.41515],[106.68513,17.4151],[106.6843,17.4145],[106.68442,17.41377],[106.68434,17.41299],[106.68402,17.41236],[106.68235,17.41153],[106.67892,17.41155],[106.67737,17.41124]]]},"properties":{"name":"Ninh Châu","nameEn":"Ninh Chau","fullName":"Xã Ninh Châu","fullNameEn":"Ninh Chau Commune","codeName":"ninh_chau","areaKm2":86.03,"postalCode":"47722","code":"19225"}},{"type":"Feature","geometry":{"type":"Polygon","coordinates":[[[106.63637,17.25295],[106.63661,17.25277],[106.63641,17.25145],[106.63616,17.25077],[106.63616,17.25011],[106.63641,17.24982],[106.63706,17.24778],[106.63793,17.24652],[106.63871,17.24573],[106.6406,17.24366],[106.64104,17.24297],[106.64151,17.24262],[106.64266,17.24209],[106.64329,17.24132],[106.644,17.24066],[106.6448,17.23931],[106.64494,17.23814],[106.6452,17.23777],[106.64613,17.23745],[106.647,17.23878],[106.65241,17.24654],[106.65274,17.24694],[106.65431,17.24607],[106.65483,17.24705],[106.65653,17.249],[106.65885,17.25053],[106.6631,17.25165],[106.66723,17.25259],[106.66755,17.25075],[106.6677,17.25077],[106.66803,17.249],[106.66823,17.24716],[106.66948,17.24758],[106.6694,17.24647],[106.66886,17.24543],[106.66849,17.24516],[106.66806,17.24458],[106.6676,17.24492],[106.6674,17.24443],[106.66839,17.24408],[106.66907,17.24393],[106.66909,17.24373],[106.66866,17.2428],[106.66956,17.24258],[106.67,17.24285],[106.67029,17.24365],[106.67155,17.24259],[106.672,17.2423],[106.67389,17.24144],[106.67431,17.2434],[106.67519,17.24729],[106.67607,17.24899],[106.67754,17.25156],[106.6784,17.25317],[106.68078,17.2573],[106.68109,17.25767],[106.68363,17.25968],[106.68511,17.26079],[106.68431,17.26188],[106.68317,17.2632],[106.68219,17.26479],[106.68329,17.26544],[106.6862,17.26523],[106.68752,17.26534],[106.68828,17.26643],[106.68788,17.26722],[106.6887,17.26761],[106.69115,17.26858],[106.69217,17.27057],[106.69257,17.27226],[106.69271,17.27336],[106.6929,17.27407],[106.69323,17.27422],[106.69387,17.27496],[106.69432,17.27486],[106.69452,17.27456],[106.69511,17.27471],[106.69619,17.2743],[106.69748,17.27556],[106.69876,17.2766],[106.6985,17.27701],[106.69844,17.27783],[106.70173,17.27995],[106.70191,17.27982],[106.70537,17.28036],[106.70602,17.27969],[106.70848,17.28008],[106.71202,17.2807],[106.71236,17.2807],[106.71363,17.28711],[106.71433,17.29509],[106.70774,17.29954],[106.70102,17.30187],[106.69894,17.30229],[106.69593,17.30338],[106.69637,17.30516],[106.69662,17.30699],[106.69738,17.30714],[106.6978,17.30818],[106.6982,17.30862],[106.69824,17.30894],[106.69692,17.31057],[106.6967,17.31112],[106.69667,17.31243],[106.69589,17.31235],[106.69264,17.31276],[106.68923,17.31354],[106.68672,17.31391],[106.68426,17.31423],[106.68371,17.31438],[106.68365,17.3164],[106.68341,17.31688],[106.68359,17.3172],[106.68345,17.31778],[106.68296,17.31815],[106.68285,17.31862],[106.68351,17.32149],[106.68255,17.32187],[106.68163,17.32181],[106.68147,17.32297],[106.67851,17.3231],[106.67803,17.32326],[106.67736,17.32367],[106.6763,17.32369],[106.6765,17.32309],[106.6733,17.32309],[106.67049,17.32302],[106.67051,17.324],[106.66996,17.32416],[106.66888,17.32408],[106.66885,17.32478],[106.66841,17.32493],[106.66599,17.32428],[106.66577,17.32484],[106.6676,17.32574],[106.66717,17.32739],[106.66782,17.32821],[106.6671,17.331],[106.66629,17.33396],[106.66573,17.33524],[106.66519,17.33567],[106.66275,17.33644],[106.66123,17.33722],[106.66055,17.33799],[106.65998,17.33818],[106.65972,17.34027],[106.66123,17.34153],[106.6595,17.34547],[106.6585,17.34737],[106.65518,17.34614],[106.65412,17.34581],[106.65186,17.34552],[106.64956,17.34578],[106.64514,17.347],[106.64271,17.34804],[106.64075,17.34864],[106.63858,17.34866],[106.63712,17.34911],[106.63521,17.35046],[106.63413,17.35054],[106.63518,17.34743],[106.63106,17.3475],[106.63099,17.3482],[106.63104,17.34979],[106.6309,17.35047],[106.63054,17.35123],[106.62856,17.35126],[106.62842,17.35094],[106.62797,17.35105],[106.6275,17.35062],[106.62614,17.35058],[106.62622,17.34832],[106.62388,17.34877],[106.62196,17.34835],[106.62073,17.34851],[106.61958,17.34874],[106.6185,17.34874],[106.61465,17.34782],[106.61233,17.34739],[106.60888,17.34771],[106.60841,17.34727],[106.60854,17.34584],[106.60814,17.34579],[106.60757,17.34544],[106.60798,17.34452],[106.60804,17.34352],[106.60895,17.34263],[106.60884,17.34199],[106.60851,17.34166],[106.6084,17.34121],[106.60883,17.34102],[106.60982,17.34096],[106.61058,17.34021],[106.61045,17.33947],[106.61001,17.3391],[106.60996,17.33871],[106.61014,17.33774],[106.61019,17.3368],[106.61032,17.33635],[106.60982,17.33575],[106.61025,17.33453],[106.61129,17.33309],[106.61183,17.33179],[106.61243,17.33063],[106.6126,17.33011],[106.61346,17.32945],[106.61411,17.32879],[106.61486,17.32781],[106.61577,17.32595],[106.6164,17.32506],[106.61696,17.32462],[106.61771,17.32421],[106.61803,17.32327],[106.61864,17.32275],[106.61897,17.32225],[106.62048,17.32088],[106.62092,17.32055],[106.62203,17.32034],[106.62223,17.3192],[106.62314,17.31735],[106.62424,17.31576],[106.6245,17.31514],[106.62461,17.31409],[106.62416,17.31287],[106.62509,17.31195],[106.62621,17.31118],[106.62672,17.31012],[106.62683,17.30806],[106.6273,17.30619],[106.62727,17.30522],[106.62757,17.30454],[106.6276,17.30307],[106.6278,17.30248],[106.62835,17.30174],[106.62882,17.30167],[106.62873,17.29983],[106.63007,17.29818],[106.63143,17.29588],[106.63158,17.29537],[106.63197,17.295],[106.63209,17.29432],[106.63198,17.29389],[106.63201,17.29142],[106.6322,17.29037],[106.63252,17.28991],[106.63257,17.28896],[106.63281,17.28865],[106.63313,17.28783],[106.63305,17.28727],[106.63342,17.28684],[106.63375,17.28692],[106.63427,17.28652],[106.63452,17.28553],[106.63406,17.28504],[106.63487,17.28458],[106.63558,17.28435],[106.63604,17.28364],[106.63664,17.28373],[106.63682,17.28299],[106.63666,17.28213],[106.63632,17.2817],[106.63646,17.28098],[106.63635,17.28041],[106.63661,17.27928],[106.63676,17.27901],[106.63746,17.27897],[106.63827,17.27945],[106.6385,17.27864],[106.63902,17.27806],[106.63904,17.2776],[106.63963,17.27686],[106.63967,17.27643],[106.64045,17.27559],[106.64096,17.27542],[106.64144,17.2749],[106.64165,17.27442],[106.64251,17.27369],[106.64284,17.27317],[106.64208,17.27275],[106.64145,17.27209],[106.64123,17.27153],[106.64142,17.2705],[106.64084,17.26907],[106.64064,17.26878],[106.64052,17.26797],[106.64055,17.26733],[106.64104,17.2666],[106.64087,17.266],[106.64106,17.26542],[106.63884,17.2651],[106.63554,17.25737],[106.63668,17.25308],[106.63637,17.25295]]]},"properties":{"name":"Trường Ninh","nameEn":"Truong Ninh","fullName":"Xã Trường Ninh","fullNameEn":"Truong Ninh Commune","codeName":"truong_ninh","areaKm2":71.92,"postalCode":"47723","code":"19237"}},{"type":"Feature","geometry":{"type":"Polygon","coordinates":[[[106.65431,17.24607],[106.65376,17.24518],[106.6535,17.24418],[106.65251,17.24338],[106.65188,17.24268],[106.65163,17.24075],[106.65125,17.23984],[106.65049,17.23936],[106.65044,17.23688],[106.65008,17.23602],[106.64984,17.23484],[106.64896,17.23427],[106.65008,17.23396],[106.65334,17.23364],[106.65376,17.23331],[106.65571,17.23126],[106.65808,17.22922],[106.65882,17.22887],[106.66343,17.22707],[106.66241,17.22546],[106.66313,17.22511],[106.66325,17.22547],[106.66417,17.22572],[106.66582,17.22442],[106.66701,17.22414],[106.66755,17.22356],[106.66799,17.22352],[106.66857,17.22323],[106.66946,17.2231],[106.67048,17.22324],[106.67079,17.22313],[106.67003,17.22181],[106.66961,17.2214],[106.67037,17.22123],[106.67068,17.22075],[106.6715,17.21875],[106.67287,17.21531],[106.67126,17.21457],[106.67131,17.21087],[106.671,17.21066],[106.67122,17.20988],[106.67145,17.20966],[106.67344,17.21038],[106.67446,17.21038],[106.67507,17.21023],[106.67539,17.20939],[106.67533,17.20885],[106.67564,17.2083],[106.67577,17.20762],[106.67629,17.20778],[106.67667,17.20765],[106.67686,17.20721],[106.67744,17.20645],[106.67813,17.2064],[106.67322,17.2022],[106.66808,17.19809],[106.66914,17.19764],[106.66966,17.19691],[106.67022,17.19648],[106.67105,17.19608],[106.67136,17.19573],[106.67235,17.19398],[106.67262,17.1938],[106.67368,17.19348],[106.67401,17.19287],[106.67387,17.19209],[106.67265,17.1906],[106.67263,17.19031],[106.67346,17.18888],[106.67366,17.18817],[106.67437,17.18797],[106.67556,17.18742],[106.67794,17.18579],[106.67879,17.18492],[106.67973,17.18412],[106.68051,17.18394],[106.68151,17.18421],[106.68186,17.18389],[106.68236,17.18279],[106.68295,17.18243],[106.68347,17.18229],[106.68465,17.18228],[106.6848,17.18265],[106.6852,17.18269],[106.68564,17.18301],[106.6862,17.18314],[106.68636,17.1837],[106.68674,17.1839],[106.68804,17.18416],[106.68801,17.1837],[106.68829,17.18356],[106.68895,17.18374],[106.68902,17.18305],[106.68927,17.18293],[106.68925,17.18226],[106.68969,17.18205],[106.69001,17.18273],[106.69033,17.18249],[106.69095,17.1831],[106.69172,17.18291],[106.69215,17.1833],[106.69263,17.18302],[106.69318,17.18213],[106.69383,17.1822],[106.69421,17.18284],[106.69456,17.18308],[106.69512,17.18317],[106.69564,17.18349],[106.69554,17.18436],[106.69585,17.18492],[106.69531,17.18515],[106.69534,17.18554],[106.69649,17.18606],[106.697,17.1864],[106.69764,17.18664],[106.698,17.18728],[106.69796,17.18776],[106.69861,17.18916],[106.69903,17.18968],[106.69955,17.1901],[106.69873,17.1903],[106.69835,17.19119],[106.69849,17.19175],[106.69827,17.19214],[106.69852,17.19244],[106.69895,17.19207],[106.69956,17.19272],[106.69928,17.1931],[106.69954,17.19392],[106.69924,17.19457],[106.70023,17.19484],[106.70059,17.19532],[106.70067,17.19595],[106.70019,17.19661],[106.70016,17.19734],[106.70047,17.19814],[106.69998,17.19837],[106.69959,17.19887],[106.69911,17.1991],[106.69953,17.19963],[106.69916,17.19988],[106.69953,17.20031],[106.70042,17.20034],[106.70067,17.20046],[106.70124,17.2013],[106.70156,17.20145],[106.70228,17.20232],[106.70264,17.2023],[106.70286,17.20262],[106.70292,17.20335],[106.70095,17.20298],[106.70057,17.20307],[106.70118,17.20375],[106.70273,17.20608],[106.70259,17.20684],[106.7023,17.20747],[106.70215,17.20881],[106.7016,17.20977],[106.6989,17.21218],[106.69922,17.21279],[106.69995,17.21322],[106.70033,17.21372],[106.70252,17.21444],[106.70416,17.21455],[106.70518,17.21502],[106.70606,17.21562],[106.70731,17.21545],[106.70758,17.21489],[106.7079,17.2147],[106.70854,17.21488],[106.70894,17.21526],[106.71107,17.21526],[106.71128,17.21502],[106.71306,17.21652],[106.7147,17.21817],[106.71521,17.21881],[106.71551,17.21825],[106.71687,17.2186],[106.71863,17.21919],[106.72365,17.22076],[106.7239,17.22029],[106.72437,17.21885],[106.72467,17.21859],[106.72544,17.21833],[106.72771,17.21946],[106.7319,17.22184],[106.73221,17.22206],[106.72828,17.23132],[106.72937,17.23175],[106.72943,17.23528],[106.72969,17.23535],[106.72928,17.23695],[106.73024,17.23814],[106.73183,17.23989],[106.73299,17.24065],[106.73349,17.24085],[106.73162,17.24619],[106.73048,17.249],[106.72943,17.25198],[106.72954,17.252],[106.72894,17.25404],[106.73076,17.25902],[106.73469,17.26867],[106.73472,17.26882],[106.73427,17.27321],[106.73433,17.2734],[106.73449,17.27622],[106.73187,17.27681],[106.71363,17.28711],[106.71236,17.2807],[106.71202,17.2807],[106.70848,17.28008],[106.70602,17.27969],[106.70537,17.28036],[106.70191,17.27982],[106.70173,17.27995],[106.69844,17.27783],[106.6985,17.27701],[106.69876,17.2766],[106.69748,17.27556],[106.69619,17.2743],[106.69511,17.27471],[106.69452,17.27456],[106.69432,17.27486],[106.69387,17.27496],[106.69323,17.27422],[106.6929,17.27407],[106.69271,17.27336],[106.69257,17.27226],[106.69217,17.27057],[106.69115,17.26858],[106.6887,17.26761],[106.68788,17.26722],[106.68828,17.26643],[106.68752,17.26534],[106.6862,17.26523],[106.68329,17.26544],[106.68219,17.26479],[106.68317,17.2632],[106.68431,17.26188],[106.68511,17.26079],[106.68363,17.25968],[106.68109,17.25767],[106.68078,17.2573],[106.6784,17.25317],[106.67754,17.25156],[106.67607,17.24899],[106.67519,17.24729],[106.67431,17.2434],[106.67389,17.24144],[106.672,17.2423],[106.67155,17.24259],[106.67029,17.24365],[106.67,17.24285],[106.66956,17.24258],[106.66866,17.2428],[106.66909,17.24373],[106.66907,17.24393],[106.66839,17.24408],[106.6674,17.24443],[106.6676,17.24492],[106.66806,17.24458],[106.66849,17.24516],[106.66886,17.24543],[106.6694,17.24647],[106.66948,17.24758],[106.66823,17.24716],[106.66803,17.249],[106.6677,17.25077],[106.66755,17.25075],[106.66723,17.25259],[106.6631,17.25165],[106.65885,17.25053],[106.65653,17.249],[106.65483,17.24705],[106.65431,17.24607]]]},"properties":{"name":"Lệ Ninh","nameEn":"Le Ninh","fullName":"Xã Lệ Ninh","fullNameEn":"Le Ninh Commune","codeName":"le_ninh","areaKm2":56.32,"postalCode":"47839","code":"19246"}},{"type":"Feature","geometry":{"type":"Polygon","coordinates":[[[106.72771,17.21946],[106.72783,17.21935],[106.73157,17.21686],[106.7393,17.21177],[106.74292,17.20936],[106.75184,17.20349],[106.75975,17.19834],[106.76341,17.20593],[106.76398,17.20663],[106.76428,17.20651],[106.76773,17.20465],[106.76911,17.20386],[106.77234,17.20341],[106.78036,17.20544],[106.78602,17.2043],[106.78818,17.20618],[106.79057,17.2177],[106.79274,17.21825],[106.79665,17.21349],[106.80915,17.20802],[106.80955,17.20865],[106.81013,17.2093],[106.80919,17.21007],[106.81302,17.21477],[106.81344,17.21535],[106.81513,17.21486],[106.81746,17.21519],[106.81791,17.2197],[106.81712,17.21966],[106.8164,17.21977],[106.81761,17.22136],[106.81888,17.22314],[106.82117,17.22601],[106.82121,17.22612],[106.81962,17.22654],[106.81392,17.22859],[106.81574,17.22978],[106.81667,17.23026],[106.81386,17.23283],[106.81169,17.23498],[106.81291,17.23648],[106.81206,17.23758],[106.81175,17.23772],[106.81074,17.23878],[106.80986,17.23981],[106.80917,17.24015],[106.80857,17.24078],[106.80764,17.24132],[106.80626,17.24253],[106.8055,17.24338],[106.80499,17.24415],[106.80543,17.24465],[106.80469,17.2452],[106.80415,17.24601],[106.80334,17.24652],[106.80209,17.24744],[106.80026,17.249],[106.79976,17.24933],[106.79818,17.25062],[106.79712,17.25137],[106.79562,17.249],[106.79522,17.24843],[106.79464,17.24844],[106.79069,17.24885],[106.79004,17.24917],[106.78785,17.25057],[106.78097,17.25478],[106.77743,17.25697],[106.77604,17.2576],[106.77374,17.25852],[106.77181,17.25934],[106.76665,17.26164],[106.76234,17.26367],[106.76088,17.26439],[106.7586,17.26512],[106.75765,17.26525],[106.75686,17.26488],[106.75634,17.26488],[106.75588,17.26545],[106.75508,17.26718],[106.75374,17.26985],[106.75274,17.27167],[106.75183,17.27285],[106.75015,17.27491],[106.74884,17.27636],[106.74805,17.2771],[106.74701,17.27882],[106.74101,17.27586],[106.73449,17.27622],[106.73433,17.2734],[106.73427,17.27321],[106.73472,17.26882],[106.73469,17.26867],[106.73076,17.25902],[106.72894,17.25404],[106.72954,17.252],[106.72943,17.25198],[106.73048,17.249],[106.73162,17.24619],[106.73349,17.24085],[106.73299,17.24065],[106.73183,17.23989],[106.73024,17.23814],[106.72928,17.23695],[106.72969,17.23535],[106.72943,17.23528],[106.72937,17.23175],[106.72828,17.23132],[106.73221,17.22206],[106.7319,17.22184],[106.72771,17.21946]]]},"properties":{"name":"Lệ Thuỷ","nameEn":"Le Thuy","fullName":"Xã Lệ Thuỷ","fullNameEn":"Le Thuy Commune","codeName":"le_thuy","areaKm2":55.93,"postalCode":"47834","code":"19249"}},{"type":"Feature","geometry":{"type":"Polygon","coordinates":[[[106.71433,17.29509],[106.71363,17.28711],[106.73187,17.27681],[106.73449,17.27622],[106.74101,17.27586],[106.74701,17.27882],[106.74805,17.2771],[106.74884,17.27636],[106.75015,17.27491],[106.75183,17.27285],[106.75274,17.27167],[106.75374,17.26985],[106.75508,17.26718],[106.75588,17.26545],[106.75634,17.26488],[106.75686,17.26488],[106.75765,17.26525],[106.7586,17.26512],[106.76088,17.26439],[106.76234,17.26367],[106.76665,17.26164],[106.77181,17.25934],[106.77374,17.25852],[106.77604,17.2576],[106.77743,17.25697],[106.78097,17.25478],[106.78785,17.25057],[106.79004,17.24917],[106.79069,17.24885],[106.79464,17.24844],[106.79522,17.24843],[106.79562,17.249],[106.79712,17.25137],[106.79818,17.25062],[106.79976,17.24933],[106.80026,17.249],[106.80209,17.24744],[106.80334,17.24652],[106.80415,17.24601],[106.80469,17.2452],[106.80543,17.24465],[106.80499,17.24415],[106.8055,17.24338],[106.80626,17.24253],[106.80764,17.24132],[106.80857,17.24078],[106.80917,17.24015],[106.80986,17.23981],[106.81074,17.23878],[106.81175,17.23772],[106.81206,17.23758],[106.81291,17.23648],[106.81169,17.23498],[106.81386,17.23283],[106.81667,17.23026],[106.81574,17.22978],[106.81392,17.22859],[106.81962,17.22654],[106.82121,17.22612],[106.82159,17.22619],[106.82347,17.22756],[106.82383,17.2277],[106.82635,17.22649],[106.82781,17.22495],[106.82917,17.22451],[106.83024,17.22474],[106.83093,17.22413],[106.83538,17.22051],[106.83638,17.21954],[106.83632,17.21828],[106.84427,17.225],[106.84514,17.22593],[106.84998,17.23421],[106.85403,17.24088],[106.86759,17.23156],[106.87853,17.22406],[106.87923,17.22535],[106.88023,17.22771],[106.88082,17.22823],[106.8806,17.22896],[106.88072,17.22928],[106.88136,17.22976],[106.8817,17.23022],[106.8821,17.23035],[106.8823,17.23103],[106.88324,17.23166],[106.88403,17.23302],[106.88456,17.23428],[106.88482,17.23571],[106.88542,17.23661],[106.8854,17.23782],[106.8856,17.23848],[106.88609,17.23934],[106.88694,17.24053],[106.88771,17.24213],[106.88682,17.24285],[106.88532,17.24372],[106.88467,17.24445],[106.8832,17.24542],[106.88286,17.2458],[106.88153,17.24673],[106.88078,17.24754],[106.88019,17.24798],[106.87936,17.24831],[106.87905,17.24869],[106.87842,17.24899],[106.87697,17.25026],[106.87648,17.2505],[106.87558,17.25125],[106.87427,17.25225],[106.87386,17.25272],[106.87326,17.25279],[106.87171,17.25395],[106.87111,17.25451],[106.87017,17.25522],[106.86927,17.25572],[106.86894,17.25611],[106.86827,17.25648],[106.86613,17.25837],[106.86561,17.25875],[106.86472,17.25889],[106.86306,17.26022],[106.86251,17.26078],[106.86143,17.2615],[106.85954,17.26324],[106.8585,17.26386],[106.85804,17.26425],[106.85771,17.26335],[106.85749,17.26343],[106.85759,17.26416],[106.85688,17.2651],[106.85631,17.26542],[106.85522,17.26643],[106.85386,17.26745],[106.85344,17.26787],[106.85279,17.26811],[106.85193,17.26883],[106.85071,17.2694],[106.84943,17.27044],[106.84851,17.27136],[106.84648,17.27317],[106.84592,17.27331],[106.84459,17.27414],[106.84379,17.27485],[106.84185,17.27598],[106.84126,17.27668],[106.84036,17.27722],[106.83902,17.27828],[106.83772,17.27938],[106.83637,17.28038],[106.83527,17.28108],[106.83474,17.28169],[106.83351,17.2824],[106.83187,17.28361],[106.83143,17.28402],[106.82986,17.28516],[106.82926,17.28576],[106.82824,17.28633],[106.82761,17.28695],[106.82638,17.28789],[106.82617,17.28819],[106.82419,17.28949],[106.82317,17.29055],[106.82197,17.29131],[106.82123,17.2919],[106.82067,17.29221],[106.81986,17.29306],[106.81915,17.29368],[106.81867,17.29385],[106.81778,17.29469],[106.81554,17.29665],[106.81479,17.29745],[106.81406,17.29767],[106.81195,17.29929],[106.81138,17.29996],[106.8102,17.30074],[106.80984,17.30116],[106.80927,17.3015],[106.80795,17.30287],[106.80738,17.3032],[106.80644,17.30412],[106.80603,17.30431],[106.80446,17.30552],[106.80321,17.30681],[106.80269,17.30704],[106.80207,17.30755],[106.80124,17.3085],[106.8006,17.30904],[106.79951,17.30977],[106.79886,17.31036],[106.79822,17.31074],[106.79772,17.31126],[106.79683,17.31193],[106.79579,17.31086],[106.79202,17.3056],[106.79113,17.30459],[106.79057,17.30361],[106.78531,17.29182],[106.78537,17.29114],[106.78382,17.29163],[106.77974,17.29428],[106.77852,17.29511],[106.77641,17.29573],[106.77574,17.29649],[106.77375,17.2972],[106.77328,17.29745],[106.77214,17.2985],[106.77184,17.29904],[106.77158,17.29989],[106.77096,17.3009],[106.7706,17.30173],[106.76836,17.30336],[106.7676,17.30414],[106.76738,17.30457],[106.76725,17.30553],[106.767,17.30594],[106.76316,17.30898],[106.76304,17.30971],[106.76277,17.31033],[106.76218,17.31103],[106.76116,17.3117],[106.76034,17.31188],[106.75927,17.31246],[106.75845,17.31305],[106.75649,17.31398],[106.75546,17.31476],[106.75591,17.31915],[106.73512,17.33351],[106.7267,17.31931],[106.72631,17.31875],[106.72569,17.31853],[106.72469,17.31859],[106.72448,17.3183],[106.72431,17.31729],[106.72434,17.31677],[106.72393,17.31608],[106.72293,17.31499],[106.72346,17.31444],[106.72288,17.31355],[106.72139,17.31151],[106.72075,17.31091],[106.7207,17.31087],[106.71978,17.31001],[106.72062,17.30851],[106.72193,17.30632],[106.72111,17.30571],[106.72041,17.30581],[106.71998,17.30572],[106.71951,17.3053],[106.71884,17.30404],[106.71888,17.30321],[106.7186,17.30266],[106.71794,17.30174],[106.71433,17.29509]]]},"properties":{"name":"Cam Hồng","nameEn":"Cam Hong","fullName":"Xã Cam Hồng","fullNameEn":"Cam Hong Commune","codeName":"cam_hong","areaKm2":87.89,"postalCode":"47835","code":"19255"}},{"type":"Feature","geometry":{"type":"Polygon","coordinates":[[[106.83632,17.21828],[106.83754,17.21811],[106.83869,17.21686],[106.8389,17.2165],[106.84,17.21546],[106.84371,17.21219],[106.84386,17.2118],[106.84291,17.21057],[106.84266,17.20989],[106.84336,17.20855],[106.84385,17.20792],[106.84451,17.20742],[106.84478,17.20672],[106.84565,17.20544],[106.84608,17.20514],[106.8469,17.20498],[106.84739,17.20511],[106.84748,17.20568],[106.84778,17.20594],[106.8488,17.2074],[106.84954,17.20759],[106.84985,17.20693],[106.8508,17.20713],[106.85152,17.20667],[106.85246,17.20648],[106.85378,17.20595],[106.85455,17.20612],[106.85492,17.20606],[106.85546,17.20569],[106.85565,17.20538],[106.85657,17.20477],[106.85624,17.20408],[106.85678,17.20378],[106.85747,17.20369],[106.85989,17.20238],[106.86142,17.20196],[106.86079,17.20024],[106.86084,17.19906],[106.86178,17.19863],[106.86288,17.19856],[106.86339,17.19829],[106.86399,17.19821],[106.86427,17.19851],[106.86537,17.19829],[106.86638,17.19775],[106.8666,17.19695],[106.86688,17.19659],[106.86774,17.19606],[106.86799,17.19571],[106.86925,17.19505],[106.8705,17.19523],[106.87107,17.19499],[106.87158,17.19443],[106.87167,17.19409],[106.87145,17.19342],[106.87209,17.1928],[106.87234,17.19226],[106.87322,17.19163],[106.87371,17.19143],[106.87457,17.19084],[106.87525,17.19072],[106.87514,17.18958],[106.87587,17.18902],[106.87615,17.18854],[106.87678,17.18819],[106.87752,17.18823],[106.87821,17.18754],[106.87853,17.18671],[106.8788,17.18492],[106.87904,17.18479],[106.87884,17.18413],[106.87866,17.18259],[106.87827,17.18183],[106.87837,17.18107],[106.87865,17.18057],[106.87894,17.18061],[106.88038,17.17972],[106.88098,17.17964],[106.88143,17.17926],[106.88189,17.17915],[106.88284,17.17836],[106.88355,17.17825],[106.88407,17.1779],[106.88456,17.17736],[106.88498,17.17664],[106.88428,17.17563],[106.88428,17.17435],[106.8842,17.17383],[106.88375,17.17338],[106.8825,17.17299],[106.88201,17.17226],[106.88439,17.16984],[106.88222,17.16798],[106.88171,17.16343],[106.88203,17.16317],[106.88222,17.16223],[106.88168,17.16178],[106.88048,17.16138],[106.879,17.1604],[106.87999,17.15953],[106.88028,17.15991],[106.8819,17.16017],[106.8823,17.16014],[106.88353,17.1592],[106.88562,17.15839],[106.88613,17.15799],[106.88703,17.15702],[106.88731,17.15695],[106.88842,17.15704],[106.88929,17.15621],[106.89066,17.15374],[106.89182,17.15156],[106.89784,17.14039],[106.89731,17.1395],[106.89732,17.13924],[106.89774,17.13823],[106.89718,17.13758],[106.89622,17.13703],[106.89523,17.13611],[106.89485,17.13602],[106.89442,17.13619],[106.89381,17.13591],[106.89369,17.13553],[106.89364,17.13447],[106.89373,17.13393],[106.8908,17.12922],[106.89036,17.12912],[106.89002,17.12823],[106.88941,17.12794],[106.8884,17.12716],[106.89073,17.12343],[106.89139,17.12258],[106.89215,17.12195],[106.89166,17.12148],[106.89145,17.12061],[106.89144,17.11996],[106.89104,17.11932],[106.89034,17.11651],[106.89051,17.11565],[106.8912,17.11501],[106.89175,17.11329],[106.89174,17.11282],[106.89142,17.11223],[106.89065,17.11136],[106.8907,17.11101],[106.89168,17.11002],[106.89205,17.10913],[106.89199,17.10866],[106.89122,17.10736],[106.89115,17.10648],[106.89119,17.10555],[106.89022,17.10406],[106.88733,17.10023],[106.8882,17.1004],[106.88855,17.10035],[106.89001,17.09983],[106.89058,17.09923],[106.89128,17.09776],[106.89279,17.0973],[106.89407,17.09641],[106.89425,17.09581],[106.89359,17.09499],[106.89336,17.09434],[106.89187,17.09085],[106.89254,17.08992],[106.89332,17.08935],[106.89402,17.08942],[106.89494,17.09013],[106.89633,17.0908],[106.89743,17.09155],[106.89873,17.09261],[106.89999,17.0932],[106.9003,17.09368],[106.90093,17.09526],[106.90185,17.09558],[106.90312,17.09547],[106.90376,17.09466],[106.90474,17.09481],[106.90528,17.09535],[106.90581,17.09638],[106.90691,17.09719],[106.90842,17.09815],[106.91024,17.0991],[106.91136,17.1003],[106.91387,17.1021],[106.92082,17.10603],[106.92283,17.10677],[106.9239,17.10848],[106.92718,17.10846],[106.94901,17.11978],[106.95101,17.11912],[106.95263,17.11946],[106.95368,17.11989],[106.95394,17.12024],[106.95417,17.12099],[106.95406,17.12209],[106.9538,17.12306],[106.95388,17.12386],[106.95442,17.12441],[106.95618,17.12557],[106.95685,17.1262],[106.95759,17.12798],[106.96063,17.13006],[106.9619,17.13075],[106.96244,17.13118],[106.96263,17.13168],[106.96376,17.13279],[106.96415,17.13332],[106.96448,17.13403],[106.96536,17.13452],[106.96559,17.1352],[106.96585,17.1353],[106.96588,17.1358],[106.96655,17.1361],[106.96744,17.13734],[106.96805,17.13693],[106.969,17.13786],[106.96972,17.13955],[106.97136,17.14353],[106.98446,17.15552],[106.9868,17.16071],[106.98872,17.1627],[106.98966,17.16389],[106.99007,17.16427],[106.9911,17.16548],[106.99072,17.16583],[106.9892,17.16656],[106.98765,17.16762],[106.98672,17.1681],[106.98549,17.16912],[106.98512,17.16959],[106.98429,17.17029],[106.98229,17.17142],[106.98117,17.17226],[106.97845,17.17473],[106.97784,17.17516],[106.97711,17.17549],[106.97657,17.17594],[106.97557,17.17694],[106.97496,17.17736],[106.97425,17.17768],[106.97338,17.17826],[106.9727,17.17885],[106.97224,17.1794],[106.97039,17.18074],[106.96974,17.18125],[106.96823,17.18192],[106.96662,17.18319],[106.96469,17.18428],[106.96343,17.18507],[106.96237,17.18604],[106.96079,17.18712],[106.96001,17.18754],[106.9597,17.18783],[106.95831,17.18878],[106.95746,17.18945],[106.95621,17.19025],[106.95519,17.19101],[106.95477,17.19122],[106.95395,17.1921],[106.95279,17.19281],[106.95078,17.19455],[106.94906,17.19557],[106.94758,17.19691],[106.94687,17.19722],[106.94573,17.19813],[106.94495,17.19848],[106.94421,17.19921],[106.94339,17.1999],[106.94257,17.20041],[106.94127,17.20155],[106.93985,17.20249],[106.93916,17.2027],[106.93811,17.20351],[106.93671,17.20482],[106.93571,17.20549],[106.93493,17.20619],[106.93379,17.20696],[106.93323,17.20725],[106.93237,17.20796],[106.93069,17.20909],[106.92956,17.2101],[106.92912,17.21029],[106.92844,17.21098],[106.92813,17.21109],[106.9273,17.21198],[106.92558,17.21314],[106.92465,17.21402],[106.92383,17.21438],[106.92292,17.21507],[106.92232,17.21566],[106.92163,17.21615],[106.92113,17.21667],[106.91963,17.21773],[106.9191,17.21827],[106.9186,17.21847],[106.91654,17.22006],[106.91611,17.2203],[106.91403,17.222],[106.91325,17.22225],[106.91121,17.22419],[106.90994,17.22496],[106.90959,17.22539],[106.90867,17.22588],[106.90776,17.2267],[106.90716,17.22699],[106.90607,17.22808],[106.90486,17.22884],[106.9037,17.22982],[106.90336,17.23028],[106.90257,17.23082],[106.90226,17.23121],[106.90142,17.2319],[106.9,17.23283],[106.89818,17.23391],[106.89792,17.23421],[106.89694,17.23491],[106.8951,17.23667],[106.89441,17.23707],[106.89187,17.23894],[106.89074,17.23965],[106.89031,17.23982],[106.88887,17.24105],[106.88771,17.24213],[106.88694,17.24053],[106.88609,17.23934],[106.8856,17.23848],[106.8854,17.23782],[106.88542,17.23661],[106.88482,17.23571],[106.88456,17.23428],[106.88403,17.23302],[106.88324,17.23166],[106.8823,17.23103],[106.8821,17.23035],[106.8817,17.23022],[106.88136,17.22976],[106.88072,17.22928],[106.8806,17.22896],[106.88082,17.22823],[106.88023,17.22771],[106.87923,17.22535],[106.87853,17.22406],[106.86759,17.23156],[106.85403,17.24088],[106.84998,17.23421],[106.84514,17.22593],[106.84427,17.225],[106.83632,17.21828]]]},"properties":{"name":"Sen Ngư","nameEn":"Sen Ngu","fullName":"Xã Sen Ngư","fullNameEn":"Sen Ngu Commune","codeName":"sen_ngu","areaKm2":120.84,"postalCode":"47836","code":"19288"}},{"type":"Feature","geometry":{"type":"Polygon","coordinates":[[[106.80915,17.20802],[106.81092,17.20723],[106.81178,17.20675],[106.81231,17.20629],[106.8126,17.20566],[106.81278,17.20461],[106.81261,17.20343],[106.81209,17.20253],[106.81137,17.20193],[106.80958,17.20088],[106.80575,17.19946],[106.80423,17.19847],[106.8035,17.19779],[106.80284,17.19699],[106.80201,17.19565],[106.80038,17.19284],[106.79992,17.19212],[106.79932,17.19144],[106.79782,17.1901],[106.7974,17.18952],[106.7972,17.18881],[106.797,17.18741],[106.79715,17.18691],[106.79847,17.18422],[106.79885,17.183],[106.79895,17.18173],[106.79882,17.17884],[106.79866,17.17731],[106.79842,17.17619],[106.79713,17.17237],[106.79657,17.17088],[106.79642,17.16992],[106.7967,17.16898],[106.79785,17.16765],[106.80091,17.16457],[106.80378,17.16156],[106.80413,17.16113],[106.80479,17.16114],[106.80514,17.16155],[106.80656,17.16203],[106.80793,17.16221],[106.80866,17.16207],[106.80923,17.16171],[106.8101,17.16157],[106.81114,17.16082],[106.81146,17.1599],[106.81173,17.1595],[106.8128,17.15892],[106.81323,17.15788],[106.81374,17.15776],[106.81471,17.15724],[106.81477,17.15671],[106.81516,17.1561],[106.81622,17.15539],[106.81641,17.15505],[106.81943,17.154],[106.81957,17.15388],[106.81955,17.15302],[106.81994,17.15195],[106.82046,17.15147],[106.82069,17.1509],[106.82117,17.15088],[106.82181,17.15026],[106.82217,17.1495],[106.82263,17.14908],[106.82366,17.14889],[106.82407,17.14852],[106.8245,17.14774],[106.82437,17.14729],[106.8237,17.14633],[106.82352,17.14592],[106.8246,17.1462],[106.82505,17.14602],[106.82679,17.14582],[106.82928,17.14446],[106.82977,17.14435],[106.83122,17.14361],[106.83088,17.14291],[106.83113,17.14246],[106.83209,17.14147],[106.83236,17.14103],[106.83241,17.14043],[106.83311,17.13988],[106.83364,17.13907],[106.83355,17.13816],[106.83373,17.1378],[106.8347,17.13666],[106.83462,17.13583],[106.83391,17.13466],[106.83375,17.13382],[106.83396,17.13166],[106.83361,17.13074],[106.83386,17.12959],[106.83364,17.12864],[106.83158,17.12755],[106.83104,17.12746],[106.83054,17.12711],[106.83056,17.1261],[106.83047,17.12488],[106.83134,17.12295],[106.83113,17.12257],[106.82763,17.11867],[106.8288,17.11809],[106.82835,17.11713],[106.82865,17.11613],[106.82872,17.11551],[106.82828,17.11496],[106.82697,17.11402],[106.82989,17.10657],[106.85085,17.08068],[106.85116,17.08039],[106.8518,17.08024],[106.85858,17.07787],[106.86109,17.07709],[106.86233,17.07827],[106.86531,17.08019],[106.86774,17.08121],[106.86792,17.08121],[106.87683,17.08201],[106.88301,17.08244],[106.88692,17.08791],[106.88753,17.089],[106.88835,17.0899],[106.88937,17.09013],[106.89076,17.09111],[106.89148,17.09118],[106.89187,17.09085],[106.89336,17.09434],[106.89359,17.09499],[106.89425,17.09581],[106.89407,17.09641],[106.89279,17.0973],[106.89128,17.09776],[106.89058,17.09923],[106.89001,17.09983],[106.88855,17.10035],[106.8882,17.1004],[106.88733,17.10023],[106.89022,17.10406],[106.89119,17.10555],[106.89115,17.10648],[106.89122,17.10736],[106.89199,17.10866],[106.89205,17.10913],[106.89168,17.11002],[106.8907,17.11101],[106.89065,17.11136],[106.89142,17.11223],[106.89174,17.11282],[106.89175,17.11329],[106.8912,17.11501],[106.89051,17.11565],[106.89034,17.11651],[106.89104,17.11932],[106.89144,17.11996],[106.89145,17.12061],[106.89166,17.12148],[106.89215,17.12195],[106.89139,17.12258],[106.89073,17.12343],[106.8884,17.12716],[106.88941,17.12794],[106.89002,17.12823],[106.89036,17.12912],[106.8908,17.12922],[106.89373,17.13393],[106.89364,17.13447],[106.89369,17.13553],[106.89381,17.13591],[106.89442,17.13619],[106.89485,17.13602],[106.89523,17.13611],[106.89622,17.13703],[106.89718,17.13758],[106.89774,17.13823],[106.89732,17.13924],[106.89731,17.1395],[106.89784,17.14039],[106.89182,17.15156],[106.89066,17.15374],[106.88929,17.15621],[106.88842,17.15704],[106.88731,17.15695],[106.88703,17.15702],[106.88613,17.15799],[106.88562,17.15839],[106.88353,17.1592],[106.8823,17.16014],[106.8819,17.16017],[106.88028,17.15991],[106.87999,17.15953],[106.879,17.1604],[106.88048,17.16138],[106.88168,17.16178],[106.88222,17.16223],[106.88203,17.16317],[106.88171,17.16343],[106.88222,17.16798],[106.88439,17.16984],[106.88201,17.17226],[106.8825,17.17299],[106.88375,17.17338],[106.8842,17.17383],[106.88428,17.17435],[106.88428,17.17563],[106.88498,17.17664],[106.88456,17.17736],[106.88407,17.1779],[106.88355,17.17825],[106.88284,17.17836],[106.88189,17.17915],[106.88143,17.17926],[106.88098,17.17964],[106.88038,17.17972],[106.87894,17.18061],[106.87865,17.18057],[106.87837,17.18107],[106.87827,17.18183],[106.87866,17.18259],[106.87884,17.18413],[106.87904,17.18479],[106.8788,17.18492],[106.87853,17.18671],[106.87821,17.18754],[106.87752,17.18823],[106.87678,17.18819],[106.87615,17.18854],[106.87587,17.18902],[106.87514,17.18958],[106.87525,17.19072],[106.87457,17.19084],[106.87371,17.19143],[106.87322,17.19163],[106.87234,17.19226],[106.87209,17.1928],[106.87145,17.19342],[106.87167,17.19409],[106.87158,17.19443],[106.87107,17.19499],[106.8705,17.19523],[106.86925,17.19505],[106.86799,17.19571],[106.86774,17.19606],[106.86688,17.19659],[106.8666,17.19695],[106.86638,17.19775],[106.86537,17.19829],[106.86427,17.19851],[106.86399,17.19821],[106.86339,17.19829],[106.86288,17.19856],[106.86178,17.19863],[106.86084,17.19906],[106.86079,17.20024],[106.86142,17.20196],[106.85989,17.20238],[106.85747,17.20369],[106.85678,17.20378],[106.85624,17.20408],[106.85657,17.20477],[106.85565,17.20538],[106.85546,17.20569],[106.85492,17.20606],[106.85455,17.20612],[106.85378,17.20595],[106.85246,17.20648],[106.85152,17.20667],[106.8508,17.20713],[106.84985,17.20693],[106.84954,17.20759],[106.8488,17.2074],[106.84778,17.20594],[106.84748,17.20568],[106.84739,17.20511],[106.8469,17.20498],[106.84608,17.20514],[106.84565,17.20544],[106.84478,17.20672],[106.84451,17.20742],[106.84385,17.20792],[106.84336,17.20855],[106.84266,17.20989],[106.84291,17.21057],[106.84386,17.2118],[106.84371,17.21219],[106.84,17.21546],[106.8389,17.2165],[106.83869,17.21686],[106.83754,17.21811],[106.83632,17.21828],[106.83638,17.21954],[106.83538,17.22051],[106.83093,17.22413],[106.83024,17.22474],[106.82917,17.22451],[106.82781,17.22495],[106.82635,17.22649],[106.82383,17.2277],[106.82347,17.22756],[106.82159,17.22619],[106.82121,17.22612],[106.82117,17.22601],[106.81888,17.22314],[106.81761,17.22136],[106.8164,17.21977],[106.81712,17.21966],[106.81791,17.2197],[106.81746,17.21519],[106.81513,17.21486],[106.81344,17.21535],[106.81302,17.21477],[106.80919,17.21007],[106.81013,17.2093],[106.80955,17.20865],[106.80915,17.20802]]]},"properties":{"name":"Tân Mỹ","nameEn":"Tan My","fullName":"Xã Tân Mỹ","fullNameEn":"Tan My Commune","codeName":"tan_my","areaKm2":102.57,"postalCode":"47837","code":"19291"}},{"type":"Feature","geometry":{"type":"Polygon","coordinates":[[[106.67366,17.18817],[106.67416,17.18736],[106.67458,17.18702],[106.67482,17.18654],[106.67548,17.18635],[106.67576,17.1859],[106.67571,17.18453],[106.67549,17.18362],[106.67572,17.18276],[106.67688,17.18236],[106.67826,17.18142],[106.67827,17.18067],[106.67898,17.18003],[106.67915,17.17901],[106.67944,17.17817],[106.68011,17.17777],[106.68011,17.17734],[106.68106,17.1766],[106.6819,17.17629],[106.68229,17.17602],[106.6826,17.17479],[106.68252,17.17416],[106.68264,17.17331],[106.68329,17.1726],[106.68305,17.17188],[106.6823,17.1707],[106.68166,17.17052],[106.68131,17.17007],[106.68149,17.16951],[106.68206,17.16865],[106.68193,17.16766],[106.682,17.16738],[106.6825,17.16697],[106.68336,17.16533],[106.68406,17.16472],[106.68413,17.16421],[106.68373,17.16362],[106.68233,17.16255],[106.68231,17.16171],[106.68167,17.1614],[106.68129,17.16081],[106.68117,17.16021],[106.68204,17.15964],[106.68344,17.15835],[106.68393,17.15799],[106.68411,17.15735],[106.68507,17.15808],[106.68574,17.15967],[106.68631,17.16003],[106.68751,17.15956],[106.68812,17.15943],[106.689,17.15968],[106.68989,17.15981],[106.69174,17.15964],[106.69232,17.15941],[106.69273,17.15901],[106.69298,17.15791],[106.69349,17.15724],[106.69406,17.15701],[106.69614,17.15662],[106.69816,17.15605],[106.69969,17.1561],[106.69982,17.15662],[106.7015,17.15675],[106.70267,17.15672],[106.70299,17.15682],[106.70382,17.15673],[106.70462,17.15698],[106.70584,17.15783],[106.70673,17.15796],[106.70728,17.15734],[106.7082,17.15736],[106.70865,17.15803],[106.70959,17.15864],[106.71103,17.15967],[106.71167,17.16044],[106.71398,17.16241],[106.71442,17.16317],[106.71594,17.16465],[106.71611,17.16499],[106.71667,17.16694],[106.71739,17.16803],[106.71835,17.16884],[106.71924,17.16905],[106.72007,17.16901],[106.72092,17.1688],[106.72213,17.16833],[106.72613,17.16714],[106.72839,17.1659],[106.72992,17.16478],[106.73107,17.16417],[106.73226,17.16377],[106.73288,17.16371],[106.73278,17.16466],[106.73239,17.16506],[106.7322,17.16597],[106.73263,17.16684],[106.73255,17.16763],[106.73219,17.16805],[106.73175,17.16823],[106.73182,17.16892],[106.73245,17.16946],[106.73255,17.16992],[106.73257,17.17151],[106.73215,17.17259],[106.73253,17.17282],[106.73425,17.1733],[106.73757,17.17431],[106.73825,17.17461],[106.73855,17.17295],[106.73897,17.17119],[106.7396,17.16932],[106.74077,17.16677],[106.74323,17.16182],[106.74394,17.16062],[106.74454,17.15977],[106.74727,17.15634],[106.7491,17.15437],[106.75023,17.1541],[106.75103,17.15357],[106.75296,17.15204],[106.75457,17.15132],[106.75541,17.15071],[106.75577,17.14986],[106.75593,17.14851],[106.75854,17.14673],[106.75788,17.14562],[106.75789,17.14533],[106.75843,17.14406],[106.75893,17.14333],[106.75901,17.14232],[106.75893,17.14199],[106.75848,17.14144],[106.758,17.14054],[106.75777,17.13964],[106.75723,17.13877],[106.75541,17.13673],[106.75519,17.13625],[106.75528,17.13539],[106.75524,17.13439],[106.75538,17.13417],[106.75638,17.13369],[106.75671,17.13328],[106.75723,17.13301],[106.75712,17.13246],[106.75566,17.13188],[106.75501,17.13186],[106.75475,17.1317],[106.75488,17.13121],[106.75578,17.13031],[106.75627,17.12944],[106.75677,17.1283],[106.75702,17.12726],[106.75711,17.1264],[106.75753,17.12537],[106.75794,17.12515],[106.75818,17.12451],[106.75772,17.12422],[106.75625,17.12399],[106.75498,17.12284],[106.75456,17.12213],[106.75407,17.12072],[106.75504,17.12044],[106.75824,17.11938],[106.76005,17.11881],[106.76176,17.11859],[106.76343,17.11821],[106.76662,17.11627],[106.76784,17.11597],[106.76924,17.11526],[106.76988,17.11467],[106.77025,17.11456],[106.77014,17.11524],[106.77066,17.11647],[106.77092,17.11687],[106.77101,17.11801],[106.77123,17.11833],[106.77147,17.11941],[106.77188,17.11897],[106.77259,17.11859],[106.77277,17.11763],[106.77333,17.11708],[106.77394,17.11668],[106.77428,17.11614],[106.77474,17.11603],[106.77514,17.11512],[106.77592,17.11457],[106.77626,17.11417],[106.77698,17.11386],[106.77785,17.11292],[106.77924,17.11404],[106.7803,17.11433],[106.78083,17.11429],[106.7818,17.11392],[106.78204,17.11372],[106.78316,17.11459],[106.78326,17.11479],[106.78349,17.11631],[106.78379,17.11772],[106.78451,17.12001],[106.78495,17.12123],[106.78562,17.12214],[106.78697,17.12327],[106.78884,17.12254],[106.79116,17.12187],[106.79255,17.12136],[106.79498,17.1201],[106.7975,17.11892],[106.79919,17.11823],[106.8014,17.11741],[106.80246,17.11713],[106.80639,17.11672],[106.80823,17.1165],[106.80911,17.11646],[106.81105,17.11596],[106.81742,17.11356],[106.81914,17.11295],[106.82989,17.10657],[106.82697,17.11402],[106.82828,17.11496],[106.82872,17.11551],[106.82865,17.11613],[106.82835,17.11713],[106.8288,17.11809],[106.82763,17.11867],[106.83113,17.12257],[106.83134,17.12295],[106.83047,17.12488],[106.83056,17.1261],[106.83054,17.12711],[106.83104,17.12746],[106.83158,17.12755],[106.83364,17.12864],[106.83386,17.12959],[106.83361,17.13074],[106.83396,17.13166],[106.83375,17.13382],[106.83391,17.13466],[106.83462,17.13583],[106.8347,17.13666],[106.83373,17.1378],[106.83355,17.13816],[106.83364,17.13907],[106.83311,17.13988],[106.83241,17.14043],[106.83236,17.14103],[106.83209,17.14147],[106.83113,17.14246],[106.83088,17.14291],[106.83122,17.14361],[106.82977,17.14435],[106.82928,17.14446],[106.82679,17.14582],[106.82505,17.14602],[106.8246,17.1462],[106.82352,17.14592],[106.8237,17.14633],[106.82437,17.14729],[106.8245,17.14774],[106.82407,17.14852],[106.82366,17.14889],[106.82263,17.14908],[106.82217,17.1495],[106.82181,17.15026],[106.82117,17.15088],[106.82069,17.1509],[106.82046,17.15147],[106.81994,17.15195],[106.81955,17.15302],[106.81957,17.15388],[106.81943,17.154],[106.81641,17.15505],[106.81622,17.15539],[106.81516,17.1561],[106.81477,17.15671],[106.81471,17.15724],[106.81374,17.15776],[106.81323,17.15788],[106.8128,17.15892],[106.81173,17.1595],[106.81146,17.1599],[106.81114,17.16082],[106.8101,17.16157],[106.80923,17.16171],[106.80866,17.16207],[106.80793,17.16221],[106.80656,17.16203],[106.80514,17.16155],[106.80479,17.16114],[106.80413,17.16113],[106.80378,17.16156],[106.80091,17.16457],[106.79785,17.16765],[106.7967,17.16898],[106.79642,17.16992],[106.79657,17.17088],[106.79713,17.17237],[106.79842,17.17619],[106.79866,17.17731],[106.79882,17.17884],[106.79895,17.18173],[106.79885,17.183],[106.79847,17.18422],[106.79715,17.18691],[106.797,17.18741],[106.7972,17.18881],[106.7974,17.18952],[106.79782,17.1901],[106.79932,17.19144],[106.79992,17.19212],[106.80038,17.19284],[106.80201,17.19565],[106.80284,17.19699],[106.8035,17.19779],[106.80423,17.19847],[106.80575,17.19946],[106.80958,17.20088],[106.81137,17.20193],[106.81209,17.20253],[106.81261,17.20343],[106.81278,17.20461],[106.8126,17.20566],[106.81231,17.20629],[106.81178,17.20675],[106.81092,17.20723],[106.80915,17.20802],[106.79665,17.21349],[106.79274,17.21825],[106.79057,17.2177],[106.78818,17.20618],[106.78602,17.2043],[106.78036,17.20544],[106.77234,17.20341],[106.76911,17.20386],[106.76773,17.20465],[106.76428,17.20651],[106.76398,17.20663],[106.76341,17.20593],[106.75975,17.19834],[106.75184,17.20349],[106.74292,17.20936],[106.7393,17.21177],[106.73157,17.21686],[106.72783,17.21935],[106.72771,17.21946],[106.72544,17.21833],[106.72467,17.21859],[106.72437,17.21885],[106.7239,17.22029],[106.72365,17.22076],[106.71863,17.21919],[106.71687,17.2186],[106.71551,17.21825],[106.71521,17.21881],[106.7147,17.21817],[106.71306,17.21652],[106.71128,17.21502],[106.71107,17.21526],[106.70894,17.21526],[106.70854,17.21488],[106.7079,17.2147],[106.70758,17.21489],[106.70731,17.21545],[106.70606,17.21562],[106.70518,17.21502],[106.70416,17.21455],[106.70252,17.21444],[106.70033,17.21372],[106.69995,17.21322],[106.69922,17.21279],[106.6989,17.21218],[106.7016,17.20977],[106.70215,17.20881],[106.7023,17.20747],[106.70259,17.20684],[106.70273,17.20608],[106.70118,17.20375],[106.70057,17.20307],[106.70095,17.20298],[106.70292,17.20335],[106.70286,17.20262],[106.70264,17.2023],[106.70228,17.20232],[106.70156,17.20145],[106.70124,17.2013],[106.70067,17.20046],[106.70042,17.20034],[106.69953,17.20031],[106.69916,17.19988],[106.69953,17.19963],[106.69911,17.1991],[106.69959,17.19887],[106.69998,17.19837],[106.70047,17.19814],[106.70016,17.19734],[106.70019,17.19661],[106.70067,17.19595],[106.70059,17.19532],[106.70023,17.19484],[106.69924,17.19457],[106.69954,17.19392],[106.69928,17.1931],[106.69956,17.19272],[106.69895,17.19207],[106.69852,17.19244],[106.69827,17.19214],[106.69849,17.19175],[106.69835,17.19119],[106.69873,17.1903],[106.69955,17.1901],[106.69903,17.18968],[106.69861,17.18916],[106.69796,17.18776],[106.698,17.18728],[106.69764,17.18664],[106.697,17.1864],[106.69649,17.18606],[106.69534,17.18554],[106.69531,17.18515],[106.69585,17.18492],[106.69554,17.18436],[106.69564,17.18349],[106.69512,17.18317],[106.69456,17.18308],[106.69421,17.18284],[106.69383,17.1822],[106.69318,17.18213],[106.69263,17.18302],[106.69215,17.1833],[106.69172,17.18291],[106.69095,17.1831],[106.69033,17.18249],[106.69001,17.18273],[106.68969,17.18205],[106.68925,17.18226],[106.68927,17.18293],[106.68902,17.18305],[106.68895,17.18374],[106.68829,17.18356],[106.68801,17.1837],[106.68804,17.18416],[106.68674,17.1839],[106.68636,17.1837],[106.6862,17.18314],[106.68564,17.18301],[106.6852,17.18269],[106.6848,17.18265],[106.68465,17.18228],[106.68347,17.18229],[106.68295,17.18243],[106.68236,17.18279],[106.68186,17.18389],[106.68151,17.18421],[106.68051,17.18394],[106.67973,17.18412],[106.67879,17.18492],[106.67794,17.18579],[106.67556,17.18742],[106.67437,17.18797],[106.67366,17.18817]]]},"properties":{"name":"Trường Phú","nameEn":"Truong Phu","fullName":"Xã Trường Phú","fullNameEn":"Truong Phu Commune","codeName":"truong_phu","areaKm2":97.18,"postalCode":"47838","code":"19309"}},{"type":"Feature","geometry":{"type":"Polygon","coordinates":[[[106.41761,17.07817],[106.41713,17.07794],[106.4165,17.07794],[106.41598,17.07778],[106.41551,17.07728],[106.41506,17.0765],[106.41484,17.07554],[106.41391,17.07439],[106.41384,17.07382],[106.41421,17.07278],[106.41417,17.07157],[106.41339,17.06986],[106.41311,17.0686],[106.41258,17.06752],[106.41121,17.0663],[106.41048,17.06543],[106.40962,17.06469],[106.40879,17.06437],[106.40754,17.0633],[106.40699,17.06227],[106.40576,17.06074],[106.40547,17.05986],[106.4056,17.0591],[106.4052,17.05859],[106.40435,17.05782],[106.40389,17.05696],[106.40307,17.05586],[106.40262,17.05462],[106.40232,17.05327],[106.40219,17.05149],[106.40277,17.05113],[106.40351,17.04967],[106.40422,17.04913],[106.40552,17.04782],[106.40569,17.04754],[106.40588,17.04663],[106.40607,17.04636],[106.40727,17.0454],[106.40791,17.04467],[106.40891,17.04394],[106.40976,17.04311],[106.41063,17.0427],[106.41087,17.04194],[106.41133,17.0412],[106.41167,17.04045],[106.4124,17.03973],[106.41342,17.03929],[106.41413,17.03855],[106.41526,17.03715],[106.41552,17.037],[106.419,17.03453],[106.41975,17.03416],[106.42257,17.03298],[106.42342,17.03238],[106.4239,17.03222],[106.42492,17.03218],[106.42572,17.03204],[106.42491,17.03156],[106.42355,17.03049],[106.42332,17.03007],[106.42334,17.02964],[106.42363,17.02827],[106.42426,17.02681],[106.42498,17.02488],[106.42554,17.02356],[106.4259,17.02222],[106.42643,17.02166],[106.42677,17.0211],[106.42707,17.01996],[106.42741,17.01935],[106.42758,17.01842],[106.42755,17.01591],[106.42746,17.01531],[106.42695,17.01394],[106.42683,17.01312],[106.42687,17.01216],[106.42712,17.01171],[106.42741,17.0105],[106.42818,17.00995],[106.42811,17.00938],[106.42761,17.00841],[106.42737,17.00632],[106.42752,17.00602],[106.42878,17.00548],[106.42975,17.00455],[106.43102,17.00435],[106.43181,17.00396],[106.43356,17.0034],[106.43447,17.00234],[106.43477,17.00167],[106.43524,17.00023],[106.43555,16.99966],[106.43655,16.999],[106.43723,16.99731],[106.43809,16.99605],[106.43919,16.99517],[106.4405,16.99476],[106.44296,16.99553],[106.4435,16.99581],[106.44497,16.99591],[106.44725,16.99644],[106.44833,16.99701],[106.45036,16.99799],[106.4508,16.99806],[106.45129,16.99789],[106.45346,16.99802],[106.45475,16.99854],[106.45578,16.99877],[106.45612,16.999],[106.45664,16.99979],[106.45702,17.0007],[106.45873,17.00087],[106.46067,17.00075],[106.46274,16.999],[106.46293,16.99771],[106.46292,16.99698],[106.46257,16.99385],[106.4623,16.99336],[106.46246,16.99297],[106.46253,16.99221],[106.46351,16.99065],[106.46357,16.99019],[106.4634,16.98951],[106.46447,16.98949],[106.46539,16.98926],[106.46579,16.98831],[106.46646,16.98766],[106.46725,16.9872],[106.46712,16.98656],[106.46736,16.98631],[106.468,16.98622],[106.46865,16.98584],[106.47,16.98632],[106.47028,16.98625],[106.47076,16.98497],[106.47079,16.98426],[106.47105,16.98364],[106.47142,16.98324],[106.4721,16.98298],[106.47304,16.98304],[106.4749,16.98356],[106.47558,16.98364],[106.47613,16.98348],[106.4769,16.98361],[106.47698,16.98294],[106.47762,16.98174],[106.47824,16.98141],[106.47902,16.98171],[106.47955,16.98177],[106.48072,16.98251],[106.48102,16.98257],[106.48157,16.98231],[106.48198,16.98232],[106.48398,16.98282],[106.48569,16.98257],[106.48734,16.983],[106.48783,16.98286],[106.48805,16.98223],[106.49008,16.98159],[106.49141,16.9809],[106.49305,16.97938],[106.49454,16.97787],[106.49502,16.97832],[106.49572,16.97855],[106.49731,16.97953],[106.49785,16.98019],[106.49868,16.97994],[106.50147,16.97804],[106.50227,16.97792],[106.50331,16.97738],[106.50399,16.97639],[106.50559,16.97355],[106.50624,16.97336],[106.50853,16.97309],[106.50955,16.9733],[106.50997,16.97319],[106.51082,16.97248],[106.5117,16.97233],[106.51379,16.97175],[106.5143,16.97137],[106.516,16.97167],[106.51655,16.97187],[106.51757,16.97265],[106.51886,16.97328],[106.51997,16.97395],[106.52143,16.97452],[106.5221,16.9747],[106.52308,16.9754],[106.5243,16.97565],[106.52532,16.97595],[106.52637,16.9765],[106.52705,16.97711],[106.52838,16.97796],[106.52916,16.97853],[106.5303,16.97859],[106.53129,16.97831],[106.53146,16.97941],[106.53193,16.98041],[106.53292,16.98174],[106.53313,16.98213],[106.53323,16.98392],[106.53335,16.98439],[106.53415,16.98555],[106.53431,16.98601],[106.53477,16.98799],[106.53475,16.98909],[106.5361,16.9904],[106.53634,16.99089],[106.53629,16.99165],[106.53645,16.99222],[106.5371,16.99315],[106.53765,16.99357],[106.53807,16.99369],[106.53958,16.99386],[106.5405,16.99417],[106.54122,16.99456],[106.54303,16.99488],[106.54364,16.99555],[106.54395,16.99641],[106.5442,16.99747],[106.5441,16.99796],[106.54336,16.99868],[106.54373,17.00012],[106.5445,17.002],[106.54487,17.00317],[106.5453,17.00535],[106.54594,17.00755],[106.54598,17.00831],[106.54626,17.00887],[106.54672,17.00947],[106.54741,17.00982],[106.54814,17.0096],[106.54961,17.0084],[106.55021,17.00772],[106.55034,17.00614],[106.55024,17.00278],[106.54993,16.999],[106.54989,16.99764],[106.55057,16.99696],[106.55124,16.99596],[106.55166,16.9947],[106.5521,16.99402],[106.55451,16.99389],[106.55561,16.99324],[106.55652,16.99303],[106.55816,16.99309],[106.55905,16.99286],[106.55977,16.99248],[106.56007,16.99196],[106.56179,16.99068],[106.56194,16.98973],[106.56252,16.9889],[106.56261,16.9877],[106.56289,16.98755],[106.56459,16.98767],[106.56567,16.98819],[106.56766,16.98861],[106.56859,16.9891],[106.57016,16.98882],[106.57056,16.98902],[106.57142,16.98922],[106.57365,16.98937],[106.57502,16.98895],[106.57593,16.98932],[106.57704,16.98946],[106.57842,16.98942],[106.57984,16.98905],[106.58098,16.98932],[106.58222,16.98944],[106.58342,16.98978],[106.58406,16.98987],[106.58524,16.98985],[106.58602,16.99004],[106.58709,16.98931],[106.58848,16.98876],[106.58906,16.9887],[106.58981,16.98844],[106.59083,16.9878],[106.59225,16.98748],[106.59259,16.98677],[106.59333,16.98556],[106.59386,16.98454],[106.59391,16.98345],[106.59419,16.98263],[106.59417,16.98192],[106.594,16.98152],[106.5934,16.98109],[106.59088,16.97981],[106.59056,16.97936],[106.58981,16.97882],[106.58731,16.97764],[106.58711,16.97732],[106.58733,16.97652],[106.58728,16.97513],[106.58694,16.9737],[106.5869,16.97222],[106.58697,16.97163],[106.58808,16.97068],[106.58928,16.97006],[106.58967,16.96967],[106.58973,16.96856],[106.59085,16.96733],[106.59137,16.96714],[106.59202,16.96588],[106.59242,16.96443],[106.59301,16.96351],[106.5931,16.96307],[106.59302,16.95999],[106.5931,16.95936],[106.59337,16.95881],[106.59439,16.95845],[106.59619,16.95832],[106.59732,16.9578],[106.59737,16.95716],[106.5977,16.95696],[106.59844,16.9569],[106.59921,16.95655],[106.60013,16.95647],[106.60017,16.95533],[106.59993,16.95163],[106.59968,16.94973],[106.59985,16.94846],[106.59964,16.94732],[106.59996,16.94628],[106.60093,16.94515],[106.60168,16.94456],[106.60177,16.94389],[106.60244,16.94349],[106.60318,16.94283],[106.60349,16.94211],[106.60408,16.94163],[106.60487,16.9407],[106.60526,16.94042],[106.6057,16.94037],[106.60636,16.94002],[106.60729,16.93906],[106.60846,16.93902],[106.60931,16.93933],[106.61103,16.93947],[106.61141,16.93941],[106.61276,16.93889],[106.61334,16.93895],[106.61404,16.93928],[106.61474,16.93914],[106.61585,16.9385],[106.61782,16.93903],[106.61918,16.93924],[106.61973,16.93947],[106.62017,16.93947],[106.62078,16.93924],[106.62197,16.93912],[106.62228,16.93899],[106.62287,16.93837],[106.62315,16.93829],[106.62466,16.93833],[106.62577,16.93858],[106.62662,16.93897],[106.62759,16.93967],[106.6282,16.94052],[106.62926,16.94122],[106.63063,16.94142],[106.63153,16.94132],[106.63317,16.9406],[106.63456,16.94038],[106.6355,16.94],[106.63742,16.93989],[106.63889,16.93943],[106.64002,16.93946],[106.64113,16.93912],[106.6429,16.93835],[106.64393,16.93866],[106.64468,16.93944],[106.64616,16.93861],[106.6479,16.93748],[106.64859,16.93709],[106.65023,16.93635],[106.65067,16.93591],[106.6523,16.93638],[106.65361,16.93651],[106.65416,16.93667],[106.65509,16.93677],[106.65643,16.93668],[106.65724,16.93678],[106.65829,16.93659],[106.65902,16.93674],[106.66065,16.93663],[106.6611,16.93711],[106.66194,16.93776],[106.66213,16.93823],[106.66211,16.93875],[106.66257,16.93911],[106.66281,16.93957],[106.66314,16.94109],[106.66363,16.94188],[106.66432,16.94226],[106.66454,16.94253],[106.66483,16.94496],[106.66561,16.94579],[106.66601,16.94649],[106.66713,16.94725],[106.66814,16.94763],[106.66944,16.94716],[106.67036,16.9475],[106.67219,16.94881],[106.67339,16.94919],[106.67455,16.94964],[106.67538,16.95025],[106.67633,16.95065],[106.6775,16.95141],[106.67793,16.95157],[106.67981,16.95175],[106.68097,16.95192],[106.6814,16.95216],[106.68254,16.9534],[106.6835,16.95376],[106.68416,16.95454],[106.68465,16.9557],[106.68545,16.95623],[106.68623,16.95644],[106.6871,16.95644],[106.68762,16.95623],[106.6885,16.95552],[106.68941,16.95549],[106.69017,16.95582],[106.6907,16.95557],[106.69188,16.95548],[106.69253,16.95575],[106.69318,16.9556],[106.69391,16.95427],[106.69405,16.95329],[106.69397,16.95297],[106.69407,16.95212],[106.69477,16.95064],[106.69516,16.94993],[106.69563,16.94861],[106.69612,16.94775],[106.69694,16.94689],[106.69886,16.94556],[106.69976,16.94523],[106.70042,16.94474],[106.70193,16.94259],[106.70224,16.94199],[106.70242,16.94112],[106.70316,16.94115],[106.70512,16.94165],[106.70802,16.94159],[106.7101,16.94245],[106.71147,16.94337],[106.71237,16.94301],[106.71316,16.94286],[106.71398,16.94225],[106.71545,16.94168],[106.71606,16.94125],[106.71715,16.94075],[106.7175,16.93999],[106.71827,16.93961],[106.71907,16.93839],[106.7198,16.9374],[106.72047,16.93699],[106.72125,16.93621],[106.72186,16.93531],[106.7219,16.93508],[106.72145,16.93359],[106.7215,16.93291],[106.72179,16.9322],[106.72227,16.93166],[106.72326,16.93013],[106.72349,16.92988],[106.72392,16.92994],[106.72635,16.92992],[106.72744,16.92973],[106.72885,16.92931],[106.73007,16.92856],[106.73031,16.9277],[106.73067,16.92731],[106.73128,16.92714],[106.73186,16.92719],[106.73225,16.92747],[106.73331,16.92776],[106.73459,16.92733],[106.73503,16.92743],[106.73514,16.9267],[106.7356,16.92625],[106.7359,16.92619],[106.73687,16.92634],[106.73739,16.92578],[106.73778,16.92572],[106.73831,16.92618],[106.7391,16.92571],[106.73993,16.9247],[106.74023,16.92403],[106.74031,16.9235],[106.74085,16.92259],[106.74123,16.92229],[106.74326,16.92123],[106.74352,16.92095],[106.74539,16.92252],[106.74623,16.92228],[106.74648,16.92234],[106.74674,16.92299],[106.74738,16.92341],[106.74846,16.92477],[106.7493,16.92528],[106.74983,16.92535],[106.75059,16.92518],[106.75183,16.92508],[106.75277,16.92514],[106.75313,16.92477],[106.75511,16.92499],[106.75581,16.92488],[106.75629,16.92504],[106.75663,16.92538],[106.75727,16.927],[106.75812,16.92764],[106.7589,16.92858],[106.76027,16.9287],[106.76137,16.92846],[106.76213,16.92842],[106.76266,16.92804],[106.76313,16.92732],[106.76416,16.92706],[106.76513,16.92717],[106.76584,16.92693],[106.76634,16.92711],[106.76695,16.92797],[106.76875,16.92856],[106.77089,16.92933],[106.77117,16.92982],[106.77201,16.93034],[106.77222,16.93061],[106.77215,16.93215],[106.77229,16.9332],[106.77178,16.93448],[106.7714,16.93499],[106.77121,16.9363],[106.77078,16.93784],[106.77018,16.93882],[106.77006,16.93961],[106.77043,16.94052],[106.77132,16.94152],[106.77141,16.942],[106.77101,16.94282],[106.77148,16.94358],[106.77209,16.94353],[106.77369,16.94411],[106.77443,16.94481],[106.7755,16.9453],[106.77641,16.94608],[106.77563,16.94707],[106.77555,16.94826],[106.7753,16.94934],[106.77553,16.95013],[106.77552,16.95055],[106.77464,16.95077],[106.77472,16.95185],[106.77505,16.95286],[106.77451,16.95402],[106.77442,16.9544],[106.77644,16.95584],[106.777,16.95705],[106.77646,16.9571],[106.77529,16.95748],[106.77448,16.95795],[106.77356,16.95867],[106.77276,16.95908],[106.77251,16.96008],[106.77272,16.96157],[106.77323,16.96265],[106.77381,16.96299],[106.77486,16.96307],[106.7755,16.96356],[106.77588,16.96406],[106.77628,16.96392],[106.77695,16.96424],[106.77789,16.96417],[106.7788,16.96483],[106.77897,16.96527],[106.77964,16.96586],[106.78017,16.96603],[106.78076,16.96681],[106.78076,16.96739],[106.78126,16.96822],[106.78153,16.96902],[106.78153,16.97023],[106.78113,16.97103],[106.77986,16.97212],[106.77975,16.97322],[106.77932,16.97415],[106.77903,16.97504],[106.77934,16.97565],[106.77941,16.97612],[106.77919,16.97662],[106.7795,16.97696],[106.77952,16.9775],[106.77981,16.97788],[106.78076,16.97797],[106.78145,16.97852],[106.78149,16.97968],[106.78102,16.98056],[106.7809,16.98147],[106.78115,16.98213],[106.78205,16.98307],[106.78217,16.9838],[106.78252,16.98413],[106.78289,16.98514],[106.78446,16.98677],[106.78508,16.98701],[106.78605,16.98712],[106.78717,16.98693],[106.78804,16.98642],[106.78897,16.98619],[106.7895,16.98627],[106.79152,16.98605],[106.79261,16.98624],[106.79468,16.98719],[106.79544,16.98858],[106.79586,16.98907],[106.79654,16.98951],[106.79743,16.98948],[106.79852,16.99016],[106.79919,16.99077],[106.80039,16.99131],[106.80138,16.99147],[106.80255,16.99149],[106.80377,16.99176],[106.80425,16.99207],[106.80511,16.99298],[106.80505,16.99344],[106.80518,16.99441],[106.80503,16.99487],[106.80518,16.99514],[106.80604,16.99581],[106.8058,16.99717],[106.80612,16.99775],[106.80664,16.99816],[106.80803,16.99889],[106.80803,16.99951],[106.80824,16.99992],[106.80889,17.00028],[106.80887,17.00123],[106.80928,17.00225],[106.80913,17.00323],[106.80841,17.00387],[106.80825,17.00426],[106.80849,17.0046],[106.80819,17.00539],[106.80727,17.00682],[106.80704,17.00778],[106.80669,17.00881],[106.80667,17.00956],[106.80532,17.01289],[106.80465,17.01388],[106.8046,17.01432],[106.80509,17.01591],[106.80507,17.01639],[106.80448,17.0169],[106.80345,17.01745],[106.80316,17.01784],[106.80318,17.01832],[106.80354,17.01919],[106.80357,17.02052],[106.80376,17.0207],[106.80519,17.02103],[106.80572,17.02127],[106.80632,17.02174],[106.80687,17.02254],[106.80717,17.02324],[106.80819,17.0243],[106.80894,17.02417],[106.80936,17.02452],[106.80955,17.02504],[106.80968,17.02675],[106.80988,17.02713],[106.81069,17.02773],[106.81122,17.02859],[106.8114,17.02912],[106.81184,17.0294],[106.81036,17.03085],[106.80951,17.03188],[106.8101,17.03286],[106.81027,17.03389],[106.8106,17.03397],[106.81078,17.03451],[106.81143,17.0348],[106.81275,17.03487],[106.8133,17.03458],[106.81391,17.03447],[106.81465,17.03524],[106.81549,17.0359],[106.81597,17.03641],[106.81585,17.0393],[106.81793,17.0405],[106.81995,17.04095],[106.82233,17.03892],[106.83054,17.03538],[106.83463,17.03376],[106.83707,17.0352],[106.83746,17.03485],[106.83797,17.03475],[106.83964,17.03529],[106.84014,17.035],[106.84101,17.03499],[106.84144,17.03509],[106.8426,17.03489],[106.84326,17.03458],[106.84336,17.03524],[106.84375,17.03512],[106.84427,17.03468],[106.84833,17.03348],[106.84987,17.03251],[106.85087,17.03252],[106.85176,17.03301],[106.85187,17.03348],[106.85236,17.03386],[106.85255,17.03445],[106.85297,17.03505],[106.85409,17.03595],[106.85507,17.03567],[106.85578,17.03596],[106.85684,17.03574],[106.85773,17.03578],[106.85849,17.03592],[106.85891,17.03588],[106.85955,17.03617],[106.86135,17.03635],[106.86235,17.03699],[106.86249,17.03758],[106.86235,17.03837],[106.86224,17.04066],[106.86262,17.0409],[106.86486,17.04145],[106.86551,17.04195],[106.86593,17.04259],[106.86648,17.04302],[106.86768,17.04364],[106.86835,17.04433],[106.86878,17.04545],[106.86838,17.04595],[106.86839,17.04675],[106.86853,17.04766],[106.86891,17.04874],[106.86957,17.04945],[106.87082,17.04931],[106.87133,17.04966],[106.87214,17.05066],[106.87289,17.05141],[106.87308,17.05181],[106.87402,17.05316],[106.87488,17.05519],[106.87468,17.05595],[106.87382,17.05671],[106.87271,17.05737],[106.87123,17.0593],[106.87064,17.06032],[106.86951,17.06126],[106.86804,17.06161],[106.86735,17.06194],[106.86638,17.06261],[106.86587,17.0628],[106.86538,17.06347],[106.86452,17.06521],[106.86412,17.06561],[106.86338,17.06596],[106.86211,17.06749],[106.86074,17.0684],[106.85979,17.06932],[106.85887,17.06975],[106.85841,17.06985],[106.85772,17.07069],[106.8577,17.07105],[106.85859,17.07199],[106.85878,17.07235],[106.85902,17.07336],[106.85901,17.07412],[106.86054,17.07485],[106.86078,17.07632],[106.86109,17.07709],[106.85858,17.07787],[106.8518,17.08024],[106.85116,17.08039],[106.85085,17.08068],[106.82989,17.10657],[106.81914,17.11295],[106.81742,17.11356],[106.81105,17.11596],[106.80911,17.11646],[106.80823,17.1165],[106.80639,17.11672],[106.80246,17.11713],[106.8014,17.11741],[106.79919,17.11823],[106.7975,17.11892],[106.79498,17.1201],[106.79255,17.12136],[106.79116,17.12187],[106.78884,17.12254],[106.78697,17.12327],[106.78562,17.12214],[106.78495,17.12123],[106.78451,17.12001],[106.78379,17.11772],[106.78349,17.11631],[106.78326,17.11479],[106.78316,17.11459],[106.78204,17.11372],[106.7818,17.11392],[106.78083,17.11429],[106.7803,17.11433],[106.77924,17.11404],[106.77785,17.11292],[106.77698,17.11386],[106.77626,17.11417],[106.77592,17.11457],[106.77514,17.11512],[106.77474,17.11603],[106.77428,17.11614],[106.77394,17.11668],[106.77333,17.11708],[106.77277,17.11763],[106.77259,17.11859],[106.77188,17.11897],[106.77147,17.11941],[106.77123,17.11833],[106.77101,17.11801],[106.77092,17.11687],[106.77066,17.11647],[106.77014,17.11524],[106.77025,17.11456],[106.76988,17.11467],[106.76924,17.11526],[106.76784,17.11597],[106.76662,17.11627],[106.76343,17.11821],[106.76176,17.11859],[106.76005,17.11881],[106.75824,17.11938],[106.75504,17.12044],[106.75407,17.12072],[106.75456,17.12213],[106.75498,17.12284],[106.75625,17.12399],[106.75772,17.12422],[106.75818,17.12451],[106.75794,17.12515],[106.75753,17.12537],[106.75711,17.1264],[106.75702,17.12726],[106.75677,17.1283],[106.75627,17.12944],[106.75578,17.13031],[106.75488,17.13121],[106.75475,17.1317],[106.75501,17.13186],[106.75566,17.13188],[106.75712,17.13246],[106.75723,17.13301],[106.75671,17.13328],[106.75638,17.13369],[106.75538,17.13417],[106.75524,17.13439],[106.75528,17.13539],[106.75519,17.13625],[106.75541,17.13673],[106.75723,17.13877],[106.75777,17.13964],[106.758,17.14054],[106.75848,17.14144],[106.75893,17.14199],[106.75901,17.14232],[106.75893,17.14333],[106.75843,17.14406],[106.75789,17.14533],[106.75788,17.14562],[106.75854,17.14673],[106.75593,17.14851],[106.75577,17.14986],[106.75541,17.15071],[106.75457,17.15132],[106.75296,17.15204],[106.75103,17.15357],[106.75023,17.1541],[106.7491,17.15437],[106.74727,17.15634],[106.74454,17.15977],[106.74394,17.16062],[106.74323,17.16182],[106.74077,17.16677],[106.7396,17.16932],[106.73897,17.17119],[106.73855,17.17295],[106.73825,17.17461],[106.73757,17.17431],[106.73425,17.1733],[106.73253,17.17282],[106.73215,17.17259],[106.73257,17.17151],[106.73255,17.16992],[106.73245,17.16946],[106.73182,17.16892],[106.73175,17.16823],[106.73219,17.16805],[106.73255,17.16763],[106.73263,17.16684],[106.7322,17.16597],[106.73239,17.16506],[106.73278,17.16466],[106.73288,17.16371],[106.73226,17.16377],[106.73107,17.16417],[106.72992,17.16478],[106.72839,17.1659],[106.72613,17.16714],[106.72213,17.16833],[106.72092,17.1688],[106.72007,17.16901],[106.71924,17.16905],[106.71835,17.16884],[106.71739,17.16803],[106.71667,17.16694],[106.71611,17.16499],[106.71594,17.16465],[106.71442,17.16317],[106.71398,17.16241],[106.71167,17.16044],[106.71103,17.15967],[106.70959,17.15864],[106.70865,17.15803],[106.7082,17.15736],[106.70728,17.15734],[106.70673,17.15796],[106.70584,17.15783],[106.70462,17.15698],[106.70382,17.15673],[106.70299,17.15682],[106.70267,17.15672],[106.7015,17.15675],[106.69982,17.15662],[106.69969,17.1561],[106.69816,17.15605],[106.69614,17.15662],[106.69406,17.15701],[106.69349,17.15724],[106.69298,17.15791],[106.69273,17.15901],[106.69232,17.15941],[106.69174,17.15964],[106.68989,17.15981],[106.689,17.15968],[106.68812,17.15943],[106.68751,17.15956],[106.68631,17.16003],[106.68574,17.15967],[106.68507,17.15808],[106.68411,17.15735],[106.68393,17.15799],[106.68344,17.15835],[106.68204,17.15964],[106.68117,17.16021],[106.68129,17.16081],[106.68167,17.1614],[106.68231,17.16171],[106.68233,17.16255],[106.68373,17.16362],[106.68413,17.16421],[106.68406,17.16472],[106.68336,17.16533],[106.6825,17.16697],[106.682,17.16738],[106.68193,17.16766],[106.68206,17.16865],[106.68149,17.16951],[106.68131,17.17007],[106.68166,17.17052],[106.6823,17.1707],[106.68305,17.17188],[106.68329,17.1726],[106.68264,17.17331],[106.68252,17.17416],[106.6826,17.17479],[106.68229,17.17602],[106.6819,17.17629],[106.68106,17.1766],[106.68011,17.17734],[106.68011,17.17777],[106.67944,17.17817],[106.67915,17.17901],[106.67898,17.18003],[106.67827,17.18067],[106.67826,17.18142],[106.67688,17.18236],[106.67572,17.18276],[106.67549,17.18362],[106.67571,17.18453],[106.67576,17.1859],[106.67548,17.18635],[106.67482,17.18654],[106.67458,17.18702],[106.67416,17.18736],[106.67366,17.18817],[106.67346,17.18888],[106.67263,17.19031],[106.67265,17.1906],[106.67387,17.19209],[106.67401,17.19287],[106.67368,17.19348],[106.67262,17.1938],[106.67235,17.19398],[106.67136,17.19573],[106.67105,17.19608],[106.67022,17.19648],[106.66966,17.19691],[106.66914,17.19764],[106.66808,17.19809],[106.67322,17.2022],[106.67813,17.2064],[106.67744,17.20645],[106.67686,17.20721],[106.67667,17.20765],[106.67629,17.20778],[106.67577,17.20762],[106.67564,17.2083],[106.67533,17.20885],[106.67539,17.20939],[106.67507,17.21023],[106.67446,17.21038],[106.67344,17.21038],[106.67145,17.20966],[106.67122,17.20988],[106.671,17.21066],[106.67131,17.21087],[106.67126,17.21457],[106.67287,17.21531],[106.6715,17.21875],[106.67068,17.22075],[106.67037,17.22123],[106.66961,17.2214],[106.67003,17.22181],[106.67079,17.22313],[106.67048,17.22324],[106.66946,17.2231],[106.66857,17.22323],[106.66799,17.22352],[106.66755,17.22356],[106.66701,17.22414],[106.66582,17.22442],[106.66417,17.22572],[106.66325,17.22547],[106.66313,17.22511],[106.66241,17.22546],[106.66343,17.22707],[106.65882,17.22887],[106.65808,17.22922],[106.65571,17.23126],[106.65376,17.23331],[106.65334,17.23364],[106.65008,17.23396],[106.64896,17.23427],[106.64984,17.23484],[106.65008,17.23602],[106.65044,17.23688],[106.65049,17.23936],[106.65125,17.23984],[106.65163,17.24075],[106.65188,17.24268],[106.65251,17.24338],[106.6535,17.24418],[106.65376,17.24518],[106.65431,17.24607],[106.65274,17.24694],[106.65241,17.24654],[106.647,17.23878],[106.64613,17.23745],[106.6452,17.23777],[106.64494,17.23814],[106.6448,17.23931],[106.644,17.24066],[106.64329,17.24132],[106.64266,17.24209],[106.64151,17.24262],[106.64104,17.24297],[106.6406,17.24366],[106.63871,17.24573],[106.63793,17.24652],[106.63706,17.24778],[106.63641,17.24982],[106.63616,17.25011],[106.63616,17.25077],[106.63641,17.25145],[106.63661,17.25277],[106.63637,17.25295],[106.63526,17.2518],[106.63296,17.25049],[106.63203,17.2499],[106.63013,17.24887],[106.6268,17.24699],[106.62511,17.24551],[106.62264,17.24417],[106.61158,17.2382],[106.61233,17.23718],[106.61257,17.23639],[106.61323,17.23511],[106.61343,17.23451],[106.61357,17.23319],[106.61382,17.23227],[106.61344,17.23029],[106.61345,17.22956],[106.61304,17.2282],[106.6123,17.22685],[106.61184,17.22618],[106.6111,17.22468],[106.61092,17.22414],[106.61153,17.22346],[106.61293,17.22206],[106.61333,17.22151],[106.61409,17.22],[106.61501,17.21939],[106.61617,17.21756],[106.61666,17.2164],[106.6171,17.21571],[106.61632,17.2131],[106.61615,17.21166],[106.61641,17.21118],[106.6161,17.21014],[106.61552,17.20887],[106.61528,17.20786],[106.61461,17.20663],[106.6138,17.20613],[106.61273,17.20565],[106.61126,17.20548],[106.61018,17.20556],[106.60896,17.20596],[106.60746,17.20627],[106.60625,17.20614],[106.60505,17.2053],[106.60464,17.20459],[106.60273,17.20381],[106.60226,17.20374],[106.60144,17.20402],[106.60072,17.20458],[106.59992,17.2043],[106.59973,17.20381],[106.60013,17.2032],[106.60009,17.20274],[106.60075,17.20169],[106.60141,17.20162],[106.6021,17.2004],[106.60264,17.19979],[106.60265,17.19928],[106.60325,17.19931],[106.60388,17.1991],[106.60357,17.19829],[106.60428,17.19745],[106.60561,17.19614],[106.60552,17.19548],[106.60593,17.19488],[106.6059,17.19422],[106.6035,17.19192],[106.60351,17.19111],[106.60269,17.19045],[106.60253,17.18965],[106.60307,17.1885],[106.6032,17.18787],[106.60323,17.18676],[106.60394,17.1862],[106.60437,17.18496],[106.6039,17.18459],[106.60385,17.18357],[106.6031,17.18245],[106.60319,17.18149],[106.60214,17.18089],[106.60088,17.18069],[106.60039,17.17995],[106.59969,17.17944],[106.59876,17.17901],[106.59822,17.17893],[106.59766,17.1792],[106.59672,17.17908],[106.59701,17.17758],[106.59709,17.17624],[106.59598,17.17513],[106.59516,17.17442],[106.59313,17.17284],[106.59254,17.1721],[106.59197,17.17113],[106.59188,17.17053],[106.59198,17.1694],[106.59273,17.16875],[106.59276,17.16834],[106.59209,17.16708],[106.59234,17.16677],[106.59285,17.1657],[106.59324,17.16528],[106.59423,17.16488],[106.5945,17.16238],[106.59434,17.16156],[106.59378,17.16038],[106.59352,17.1594],[106.5926,17.15797],[106.59212,17.15757],[106.59121,17.15705],[106.59127,17.15585],[106.59147,17.15538],[106.59204,17.15465],[106.59202,17.15389],[106.59156,17.15333],[106.5911,17.15199],[106.58999,17.15198],[106.58869,17.15131],[106.58735,17.15258],[106.58702,17.15266],[106.58443,17.15224],[106.5841,17.15231],[106.58292,17.15288],[106.58211,17.15345],[106.58138,17.15375],[106.58053,17.15359],[106.57934,17.1535],[106.57876,17.15439],[106.57778,17.15495],[106.57715,17.15546],[106.57604,17.15571],[106.57552,17.15597],[106.57527,17.15579],[106.57392,17.15529],[106.57305,17.15521],[106.57184,17.15463],[106.57052,17.15384],[106.5698,17.15379],[106.5691,17.15417],[106.56845,17.1543],[106.56631,17.154],[106.56568,17.15403],[106.565,17.15291],[106.56462,17.15253],[106.56204,17.15068],[106.56126,17.15044],[106.56073,17.14993],[106.55997,17.14976],[106.55924,17.14887],[106.55796,17.14871],[106.55719,17.14828],[106.55674,17.14817],[106.55632,17.14769],[106.55554,17.14761],[106.55503,17.14737],[106.55437,17.14738],[106.5535,17.14784],[106.5525,17.14808],[106.5507,17.14821],[106.54964,17.14794],[106.54795,17.14788],[106.54695,17.14755],[106.54584,17.14672],[106.54536,17.14645],[106.5442,17.14611],[106.54352,17.14553],[106.54242,17.14534],[106.54189,17.14536],[106.54073,17.14508],[106.54071,17.14438],[106.53992,17.14311],[106.53919,17.14255],[106.53881,17.1424],[106.53675,17.14217],[106.53612,17.14197],[106.53486,17.14201],[106.53419,17.14194],[106.53365,17.14206],[106.53297,17.14123],[106.5324,17.14029],[106.5313,17.13933],[106.53085,17.13868],[106.53066,17.13819],[106.52977,17.13794],[106.52926,17.13706],[106.5296,17.13649],[106.52964,17.13575],[106.52942,17.13476],[106.52943,17.13426],[106.52989,17.13308],[106.52978,17.13176],[106.52922,17.13099],[106.52892,17.13034],[106.52873,17.12947],[106.52849,17.12893],[106.52776,17.12684],[106.52766,17.12582],[106.52776,17.12487],[106.52763,17.12371],[106.52756,17.12238],[106.52713,17.12095],[106.52663,17.12026],[106.52682,17.11943],[106.52668,17.11878],[106.52639,17.11842],[106.5256,17.11834],[106.52459,17.11799],[106.52374,17.11817],[106.52317,17.11803],[106.52274,17.11744],[106.52201,17.11674],[106.51962,17.11781],[106.51883,17.11811],[106.51721,17.11922],[106.51296,17.12115],[106.5122,17.12126],[106.51064,17.12181],[106.50997,17.1216],[106.50932,17.12097],[106.50874,17.12068],[106.50757,17.12037],[106.50666,17.1205],[106.50572,17.12078],[106.50528,17.12079],[106.50283,17.12033],[106.50183,17.12027],[106.50115,17.12036],[106.50061,17.11994],[106.49927,17.11948],[106.49748,17.11957],[106.49657,17.11831],[106.49512,17.11685],[106.49522,17.1165],[106.49621,17.11545],[106.49656,17.11475],[106.49832,17.11288],[106.49815,17.11148],[106.49777,17.11011],[106.4972,17.10899],[106.49731,17.10706],[106.49765,17.10652],[106.49807,17.10618],[106.49769,17.10544],[106.49778,17.10481],[106.49776,17.10299],[106.49796,17.10235],[106.49714,17.10159],[106.49606,17.10119],[106.49608,17.0997],[106.49626,17.0981],[106.49614,17.09753],[106.49526,17.09665],[106.49396,17.09477],[106.49376,17.0935],[106.49337,17.09227],[106.4929,17.09121],[106.49232,17.09115],[106.49141,17.09082],[106.49055,17.09032],[106.49015,17.09029],[106.48859,17.09079],[106.48823,17.09075],[106.48721,17.09022],[106.48681,17.08974],[106.48576,17.08872],[106.48491,17.08885],[106.48396,17.08876],[106.483,17.08922],[106.48222,17.08898],[106.48074,17.0888],[106.48038,17.08867],[106.47985,17.08793],[106.47944,17.08776],[106.4777,17.08767],[106.47655,17.08745],[106.47621,17.0867],[106.4737,17.08517],[106.47201,17.08403],[106.47103,17.08357],[106.47009,17.08346],[106.46937,17.08302],[106.46896,17.08246],[106.46785,17.08161],[106.4664,17.0809],[106.46526,17.07978],[106.46421,17.07994],[106.46354,17.07975],[106.46231,17.07882],[106.46197,17.07871],[106.46051,17.07869],[106.45954,17.079],[106.45868,17.07911],[106.45741,17.07881],[106.45638,17.07866],[106.45537,17.07873],[106.45444,17.07893],[106.45379,17.07918],[106.45231,17.07919],[106.44909,17.07938],[106.44715,17.07941],[106.4466,17.07913],[106.446,17.07832],[106.44505,17.07723],[106.44395,17.07703],[106.44268,17.07648],[106.44121,17.07597],[106.44042,17.07583],[106.43943,17.07443],[106.43888,17.07403],[106.43792,17.07279],[106.43715,17.07143],[106.43667,17.07141],[106.43568,17.07162],[106.43517,17.07146],[106.43393,17.07082],[106.43299,17.07067],[106.43097,17.07065],[106.43019,17.07087],[106.42918,17.07145],[106.42791,17.07161],[106.42688,17.07299],[106.42613,17.07371],[106.42577,17.07382],[106.42524,17.07369],[106.42491,17.07391],[106.42398,17.07393],[106.42281,17.07375],[106.42225,17.0738],[106.42143,17.07468],[106.42076,17.07566],[106.41972,17.07616],[106.41946,17.07695],[106.41868,17.07768],[106.41806,17.0781],[106.41761,17.07817]]]},"properties":{"name":"Kim Ngân","nameEn":"Kim Ngan","fullName":"Xã Kim Ngân","fullNameEn":"Kim Ngan Commune","codeName":"kim_ngan","areaKm2":881.06,"postalCode":"47840","code":"19318"}},{"type":"Feature","geometry":{"type":"Polygon","coordinates":[[[107.06526,16.76322],[107.06488,16.76346],[107.06397,16.76377],[107.06271,16.76378],[107.06181,16.7644],[107.06112,16.76538],[107.06039,16.76624],[107.05943,16.76643],[107.05878,16.7667],[107.05823,16.76848],[107.05773,16.7696],[107.05791,16.77016],[107.05794,16.77094],[107.05814,16.77186],[107.0581,16.77227],[107.05878,16.77247],[107.05915,16.77344],[107.05954,16.77384],[107.0601,16.7752],[107.0606,16.77572],[107.06071,16.77659],[107.06041,16.77715],[107.06041,16.77811],[107.0609,16.77879],[107.06115,16.78004],[107.06142,16.78048],[107.0625,16.78119],[107.06302,16.78181],[107.06338,16.78243],[107.0638,16.78373],[107.06452,16.78518],[107.065,16.78564],[107.06514,16.78603],[107.06619,16.78766],[107.06711,16.78773],[107.06889,16.78747],[107.06953,16.78746],[107.07147,16.78783],[107.07326,16.7895],[107.07378,16.7899],[107.07395,16.79142],[107.07459,16.79221],[107.07634,16.79307],[107.07705,16.79334],[107.07836,16.79402],[107.07914,16.79425],[107.08081,16.79596],[107.08205,16.79659],[107.08524,16.79891],[107.08624,16.79893],[107.08577,16.80075],[107.08573,16.80159],[107.08598,16.80808],[107.08656,16.809],[107.087,16.81027],[107.08903,16.81061],[107.08976,16.81048],[107.09062,16.81113],[107.09246,16.81127],[107.09294,16.81024],[107.09351,16.80849],[107.09394,16.80806],[107.09433,16.80797],[107.09518,16.80818],[107.09558,16.80915],[107.09581,16.80997],[107.09553,16.81108],[107.09591,16.81162],[107.09629,16.81176],[107.0985,16.81286],[107.10336,16.81504],[107.1047,16.81568],[107.10556,16.81648],[107.10559,16.81691],[107.10662,16.81603],[107.10745,16.81674],[107.10808,16.81713],[107.10142,16.82302],[107.10107,16.82336],[107.10067,16.82404],[107.09998,16.82569],[107.10104,16.82626],[107.10224,16.82794],[107.10385,16.8293],[107.10431,16.82987],[107.10499,16.83134],[107.1064,16.8335],[107.10843,16.83543],[107.10908,16.83594],[107.11051,16.83668],[107.11135,16.83673],[107.11233,16.83657],[107.11326,16.83627],[107.11507,16.83534],[107.11623,16.83526],[107.1175,16.83534],[107.11958,16.83589],[107.1209,16.8364],[107.12239,16.8373],[107.12356,16.83851],[107.12431,16.83972],[107.12544,16.84215],[107.12566,16.84224],[107.12551,16.84271],[107.12497,16.8451],[107.12486,16.84688],[107.12335,16.84617],[107.12069,16.84459],[107.11958,16.84437],[107.11827,16.84469],[107.1175,16.84534],[107.11679,16.8472],[107.11657,16.848],[107.11608,16.8504],[107.11586,16.85099],[107.1153,16.85164],[107.11445,16.85202],[107.11383,16.852],[107.11303,16.85149],[107.11253,16.85024],[107.11196,16.84946],[107.11147,16.84918],[107.1107,16.84921],[107.10987,16.84978],[107.10946,16.85035],[107.10904,16.85148],[107.10859,16.85376],[107.10826,16.85517],[107.10773,16.85619],[107.10765,16.85663],[107.10795,16.85707],[107.10859,16.85737],[107.10982,16.85773],[107.11063,16.85833],[107.11101,16.85844],[107.11167,16.85838],[107.11222,16.85869],[107.11246,16.85916],[107.11245,16.86026],[107.11216,16.86069],[107.11134,16.86125],[107.11034,16.86098],[107.10942,16.86001],[107.10867,16.85944],[107.10819,16.85951],[107.10778,16.86002],[107.10736,16.86157],[107.10711,16.862],[107.10669,16.86187],[107.10672,16.86136],[107.10713,16.86101],[107.10676,16.86078],[107.10628,16.86138],[107.10594,16.86158],[107.10444,16.86173],[107.10401,16.86162],[107.10384,16.86129],[107.10397,16.86061],[107.10339,16.86016],[107.10305,16.86018],[107.10314,16.85848],[107.10331,16.85629],[107.1034,16.85569],[107.10343,16.85404],[107.10385,16.85005],[107.1037,16.84992],[107.10163,16.84928],[107.10156,16.84739],[107.1012,16.84704],[107.10051,16.84736],[107.09989,16.84742],[107.09938,16.84727],[107.09805,16.84665],[107.09688,16.84599],[107.09527,16.8449],[107.09389,16.84412],[107.0931,16.84392],[107.09214,16.84288],[107.09214,16.84175],[107.09074,16.8414],[107.08986,16.84141],[107.08922,16.84116],[107.08899,16.84015],[107.08905,16.83949],[107.0887,16.83908],[107.08902,16.8386],[107.08877,16.83821],[107.08774,16.8381],[107.08677,16.83669],[107.08567,16.83662],[107.08541,16.8362],[107.08402,16.83524],[107.0819,16.83503],[107.0815,16.83493],[107.08055,16.83425],[107.0801,16.83433],[107.07946,16.83404],[107.07908,16.83366],[107.07904,16.83317],[107.07835,16.83231],[107.07668,16.83252],[107.07632,16.83307],[107.0754,16.83338],[107.07452,16.83301],[107.07373,16.83222],[107.07299,16.83179],[107.07212,16.83157],[107.07062,16.83173],[107.06898,16.83111],[107.06764,16.83091],[107.06707,16.83137],[107.06659,16.8315],[107.06599,16.83129],[107.06422,16.83159],[107.06274,16.83145],[107.06164,16.8312],[107.06094,16.83054],[107.0601,16.82998],[107.06039,16.82914],[107.0608,16.82908],[107.06153,16.82823],[107.0612,16.82777],[107.06131,16.82674],[107.06133,16.8249],[107.06127,16.82372],[107.0614,16.82265],[107.06059,16.82321],[107.05986,16.82302],[107.05938,16.82359],[107.05898,16.82375],[107.05852,16.82301],[107.05799,16.82273],[107.06009,16.81692],[107.06055,16.81595],[107.06136,16.81516],[107.06021,16.81377],[107.05895,16.81247],[107.05773,16.8114],[107.05463,16.80898],[107.05375,16.80796],[107.0532,16.80767],[107.05197,16.80726],[107.04968,16.80669],[107.04823,16.80618],[107.04809,16.8057],[107.04851,16.80441],[107.04816,16.80331],[107.0482,16.80216],[107.04857,16.80154],[107.04913,16.8014],[107.04926,16.80077],[107.04885,16.8001],[107.04846,16.79993],[107.04822,16.79866],[107.0482,16.79771],[107.04834,16.79754],[107.05248,16.79722],[107.05628,16.79677],[107.05581,16.79505],[107.0554,16.79445],[107.0541,16.79317],[107.05359,16.79256],[107.05313,16.79175],[107.05307,16.79103],[107.05364,16.78985],[107.05386,16.78912],[107.05469,16.78764],[107.0548,16.78723],[107.05568,16.78541],[107.05434,16.78472],[107.05381,16.7848],[107.05148,16.78495],[107.05093,16.78508],[107.04997,16.78512],[107.04901,16.78503],[107.04769,16.78474],[107.04675,16.78427],[107.04413,16.784],[107.04356,16.78367],[107.04286,16.78293],[107.04225,16.78261],[107.04157,16.78163],[107.04067,16.78079],[107.04026,16.78016],[107.04009,16.77964],[107.0394,16.77846],[107.03892,16.77721],[107.03888,16.77624],[107.03842,16.77589],[107.03723,16.77551],[107.03657,16.77505],[107.03599,16.7738],[107.03524,16.77298],[107.03518,16.77223],[107.03494,16.77164],[107.03436,16.771],[107.03462,16.77018],[107.03458,16.76895],[107.03376,16.768],[107.03346,16.76678],[107.03359,16.76584],[107.03328,16.76529],[107.03251,16.76437],[107.03195,16.76322],[107.03199,16.76277],[107.03178,16.76249],[107.03101,16.76223],[107.03084,16.76188],[107.03105,16.76142],[107.03102,16.7606],[107.03076,16.76007],[107.03022,16.75955],[107.02956,16.75836],[107.02919,16.75792],[107.02853,16.75662],[107.02844,16.75611],[107.02862,16.75519],[107.02899,16.75486],[107.02907,16.75434],[107.02875,16.75345],[107.02904,16.75303],[107.02976,16.75281],[107.03003,16.75244],[107.03,16.75175],[107.0306,16.7514],[107.03093,16.75056],[107.03102,16.74983],[107.031,16.74899],[107.03143,16.74689],[107.03182,16.74606],[107.03213,16.74568],[107.03256,16.74574],[107.03273,16.74675],[107.03302,16.74739],[107.0335,16.74784],[107.03426,16.748],[107.03468,16.7478],[107.0353,16.74712],[107.03543,16.74676],[107.0353,16.74622],[107.03544,16.74556],[107.03626,16.74515],[107.03668,16.74511],[107.03717,16.7453],[107.0376,16.745],[107.03849,16.74498],[107.03961,16.74443],[107.04061,16.74381],[107.04112,16.7438],[107.04289,16.7442],[107.04396,16.74538],[107.04446,16.74546],[107.04485,16.74496],[107.04481,16.7441],[107.04507,16.74381],[107.04571,16.74356],[107.0462,16.74396],[107.0473,16.74513],[107.04769,16.74544],[107.04842,16.74569],[107.04901,16.7464],[107.04942,16.74655],[107.05021,16.74624],[107.05064,16.74621],[107.05293,16.74687],[107.05323,16.74745],[107.05377,16.7494],[107.05409,16.75025],[107.05441,16.7508],[107.05454,16.75171],[107.05477,16.75197],[107.05554,16.75223],[107.05596,16.75222],[107.05752,16.75192],[107.05824,16.75155],[107.05894,16.7515],[107.0593,16.75185],[107.05956,16.75271],[107.06018,16.75297],[107.06077,16.75273],[107.06152,16.75122],[107.06198,16.75098],[107.06235,16.75118],[107.06264,16.75221],[107.06243,16.75268],[107.0626,16.75317],[107.06318,16.75357],[107.06303,16.75419],[107.06247,16.75463],[107.06185,16.75486],[107.0619,16.75532],[107.06269,16.75599],[107.06288,16.75648],[107.06273,16.75723],[107.06275,16.758],[107.06292,16.75889],[107.06325,16.75909],[107.06491,16.75912],[107.06516,16.75958],[107.06468,16.76023],[107.06412,16.76051],[107.06345,16.76118],[107.06322,16.76168],[107.06328,16.76208],[107.06526,16.76322]]]},"properties":{"name":"Đông Hà","nameEn":"Dong Ha","fullName":"Phường Đông Hà","fullNameEn":"Dong Ha Ward","codeName":"dong_ha","areaKm2":38.05,"postalCode":"48115","code":"19333"}},{"type":"Feature","geometry":{"type":"Polygon","coordinates":[[[107.06526,16.76322],[107.06612,16.76412],[107.06623,16.76463],[107.06678,16.76485],[107.06746,16.76461],[107.06819,16.7639],[107.06857,16.76372],[107.06897,16.76383],[107.06893,16.76472],[107.06868,16.76534],[107.06911,16.76573],[107.07029,16.7656],[107.07162,16.76459],[107.07265,16.76354],[107.07317,16.76342],[107.07347,16.76435],[107.07331,16.76509],[107.07218,16.76588],[107.07209,16.76656],[107.07306,16.7677],[107.07334,16.76861],[107.07324,16.77022],[107.07274,16.77062],[107.07151,16.77058],[107.07124,16.77075],[107.07116,16.77132],[107.0715,16.77192],[107.07323,16.77245],[107.07368,16.77279],[107.07443,16.77357],[107.07538,16.77343],[107.07585,16.77349],[107.07872,16.77453],[107.07909,16.77452],[107.08038,16.77383],[107.08059,16.77391],[107.08098,16.77478],[107.08084,16.77573],[107.0814,16.7763],[107.08177,16.77753],[107.08234,16.77783],[107.08384,16.77794],[107.08512,16.77838],[107.08579,16.77899],[107.08608,16.77954],[107.08672,16.77975],[107.08748,16.77938],[107.08811,16.77882],[107.08873,16.77862],[107.08933,16.77874],[107.09024,16.77941],[107.09111,16.7805],[107.09139,16.78108],[107.09175,16.78137],[107.09236,16.78145],[107.09281,16.78128],[107.09318,16.78077],[107.09342,16.7783],[107.09373,16.77798],[107.09432,16.778],[107.09557,16.77848],[107.09641,16.77832],[107.09686,16.77799],[107.09713,16.77746],[107.09718,16.77683],[107.09688,16.77479],[107.09695,16.77385],[107.09722,16.77308],[107.09766,16.77289],[107.09828,16.7729],[107.09916,16.77321],[107.09931,16.7737],[107.09902,16.77547],[107.09901,16.77595],[107.09939,16.77643],[107.10072,16.77696],[107.10208,16.77695],[107.10278,16.77705],[107.1038,16.77738],[107.1046,16.77736],[107.10532,16.77714],[107.10599,16.77677],[107.10618,16.77648],[107.10638,16.77554],[107.10645,16.77433],[107.10664,16.7738],[107.10703,16.77323],[107.10755,16.77279],[107.10819,16.77258],[107.10905,16.77268],[107.10985,16.77291],[107.11427,16.77587],[107.11561,16.77664],[107.11667,16.7771],[107.11715,16.77722],[107.11821,16.77716],[107.11894,16.77733],[107.12005,16.77773],[107.12083,16.77817],[107.12166,16.77886],[107.12273,16.78011],[107.12389,16.78162],[107.12457,16.78343],[107.12535,16.78487],[107.12607,16.78603],[107.12609,16.78671],[107.1259,16.78768],[107.12599,16.78852],[107.12641,16.78962],[107.12724,16.79104],[107.12834,16.79253],[107.13003,16.79392],[107.13167,16.79494],[107.13242,16.79568],[107.13285,16.79629],[107.13326,16.79751],[107.13352,16.79799],[107.13411,16.7984],[107.13538,16.79868],[107.13766,16.79888],[107.13911,16.79935],[107.13997,16.79984],[107.1408,16.80044],[107.14238,16.80185],[107.14277,16.80233],[107.14357,16.80295],[107.14518,16.80327],[107.14667,16.80325],[107.14701,16.80315],[107.14771,16.80323],[107.14855,16.80369],[107.14854,16.80432],[107.14736,16.80545],[107.14672,16.80687],[107.14511,16.80788],[107.14391,16.80924],[107.14353,16.81009],[107.14341,16.81072],[107.14278,16.81233],[107.14121,16.81572],[107.14082,16.81708],[107.1403,16.81851],[107.13898,16.82079],[107.13697,16.82242],[107.13605,16.82298],[107.13431,16.82462],[107.13276,16.82616],[107.13046,16.82808],[107.12962,16.8291],[107.12816,16.83186],[107.12795,16.83256],[107.12795,16.83353],[107.12806,16.83451],[107.12803,16.83602],[107.12726,16.83838],[107.12566,16.84224],[107.12544,16.84215],[107.12431,16.83972],[107.12356,16.83851],[107.12239,16.8373],[107.1209,16.8364],[107.11958,16.83589],[107.1175,16.83534],[107.11623,16.83526],[107.11507,16.83534],[107.11326,16.83627],[107.11233,16.83657],[107.11135,16.83673],[107.11051,16.83668],[107.10908,16.83594],[107.10843,16.83543],[107.1064,16.8335],[107.10499,16.83134],[107.10431,16.82987],[107.10385,16.8293],[107.10224,16.82794],[107.10104,16.82626],[107.09998,16.82569],[107.10067,16.82404],[107.10107,16.82336],[107.10142,16.82302],[107.10808,16.81713],[107.10745,16.81674],[107.10662,16.81603],[107.10559,16.81691],[107.10556,16.81648],[107.1047,16.81568],[107.10336,16.81504],[107.0985,16.81286],[107.09629,16.81176],[107.09591,16.81162],[107.09553,16.81108],[107.09581,16.80997],[107.09558,16.80915],[107.09518,16.80818],[107.09433,16.80797],[107.09394,16.80806],[107.09351,16.80849],[107.09294,16.81024],[107.09246,16.81127],[107.09062,16.81113],[107.08976,16.81048],[107.08903,16.81061],[107.087,16.81027],[107.08656,16.809],[107.08598,16.80808],[107.08573,16.80159],[107.08577,16.80075],[107.08624,16.79893],[107.08524,16.79891],[107.08205,16.79659],[107.08081,16.79596],[107.07914,16.79425],[107.07836,16.79402],[107.07705,16.79334],[107.07634,16.79307],[107.07459,16.79221],[107.07395,16.79142],[107.07378,16.7899],[107.07326,16.7895],[107.07147,16.78783],[107.06953,16.78746],[107.06889,16.78747],[107.06711,16.78773],[107.06619,16.78766],[107.06514,16.78603],[107.065,16.78564],[107.06452,16.78518],[107.0638,16.78373],[107.06338,16.78243],[107.06302,16.78181],[107.0625,16.78119],[107.06142,16.78048],[107.06115,16.78004],[107.0609,16.77879],[107.06041,16.77811],[107.06041,16.77715],[107.06071,16.77659],[107.0606,16.77572],[107.0601,16.7752],[107.05954,16.77384],[107.05915,16.77344],[107.05878,16.77247],[107.0581,16.77227],[107.05814,16.77186],[107.05794,16.77094],[107.05791,16.77016],[107.05773,16.7696],[107.05823,16.76848],[107.05878,16.7667],[107.05943,16.76643],[107.06039,16.76624],[107.06112,16.76538],[107.06181,16.7644],[107.06271,16.76378],[107.06397,16.76377],[107.06488,16.76346],[107.06526,16.76322]]]},"properties":{"name":"Nam Đông Hà","nameEn":"Nam Dong Ha","fullName":"Phường Nam Đông Hà","fullNameEn":"Nam Dong Ha Ward","codeName":"nam_dong_ha","areaKm2":35.04,"postalCode":"48116","code":"19351"}},{"type":"Feature","geometry":{"type":"Polygon","coordinates":[[[107.19453,16.75803],[107.19421,16.75855],[107.19408,16.75925],[107.1928,16.75898],[107.19306,16.75821],[107.19288,16.75762],[107.19173,16.75777],[107.19177,16.75808],[107.19086,16.75828],[107.19024,16.75796],[107.19009,16.75741],[107.18904,16.75769],[107.18791,16.75816],[107.18698,16.7589],[107.18667,16.75845],[107.1863,16.75757],[107.1826,16.75903],[107.18213,16.75843],[107.18106,16.75894],[107.18037,16.75876],[107.18019,16.75805],[107.1785,16.75483],[107.17738,16.75503],[107.17655,16.75372],[107.17624,16.75309],[107.17606,16.75218],[107.17607,16.75124],[107.17622,16.75025],[107.17656,16.74899],[107.17714,16.7477],[107.17744,16.7466],[107.17748,16.74582],[107.17746,16.74357],[107.17731,16.7425],[107.17655,16.73989],[107.17622,16.73821],[107.17586,16.736],[107.17556,16.73546],[107.17489,16.73472],[107.17389,16.73333],[107.17285,16.73422],[107.17261,16.73393],[107.17023,16.73268],[107.16934,16.73287],[107.16882,16.73287],[107.16698,16.73253],[107.16603,16.73253],[107.16374,16.73315],[107.16337,16.73309],[107.16189,16.73178],[107.16192,16.7311],[107.16101,16.73088],[107.16156,16.72976],[107.16153,16.72923],[107.1613,16.72888],[107.15997,16.72855],[107.15901,16.72751],[107.15872,16.72642],[107.15905,16.72557],[107.15949,16.7249],[107.16003,16.72253],[107.161,16.72272],[107.16179,16.72312],[107.1631,16.72413],[107.16404,16.72447],[107.16466,16.72486],[107.16484,16.7253],[107.16533,16.7254],[107.16576,16.72591],[107.16574,16.72656],[107.16553,16.72832],[107.16549,16.72916],[107.16524,16.72957],[107.16666,16.73003],[107.16752,16.73058],[107.16811,16.73004],[107.16731,16.72933],[107.1682,16.72887],[107.16886,16.72965],[107.16944,16.72917],[107.16943,16.72877],[107.16914,16.72844],[107.16958,16.72808],[107.16907,16.72751],[107.17017,16.72661],[107.16924,16.7251],[107.16867,16.72366],[107.16837,16.72228],[107.16824,16.71997],[107.16805,16.71793],[107.16775,16.71632],[107.16729,16.71504],[107.16554,16.71149],[107.16483,16.70939],[107.16432,16.70881],[107.16348,16.7082],[107.16178,16.70745],[107.15927,16.70669],[107.15473,16.70573],[107.15174,16.70529],[107.15032,16.7049],[107.14888,16.70418],[107.14816,16.70334],[107.14791,16.70259],[107.14735,16.70165],[107.14631,16.7007],[107.14555,16.70041],[107.14482,16.70027],[107.14357,16.70022],[107.14237,16.70045],[107.14073,16.70098],[107.13904,16.70142],[107.13795,16.70143],[107.137,16.70119],[107.13594,16.70059],[107.13483,16.69962],[107.13374,16.69833],[107.13161,16.69669],[107.12924,16.69472],[107.12772,16.69354],[107.12683,16.69303],[107.12282,16.69093],[107.11938,16.68871],[107.11799,16.68774],[107.11737,16.68701],[107.11708,16.68644],[107.11705,16.6852],[107.11747,16.68417],[107.11859,16.68251],[107.11887,16.68155],[107.1191,16.67994],[107.1192,16.67769],[107.11911,16.67584],[107.11892,16.67456],[107.11775,16.67143],[107.11661,16.66944],[107.11492,16.66711],[107.11405,16.6656],[107.1132,16.66428],[107.11229,16.66362],[107.11188,16.66352],[107.10999,16.66354],[107.10909,16.66372],[107.10778,16.66426],[107.10562,16.66573],[107.10468,16.6659],[107.10416,16.66568],[107.10387,16.66526],[107.10332,16.66351],[107.10301,16.66199],[107.103,16.66137],[107.10284,16.66046],[107.10221,16.65974],[107.10154,16.65959],[107.10065,16.65983],[107.09909,16.66084],[107.09692,16.66235],[107.09515,16.66392],[107.09452,16.66437],[107.09408,16.66452],[107.09302,16.6644],[107.09243,16.66415],[107.09185,16.66358],[107.09141,16.66274],[107.09107,16.66082],[107.09036,16.65807],[107.08972,16.65636],[107.08883,16.65485],[107.08775,16.65433],[107.08685,16.65442],[107.08555,16.65496],[107.08441,16.65561],[107.08321,16.6561],[107.08244,16.65609],[107.08176,16.65575],[107.07946,16.65274],[107.07874,16.65227],[107.07818,16.65218],[107.07634,16.65215],[107.07487,16.6522],[107.07237,16.65216],[107.07099,16.65243],[107.0695,16.6521],[107.06913,16.65183],[107.06846,16.65106],[107.06761,16.64995],[107.0672,16.649],[107.06709,16.64838],[107.06717,16.64753],[107.06758,16.647],[107.06826,16.64655],[107.06958,16.64638],[107.07064,16.64615],[107.0722,16.64666],[107.07353,16.64674],[107.07438,16.64646],[107.07464,16.64564],[107.0745,16.64477],[107.07382,16.6439],[107.07319,16.64249],[107.07262,16.64214],[107.07232,16.64177],[107.0729,16.64116],[107.07287,16.64067],[107.0737,16.64061],[107.07336,16.64028],[107.07388,16.63995],[107.07432,16.6393],[107.0734,16.63887],[107.07344,16.63832],[107.07307,16.6378],[107.0737,16.63785],[107.0738,16.63762],[107.07481,16.63659],[107.07557,16.63525],[107.07572,16.63471],[107.07657,16.63387],[107.07708,16.63358],[107.07789,16.63335],[107.07804,16.63269],[107.07719,16.63182],[107.07697,16.63105],[107.07749,16.62989],[107.07779,16.62944],[107.0778,16.62874],[107.07826,16.62844],[107.07899,16.62844],[107.07949,16.62827],[107.08068,16.62844],[107.08154,16.62821],[107.08194,16.62825],[107.08238,16.62861],[107.08281,16.62848],[107.08357,16.62862],[107.085,16.62867],[107.08592,16.62944],[107.08615,16.6301],[107.08694,16.63134],[107.08685,16.63217],[107.087,16.63239],[107.08793,16.63285],[107.08934,16.6326],[107.08983,16.63244],[107.09055,16.63242],[107.09095,16.6327],[107.09192,16.633],[107.09223,16.6334],[107.09284,16.6336],[107.09439,16.63349],[107.09517,16.63309],[107.09549,16.63318],[107.09608,16.63374],[107.09735,16.63427],[107.09788,16.63468],[107.09831,16.63542],[107.09872,16.63573],[107.09906,16.63567],[107.09994,16.635],[107.10084,16.63493],[107.10105,16.63447],[107.10217,16.63362],[107.10264,16.63292],[107.10403,16.63238],[107.10439,16.63192],[107.10629,16.63217],[107.10707,16.63193],[107.10738,16.6317],[107.10802,16.63182],[107.10841,16.63207],[107.10896,16.6328],[107.10935,16.63385],[107.11035,16.63461],[107.11019,16.63513],[107.11086,16.63537],[107.11103,16.63596],[107.11155,16.6363],[107.11191,16.63698],[107.11211,16.63702],[107.11284,16.63647],[107.1147,16.63655],[107.11595,16.637],[107.11724,16.63705],[107.11795,16.63726],[107.11896,16.63715],[107.1199,16.63747],[107.12045,16.63749],[107.12076,16.63731],[107.12086,16.63661],[107.12107,16.63648],[107.12199,16.63649],[107.12253,16.63632],[107.12319,16.63588],[107.12385,16.63574],[107.12463,16.63516],[107.1252,16.635],[107.12611,16.6344],[107.12639,16.63439],[107.12725,16.63542],[107.12849,16.63581],[107.13151,16.63701],[107.13253,16.63729],[107.13302,16.63722],[107.13413,16.63666],[107.13562,16.63609],[107.13611,16.63607],[107.13752,16.63669],[107.13784,16.63691],[107.13849,16.63783],[107.13923,16.63769],[107.13957,16.63746],[107.13976,16.63699],[107.14073,16.63634],[107.14133,16.6358],[107.14218,16.63555],[107.14315,16.635],[107.14335,16.63599],[107.14431,16.63629],[107.14466,16.63655],[107.14649,16.63749],[107.14679,16.63755],[107.14757,16.63733],[107.14828,16.6384],[107.14904,16.63871],[107.14966,16.63883],[107.15028,16.63927],[107.1509,16.63952],[107.15129,16.6399],[107.15157,16.64052],[107.15268,16.64129],[107.15333,16.64143],[107.15435,16.641],[107.15515,16.6411],[107.15589,16.64102],[107.15684,16.64047],[107.15941,16.64092],[107.16065,16.64081],[107.16123,16.6405],[107.1619,16.6404],[107.16296,16.63964],[107.16324,16.63934],[107.16402,16.63935],[107.16529,16.63904],[107.16607,16.63927],[107.16692,16.63975],[107.16755,16.63964],[107.1685,16.64016],[107.16863,16.64076],[107.16854,16.64111],[107.16887,16.64229],[107.16854,16.64287],[107.16811,16.64311],[107.16742,16.64409],[107.16829,16.64519],[107.16789,16.64589],[107.16828,16.64634],[107.16829,16.64726],[107.16877,16.64815],[107.16898,16.6496],[107.16921,16.65006],[107.16998,16.65098],[107.17063,16.65276],[107.17122,16.6532],[107.17167,16.65374],[107.17262,16.65423],[107.17382,16.65443],[107.17449,16.65465],[107.17489,16.65499],[107.17534,16.65572],[107.17539,16.65613],[107.17518,16.65682],[107.17588,16.65767],[107.1758,16.65847],[107.17635,16.65932],[107.17727,16.6603],[107.17737,16.66128],[107.17753,16.6618],[107.1781,16.66305],[107.17811,16.66345],[107.17778,16.66422],[107.17764,16.66499],[107.17785,16.66565],[107.17836,16.66623],[107.17902,16.66723],[107.17948,16.66769],[107.17993,16.66845],[107.18044,16.66872],[107.18072,16.66919],[107.18021,16.6706],[107.18084,16.67211],[107.18151,16.67252],[107.18178,16.67354],[107.18166,16.67501],[107.18123,16.67537],[107.18019,16.67554],[107.17941,16.67625],[107.17931,16.677],[107.17955,16.67775],[107.18043,16.67804],[107.18222,16.67849],[107.18288,16.6791],[107.1839,16.67928],[107.1847,16.67977],[107.18531,16.68047],[107.18545,16.68094],[107.18511,16.68195],[107.185,16.68296],[107.18405,16.68394],[107.18434,16.68505],[107.18506,16.68579],[107.18575,16.687],[107.18581,16.68735],[107.18548,16.6884],[107.18464,16.68919],[107.18455,16.68952],[107.18463,16.69067],[107.18485,16.69119],[107.18475,16.69213],[107.18482,16.69307],[107.18523,16.69412],[107.18491,16.69504],[107.18441,16.69546],[107.18373,16.69709],[107.18348,16.6987],[107.18325,16.69908],[107.18269,16.69946],[107.18144,16.69982],[107.18052,16.70033],[107.17995,16.70054],[107.18025,16.70147],[107.18026,16.7021],[107.17971,16.70335],[107.17883,16.70403],[107.17868,16.70453],[107.17924,16.70522],[107.17941,16.70583],[107.17969,16.70606],[107.18081,16.70654],[107.18126,16.70585],[107.18161,16.70587],[107.18223,16.70627],[107.18203,16.70671],[107.18217,16.70724],[107.18353,16.70843],[107.18418,16.70946],[107.18466,16.70958],[107.18565,16.70935],[107.18655,16.70959],[107.18696,16.7099],[107.18708,16.71102],[107.18752,16.71218],[107.18796,16.71279],[107.18897,16.71327],[107.1895,16.71366],[107.18939,16.71492],[107.18903,16.71601],[107.18899,16.717],[107.18963,16.71738],[107.19073,16.71759],[107.19117,16.72089],[107.19149,16.72159],[107.19224,16.72205],[107.19237,16.72286],[107.19224,16.72361],[107.19198,16.72389],[107.19153,16.72391],[107.1911,16.72458],[107.1914,16.72509],[107.19063,16.72498],[107.1907,16.72615],[107.19156,16.72654],[107.19253,16.72732],[107.19143,16.73079],[107.19094,16.73278],[107.19086,16.73332],[107.19107,16.73663],[107.191,16.73732],[107.19179,16.73847],[107.19189,16.73962],[107.19193,16.7412],[107.19394,16.74095],[107.19628,16.73987],[107.19657,16.73956],[107.19687,16.74035],[107.19703,16.74113],[107.19793,16.74438],[107.19849,16.74657],[107.19869,16.74784],[107.19884,16.74853],[107.19851,16.74941],[107.19782,16.75191],[107.19818,16.75237],[107.19859,16.75243],[107.20022,16.75307],[107.20175,16.75409],[107.20246,16.75465],[107.20186,16.75593],[107.20275,16.75617],[107.20348,16.75617],[107.20393,16.75642],[107.20345,16.75708],[107.20298,16.75817],[107.20291,16.7586],[107.20212,16.75883],[107.20139,16.75881],[107.20003,16.75942],[107.19915,16.75997],[107.19756,16.75893],[107.19513,16.75748],[107.19411,16.75675],[107.19367,16.75742],[107.19453,16.75803]]]},"properties":{"name":"Quảng Trị","nameEn":"Quang Tri","fullName":"Phường Quảng Trị","fullNameEn":"Quang Tri Ward","codeName":"quang_tri","areaKm2":72.82,"postalCode":"48811","code":"19360"}},{"type":"Feature","geometry":{"type":"Polygon","coordinates":[[[106.89187,17.09085],[106.89148,17.09118],[106.89076,17.09111],[106.88937,17.09013],[106.88835,17.0899],[106.88753,17.089],[106.88692,17.08791],[106.88301,17.08244],[106.87683,17.08201],[106.86792,17.08121],[106.86774,17.08121],[106.86825,17.08069],[106.86883,17.08037],[106.86977,17.08017],[106.87011,17.08036],[106.87107,17.08005],[106.87171,17.07947],[106.87192,17.07973],[106.87249,17.07961],[106.87285,17.07876],[106.87339,17.07862],[106.87391,17.07811],[106.87399,17.07764],[106.87534,17.07656],[106.8757,17.07672],[106.87612,17.07648],[106.87639,17.07602],[106.87696,17.07582],[106.87774,17.07623],[106.87834,17.0764],[106.87834,17.07566],[106.87975,17.07492],[106.88047,17.07514],[106.88107,17.07461],[106.88138,17.07451],[106.88197,17.07487],[106.88235,17.0744],[106.88313,17.07417],[106.88346,17.07431],[106.88407,17.07395],[106.88445,17.07407],[106.88502,17.07457],[106.88599,17.07436],[106.88631,17.07386],[106.88674,17.07365],[106.88697,17.07313],[106.88759,17.07279],[106.88768,17.0721],[106.88834,17.07195],[106.88874,17.07168],[106.88923,17.07216],[106.88998,17.07243],[106.89072,17.07226],[106.89137,17.07242],[106.89156,17.07193],[106.892,17.07192],[106.89236,17.0722],[106.89243,17.07325],[106.89288,17.07352],[106.89358,17.07329],[106.89457,17.07274],[106.89585,17.07224],[106.89654,17.0714],[106.89705,17.07015],[106.89707,17.06973],[106.89649,17.06904],[106.89617,17.06828],[106.89662,17.06742],[106.89747,17.06684],[106.90014,17.06622],[106.90252,17.0654],[106.90409,17.06462],[106.906,17.06426],[106.90755,17.06412],[106.91239,17.06339],[106.91416,17.0629],[106.91644,17.06268],[106.91758,17.0625],[106.91825,17.06226],[106.91942,17.06129],[106.91992,17.0603],[106.91998,17.05958],[106.91979,17.05898],[106.91892,17.05814],[106.91908,17.05763],[106.91972,17.0572],[106.92099,17.05705],[106.92188,17.05714],[106.92257,17.05744],[106.92492,17.05975],[106.92564,17.06034],[106.9266,17.0606],[106.92763,17.06048],[106.92661,17.05669],[106.92656,17.056],[106.92684,17.05497],[106.92335,17.05325],[106.91812,17.05163],[106.91345,17.05287],[106.91122,17.05124],[106.91055,17.05084],[106.91008,17.04989],[106.90882,17.04886],[106.90843,17.04828],[106.90775,17.04785],[106.90731,17.04723],[106.90725,17.04675],[106.90692,17.04654],[106.90672,17.0458],[106.90682,17.04477],[106.90462,17.04333],[106.90411,17.04253],[106.90339,17.04176],[106.90223,17.04081],[106.90108,17.03974],[106.90094,17.03929],[106.89996,17.0384],[106.90014,17.0379],[106.90066,17.03767],[106.90096,17.03719],[106.90154,17.03704],[106.90197,17.03659],[106.90215,17.03615],[106.90211,17.03551],[106.90262,17.03563],[106.90278,17.03527],[106.90351,17.03559],[106.90406,17.03495],[106.90383,17.03415],[106.90389,17.03345],[106.90412,17.03317],[106.90487,17.0331],[106.90524,17.03342],[106.90566,17.03294],[106.90564,17.03262],[106.90613,17.03213],[106.90511,17.03199],[106.90566,17.03152],[106.90577,17.03113],[106.90702,17.03044],[106.90877,17.03057],[106.9093,17.03032],[106.90954,17.03055],[106.90992,17.03036],[106.91054,17.03081],[106.91054,17.03142],[106.91103,17.03126],[106.91119,17.03096],[106.91177,17.03116],[106.91214,17.03071],[106.91249,17.03124],[106.91303,17.03114],[106.91319,17.03144],[106.91369,17.03164],[106.91376,17.03234],[106.91415,17.03239],[106.91419,17.03276],[106.91383,17.03322],[106.91413,17.03397],[106.91466,17.03368],[106.91497,17.03293],[106.91556,17.03282],[106.91618,17.03296],[106.91675,17.03332],[106.91698,17.03365],[106.91833,17.03484],[106.91941,17.0352],[106.92024,17.03569],[106.92097,17.03569],[106.92243,17.03516],[106.92322,17.03502],[106.92452,17.03511],[106.92547,17.03537],[106.92599,17.03568],[106.92623,17.03609],[106.9265,17.0372],[106.92698,17.03792],[106.92831,17.04025],[106.92892,17.04097],[106.9297,17.04169],[106.93109,17.04282],[106.93214,17.04331],[106.93306,17.04393],[106.93418,17.04562],[106.93489,17.04611],[106.93555,17.04631],[106.93753,17.04661],[106.93829,17.04652],[106.93848,17.04624],[106.93852,17.04546],[106.93876,17.04495],[106.93933,17.04483],[106.94149,17.04498],[106.9427,17.04494],[106.94384,17.04522],[106.94476,17.04575],[106.94977,17.04695],[106.95093,17.04729],[106.95202,17.04775],[106.9543,17.0493],[106.95491,17.04976],[106.95659,17.05125],[106.95732,17.05169],[106.95934,17.05193],[106.96054,17.05181],[106.96176,17.05144],[106.9634,17.05047],[106.96459,17.05033],[106.9658,17.05078],[106.96756,17.05221],[106.96845,17.05282],[106.96966,17.05384],[106.97013,17.05406],[106.97076,17.05413],[106.9719,17.05372],[106.97221,17.05348],[106.97301,17.05236],[106.97399,17.05118],[106.97458,17.05057],[106.97551,17.04981],[106.97658,17.04913],[106.97759,17.04878],[106.97894,17.04811],[106.98014,17.04764],[106.98126,17.04744],[106.98284,17.04688],[106.98382,17.04636],[106.98496,17.04563],[106.98653,17.04405],[106.98699,17.04385],[106.98752,17.04383],[106.98925,17.04428],[106.99115,17.04489],[106.99273,17.04553],[106.99421,17.04662],[106.99479,17.04679],[106.99551,17.04668],[106.99854,17.04571],[106.99964,17.04523],[107.00059,17.04468],[107.00191,17.0438],[107.00238,17.04361],[107.00326,17.04346],[107.00416,17.04347],[107.00599,17.04387],[107.00838,17.0447],[107.00998,17.0451],[107.01081,17.04498],[107.01177,17.04457],[107.01271,17.04402],[107.01504,17.04243],[107.0168,17.0411],[107.01829,17.04004],[107.02026,17.03889],[107.02232,17.03791],[107.02365,17.03745],[107.02492,17.03685],[107.02561,17.03646],[107.02731,17.03985],[107.02823,17.04182],[107.02874,17.04435],[107.02853,17.04482],[107.02822,17.045],[107.02842,17.04661],[107.03029,17.04867],[107.0304,17.0493],[107.02993,17.05007],[107.03029,17.05105],[107.03056,17.05121],[107.03189,17.05142],[107.03205,17.05165],[107.03212,17.053],[107.03303,17.05364],[107.03298,17.05446],[107.03327,17.0554],[107.03377,17.05593],[107.03504,17.056],[107.03527,17.05585],[107.03576,17.05604],[107.03631,17.05606],[107.03578,17.05677],[107.03581,17.05741],[107.03522,17.05718],[107.03402,17.05699],[107.0328,17.05772],[107.03069,17.05477],[107.02704,17.06038],[107.0265,17.06061],[107.02624,17.06051],[107.02473,17.06255],[107.02447,17.06303],[107.02403,17.06342],[107.02265,17.0651],[107.02471,17.06626],[107.02448,17.06676],[107.02437,17.06994],[107.02293,17.07032],[107.0222,17.07229],[107.02129,17.07353],[107.0206,17.07347],[107.01948,17.07636],[107.01929,17.07653],[107.0161,17.07574],[107.01498,17.07559],[107.01513,17.07681],[107.01538,17.07756],[107.01612,17.07918],[107.01652,17.08092],[107.01575,17.08096],[107.0145,17.08157],[107.01409,17.08146],[107.01277,17.08156],[107.0118,17.0803],[107.01093,17.08048],[107.00926,17.08137],[107.00864,17.08116],[107.00572,17.08135],[107.005,17.08175],[107.00425,17.08237],[107.00352,17.08274],[107.00234,17.08314],[106.99842,17.08125],[106.99724,17.08028],[106.99677,17.07943],[106.99727,17.07744],[106.99877,17.07607],[106.99706,17.07493],[106.99271,17.08102],[106.98966,17.08517],[106.98784,17.08762],[106.98656,17.08926],[106.98446,17.09214],[106.98198,17.09542],[106.97943,17.09896],[106.98708,17.10745],[106.98787,17.10834],[106.9881,17.1088],[106.98811,17.10973],[106.98863,17.11521],[106.98566,17.12323],[106.98557,17.12399],[106.98556,17.12541],[106.97759,17.131],[106.97197,17.13723],[106.97134,17.13747],[106.969,17.13786],[106.96805,17.13693],[106.96744,17.13734],[106.96655,17.1361],[106.96588,17.1358],[106.96585,17.1353],[106.96559,17.1352],[106.96536,17.13452],[106.96448,17.13403],[106.96415,17.13332],[106.96376,17.13279],[106.96263,17.13168],[106.96244,17.13118],[106.9619,17.13075],[106.96063,17.13006],[106.95759,17.12798],[106.95685,17.1262],[106.95618,17.12557],[106.95442,17.12441],[106.95388,17.12386],[106.9538,17.12306],[106.95406,17.12209],[106.95417,17.12099],[106.95394,17.12024],[106.95368,17.11989],[106.95263,17.11946],[106.95101,17.11912],[106.94901,17.11978],[106.92718,17.10846],[106.9239,17.10848],[106.92283,17.10677],[106.92082,17.10603],[106.91387,17.1021],[106.91136,17.1003],[106.91024,17.0991],[106.90842,17.09815],[106.90691,17.09719],[106.90581,17.09638],[106.90528,17.09535],[106.90474,17.09481],[106.90376,17.09466],[106.90312,17.09547],[106.90185,17.09558],[106.90093,17.09526],[106.9003,17.09368],[106.89999,17.0932],[106.89873,17.09261],[106.89743,17.09155],[106.89633,17.0908],[106.89494,17.09013],[106.89402,17.08942],[106.89332,17.08935],[106.89254,17.08992],[106.89187,17.09085]]]},"properties":{"name":"Vĩnh Linh","nameEn":"Vinh Linh","fullName":"Xã Vĩnh Linh","fullNameEn":"Vinh Linh Commune","codeName":"vinh_linh","areaKm2":90.37,"postalCode":"48428","code":"19363"}},{"type":"Feature","geometry":{"type":"Polygon","coordinates":[[[106.86109,17.07709],[106.86078,17.07632],[106.86054,17.07485],[106.85901,17.07412],[106.85902,17.07336],[106.85878,17.07235],[106.85859,17.07199],[106.8577,17.07105],[106.85772,17.07069],[106.85841,17.06985],[106.85887,17.06975],[106.85979,17.06932],[106.86074,17.0684],[106.86211,17.06749],[106.86338,17.06596],[106.86412,17.06561],[106.86452,17.06521],[106.86538,17.06347],[106.86587,17.0628],[106.86638,17.06261],[106.86735,17.06194],[106.86804,17.06161],[106.86951,17.06126],[106.87064,17.06032],[106.87123,17.0593],[106.87271,17.05737],[106.87382,17.05671],[106.87468,17.05595],[106.87488,17.05519],[106.87402,17.05316],[106.87308,17.05181],[106.87289,17.05141],[106.87214,17.05066],[106.87133,17.04966],[106.87082,17.04931],[106.86957,17.04945],[106.86891,17.04874],[106.86853,17.04766],[106.86839,17.04675],[106.86838,17.04595],[106.86878,17.04545],[106.86835,17.04433],[106.86768,17.04364],[106.86648,17.04302],[106.86593,17.04259],[106.86551,17.04195],[106.86486,17.04145],[106.86262,17.0409],[106.86224,17.04066],[106.86235,17.03837],[106.86249,17.03758],[106.86235,17.03699],[106.86135,17.03635],[106.85955,17.03617],[106.85891,17.03588],[106.85849,17.03592],[106.85773,17.03578],[106.85684,17.03574],[106.85578,17.03596],[106.85507,17.03567],[106.85409,17.03595],[106.85297,17.03505],[106.85255,17.03445],[106.85236,17.03386],[106.85187,17.03348],[106.85176,17.03301],[106.85087,17.03252],[106.84987,17.03251],[106.84833,17.03348],[106.84427,17.03468],[106.84375,17.03512],[106.84336,17.03524],[106.84326,17.03458],[106.8426,17.03489],[106.84144,17.03509],[106.84101,17.03499],[106.84014,17.035],[106.83964,17.03529],[106.83797,17.03475],[106.83746,17.03485],[106.83707,17.0352],[106.83463,17.03376],[106.83054,17.03538],[106.82233,17.03892],[106.81995,17.04095],[106.81793,17.0405],[106.81585,17.0393],[106.81597,17.03641],[106.81549,17.0359],[106.81465,17.03524],[106.81391,17.03447],[106.8133,17.03458],[106.81275,17.03487],[106.81143,17.0348],[106.81078,17.03451],[106.8106,17.03397],[106.81027,17.03389],[106.8101,17.03286],[106.80951,17.03188],[106.81036,17.03085],[106.81184,17.0294],[106.8114,17.02912],[106.81122,17.02859],[106.81069,17.02773],[106.80988,17.02713],[106.80968,17.02675],[106.80955,17.02504],[106.80936,17.02452],[106.80894,17.02417],[106.80819,17.0243],[106.80717,17.02324],[106.80687,17.02254],[106.80632,17.02174],[106.80572,17.02127],[106.80519,17.02103],[106.80376,17.0207],[106.80357,17.02052],[106.80354,17.01919],[106.80318,17.01832],[106.80316,17.01784],[106.80345,17.01745],[106.80448,17.0169],[106.80507,17.01639],[106.80509,17.01591],[106.8046,17.01432],[106.80465,17.01388],[106.80532,17.01289],[106.80667,17.00956],[106.80669,17.00881],[106.80704,17.00778],[106.80727,17.00682],[106.80819,17.00539],[106.80849,17.0046],[106.80825,17.00426],[106.80841,17.00387],[106.80913,17.00323],[106.80928,17.00225],[106.80887,17.00123],[106.80889,17.00028],[106.80824,16.99992],[106.80803,16.99951],[106.80803,16.99889],[106.80664,16.99816],[106.80612,16.99775],[106.8058,16.99717],[106.80604,16.99581],[106.80518,16.99514],[106.80503,16.99487],[106.80518,16.99441],[106.80505,16.99344],[106.80511,16.99298],[106.80425,16.99207],[106.80377,16.99176],[106.80255,16.99149],[106.80138,16.99147],[106.80039,16.99131],[106.79919,16.99077],[106.79852,16.99016],[106.79743,16.98948],[106.79654,16.98951],[106.79586,16.98907],[106.79544,16.98858],[106.79468,16.98719],[106.79261,16.98624],[106.79152,16.98605],[106.7895,16.98627],[106.78897,16.98619],[106.78804,16.98642],[106.78717,16.98693],[106.78605,16.98712],[106.78508,16.98701],[106.78446,16.98677],[106.78289,16.98514],[106.78252,16.98413],[106.78217,16.9838],[106.78205,16.98307],[106.78115,16.98213],[106.7809,16.98147],[106.78102,16.98056],[106.78149,16.97968],[106.78145,16.97852],[106.78076,16.97797],[106.77981,16.97788],[106.77952,16.9775],[106.7795,16.97696],[106.77919,16.97662],[106.77941,16.97612],[106.77934,16.97565],[106.77903,16.97504],[106.77932,16.97415],[106.77975,16.97322],[106.77986,16.97212],[106.78113,16.97103],[106.78153,16.97023],[106.78153,16.96902],[106.78126,16.96822],[106.78076,16.96739],[106.78076,16.96681],[106.78017,16.96603],[106.77964,16.96586],[106.77897,16.96527],[106.7788,16.96483],[106.77789,16.96417],[106.77695,16.96424],[106.77628,16.96392],[106.77588,16.96406],[106.7755,16.96356],[106.77486,16.96307],[106.77381,16.96299],[106.77323,16.96265],[106.77272,16.96157],[106.77251,16.96008],[106.77276,16.95908],[106.77356,16.95867],[106.77448,16.95795],[106.77529,16.95748],[106.77646,16.9571],[106.777,16.95705],[106.77644,16.95584],[106.77442,16.9544],[106.77451,16.95402],[106.77505,16.95286],[106.77472,16.95185],[106.77464,16.95077],[106.77552,16.95055],[106.77553,16.95013],[106.7753,16.94934],[106.77555,16.94826],[106.77563,16.94707],[106.77641,16.94608],[106.7755,16.9453],[106.77443,16.94481],[106.77369,16.94411],[106.77209,16.94353],[106.77148,16.94358],[106.77101,16.94282],[106.77141,16.942],[106.77132,16.94152],[106.77043,16.94052],[106.77006,16.93961],[106.77018,16.93882],[106.77078,16.93784],[106.77121,16.9363],[106.7714,16.93499],[106.77178,16.93448],[106.77229,16.9332],[106.77215,16.93215],[106.77222,16.93061],[106.77201,16.93034],[106.77117,16.92982],[106.77089,16.92933],[106.76875,16.92856],[106.76695,16.92797],[106.76634,16.92711],[106.76584,16.92693],[106.76513,16.92717],[106.76416,16.92706],[106.76313,16.92732],[106.76266,16.92804],[106.76213,16.92842],[106.76137,16.92846],[106.76027,16.9287],[106.7589,16.92858],[106.75812,16.92764],[106.75727,16.927],[106.75663,16.92538],[106.75629,16.92504],[106.75581,16.92488],[106.75511,16.92499],[106.75313,16.92477],[106.75277,16.92514],[106.75183,16.92508],[106.75059,16.92518],[106.74983,16.92535],[106.7493,16.92528],[106.74846,16.92477],[106.74738,16.92341],[106.74674,16.92299],[106.74648,16.92234],[106.74623,16.92228],[106.74539,16.92252],[106.74352,16.92095],[106.74326,16.92123],[106.74123,16.92229],[106.74085,16.92259],[106.74031,16.9235],[106.74023,16.92403],[106.73993,16.9247],[106.7391,16.92571],[106.73831,16.92618],[106.73778,16.92572],[106.73739,16.92578],[106.73687,16.92634],[106.7359,16.92619],[106.7356,16.92625],[106.73514,16.9267],[106.73503,16.92743],[106.73459,16.92733],[106.73331,16.92776],[106.73225,16.92747],[106.73186,16.92719],[106.73128,16.92714],[106.73067,16.92731],[106.73031,16.9277],[106.73007,16.92856],[106.72885,16.92931],[106.72744,16.92973],[106.72635,16.92992],[106.72392,16.92994],[106.72349,16.92988],[106.72326,16.93013],[106.72227,16.93166],[106.72179,16.9322],[106.7215,16.93291],[106.72145,16.93359],[106.7219,16.93508],[106.72186,16.93531],[106.72125,16.93621],[106.72047,16.93699],[106.7198,16.9374],[106.71907,16.93839],[106.71827,16.93961],[106.7175,16.93999],[106.71715,16.94075],[106.71606,16.94125],[106.71545,16.94168],[106.71398,16.94225],[106.71316,16.94286],[106.71237,16.94301],[106.71147,16.94337],[106.7101,16.94245],[106.70802,16.94159],[106.70512,16.94165],[106.70316,16.94115],[106.70242,16.94112],[106.70218,16.94066],[106.70049,16.93946],[106.69981,16.93782],[106.69874,16.93711],[106.69821,16.93649],[106.69779,16.9357],[106.69648,16.93406],[106.6955,16.93345],[106.6955,16.93288],[106.69589,16.93237],[106.69722,16.93134],[106.69746,16.93014],[106.69795,16.92833],[106.69537,16.92479],[106.69286,16.92352],[106.69253,16.92216],[106.69137,16.92066],[106.68933,16.92056],[106.68821,16.92018],[106.68707,16.91943],[106.68637,16.91795],[106.68536,16.91207],[106.68204,16.91012],[106.68085,16.90895],[106.68074,16.90832],[106.68645,16.90371],[106.68685,16.90309],[106.68737,16.90264],[106.68891,16.90274],[106.69102,16.90205],[106.69217,16.90143],[106.69282,16.9012],[106.694,16.90105],[106.69454,16.9011],[106.69447,16.90182],[106.69476,16.902],[106.69623,16.90202],[106.69619,16.90143],[106.69697,16.9012],[106.69787,16.90044],[106.69841,16.90097],[106.69924,16.90108],[106.69917,16.90015],[106.69943,16.89998],[106.70049,16.89989],[106.7021,16.90035],[106.7026,16.90034],[106.70272,16.89952],[106.70304,16.89924],[106.70367,16.89924],[106.70439,16.89879],[106.70558,16.89882],[106.70666,16.90054],[106.70698,16.90068],[106.70802,16.90067],[106.70884,16.90091],[106.70962,16.90082],[106.71004,16.901],[106.71051,16.90091],[106.71057,16.90057],[106.71098,16.90034],[106.71148,16.90078],[106.71184,16.90085],[106.71207,16.90034],[106.71202,16.89962],[106.71269,16.89896],[106.71356,16.89851],[106.71558,16.89724],[106.716,16.89716],[106.71819,16.89783],[106.71893,16.89719],[106.71978,16.89668],[106.72092,16.89678],[106.72398,16.89671],[106.72496,16.89677],[106.72658,16.89704],[106.72767,16.89708],[106.73017,16.89642],[106.73055,16.89656],[106.73123,16.89706],[106.73283,16.89674],[106.73692,16.89682],[106.738,16.89692],[106.73829,16.8971],[106.73879,16.89776],[106.73883,16.8981],[106.73843,16.89922],[106.73843,16.89957],[106.7397,16.89992],[106.74042,16.8998],[106.74097,16.89941],[106.74137,16.89866],[106.74133,16.8976],[106.74142,16.89727],[106.74196,16.8972],[106.74239,16.89749],[106.74365,16.89871],[106.74428,16.89898],[106.74527,16.89905],[106.7456,16.8993],[106.74547,16.89991],[106.74567,16.90008],[106.74641,16.89999],[106.74683,16.8988],[106.74727,16.89899],[106.74761,16.89952],[106.74822,16.89998],[106.74855,16.8999],[106.74953,16.89931],[106.75001,16.89973],[106.75048,16.89983],[106.75134,16.89938],[106.75174,16.89951],[106.752,16.90009],[106.75234,16.90032],[106.75295,16.90044],[106.75416,16.90008],[106.75517,16.89955],[106.75629,16.89927],[106.75663,16.89893],[106.75677,16.89823],[106.7564,16.89765],[106.75633,16.897],[106.75679,16.89669],[106.75749,16.89687],[106.75799,16.89739],[106.75949,16.89737],[106.76148,16.89694],[106.76122,16.89629],[106.76153,16.89565],[106.76239,16.89564],[106.76375,16.89618],[106.76686,16.89674],[106.76861,16.89668],[106.77102,16.89668],[106.7728,16.89622],[106.77374,16.89583],[106.77476,16.89531],[106.77538,16.89514],[106.776,16.89533],[106.77603,16.89705],[106.77583,16.8986],[106.77636,16.89879],[106.7769,16.89874],[106.77752,16.8984],[106.77786,16.89783],[106.77802,16.89717],[106.77882,16.89594],[106.7797,16.89516],[106.78059,16.89482],[106.78162,16.89468],[106.78249,16.89466],[106.78351,16.89427],[106.78438,16.8936],[106.78535,16.89316],[106.78609,16.89334],[106.78754,16.8943],[106.78809,16.8948],[106.78853,16.89483],[106.78879,16.89455],[106.78888,16.89392],[106.78883,16.89319],[106.78853,16.89233],[106.78866,16.89177],[106.78897,16.8916],[106.78962,16.89169],[106.79016,16.89193],[106.79074,16.89262],[106.79069,16.89342],[106.79149,16.89372],[106.79195,16.89402],[106.79255,16.89412],[106.79313,16.89394],[106.79334,16.89293],[106.7931,16.89228],[106.79333,16.89179],[106.79431,16.89125],[106.79542,16.89123],[106.79707,16.89151],[106.79818,16.89192],[106.79903,16.89233],[106.79934,16.89264],[106.79916,16.89324],[106.79831,16.89395],[106.79836,16.8947],[106.79976,16.89506],[106.80086,16.89507],[106.80459,16.89432],[106.80527,16.89373],[106.80544,16.89297],[106.80536,16.89249],[106.80483,16.89142],[106.80608,16.89004],[106.8073,16.88899],[106.80797,16.88885],[106.80852,16.889],[106.80953,16.89008],[106.80982,16.89068],[106.81075,16.8921],[106.81098,16.89276],[106.811,16.89397],[106.8113,16.89407],[106.81261,16.89349],[106.81361,16.89354],[106.81394,16.89395],[106.81346,16.89495],[106.81425,16.89557],[106.8145,16.89557],[106.81512,16.89513],[106.81609,16.89424],[106.81676,16.89323],[106.81751,16.89318],[106.81819,16.8936],[106.81838,16.89464],[106.81804,16.89567],[106.81808,16.89636],[106.81835,16.89674],[106.81885,16.89697],[106.81981,16.89677],[106.8202,16.89656],[106.82029,16.89544],[106.81998,16.89502],[106.82004,16.89469],[106.82059,16.89437],[106.82191,16.89461],[106.82221,16.89496],[106.82189,16.8961],[106.82195,16.89646],[106.82184,16.89745],[106.82159,16.89873],[106.82304,16.899],[106.82362,16.89826],[106.82418,16.89803],[106.82491,16.8986],[106.82535,16.8994],[106.82586,16.89961],[106.82656,16.89945],[106.82714,16.89884],[106.82737,16.89757],[106.82738,16.89626],[106.82771,16.89575],[106.82823,16.89583],[106.82845,16.89608],[106.82891,16.89703],[106.82886,16.89747],[106.82944,16.89794],[106.82971,16.89798],[106.83116,16.89647],[106.83229,16.89685],[106.8327,16.89725],[106.83261,16.89759],[106.8321,16.89806],[106.83142,16.89844],[106.83078,16.89852],[106.83005,16.89898],[106.82976,16.89985],[106.8299,16.90036],[106.83064,16.90056],[106.8321,16.90026],[106.83357,16.89988],[106.83508,16.89937],[106.83577,16.89957],[106.83652,16.90084],[106.83695,16.90175],[106.8372,16.90264],[106.83764,16.90268],[106.83862,16.90224],[106.8392,16.90229],[106.83986,16.90265],[106.84077,16.90334],[106.84163,16.90347],[106.84195,16.90336],[106.84257,16.90276],[106.84274,16.9024],[106.84346,16.90202],[106.84429,16.90201],[106.84504,16.90226],[106.84563,16.90286],[106.8454,16.9038],[106.84476,16.90457],[106.84483,16.90523],[106.84539,16.90545],[106.84607,16.90507],[106.84669,16.90456],[106.84741,16.90431],[106.84841,16.90441],[106.84899,16.90416],[106.84938,16.90331],[106.85014,16.90317],[106.85107,16.90366],[106.8523,16.90474],[106.8529,16.90544],[106.85292,16.90588],[106.85246,16.90659],[106.85256,16.90687],[106.85306,16.9069],[106.85418,16.90647],[106.85521,16.90578],[106.85726,16.90564],[106.85773,16.90601],[106.85775,16.90633],[106.85665,16.90758],[106.8563,16.9082],[106.8566,16.90873],[106.85738,16.90881],[106.85889,16.90832],[106.85919,16.90797],[106.85931,16.90672],[106.85954,16.90641],[106.86022,16.90604],[106.86073,16.90607],[106.86096,16.90632],[106.86096,16.90747],[106.86177,16.90777],[106.86406,16.9076],[106.86438,16.90806],[106.86381,16.90874],[106.86304,16.90874],[106.86283,16.90889],[106.86228,16.91],[106.86223,16.91073],[106.86317,16.91116],[106.86372,16.91088],[106.86431,16.91033],[106.86487,16.91018],[106.86554,16.91042],[106.86569,16.91066],[106.86667,16.91071],[106.867,16.91113],[106.86732,16.91187],[106.86789,16.91196],[106.86849,16.91092],[106.86856,16.90993],[106.86899,16.90981],[106.86988,16.91068],[106.87,16.91106],[106.87057,16.91162],[106.87078,16.91226],[106.87067,16.91373],[106.87045,16.91405],[106.87062,16.91464],[106.87116,16.91489],[106.87202,16.91467],[106.8727,16.91358],[106.87282,16.9127],[106.87276,16.9121],[106.87255,16.91165],[106.87247,16.91031],[106.87277,16.9092],[106.87302,16.90903],[106.87411,16.90903],[106.8748,16.90873],[106.87569,16.90811],[106.87601,16.90748],[106.87604,16.90711],[106.87582,16.90651],[106.87596,16.90619],[106.87645,16.90609],[106.87717,16.90622],[106.87768,16.90617],[106.87883,16.90522],[106.87937,16.90512],[106.87981,16.90528],[106.8808,16.90588],[106.88157,16.90646],[106.88218,16.90643],[106.88243,16.90618],[106.88255,16.90555],[106.88237,16.90374],[106.88293,16.90345],[106.88377,16.90362],[106.8843,16.90391],[106.88559,16.90437],[106.88558,16.90476],[106.88521,16.90514],[106.88474,16.906],[106.88501,16.90695],[106.88605,16.90872],[106.88655,16.90937],[106.88702,16.90971],[106.88791,16.91009],[106.88864,16.91133],[106.88897,16.91149],[106.88956,16.91143],[106.89051,16.91173],[106.89154,16.91164],[106.89251,16.91069],[106.89302,16.90989],[106.89337,16.90973],[106.89461,16.90994],[106.89524,16.90956],[106.89604,16.90818],[106.89633,16.90783],[106.89728,16.90749],[106.89786,16.9076],[106.89807,16.90784],[106.89878,16.90914],[106.89964,16.91008],[106.89997,16.91129],[106.89973,16.91231],[106.89939,16.91269],[106.89816,16.91357],[106.89791,16.91393],[106.89818,16.9146],[106.89883,16.91509],[106.89975,16.91514],[106.90161,16.915],[106.90327,16.915],[106.90448,16.91462],[106.90513,16.91457],[106.90558,16.91475],[106.90616,16.91582],[106.90596,16.91699],[106.90595,16.91762],[106.90623,16.91819],[106.9067,16.91854],[106.90741,16.91861],[106.90894,16.91841],[106.91107,16.91867],[106.9125,16.91934],[106.91503,16.91997],[106.91512,16.92022],[106.91468,16.92147],[106.91503,16.92255],[106.91612,16.9237],[106.91654,16.92407],[106.91693,16.92408],[106.9175,16.92359],[106.9186,16.92318],[106.91877,16.92261],[106.91857,16.92209],[106.91876,16.92146],[106.91934,16.9211],[106.92058,16.92075],[106.9211,16.92106],[106.92055,16.92258],[106.92043,16.92337],[106.92084,16.92388],[106.92233,16.92389],[106.92271,16.92404],[106.92438,16.92544],[106.92516,16.92555],[106.92553,16.92548],[106.92686,16.92479],[106.9278,16.92387],[106.92845,16.92356],[106.92912,16.92361],[106.92962,16.92399],[106.93034,16.92378],[106.93067,16.92383],[106.93146,16.92441],[106.93184,16.92487],[106.9323,16.92597],[106.93301,16.92684],[106.93384,16.92694],[106.93442,16.92629],[106.935,16.92461],[106.93559,16.9242],[106.93661,16.92406],[106.9373,16.92377],[106.93907,16.92326],[106.94014,16.92318],[106.94037,16.92335],[106.94036,16.92404],[106.94053,16.92535],[106.94091,16.92602],[106.94259,16.92732],[106.94287,16.9276],[106.94354,16.92883],[106.94406,16.92964],[106.94433,16.93034],[106.94428,16.93078],[106.94383,16.93139],[106.94266,16.93187],[106.94269,16.9325],[106.94385,16.93384],[106.94415,16.93392],[106.94594,16.93362],[106.94676,16.93386],[106.94725,16.93461],[106.94896,16.93635],[106.94962,16.93693],[106.94965,16.93756],[106.9494,16.93795],[106.94872,16.93862],[106.94823,16.93894],[106.94759,16.93873],[106.94703,16.938],[106.94643,16.93742],[106.94583,16.93739],[106.9447,16.93832],[106.94449,16.9388],[106.94457,16.93971],[106.9448,16.94031],[106.94517,16.94058],[106.94659,16.94113],[106.94705,16.94165],[106.94717,16.94234],[106.94696,16.94392],[106.94584,16.94393],[106.94426,16.94409],[106.94267,16.94395],[106.94214,16.94416],[106.94189,16.94495],[106.94214,16.94564],[106.94256,16.94578],[106.94316,16.94562],[106.94359,16.94569],[106.94456,16.9456],[106.94596,16.94702],[106.94612,16.94762],[106.94618,16.94878],[106.94582,16.94884],[106.94412,16.94855],[106.94324,16.94862],[106.94296,16.9495],[106.9431,16.95011],[106.94342,16.95062],[106.94342,16.95101],[106.94155,16.95233],[106.94152,16.95281],[106.94105,16.95301],[106.94005,16.95283],[106.93973,16.95243],[106.9388,16.9522],[106.93708,16.95218],[106.93645,16.95168],[106.93547,16.95139],[106.9343,16.95124],[106.93369,16.95173],[106.93308,16.953],[106.93232,16.95383],[106.93148,16.95439],[106.93105,16.9563],[106.93069,16.95693],[106.93123,16.95731],[106.92981,16.95971],[106.92928,16.96037],[106.92894,16.96162],[106.92757,16.9633],[106.92677,16.96361],[106.92513,16.96381],[106.92437,16.96459],[106.92421,16.96571],[106.92458,16.96617],[106.92477,16.96672],[106.92475,16.96723],[106.92373,16.96798],[106.92253,16.96803],[106.92154,16.9682],[106.91968,16.96837],[106.91821,16.97016],[106.91812,16.97044],[106.91813,16.97228],[106.9195,16.97293],[106.92039,16.97358],[106.91994,16.97483],[106.91972,16.97508],[106.92045,16.97652],[106.9221,16.97685],[106.92255,16.97738],[106.92263,16.9778],[106.92206,16.9781],[106.92219,16.97866],[106.92187,16.98007],[106.92213,16.98043],[106.92284,16.98074],[106.92293,16.98102],[106.92365,16.9812],[106.9236,16.98066],[106.92383,16.98016],[106.92434,16.98027],[106.92434,16.98078],[106.92476,16.98126],[106.92542,16.98127],[106.92551,16.98196],[106.92602,16.98192],[106.92721,16.98321],[106.92753,16.9829],[106.92805,16.98305],[106.92888,16.98384],[106.9295,16.98392],[106.9297,16.98492],[106.93032,16.98515],[106.9302,16.98584],[106.93055,16.9861],[106.93116,16.986],[106.93133,16.98713],[106.93055,16.98823],[106.93073,16.98862],[106.93017,16.98936],[106.92987,16.99131],[106.92979,16.99222],[106.9299,16.99267],[106.92963,16.99306],[106.9298,16.99354],[106.93024,16.99373],[106.93035,16.99434],[106.93119,16.99483],[106.93134,16.99534],[106.93187,16.99589],[106.93191,16.9963],[106.93279,16.9976],[106.93362,16.99839],[106.93486,16.99877],[106.93489,16.99926],[106.93399,17.00072],[106.93347,17.00139],[106.93307,17.00224],[106.93263,17.00258],[106.93097,17.00271],[106.93097,17.00317],[106.93289,17.00348],[106.93321,17.00387],[106.93312,17.00419],[106.93222,17.00495],[106.93297,17.00516],[106.93336,17.00482],[106.93442,17.00475],[106.93486,17.00507],[106.93604,17.00527],[106.93658,17.00515],[106.93689,17.0055],[106.93628,17.00665],[106.93638,17.00706],[106.93699,17.00721],[106.93717,17.00744],[106.93803,17.00744],[106.93748,17.00853],[106.93729,17.00858],[106.93661,17.00802],[106.93634,17.00826],[106.93589,17.00803],[106.93507,17.00811],[106.93458,17.00801],[106.93442,17.00827],[106.93388,17.00816],[106.93381,17.00847],[106.93306,17.00858],[106.93262,17.00779],[106.93243,17.00777],[106.93247,17.00892],[106.9331,17.00906],[106.9338,17.00884],[106.93461,17.00891],[106.93559,17.00883],[106.93601,17.00926],[106.93583,17.00976],[106.93657,17.00961],[106.93699,17.01082],[106.93722,17.01103],[106.93694,17.01151],[106.9361,17.01127],[106.93546,17.01135],[106.93537,17.01167],[106.9366,17.0122],[106.93672,17.01255],[106.93722,17.01292],[106.93729,17.01368],[106.93773,17.0133],[106.93826,17.01352],[106.93852,17.01384],[106.93887,17.01381],[106.93926,17.01413],[106.93958,17.01482],[106.93962,17.01525],[106.94006,17.01589],[106.94002,17.01659],[106.94074,17.01711],[106.9407,17.01751],[106.94028,17.01757],[106.93952,17.01647],[106.93909,17.01617],[106.93827,17.0159],[106.93839,17.0152],[106.93827,17.01468],[106.93763,17.01491],[106.93738,17.01556],[106.93678,17.01563],[106.93589,17.01482],[106.93605,17.01425],[106.93591,17.01341],[106.93509,17.01437],[106.93464,17.01443],[106.93441,17.01391],[106.93402,17.01392],[106.93347,17.01351],[106.93345,17.01324],[106.93383,17.01285],[106.93359,17.01238],[106.9337,17.01163],[106.93355,17.01138],[106.93305,17.01134],[106.93311,17.01222],[106.93249,17.0125],[106.93216,17.0131],[106.93174,17.01316],[106.93127,17.01249],[106.93065,17.01205],[106.93095,17.01112],[106.93022,17.01079],[106.93032,17.01031],[106.92995,17.00994],[106.92993,17.00951],[106.92934,17.00855],[106.9292,17.0089],[106.92956,17.00958],[106.92963,17.0101],[106.92884,17.01015],[106.92826,17.0099],[106.928,17.00902],[106.92763,17.00854],[106.92775,17.00809],[106.92728,17.00763],[106.92676,17.00664],[106.92642,17.00746],[106.92608,17.00768],[106.92553,17.00753],[106.9252,17.00698],[106.92492,17.00715],[106.9245,17.00649],[106.92377,17.00647],[106.92331,17.00663],[106.9231,17.00558],[106.92363,17.00538],[106.92345,17.00507],[106.9235,17.00447],[106.92205,17.00404],[106.92165,17.00459],[106.92166,17.00568],[106.9223,17.00667],[106.92331,17.00717],[106.92416,17.00783],[106.92486,17.00825],[106.9254,17.00891],[106.92528,17.00952],[106.92402,17.01174],[106.92362,17.01275],[106.92351,17.0141],[106.92386,17.01455],[106.92437,17.01481],[106.92485,17.01557],[106.92482,17.01678],[106.92449,17.01754],[106.92469,17.01868],[106.92501,17.01909],[106.925,17.01962],[106.92541,17.0204],[106.92612,17.02126],[106.92629,17.02174],[106.92798,17.02296],[106.92843,17.024],[106.92941,17.02521],[106.93022,17.02724],[106.93034,17.02783],[106.93032,17.02871],[106.93133,17.03051],[106.93149,17.03107],[106.93155,17.03287],[106.93183,17.03326],[106.93374,17.03466],[106.93433,17.03498],[106.93507,17.03512],[106.93597,17.03583],[106.93671,17.03711],[106.93663,17.03741],[106.93753,17.03831],[106.93791,17.03833],[106.93849,17.0381],[106.93948,17.03861],[106.93958,17.04075],[106.93981,17.04119],[106.94043,17.0417],[106.94229,17.04306],[106.94235,17.04343],[106.94274,17.04415],[106.9427,17.04494],[106.94149,17.04498],[106.93933,17.04483],[106.93876,17.04495],[106.93852,17.04546],[106.93848,17.04624],[106.93829,17.04652],[106.93753,17.04661],[106.93555,17.04631],[106.93489,17.04611],[106.93418,17.04562],[106.93306,17.04393],[106.93214,17.04331],[106.93109,17.04282],[106.9297,17.04169],[106.92892,17.04097],[106.92831,17.04025],[106.92698,17.03792],[106.9265,17.0372],[106.92623,17.03609],[106.92599,17.03568],[106.92547,17.03537],[106.92452,17.03511],[106.92322,17.03502],[106.92243,17.03516],[106.92097,17.03569],[106.92024,17.03569],[106.91941,17.0352],[106.91833,17.03484],[106.91698,17.03365],[106.91675,17.03332],[106.91618,17.03296],[106.91556,17.03282],[106.91497,17.03293],[106.91466,17.03368],[106.91413,17.03397],[106.91383,17.03322],[106.91419,17.03276],[106.91415,17.03239],[106.91376,17.03234],[106.91369,17.03164],[106.91319,17.03144],[106.91303,17.03114],[106.91249,17.03124],[106.91214,17.03071],[106.91177,17.03116],[106.91119,17.03096],[106.91103,17.03126],[106.91054,17.03142],[106.91054,17.03081],[106.90992,17.03036],[106.90954,17.03055],[106.9093,17.03032],[106.90877,17.03057],[106.90702,17.03044],[106.90577,17.03113],[106.90566,17.03152],[106.90511,17.03199],[106.90613,17.03213],[106.90564,17.03262],[106.90566,17.03294],[106.90524,17.03342],[106.90487,17.0331],[106.90412,17.03317],[106.90389,17.03345],[106.90383,17.03415],[106.90406,17.03495],[106.90351,17.03559],[106.90278,17.03527],[106.90262,17.03563],[106.90211,17.03551],[106.90215,17.03615],[106.90197,17.03659],[106.90154,17.03704],[106.90096,17.03719],[106.90066,17.03767],[106.90014,17.0379],[106.89996,17.0384],[106.90094,17.03929],[106.90108,17.03974],[106.90223,17.04081],[106.90339,17.04176],[106.90411,17.04253],[106.90462,17.04333],[106.90682,17.04477],[106.90672,17.0458],[106.90692,17.04654],[106.90725,17.04675],[106.90731,17.04723],[106.90775,17.04785],[106.90843,17.04828],[106.90882,17.04886],[106.91008,17.04989],[106.91055,17.05084],[106.91122,17.05124],[106.91345,17.05287],[106.91812,17.05163],[106.92335,17.05325],[106.92684,17.05497],[106.92656,17.056],[106.92661,17.05669],[106.92763,17.06048],[106.9266,17.0606],[106.92564,17.06034],[106.92492,17.05975],[106.92257,17.05744],[106.92188,17.05714],[106.92099,17.05705],[106.91972,17.0572],[106.91908,17.05763],[106.91892,17.05814],[106.91979,17.05898],[106.91998,17.05958],[106.91992,17.0603],[106.91942,17.06129],[106.91825,17.06226],[106.91758,17.0625],[106.91644,17.06268],[106.91416,17.0629],[106.91239,17.06339],[106.90755,17.06412],[106.906,17.06426],[106.90409,17.06462],[106.90252,17.0654],[106.90014,17.06622],[106.89747,17.06684],[106.89662,17.06742],[106.89617,17.06828],[106.89649,17.06904],[106.89707,17.06973],[106.89705,17.07015],[106.89654,17.0714],[106.89585,17.07224],[106.89457,17.07274],[106.89358,17.07329],[106.89288,17.07352],[106.89243,17.07325],[106.89236,17.0722],[106.892,17.07192],[106.89156,17.07193],[106.89137,17.07242],[106.89072,17.07226],[106.88998,17.07243],[106.88923,17.07216],[106.88874,17.07168],[106.88834,17.07195],[106.88768,17.0721],[106.88759,17.07279],[106.88697,17.07313],[106.88674,17.07365],[106.88631,17.07386],[106.88599,17.07436],[106.88502,17.07457],[106.88445,17.07407],[106.88407,17.07395],[106.88346,17.07431],[106.88313,17.07417],[106.88235,17.0744],[106.88197,17.07487],[106.88138,17.07451],[106.88107,17.07461],[106.88047,17.07514],[106.87975,17.07492],[106.87834,17.07566],[106.87834,17.0764],[106.87774,17.07623],[106.87696,17.07582],[106.87639,17.07602],[106.87612,17.07648],[106.8757,17.07672],[106.87534,17.07656],[106.87399,17.07764],[106.87391,17.07811],[106.87339,17.07862],[106.87285,17.07876],[106.87249,17.07961],[106.87192,17.07973],[106.87171,17.07947],[106.87107,17.08005],[106.87011,17.08036],[106.86977,17.08017],[106.86883,17.08037],[106.86825,17.08069],[106.86774,17.08121],[106.86531,17.08019],[106.86233,17.07827],[106.86109,17.07709]]]},"properties":{"name":"Bến Quan","nameEn":"Ben Quan","fullName":"Xã Bến Quan","fullNameEn":"Ben Quan Commune","codeName":"ben_quan","areaKm2":278.99,"postalCode":"48423","code":"19366"}},{"type":"Feature","geometry":{"type":"Polygon","coordinates":[[[106.969,17.13786],[106.97134,17.13747],[106.97197,17.13723],[106.97759,17.131],[106.98556,17.12541],[106.98557,17.12399],[106.98566,17.12323],[106.98863,17.11521],[106.98811,17.10973],[106.9881,17.1088],[106.98787,17.10834],[106.98708,17.10745],[106.97943,17.09896],[106.98198,17.09542],[106.98446,17.09214],[106.98656,17.08926],[106.98784,17.08762],[106.98966,17.08517],[106.99271,17.08102],[106.99706,17.07493],[106.99877,17.07607],[106.99727,17.07744],[106.99677,17.07943],[106.99724,17.08028],[106.99842,17.08125],[107.00234,17.08314],[107.00352,17.08274],[107.00425,17.08237],[107.005,17.08175],[107.00572,17.08135],[107.00864,17.08116],[107.00926,17.08137],[107.01093,17.08048],[107.0118,17.0803],[107.01277,17.08156],[107.01409,17.08146],[107.0145,17.08157],[107.01575,17.08096],[107.01652,17.08092],[107.01612,17.07918],[107.01538,17.07756],[107.01513,17.07681],[107.01498,17.07559],[107.0161,17.07574],[107.01929,17.07653],[107.01948,17.07636],[107.0206,17.07347],[107.02129,17.07353],[107.0222,17.07229],[107.02293,17.07032],[107.02437,17.06994],[107.02448,17.06676],[107.02471,17.06626],[107.02265,17.0651],[107.02403,17.06342],[107.02447,17.06303],[107.02473,17.06255],[107.02624,17.06051],[107.0265,17.06061],[107.02704,17.06038],[107.03069,17.05477],[107.0328,17.05772],[107.03402,17.05699],[107.03522,17.05718],[107.03581,17.05741],[107.03578,17.05677],[107.03631,17.05606],[107.03576,17.05604],[107.03527,17.05585],[107.03504,17.056],[107.03377,17.05593],[107.03327,17.0554],[107.03298,17.05446],[107.03303,17.05364],[107.03212,17.053],[107.03205,17.05165],[107.03189,17.05142],[107.03056,17.05121],[107.03029,17.05105],[107.02993,17.05007],[107.0304,17.0493],[107.03029,17.04867],[107.02842,17.04661],[107.02822,17.045],[107.02853,17.04482],[107.02874,17.04435],[107.02823,17.04182],[107.02731,17.03985],[107.02561,17.03646],[107.0263,17.03588],[107.02692,17.03512],[107.02765,17.03402],[107.02896,17.03172],[107.03113,17.02777],[107.03204,17.0264],[107.03274,17.02561],[107.03349,17.02503],[107.03572,17.02366],[107.03719,17.02295],[107.03756,17.02332],[107.03833,17.02513],[107.03955,17.02729],[107.04325,17.02343],[107.04484,17.02574],[107.04564,17.02572],[107.05124,17.02347],[107.05128,17.02347],[107.05267,17.02685],[107.05373,17.02929],[107.05377,17.02991],[107.05307,17.03024],[107.05304,17.03058],[107.05389,17.0334],[107.05405,17.03449],[107.05415,17.03609],[107.05433,17.03792],[107.05454,17.04097],[107.05482,17.04313],[107.05912,17.04088],[107.05971,17.04055],[107.06029,17.04088],[107.06068,17.04193],[107.06048,17.04256],[107.06052,17.04341],[107.06028,17.04459],[107.06043,17.04541],[107.06037,17.04604],[107.06054,17.0472],[107.06044,17.04803],[107.06087,17.04822],[107.0614,17.04882],[107.06175,17.04961],[107.06322,17.05086],[107.06394,17.05165],[107.06462,17.05195],[107.0655,17.05318],[107.06614,17.05375],[107.06619,17.05478],[107.06688,17.05513],[107.06769,17.05574],[107.06867,17.05625],[107.0694,17.05689],[107.07069,17.05859],[107.07117,17.05903],[107.06922,17.06038],[107.07127,17.0631],[107.07025,17.06485],[107.06971,17.06601],[107.07115,17.06794],[107.07012,17.07004],[107.06991,17.07096],[107.06975,17.07219],[107.07006,17.07233],[107.07028,17.07321],[107.0701,17.07426],[107.07054,17.07563],[107.07056,17.07625],[107.07042,17.07679],[107.07126,17.07885],[107.07103,17.07933],[107.07095,17.08035],[107.07107,17.08147],[107.07135,17.08172],[107.07137,17.08233],[107.07168,17.08291],[107.07198,17.08313],[107.07259,17.08389],[107.07336,17.08415],[107.07332,17.08456],[107.0727,17.08586],[107.07135,17.08789],[107.07131,17.08824],[107.07364,17.0889],[107.0749,17.08917],[107.07708,17.09452],[107.07621,17.09799],[107.07624,17.0989],[107.07659,17.10009],[107.07691,17.10081],[107.07702,17.10198],[107.07747,17.10355],[107.078,17.10394],[107.07876,17.10404],[107.07906,17.1044],[107.07946,17.10531],[107.07965,17.10603],[107.08004,17.10682],[107.07868,17.10771],[107.07779,17.10794],[107.07715,17.10828],[107.0762,17.10905],[107.07455,17.10974],[107.07355,17.11034],[107.07327,17.11076],[107.07242,17.11121],[107.07151,17.11182],[107.07038,17.11226],[107.06818,17.11392],[107.06688,17.1146],[107.06459,17.11621],[107.06364,17.11675],[107.0632,17.11678],[107.06234,17.11724],[107.06124,17.11802],[107.0605,17.11819],[107.05928,17.11881],[107.0578,17.11992],[107.0575,17.12033],[107.05588,17.12113],[107.05506,17.12182],[107.05437,17.12211],[107.05417,17.12245],[107.05363,17.12257],[107.05271,17.12327],[107.05187,17.12341],[107.05145,17.12379],[107.05093,17.12399],[107.05016,17.12487],[107.0487,17.12527],[107.04874,17.12505],[107.04984,17.12478],[107.05025,17.12426],[107.05009,17.12356],[107.04901,17.12343],[107.0484,17.1238],[107.04807,17.12423],[107.04694,17.12476],[107.0463,17.12486],[107.04571,17.12537],[107.04594,17.12552],[107.04686,17.125],[107.0485,17.12432],[107.04917,17.12374],[107.05,17.12385],[107.05009,17.12423],[107.04952,17.12478],[107.04854,17.12497],[107.0485,17.12557],[107.04791,17.12596],[107.04778,17.12627],[107.04644,17.12698],[107.04569,17.12787],[107.04507,17.12784],[107.04419,17.12868],[107.04351,17.12893],[107.04309,17.12941],[107.04226,17.12987],[107.04165,17.13041],[107.0406,17.13108],[107.04024,17.13116],[107.03911,17.13182],[107.03774,17.1325],[107.03675,17.1334],[107.03559,17.13411],[107.035,17.13438],[107.03369,17.13542],[107.03303,17.13585],[107.0326,17.13594],[107.03174,17.1368],[107.03143,17.13693],[107.0308,17.13756],[107.0301,17.13771],[107.02967,17.13829],[107.02908,17.13859],[107.0282,17.13921],[107.02775,17.13966],[107.02624,17.14061],[107.02506,17.14148],[107.02461,17.14168],[107.02404,17.14218],[107.02306,17.14274],[107.02273,17.14276],[107.02225,17.14316],[107.02201,17.14357],[107.02068,17.14456],[107.0199,17.14531],[107.01911,17.14574],[107.01854,17.14593],[107.01807,17.14651],[107.01777,17.14628],[107.01724,17.14657],[107.01686,17.14698],[107.01555,17.14776],[107.01506,17.14792],[107.01423,17.14841],[107.01351,17.14907],[107.01315,17.14913],[107.01215,17.14983],[107.01088,17.15086],[107.00869,17.15245],[107.00832,17.1526],[107.00736,17.1535],[107.00641,17.15401],[107.00616,17.15445],[107.00569,17.15465],[107.0034,17.15621],[107.0026,17.15693],[107.00081,17.15807],[106.99878,17.15974],[106.99757,17.16096],[106.99462,17.1627],[106.99406,17.16309],[106.99271,17.16428],[106.992,17.16468],[106.99116,17.16542],[106.99007,17.16427],[106.98966,17.16389],[106.98872,17.1627],[106.9868,17.16071],[106.98446,17.15552],[106.97136,17.14353],[106.96972,17.13955],[106.969,17.13786]]]},"properties":{"name":"Vĩnh Hoàng","nameEn":"Vinh Hoang","fullName":"Xã Vĩnh Hoàng","fullNameEn":"Vinh Hoang Commune","codeName":"vinh_hoang","areaKm2":87.06,"postalCode":"48429","code":"19372"}},{"type":"Feature","geometry":{"type":"Polygon","coordinates":[[[106.9427,17.04494],[106.94274,17.04415],[106.94235,17.04343],[106.94229,17.04306],[106.94043,17.0417],[106.93981,17.04119],[106.93958,17.04075],[106.93948,17.03861],[106.93849,17.0381],[106.93791,17.03833],[106.93753,17.03831],[106.93663,17.03741],[106.93671,17.03711],[106.93597,17.03583],[106.93507,17.03512],[106.93433,17.03498],[106.93374,17.03466],[106.93183,17.03326],[106.93155,17.03287],[106.93149,17.03107],[106.93133,17.03051],[106.93032,17.02871],[106.93034,17.02783],[106.93022,17.02724],[106.92941,17.02521],[106.92843,17.024],[106.92798,17.02296],[106.92629,17.02174],[106.92612,17.02126],[106.92541,17.0204],[106.925,17.01962],[106.92501,17.01909],[106.92469,17.01868],[106.92449,17.01754],[106.92482,17.01678],[106.92485,17.01557],[106.92437,17.01481],[106.92386,17.01455],[106.92351,17.0141],[106.92362,17.01275],[106.92402,17.01174],[106.92528,17.00952],[106.9254,17.00891],[106.92486,17.00825],[106.92416,17.00783],[106.92331,17.00717],[106.9223,17.00667],[106.92166,17.00568],[106.92165,17.00459],[106.92205,17.00404],[106.9235,17.00447],[106.92345,17.00507],[106.92363,17.00538],[106.9231,17.00558],[106.92331,17.00663],[106.92377,17.00647],[106.9245,17.00649],[106.92492,17.00715],[106.9252,17.00698],[106.92553,17.00753],[106.92608,17.00768],[106.92642,17.00746],[106.92676,17.00664],[106.92728,17.00763],[106.92775,17.00809],[106.92763,17.00854],[106.928,17.00902],[106.92826,17.0099],[106.92884,17.01015],[106.92963,17.0101],[106.92956,17.00958],[106.9292,17.0089],[106.92934,17.00855],[106.92993,17.00951],[106.92995,17.00994],[106.93032,17.01031],[106.93022,17.01079],[106.93095,17.01112],[106.93065,17.01205],[106.93127,17.01249],[106.93174,17.01316],[106.93216,17.0131],[106.93249,17.0125],[106.93311,17.01222],[106.93305,17.01134],[106.93355,17.01138],[106.9337,17.01163],[106.93359,17.01238],[106.93383,17.01285],[106.93345,17.01324],[106.93347,17.01351],[106.93402,17.01392],[106.93441,17.01391],[106.93464,17.01443],[106.93509,17.01437],[106.93591,17.01341],[106.93605,17.01425],[106.93589,17.01482],[106.93678,17.01563],[106.93738,17.01556],[106.93763,17.01491],[106.93827,17.01468],[106.93839,17.0152],[106.93827,17.0159],[106.93909,17.01617],[106.93952,17.01647],[106.94028,17.01757],[106.9407,17.01751],[106.94074,17.01711],[106.94002,17.01659],[106.94006,17.01589],[106.93962,17.01525],[106.93958,17.01482],[106.93926,17.01413],[106.93887,17.01381],[106.93852,17.01384],[106.93826,17.01352],[106.93773,17.0133],[106.93729,17.01368],[106.93722,17.01292],[106.93672,17.01255],[106.9366,17.0122],[106.93537,17.01167],[106.93546,17.01135],[106.9361,17.01127],[106.93694,17.01151],[106.93722,17.01103],[106.93699,17.01082],[106.93657,17.00961],[106.93583,17.00976],[106.93601,17.00926],[106.93559,17.00883],[106.93461,17.00891],[106.9338,17.00884],[106.9331,17.00906],[106.93247,17.00892],[106.93243,17.00777],[106.93262,17.00779],[106.93306,17.00858],[106.93381,17.00847],[106.93388,17.00816],[106.93442,17.00827],[106.93458,17.00801],[106.93507,17.00811],[106.93589,17.00803],[106.93634,17.00826],[106.93661,17.00802],[106.93729,17.00858],[106.93748,17.00853],[106.93803,17.00744],[106.93717,17.00744],[106.93699,17.00721],[106.93638,17.00706],[106.93628,17.00665],[106.93689,17.0055],[106.93658,17.00515],[106.93604,17.00527],[106.93486,17.00507],[106.93442,17.00475],[106.93336,17.00482],[106.93297,17.00516],[106.93222,17.00495],[106.93312,17.00419],[106.93321,17.00387],[106.93289,17.00348],[106.93097,17.00317],[106.93097,17.00271],[106.93263,17.00258],[106.93307,17.00224],[106.93347,17.00139],[106.93399,17.00072],[106.93489,16.99926],[106.93486,16.99877],[106.93362,16.99839],[106.93279,16.9976],[106.93191,16.9963],[106.93187,16.99589],[106.93134,16.99534],[106.93119,16.99483],[106.93035,16.99434],[106.93024,16.99373],[106.9298,16.99354],[106.92963,16.99306],[106.9299,16.99267],[106.92979,16.99222],[106.92987,16.99131],[106.93017,16.98936],[106.93073,16.98862],[106.93055,16.98823],[106.93133,16.98713],[106.93116,16.986],[106.93055,16.9861],[106.9302,16.98584],[106.93032,16.98515],[106.9297,16.98492],[106.9295,16.98392],[106.92888,16.98384],[106.92805,16.98305],[106.92753,16.9829],[106.92721,16.98321],[106.92602,16.98192],[106.92551,16.98196],[106.92542,16.98127],[106.92476,16.98126],[106.92434,16.98078],[106.92434,16.98027],[106.92383,16.98016],[106.9236,16.98066],[106.92365,16.9812],[106.92293,16.98102],[106.92284,16.98074],[106.92213,16.98043],[106.92187,16.98007],[106.92219,16.97866],[106.92206,16.9781],[106.92263,16.9778],[106.92255,16.97738],[106.9221,16.97685],[106.92045,16.97652],[106.91972,16.97508],[106.91994,16.97483],[106.92039,16.97358],[106.9195,16.97293],[106.91813,16.97228],[106.91812,16.97044],[106.91821,16.97016],[106.91968,16.96837],[106.92154,16.9682],[106.92253,16.96803],[106.92373,16.96798],[106.92475,16.96723],[106.92477,16.96672],[106.92458,16.96617],[106.92421,16.96571],[106.92437,16.96459],[106.92513,16.96381],[106.92677,16.96361],[106.92757,16.9633],[106.92894,16.96162],[106.92928,16.96037],[106.92981,16.95971],[106.93123,16.95731],[106.93069,16.95693],[106.93105,16.9563],[106.93148,16.95439],[106.93232,16.95383],[106.93308,16.953],[106.93369,16.95173],[106.9343,16.95124],[106.93547,16.95139],[106.93645,16.95168],[106.93708,16.95218],[106.9388,16.9522],[106.93973,16.95243],[106.94005,16.95283],[106.94105,16.95301],[106.94152,16.95281],[106.94199,16.95299],[106.94294,16.95298],[106.94412,16.95197],[106.94506,16.95172],[106.94516,16.95208],[106.94501,16.95293],[106.94521,16.95417],[106.94617,16.95546],[106.94703,16.9563],[106.94751,16.95711],[106.94788,16.95747],[106.94825,16.95711],[106.95041,16.95357],[106.95093,16.9538],[106.9513,16.9543],[106.95141,16.95477],[106.95103,16.95558],[106.95098,16.95608],[106.95062,16.95678],[106.95046,16.95724],[106.94995,16.95841],[106.95016,16.95917],[106.95013,16.96013],[106.9498,16.96043],[106.94868,16.96101],[106.94863,16.96132],[106.94886,16.96198],[106.94984,16.9626],[106.95096,16.96317],[106.95251,16.96376],[106.95341,16.9644],[106.95437,16.9653],[106.95619,16.96637],[106.95703,16.96777],[106.95768,16.96841],[106.95835,16.96889],[106.95906,16.96922],[106.95982,16.96917],[106.96016,16.96896],[106.96103,16.96801],[106.96129,16.96707],[106.96068,16.96619],[106.96049,16.96557],[106.9605,16.96486],[106.96113,16.9641],[106.96204,16.96377],[106.96392,16.96417],[106.96436,16.96452],[106.96434,16.96668],[106.96428,16.96764],[106.96438,16.96797],[106.96486,16.96823],[106.96745,16.96787],[106.96811,16.96751],[106.96824,16.96688],[106.96801,16.96624],[106.96756,16.96558],[106.96745,16.96509],[106.96817,16.96465],[106.96942,16.96463],[106.97019,16.96432],[106.97039,16.9635],[106.97039,16.96257],[106.97064,16.96094],[106.97136,16.95995],[106.9717,16.9598],[106.97217,16.95985],[106.97255,16.96121],[106.97297,16.96232],[106.9733,16.96261],[106.97378,16.96271],[106.97494,16.96221],[106.97539,16.96212],[106.97651,16.96239],[106.97732,16.96312],[106.97754,16.96364],[106.978,16.96573],[106.97857,16.96665],[106.97937,16.96699],[106.98132,16.96689],[106.98223,16.96706],[106.98282,16.96739],[106.98374,16.96812],[106.98496,16.96927],[106.98597,16.97004],[106.98808,16.97133],[106.98915,16.97185],[106.99025,16.972],[106.99199,16.97167],[106.99278,16.97166],[106.99382,16.97205],[106.99606,16.97462],[106.99661,16.97513],[106.99745,16.97559],[106.99879,16.97606],[107.00183,16.97697],[107.00393,16.97775],[107.00762,16.97942],[107.00879,16.97974],[107.01044,16.97992],[107.01135,16.97992],[107.01279,16.97957],[107.01383,16.97894],[107.01846,16.97673],[107.02174,16.97534],[107.02298,16.97493],[107.02469,16.97446],[107.02681,16.97359],[107.02826,16.97308],[107.02993,16.97262],[107.03135,16.97241],[107.03259,16.97235],[107.03479,16.97243],[107.03635,16.97268],[107.03811,16.97312],[107.04155,16.97379],[107.04327,16.9741],[107.0442,16.97437],[107.04668,16.97524],[107.048,16.97595],[107.04995,16.97715],[107.0503,16.9776],[107.053,16.97943],[107.05359,16.97995],[107.05422,16.98082],[107.05478,16.98183],[107.05505,16.98269],[107.0551,16.9836],[107.05494,16.98616],[107.05464,16.98768],[107.05403,16.98901],[107.05323,16.98992],[107.05126,16.99133],[107.05013,16.99266],[107.04943,16.99404],[107.04924,16.99495],[107.04927,16.99701],[107.04951,16.99892],[107.04999,17.00134],[107.05031,17.00233],[107.0509,17.00335],[107.04797,17.00394],[107.04581,17.00447],[107.04507,17.00474],[107.04418,17.00521],[107.04345,17.00581],[107.0428,17.00665],[107.04251,17.00728],[107.04237,17.00816],[107.04244,17.00904],[107.04271,17.01003],[107.04305,17.01079],[107.0437,17.01172],[107.0448,17.01309],[107.04614,17.01418],[107.04715,17.01488],[107.04761,17.01535],[107.04781,17.01583],[107.04753,17.0168],[107.04721,17.01718],[107.0462,17.01788],[107.04446,17.01863],[107.04305,17.01899],[107.04192,17.01957],[107.04067,17.02058],[107.03979,17.02141],[107.03887,17.02215],[107.03773,17.02279],[107.03719,17.02295],[107.03572,17.02366],[107.03349,17.02503],[107.03274,17.02561],[107.03204,17.0264],[107.03113,17.02777],[107.02896,17.03172],[107.02765,17.03402],[107.02692,17.03512],[107.0263,17.03588],[107.02561,17.03646],[107.02492,17.03685],[107.02365,17.03745],[107.02232,17.03791],[107.02026,17.03889],[107.01829,17.04004],[107.0168,17.0411],[107.01504,17.04243],[107.01271,17.04402],[107.01177,17.04457],[107.01081,17.04498],[107.00998,17.0451],[107.00838,17.0447],[107.00599,17.04387],[107.00416,17.04347],[107.00326,17.04346],[107.00238,17.04361],[107.00191,17.0438],[107.00059,17.04468],[106.99964,17.04523],[106.99854,17.04571],[106.99551,17.04668],[106.99479,17.04679],[106.99421,17.04662],[106.99273,17.04553],[106.99115,17.04489],[106.98925,17.04428],[106.98752,17.04383],[106.98699,17.04385],[106.98653,17.04405],[106.98496,17.04563],[106.98382,17.04636],[106.98284,17.04688],[106.98126,17.04744],[106.98014,17.04764],[106.97894,17.04811],[106.97759,17.04878],[106.97658,17.04913],[106.97551,17.04981],[106.97458,17.05057],[106.97399,17.05118],[106.97301,17.05236],[106.97221,17.05348],[106.9719,17.05372],[106.97076,17.05413],[106.97013,17.05406],[106.96966,17.05384],[106.96845,17.05282],[106.96756,17.05221],[106.9658,17.05078],[106.96459,17.05033],[106.9634,17.05047],[106.96176,17.05144],[106.96054,17.05181],[106.95934,17.05193],[106.95732,17.05169],[106.95659,17.05125],[106.95491,17.04976],[106.9543,17.0493],[106.95202,17.04775],[106.95093,17.04729],[106.94977,17.04695],[106.94476,17.04575],[106.94384,17.04522],[106.9427,17.04494]]]},"properties":{"name":"Vĩnh Thuỷ","nameEn":"Vinh Thuy","fullName":"Xã Vĩnh Thuỷ","fullNameEn":"Vinh Thuy Commune","codeName":"vinh_thuy","areaKm2":103.74,"postalCode":"48424","code":"19405"}},{"type":"Feature","geometry":{"type":"Polygon","coordinates":[[[107.03719,17.02295],[107.03773,17.02279],[107.03887,17.02215],[107.03979,17.02141],[107.04067,17.02058],[107.04192,17.01957],[107.04305,17.01899],[107.04446,17.01863],[107.0462,17.01788],[107.04721,17.01718],[107.04753,17.0168],[107.04781,17.01583],[107.04761,17.01535],[107.04715,17.01488],[107.04614,17.01418],[107.0448,17.01309],[107.0437,17.01172],[107.04305,17.01079],[107.04271,17.01003],[107.04244,17.00904],[107.04237,17.00816],[107.04251,17.00728],[107.0428,17.00665],[107.04345,17.00581],[107.04418,17.00521],[107.04507,17.00474],[107.04581,17.00447],[107.04797,17.00394],[107.0509,17.00335],[107.05233,17.005],[107.05396,17.00718],[107.05481,17.00802],[107.05562,17.00864],[107.05673,17.00934],[107.05802,17.01001],[107.05928,17.01027],[107.06054,17.01025],[107.06193,17.0099],[107.06421,17.00888],[107.06506,17.00817],[107.06672,17.00656],[107.06763,17.00587],[107.06857,17.00545],[107.06985,17.00538],[107.07084,17.00544],[107.07179,17.00531],[107.07315,17.00476],[107.07364,17.00429],[107.07435,17.0031],[107.07514,17.00113],[107.07553,17.00047],[107.0761,16.99974],[107.0774,16.99899],[107.07963,16.99817],[107.08082,16.99762],[107.08166,16.99731],[107.08245,16.99689],[107.08321,16.9963],[107.08401,16.99529],[107.08436,16.9945],[107.08483,16.99245],[107.08515,16.99178],[107.08562,16.99118],[107.08638,16.99055],[107.08744,16.99014],[107.08903,16.98997],[107.09047,16.99007],[107.09173,16.99033],[107.09285,16.99089],[107.09393,16.99171],[107.09452,16.99231],[107.09521,16.99325],[107.09583,16.99443],[107.09609,16.99516],[107.09648,16.99673],[107.09722,16.99783],[107.09832,16.99861],[107.09973,16.99899],[107.10307,17.00053],[107.10464,17.00188],[107.10559,17.00325],[107.10643,17.00617],[107.1067,17.00799],[107.10691,17.01085],[107.10724,17.01208],[107.108,17.01305],[107.10823,17.01322],[107.10664,17.0138],[107.10768,17.0149],[107.10807,17.01517],[107.10879,17.01598],[107.10947,17.01584],[107.11004,17.01627],[107.11074,17.01632],[107.11129,17.01701],[107.11181,17.0174],[107.11191,17.01782],[107.11162,17.01915],[107.11157,17.01969],[107.11096,17.01992],[107.11068,17.02242],[107.11087,17.0241],[107.11136,17.02522],[107.11311,17.02552],[107.11362,17.02552],[107.1135,17.02617],[107.11293,17.02657],[107.11267,17.02708],[107.11204,17.0276],[107.11191,17.0281],[107.11151,17.02837],[107.1112,17.02906],[107.11091,17.02936],[107.11054,17.03114],[107.11042,17.03217],[107.11019,17.03319],[107.10985,17.03547],[107.10973,17.03674],[107.10978,17.03819],[107.11032,17.04026],[107.11068,17.04111],[107.11149,17.04214],[107.11339,17.04372],[107.11457,17.044],[107.11555,17.04375],[107.11607,17.0445],[107.1157,17.04509],[107.11534,17.04634],[107.11518,17.04654],[107.1147,17.04783],[107.11461,17.04834],[107.11413,17.04964],[107.11396,17.05047],[107.11397,17.05209],[107.11389,17.05259],[107.11401,17.0532],[107.11381,17.05474],[107.11408,17.05597],[107.1147,17.05761],[107.11501,17.05805],[107.11561,17.05802],[107.11544,17.05855],[107.11481,17.05843],[107.11444,17.0586],[107.11406,17.05931],[107.11363,17.05984],[107.11347,17.06097],[107.11358,17.0623],[107.1138,17.06292],[107.11442,17.06324],[107.11316,17.06448],[107.11279,17.06532],[107.11243,17.06677],[107.1122,17.06867],[107.11215,17.07005],[107.11224,17.07135],[107.11267,17.07266],[107.11309,17.07339],[107.11399,17.07435],[107.1148,17.07469],[107.11549,17.07433],[107.11602,17.07439],[107.11623,17.07465],[107.11701,17.07497],[107.11747,17.07587],[107.11786,17.07636],[107.11753,17.07667],[107.11716,17.07646],[107.11632,17.07666],[107.11581,17.077],[107.11542,17.07751],[107.11482,17.07947],[107.11462,17.08083],[107.11471,17.08187],[107.11578,17.08358],[107.11623,17.08406],[107.11653,17.08398],[107.11753,17.0844],[107.11672,17.0856],[107.11597,17.08567],[107.11538,17.08496],[107.1147,17.08544],[107.11332,17.08563],[107.11296,17.08579],[107.11223,17.08646],[107.11151,17.08727],[107.11025,17.08894],[107.10981,17.08944],[107.10875,17.09009],[107.10749,17.09142],[107.10701,17.09164],[107.10661,17.09216],[107.10562,17.09311],[107.10489,17.09369],[107.10439,17.09395],[107.10381,17.09447],[107.10334,17.09463],[107.10305,17.09503],[107.10242,17.09547],[107.10169,17.09583],[107.10066,17.09586],[107.09947,17.09655],[107.09809,17.09773],[107.0977,17.09833],[107.09694,17.09882],[107.09643,17.09965],[107.09508,17.1004],[107.09476,17.10035],[107.09431,17.09984],[107.09359,17.10033],[107.09278,17.10141],[107.09149,17.10191],[107.09036,17.10203],[107.08911,17.10266],[107.08748,17.10317],[107.08568,17.10398],[107.08396,17.10469],[107.08239,17.10575],[107.08124,17.10617],[107.08048,17.10672],[107.08004,17.10682],[107.07965,17.10603],[107.07946,17.10531],[107.07906,17.1044],[107.07876,17.10404],[107.078,17.10394],[107.07747,17.10355],[107.07702,17.10198],[107.07691,17.10081],[107.07659,17.10009],[107.07624,17.0989],[107.07621,17.09799],[107.07708,17.09452],[107.0749,17.08917],[107.07364,17.0889],[107.07131,17.08824],[107.07135,17.08789],[107.0727,17.08586],[107.07332,17.08456],[107.07336,17.08415],[107.07259,17.08389],[107.07198,17.08313],[107.07168,17.08291],[107.07137,17.08233],[107.07135,17.08172],[107.07107,17.08147],[107.07095,17.08035],[107.07103,17.07933],[107.07126,17.07885],[107.07042,17.07679],[107.07056,17.07625],[107.07054,17.07563],[107.0701,17.07426],[107.07028,17.07321],[107.07006,17.07233],[107.06975,17.07219],[107.06991,17.07096],[107.07012,17.07004],[107.07115,17.06794],[107.06971,17.06601],[107.07025,17.06485],[107.07127,17.0631],[107.06922,17.06038],[107.07117,17.05903],[107.07069,17.05859],[107.0694,17.05689],[107.06867,17.05625],[107.06769,17.05574],[107.06688,17.05513],[107.06619,17.05478],[107.06614,17.05375],[107.0655,17.05318],[107.06462,17.05195],[107.06394,17.05165],[107.06322,17.05086],[107.06175,17.04961],[107.0614,17.04882],[107.06087,17.04822],[107.06044,17.04803],[107.06054,17.0472],[107.06037,17.04604],[107.06043,17.04541],[107.06028,17.04459],[107.06052,17.04341],[107.06048,17.04256],[107.06068,17.04193],[107.06029,17.04088],[107.05971,17.04055],[107.05912,17.04088],[107.05482,17.04313],[107.05454,17.04097],[107.05433,17.03792],[107.05415,17.03609],[107.05405,17.03449],[107.05389,17.0334],[107.05304,17.03058],[107.05307,17.03024],[107.05377,17.02991],[107.05373,17.02929],[107.05267,17.02685],[107.05128,17.02347],[107.05124,17.02347],[107.04564,17.02572],[107.04484,17.02574],[107.04325,17.02343],[107.03955,17.02729],[107.03833,17.02513],[107.03756,17.02332],[107.03719,17.02295]]]},"properties":{"name":"Cửa Tùng","nameEn":"Cua Tung","fullName":"Xã Cửa Tùng","fullNameEn":"Cua Tung Commune","codeName":"cua_tung","areaKm2":59.83,"postalCode":"48419","code":"19414"}},{"type":"Feature","geometry":{"type":"Polygon","coordinates":[[[106.65306,16.69912],[106.65083,16.69256],[106.6488,16.67802],[106.64945,16.67752],[106.64903,16.67428],[106.64871,16.672],[106.65182,16.67014],[106.65545,16.66722],[106.65924,16.66272],[106.65997,16.66264],[106.66129,16.66237],[106.6623,16.66243],[106.66338,16.66227],[106.6639,16.66197],[106.66534,16.66152],[106.66601,16.66073],[106.66699,16.66035],[106.66761,16.6603],[106.66851,16.65959],[106.66885,16.65903],[106.66901,16.65802],[106.66971,16.65784],[106.67029,16.65794],[106.67112,16.65753],[106.67168,16.65688],[106.67166,16.65633],[106.67227,16.65648],[106.67357,16.65609],[106.67387,16.65608],[106.67415,16.65567],[106.67492,16.65499],[106.6757,16.65332],[106.67629,16.65288],[106.67762,16.65213],[106.67863,16.65167],[106.68026,16.65104],[106.68106,16.6501],[106.68203,16.64983],[106.6827,16.64941],[106.68356,16.64931],[106.68446,16.64901],[106.68552,16.64902],[106.68619,16.64876],[106.68689,16.64799],[106.68739,16.6472],[106.68874,16.64733],[106.68941,16.64699],[106.68985,16.64591],[106.69014,16.64563],[106.69103,16.64543],[106.6918,16.64486],[106.69239,16.64465],[106.69336,16.64453],[106.69369,16.64419],[106.69468,16.64393],[106.69623,16.64317],[106.69652,16.64313],[106.69715,16.6426],[106.69774,16.64149],[106.69852,16.64181],[106.69911,16.6417],[106.6995,16.64102],[106.69997,16.64101],[106.70036,16.64072],[106.7011,16.6405],[106.70167,16.64083],[106.70299,16.64072],[106.7042,16.64037],[106.70534,16.64047],[106.70576,16.64073],[106.70661,16.64178],[106.70725,16.64229],[106.70787,16.64242],[106.70834,16.64271],[106.70812,16.64298],[106.70831,16.64368],[106.70938,16.64267],[106.71068,16.64167],[106.71296,16.64033],[106.71473,16.63958],[106.7171,16.63945],[106.71813,16.63959],[106.71923,16.63953],[106.71984,16.63884],[106.72035,16.63851],[106.7213,16.63754],[106.72194,16.63608],[106.72357,16.63606],[106.72411,16.63584],[106.72425,16.63484],[106.72556,16.63411],[106.72655,16.63314],[106.72649,16.63216],[106.72711,16.63152],[106.72779,16.63136],[106.72807,16.63112],[106.72796,16.63038],[106.72844,16.62916],[106.72892,16.62845],[106.73008,16.62787],[106.73013,16.62758],[106.72968,16.6272],[106.72934,16.6274],[106.72821,16.62728],[106.72768,16.62712],[106.72619,16.62711],[106.72473,16.62661],[106.72378,16.62607],[106.72281,16.62536],[106.7211,16.62543],[106.72063,16.62464],[106.7206,16.62356],[106.71868,16.62263],[106.71853,16.62049],[106.71813,16.62049],[106.71835,16.61995],[106.71916,16.61901],[106.71963,16.61746],[106.71938,16.61681],[106.7199,16.61645],[106.72011,16.61596],[106.72017,16.61533],[106.72055,16.6151],[106.72072,16.61436],[106.72132,16.6144],[106.72174,16.61373],[106.72221,16.61354],[106.72283,16.61303],[106.72325,16.61235],[106.72325,16.61139],[106.7227,16.61115],[106.72253,16.61071],[106.72304,16.61016],[106.72368,16.60991],[106.72387,16.60965],[106.72486,16.60929],[106.72484,16.6086],[106.72507,16.60843],[106.72568,16.60849],[106.726,16.60872],[106.72622,16.60943],[106.72596,16.60976],[106.72623,16.61056],[106.72675,16.61048],[106.72748,16.61005],[106.72838,16.60924],[106.7287,16.60851],[106.72986,16.60813],[106.72938,16.60741],[106.7292,16.60668],[106.72928,16.60576],[106.72874,16.60459],[106.72881,16.60417],[106.72858,16.60365],[106.72818,16.60326],[106.72813,16.60273],[106.7284,16.60194],[106.72842,16.60104],[106.72858,16.60045],[106.72833,16.59926],[106.7273,16.59739],[106.72412,16.59189],[106.7233,16.59079],[106.72261,16.58945],[106.72235,16.58877],[106.72496,16.58721],[106.725,16.58684],[106.72592,16.58621],[106.72639,16.58556],[106.72727,16.58527],[106.72801,16.58492],[106.72845,16.58448],[106.72932,16.58396],[106.73825,16.57673],[106.74201,16.57481],[106.74164,16.57267],[106.74029,16.56934],[106.74743,16.54898],[106.75056,16.53953],[106.75107,16.53854],[106.75117,16.53834],[106.75236,16.53728],[106.75307,16.53729],[106.75366,16.53763],[106.75455,16.53739],[106.7561,16.53727],[106.75652,16.53741],[106.75765,16.53817],[106.75914,16.5385],[106.75998,16.5384],[106.76066,16.53849],[106.76249,16.53951],[106.76392,16.5413],[106.76407,16.54338],[106.76404,16.54526],[106.76379,16.54592],[106.76325,16.5462],[106.76311,16.54647],[106.76301,16.54757],[106.76277,16.54843],[106.76178,16.54947],[106.76186,16.55046],[106.76214,16.55133],[106.76117,16.55284],[106.76032,16.55434],[106.75991,16.55478],[106.75951,16.55592],[106.75949,16.55674],[106.7596,16.55702],[106.75964,16.55838],[106.75961,16.55975],[106.75949,16.56063],[106.75958,16.56143],[106.75997,16.56165],[106.76101,16.56137],[106.76171,16.56078],[106.76197,16.56073],[106.76331,16.56125],[106.76436,16.56208],[106.76549,16.56204],[106.76618,16.56184],[106.7667,16.56119],[106.76791,16.56055],[106.76915,16.56064],[106.76973,16.56035],[106.7701,16.55993],[106.77101,16.55979],[106.77129,16.55953],[106.77142,16.55906],[106.7717,16.55881],[106.77274,16.55857],[106.77411,16.5572],[106.77517,16.55675],[106.77603,16.55616],[106.77659,16.55604],[106.77754,16.55648],[106.77822,16.55635],[106.77871,16.55582],[106.77904,16.55521],[106.78003,16.55425],[106.78068,16.55415],[106.78164,16.55431],[106.78352,16.55414],[106.78413,16.55391],[106.7859,16.55363],[106.78695,16.55385],[106.78839,16.55468],[106.78866,16.55511],[106.78866,16.55584],[106.78893,16.55613],[106.7904,16.55623],[106.79148,16.55603],[106.79308,16.55607],[106.79377,16.55618],[106.79457,16.55557],[106.79472,16.55486],[106.79528,16.55459],[106.79585,16.55484],[106.79642,16.55489],[106.79796,16.55424],[106.79846,16.55433],[106.79948,16.55531],[106.80109,16.55579],[106.80226,16.55544],[106.80264,16.55524],[106.80362,16.55504],[106.80435,16.55505],[106.80573,16.55463],[106.80667,16.55443],[106.80725,16.55443],[106.80773,16.55513],[106.80885,16.55617],[106.80929,16.55631],[106.81112,16.55632],[106.81256,16.55676],[106.8132,16.55723],[106.8136,16.55735],[106.81425,16.55721],[106.81479,16.55689],[106.81625,16.55737],[106.81801,16.55779],[106.81845,16.55809],[106.81874,16.55851],[106.81933,16.55874],[106.8197,16.55871],[106.82031,16.55837],[106.82216,16.55874],[106.8228,16.55858],[106.82341,16.55886],[106.82482,16.55935],[106.82605,16.56002],[106.82598,16.56066],[106.82438,16.56271],[106.82388,16.56366],[106.82326,16.56663],[106.82338,16.56744],[106.82329,16.56798],[106.82292,16.5688],[106.82296,16.56989],[106.82247,16.57168],[106.82183,16.57246],[106.82184,16.57355],[106.82133,16.57412],[106.82145,16.57489],[106.82171,16.57549],[106.82174,16.57623],[106.82225,16.57727],[106.82232,16.57813],[106.82301,16.57952],[106.82327,16.58116],[106.82304,16.58247],[106.82324,16.58367],[106.82326,16.58451],[106.82309,16.58564],[106.82334,16.58667],[106.82283,16.58925],[106.8225,16.59046],[106.82175,16.5921],[106.8208,16.59253],[106.81977,16.60067],[106.8194,16.60266],[106.81897,16.60375],[106.81834,16.60414],[106.81619,16.60419],[106.81613,16.60457],[106.8152,16.60567],[106.81277,16.60594],[106.81178,16.60653],[106.81099,16.60757],[106.81074,16.60746],[106.80845,16.60746],[106.80774,16.60756],[106.80681,16.60809],[106.80607,16.60815],[106.80531,16.60808],[106.80476,16.60832],[106.8039,16.60906],[106.80353,16.60995],[106.80252,16.61031],[106.80211,16.61059],[106.80137,16.61242],[106.80083,16.6136],[106.80045,16.61398],[106.79988,16.61421],[106.7995,16.61489],[106.79891,16.61507],[106.79859,16.61562],[106.79677,16.61587],[106.79627,16.6161],[106.79655,16.61663],[106.79745,16.61786],[106.79746,16.61819],[106.79649,16.61861],[106.79551,16.61921],[106.79517,16.61927],[106.7921,16.62051],[106.79199,16.62097],[106.79162,16.62159],[106.79076,16.62187],[106.79001,16.62235],[106.78962,16.62287],[106.78839,16.62339],[106.78745,16.62417],[106.78497,16.62463],[106.78277,16.624],[106.76923,16.61971],[106.76987,16.62107],[106.77011,16.62185],[106.7702,16.62298],[106.77276,16.62592],[106.77312,16.62644],[106.77387,16.62687],[106.77425,16.62774],[106.7749,16.62857],[106.77505,16.6298],[106.77529,16.63069],[106.77566,16.6313],[106.77567,16.63191],[106.77585,16.63215],[106.7763,16.6341],[106.77739,16.63541],[106.78082,16.63844],[106.78129,16.63925],[106.78028,16.64068],[106.78014,16.64125],[106.78103,16.642],[106.78207,16.64312],[106.78247,16.64426],[106.78327,16.6448],[106.77943,16.65309],[106.77584,16.66095],[106.77536,16.66191],[106.77051,16.67242],[106.77014,16.67309],[106.76737,16.67281],[106.76651,16.67236],[106.7656,16.67206],[106.76455,16.67213],[106.76325,16.67282],[106.76101,16.67333],[106.76034,16.67359],[106.75984,16.67401],[106.75916,16.67484],[106.75812,16.67535],[106.75641,16.67596],[106.75573,16.67637],[106.75455,16.67737],[106.75367,16.67876],[106.75285,16.67934],[106.75183,16.68023],[106.75072,16.68099],[106.75005,16.68136],[106.74951,16.68192],[106.74863,16.68308],[106.74812,16.68302],[106.74712,16.68362],[106.74587,16.6832],[106.74516,16.68276],[106.74475,16.6828],[106.74347,16.68333],[106.74103,16.68411],[106.74071,16.6843],[106.74011,16.68503],[106.74006,16.686],[106.73981,16.68682],[106.73948,16.68706],[106.73775,16.6878],[106.73636,16.68761],[106.73517,16.68675],[106.73462,16.68805],[106.73386,16.68859],[106.7331,16.68866],[106.73193,16.68846],[106.73062,16.68842],[106.72981,16.68885],[106.72774,16.68905],[106.72676,16.68878],[106.72553,16.68882],[106.72484,16.68872],[106.72374,16.68827],[106.72215,16.68751],[106.7214,16.68696],[106.72026,16.68626],[106.71962,16.68603],[106.71715,16.68561],[106.7154,16.68512],[106.71406,16.6848],[106.71303,16.68444],[106.71162,16.68415],[106.7085,16.68311],[106.70672,16.68205],[106.70542,16.68122],[106.70445,16.68076],[106.70189,16.68004],[106.7022,16.67925],[106.70072,16.67878],[106.69956,16.67864],[106.69788,16.67894],[106.69644,16.67898],[106.69515,16.67866],[106.69307,16.67863],[106.69029,16.67869],[106.68937,16.67858],[106.68705,16.67726],[106.68675,16.67742],[106.68597,16.67822],[106.68542,16.67898],[106.68418,16.67889],[106.68379,16.67878],[106.68286,16.67788],[106.68229,16.678],[106.68116,16.67782],[106.68042,16.67746],[106.68,16.67762],[106.67964,16.67896],[106.67923,16.6798],[106.67865,16.67978],[106.67792,16.67928],[106.67726,16.67903],[106.67692,16.67907],[106.6757,16.68043],[106.67501,16.68059],[106.67464,16.68113],[106.6743,16.68245],[106.67392,16.68298],[106.67336,16.68293],[106.6724,16.68192],[106.67151,16.6818],[106.67118,16.68219],[106.67111,16.68348],[106.67138,16.68434],[106.67032,16.68475],[106.67015,16.68551],[106.6699,16.68574],[106.66898,16.68611],[106.66845,16.6867],[106.66764,16.68692],[106.66741,16.68721],[106.66731,16.68778],[106.66673,16.68832],[106.66624,16.68901],[106.66527,16.68981],[106.66329,16.68969],[106.66193,16.68978],[106.66104,16.68997],[106.66015,16.69058],[106.65997,16.69084],[106.6591,16.69521],[106.65371,16.69919],[106.65362,16.69926],[106.65306,16.69912]]]},"properties":{"name":"Khe Sanh","nameEn":"Khe Sanh","fullName":"Xã Khe Sanh","fullNameEn":"Khe Sanh Commune","codeName":"khe_sanh","areaKm2":134.81,"postalCode":"48506","code":"19429"}},{"type":"Feature","geometry":{"type":"Polygon","coordinates":[[[106.65306,16.69912],[106.64817,16.69793],[106.64581,16.69622],[106.64412,16.69608],[106.64344,16.6962],[106.64285,16.69665],[106.64218,16.69669],[106.64067,16.69617],[106.6396,16.69547],[106.63926,16.69442],[106.63822,16.6947],[106.63709,16.69474],[106.6352,16.69589],[106.63356,16.69705],[106.63304,16.69643],[106.63303,16.6958],[106.63356,16.69472],[106.63349,16.69409],[106.63313,16.69369],[106.63062,16.69237],[106.63068,16.69161],[106.63059,16.69096],[106.63013,16.68988],[106.62953,16.68915],[106.6286,16.68851],[106.62748,16.68869],[106.62663,16.68857],[106.62589,16.68669],[106.62496,16.68626],[106.62405,16.68602],[106.62382,16.68575],[106.62341,16.68472],[106.62314,16.68434],[106.62181,16.68437],[106.62127,16.68426],[106.62092,16.68381],[106.62067,16.6824],[106.61887,16.6802],[106.61835,16.67966],[106.61757,16.67909],[106.61624,16.67876],[106.61569,16.67886],[106.61513,16.67868],[106.61445,16.67888],[106.61365,16.67945],[106.61265,16.67918],[106.61234,16.67925],[106.61142,16.67997],[106.61029,16.67984],[106.60988,16.6804],[106.60943,16.68071],[106.60881,16.68141],[106.60837,16.68158],[106.60685,16.68151],[106.60561,16.68098],[106.60452,16.68006],[106.60423,16.67968],[106.60321,16.67918],[106.60252,16.67908],[106.60177,16.67918],[106.60093,16.67958],[106.60015,16.67942],[106.59955,16.67867],[106.59891,16.67814],[106.59865,16.67759],[106.59781,16.67686],[106.59762,16.67456],[106.59694,16.67357],[106.59741,16.67294],[106.59823,16.67223],[106.59851,16.67168],[106.59878,16.66908],[106.59873,16.66869],[106.59883,16.66705],[106.60354,16.66489],[106.6091,16.66409],[106.61367,16.6613],[106.61829,16.65822],[106.61859,16.65609],[106.61714,16.65281],[106.59979,16.6514],[106.5893,16.64481],[106.58475,16.64196],[106.57619,16.6417],[106.56799,16.64177],[106.56532,16.64132],[106.56747,16.64037],[106.56909,16.64045],[106.56943,16.64033],[106.5727,16.63795],[106.57283,16.63721],[106.57302,16.6369],[106.57371,16.63666],[106.5744,16.63577],[106.57577,16.63488],[106.57671,16.63386],[106.57692,16.63326],[106.57701,16.63224],[106.57792,16.63133],[106.57898,16.6308],[106.58035,16.63087],[106.58072,16.63075],[106.58148,16.63003],[106.58224,16.62955],[106.58409,16.62871],[106.5853,16.62806],[106.58633,16.62741],[106.58783,16.62632],[106.58968,16.62399],[106.59014,16.62279],[106.58964,16.62189],[106.5907,16.62062],[106.59059,16.61983],[106.59021,16.61903],[106.5909,16.6184],[106.59111,16.61752],[106.59106,16.61719],[106.59065,16.61662],[106.58939,16.61592],[106.58756,16.61518],[106.58583,16.61457],[106.58495,16.61421],[106.58372,16.6134],[106.58296,16.61243],[106.58223,16.61094],[106.58197,16.61017],[106.5818,16.60849],[106.58193,16.60734],[106.58234,16.60602],[106.58292,16.6047],[106.58357,16.60375],[106.58491,16.60209],[106.58569,16.6014],[106.58649,16.60091],[106.58736,16.60083],[106.58815,16.60103],[106.59062,16.6019],[106.59233,16.60302],[106.59366,16.60396],[106.59671,16.6058],[106.59773,16.6063],[106.59814,16.60636],[106.60023,16.60635],[106.6025,16.60659],[106.6041,16.60689],[106.60605,16.60713],[106.60721,16.60717],[106.60863,16.60711],[106.6116,16.60678],[106.61465,16.60632],[106.61686,16.60575],[106.61866,16.60501],[106.62151,16.60365],[106.62344,16.6029],[106.62406,16.60258],[106.62579,16.60191],[106.62676,16.6011],[106.62674,16.60053],[106.62627,16.59964],[106.62577,16.59912],[106.62503,16.59866],[106.62468,16.598],[106.62428,16.59666],[106.62415,16.59582],[106.62419,16.59493],[106.62456,16.59364],[106.62456,16.59038],[106.62448,16.58974],[106.62457,16.58891],[106.62447,16.58791],[106.6249,16.58663],[106.62525,16.58615],[106.62546,16.58552],[106.62554,16.5847],[106.62623,16.58412],[106.62683,16.58347],[106.62722,16.58282],[106.62812,16.58211],[106.62863,16.58192],[106.62986,16.58196],[106.6307,16.58244],[106.63139,16.58365],[106.63156,16.58443],[106.63156,16.58521],[106.63142,16.58591],[106.63113,16.58645],[106.63059,16.58704],[106.63043,16.58769],[106.63142,16.59065],[106.63203,16.59123],[106.63281,16.59141],[106.6339,16.59151],[106.63555,16.59154],[106.63856,16.59172],[106.63961,16.59168],[106.64011,16.59184],[106.64375,16.59359],[106.64466,16.59391],[106.64563,16.59408],[106.64649,16.59412],[106.64792,16.59383],[106.64874,16.59337],[106.64928,16.59272],[106.65034,16.59],[106.651,16.58841],[106.65259,16.58563],[106.65307,16.58466],[106.65382,16.58367],[106.6552,16.5824],[106.65606,16.58181],[106.65716,16.58136],[106.65782,16.58138],[106.65837,16.5817],[106.6598,16.5827],[106.66074,16.58326],[106.6631,16.58425],[106.66384,16.58433],[106.66444,16.5842],[106.66633,16.58421],[106.66665,16.58438],[106.66674,16.58547],[106.66654,16.5866],[106.6666,16.58702],[106.66729,16.58771],[106.66835,16.58815],[106.66894,16.58829],[106.66983,16.58834],[106.67107,16.58821],[106.67146,16.58839],[106.67194,16.58894],[106.67207,16.58938],[106.67191,16.5902],[106.67125,16.59194],[106.67118,16.59289],[106.67137,16.59371],[106.6729,16.59577],[106.6736,16.59661],[106.67417,16.59703],[106.6749,16.59727],[106.67645,16.59675],[106.67732,16.59655],[106.67809,16.59597],[106.67904,16.59581],[106.67947,16.59617],[106.67816,16.59711],[106.67754,16.59779],[106.6763,16.59996],[106.67561,16.60084],[106.67479,16.60216],[106.67418,16.60197],[106.67361,16.60223],[106.67284,16.60301],[106.67251,16.60376],[106.67213,16.60422],[106.67169,16.60696],[106.67134,16.60791],[106.67083,16.60888],[106.6702,16.60942],[106.66909,16.61008],[106.66897,16.61162],[106.66836,16.61276],[106.66826,16.61432],[106.6685,16.61549],[106.66855,16.6167],[106.66846,16.61837],[106.66993,16.6197],[106.67018,16.62056],[106.67051,16.62083],[106.67127,16.62084],[106.67167,16.62106],[106.67263,16.62224],[106.67331,16.62266],[106.67393,16.62269],[106.6745,16.62289],[106.67519,16.62345],[106.67532,16.624],[106.67604,16.62574],[106.67577,16.62661],[106.67604,16.62779],[106.67662,16.62877],[106.67709,16.62933],[106.67732,16.63013],[106.67755,16.6315],[106.67758,16.63231],[106.67794,16.63289],[106.67797,16.63351],[106.67783,16.63448],[106.67794,16.63519],[106.67862,16.63651],[106.67865,16.63685],[106.67814,16.63756],[106.67785,16.63823],[106.67729,16.63893],[106.67708,16.63946],[106.67586,16.64069],[106.6756,16.64115],[106.67485,16.64167],[106.67415,16.64191],[106.67393,16.64215],[106.67345,16.64315],[106.67358,16.64348],[106.67516,16.64426],[106.67626,16.64413],[106.67722,16.64476],[106.67848,16.64492],[106.67935,16.64488],[106.68109,16.64498],[106.68193,16.64533],[106.68215,16.64556],[106.68276,16.6455],[106.68398,16.64566],[106.68519,16.64637],[106.68583,16.64644],[106.68739,16.6472],[106.68689,16.64799],[106.68619,16.64876],[106.68552,16.64902],[106.68446,16.64901],[106.68356,16.64931],[106.6827,16.64941],[106.68203,16.64983],[106.68106,16.6501],[106.68026,16.65104],[106.67863,16.65167],[106.67762,16.65213],[106.67629,16.65288],[106.6757,16.65332],[106.67492,16.65499],[106.67415,16.65567],[106.67387,16.65608],[106.67357,16.65609],[106.67227,16.65648],[106.67166,16.65633],[106.67168,16.65688],[106.67112,16.65753],[106.67029,16.65794],[106.66971,16.65784],[106.66901,16.65802],[106.66885,16.65903],[106.66851,16.65959],[106.66761,16.6603],[106.66699,16.66035],[106.66601,16.66073],[106.66534,16.66152],[106.6639,16.66197],[106.66338,16.66227],[106.6623,16.66243],[106.66129,16.66237],[106.65997,16.66264],[106.65924,16.66272],[106.65545,16.66722],[106.65182,16.67014],[106.64871,16.672],[106.64903,16.67428],[106.64945,16.67752],[106.6488,16.67802],[106.65083,16.69256],[106.65306,16.69912]]]},"properties":{"name":"Lao Bảo","nameEn":"Lao Bao","fullName":"Xã Lao Bảo","fullNameEn":"Lao Bao Commune","codeName":"lao_bao","areaKm2":83.04,"postalCode":"48515","code":"19432"}},{"type":"Feature","geometry":{"type":"Polygon","coordinates":[[[106.54989,16.99764],[106.54934,16.98185],[106.54846,16.95463],[106.54783,16.93526],[106.54749,16.926],[106.54667,16.9267],[106.54577,16.92682],[106.54431,16.92665],[106.5424,16.92651],[106.54093,16.92608],[106.53988,16.92534],[106.53871,16.9253],[106.53784,16.92498],[106.53721,16.92425],[106.536,16.92421],[106.53507,16.92435],[106.53292,16.92503],[106.5324,16.92574],[106.53194,16.9258],[106.53131,16.92631],[106.53061,16.92619],[106.52997,16.92622],[106.52861,16.92505],[106.52807,16.92469],[106.52742,16.92535],[106.52651,16.92558],[106.52587,16.92523],[106.52571,16.92429],[106.52527,16.92443],[106.52518,16.92529],[106.52465,16.92567],[106.52415,16.92546],[106.52357,16.925],[106.52356,16.92435],[106.52422,16.92382],[106.52541,16.92266],[106.52566,16.92202],[106.52516,16.92146],[106.52457,16.92123],[106.523,16.9214],[106.52144,16.9219],[106.52018,16.92209],[106.51944,16.92205],[106.51933,16.92142],[106.51977,16.9206],[106.51988,16.92013],[106.51953,16.91946],[106.51871,16.91703],[106.51827,16.91631],[106.51773,16.91568],[106.51671,16.91476],[106.51644,16.91429],[106.51658,16.91337],[106.51653,16.91263],[106.51621,16.91147],[106.51624,16.90963],[106.51642,16.9092],[106.51716,16.90831],[106.51734,16.90782],[106.5165,16.9072],[106.51641,16.90668],[106.51819,16.90561],[106.51893,16.90485],[106.52022,16.90258],[106.52038,16.902],[106.52015,16.90178],[106.51895,16.90196],[106.51857,16.90141],[106.51809,16.89966],[106.51743,16.89911],[106.51678,16.897],[106.51865,16.88964],[106.52432,16.8874],[106.52647,16.88638],[106.52782,16.8858],[106.52891,16.885],[106.53136,16.88306],[106.53296,16.88099],[106.53384,16.87977],[106.53674,16.87594],[106.53814,16.874],[106.53889,16.8731],[106.54127,16.87158],[106.5431,16.87084],[106.5441,16.87061],[106.54603,16.87034],[106.54657,16.87],[106.54747,16.86883],[106.54825,16.86831],[106.54953,16.86794],[106.55116,16.86784],[106.55119,16.8657],[106.55127,16.85721],[106.55126,16.8516],[106.55135,16.84486],[106.5514,16.83873],[106.55141,16.83316],[106.55145,16.82952],[106.55149,16.82259],[106.55154,16.81266],[106.5516,16.80765],[106.55162,16.80224],[106.55159,16.7988],[106.55222,16.79908],[106.55439,16.8005],[106.55617,16.80081],[106.55781,16.80183],[106.55934,16.80224],[106.55988,16.80254],[106.56227,16.8007],[106.56464,16.7988],[106.56851,16.79578],[106.57046,16.7986],[106.57315,16.80202],[106.57437,16.80351],[106.57766,16.80843],[106.57942,16.8105],[106.58139,16.81091],[106.58331,16.81148],[106.58556,16.81234],[106.58874,16.81218],[106.58985,16.81168],[106.59109,16.81056],[106.59221,16.81017],[106.59348,16.81001],[106.59437,16.80967],[106.59503,16.8091],[106.59667,16.80843],[106.5975,16.8077],[106.5986,16.80726],[106.59979,16.80698],[106.60141,16.8071],[106.60252,16.80751],[106.60368,16.8075],[106.60615,16.80756],[106.60914,16.808],[106.61083,16.80843],[106.61164,16.80878],[106.61166,16.80898],[106.61025,16.81035],[106.6099,16.8111],[106.60969,16.81219],[106.6097,16.81374],[106.61001,16.81514],[106.61052,16.81627],[106.61106,16.81819],[106.61154,16.81931],[106.61215,16.82031],[106.61247,16.82201],[106.61349,16.82333],[106.61356,16.82464],[106.61397,16.82561],[106.6137,16.82684],[106.61379,16.82778],[106.61443,16.82846],[106.61566,16.82905],[106.61703,16.82953],[106.618,16.83027],[106.61939,16.83188],[106.62014,16.83304],[106.62069,16.83465],[106.62051,16.8357],[106.62248,16.83719],[106.6237,16.83841],[106.62419,16.83926],[106.62616,16.8403],[106.62646,16.84059],[106.62683,16.84163],[106.62742,16.84183],[106.62786,16.84209],[106.62913,16.84273],[106.62958,16.8433],[106.6301,16.84429],[106.63078,16.845],[106.63142,16.84535],[106.63161,16.84577],[106.63159,16.84716],[106.63207,16.84788],[106.63273,16.84853],[106.63302,16.84899],[106.63364,16.8537],[106.63274,16.85544],[106.63464,16.85786],[106.63923,16.8594],[106.64744,16.86413],[106.64759,16.86422],[106.64891,16.86505],[106.64997,16.8661],[106.65066,16.86687],[106.65111,16.86753],[106.65186,16.86957],[106.65286,16.86885],[106.65345,16.86866],[106.65519,16.86835],[106.65593,16.86839],[106.6576,16.86875],[106.65937,16.86919],[106.66102,16.86953],[106.66173,16.86981],[106.66187,16.87015],[106.6624,16.87037],[106.66361,16.87044],[106.66462,16.8708],[106.66543,16.87097],[106.6668,16.87092],[106.66797,16.87046],[106.66924,16.87053],[106.67052,16.87127],[106.67141,16.87133],[106.67201,16.87165],[106.6728,16.87259],[106.67448,16.87336],[106.6755,16.87399],[106.6763,16.87497],[106.67692,16.87538],[106.67809,16.87539],[106.67899,16.87557],[106.6799,16.87527],[106.68102,16.87597],[106.68158,16.87701],[106.68212,16.87733],[106.6826,16.8785],[106.6829,16.87871],[106.68385,16.87975],[106.68552,16.88121],[106.68577,16.88173],[106.68575,16.8824],[106.68657,16.88326],[106.68727,16.8831],[106.68798,16.88316],[106.69057,16.88309],[106.69177,16.88326],[106.69261,16.8835],[106.69315,16.88399],[106.69274,16.88434],[106.69206,16.88531],[106.692,16.88588],[106.69248,16.88678],[106.69265,16.88806],[106.69287,16.8891],[106.69266,16.88968],[106.69144,16.89123],[106.69124,16.8924],[106.69095,16.89282],[106.69003,16.8935],[106.68966,16.89403],[106.6896,16.89488],[106.68999,16.89604],[106.68974,16.89691],[106.68763,16.89908],[106.68672,16.90028],[106.68676,16.90102],[106.68737,16.90264],[106.68685,16.90309],[106.68645,16.90371],[106.68074,16.90832],[106.68085,16.90895],[106.68204,16.91012],[106.68536,16.91207],[106.68637,16.91795],[106.68707,16.91943],[106.68821,16.92018],[106.68933,16.92056],[106.69137,16.92066],[106.69253,16.92216],[106.69286,16.92352],[106.69537,16.92479],[106.69795,16.92833],[106.69746,16.93014],[106.69722,16.93134],[106.69589,16.93237],[106.6955,16.93288],[106.6955,16.93345],[106.69648,16.93406],[106.69779,16.9357],[106.69821,16.93649],[106.69874,16.93711],[106.69981,16.93782],[106.70049,16.93946],[106.70218,16.94066],[106.70242,16.94112],[106.70224,16.94199],[106.70193,16.94259],[106.70042,16.94474],[106.69976,16.94523],[106.69886,16.94556],[106.69694,16.94689],[106.69612,16.94775],[106.69563,16.94861],[106.69516,16.94993],[106.69477,16.95064],[106.69407,16.95212],[106.69397,16.95297],[106.69405,16.95329],[106.69391,16.95427],[106.69318,16.9556],[106.69253,16.95575],[106.69188,16.95548],[106.6907,16.95557],[106.69017,16.95582],[106.68941,16.95549],[106.6885,16.95552],[106.68762,16.95623],[106.6871,16.95644],[106.68623,16.95644],[106.68545,16.95623],[106.68465,16.9557],[106.68416,16.95454],[106.6835,16.95376],[106.68254,16.9534],[106.6814,16.95216],[106.68097,16.95192],[106.67981,16.95175],[106.67793,16.95157],[106.6775,16.95141],[106.67633,16.95065],[106.67538,16.95025],[106.67455,16.94964],[106.67339,16.94919],[106.67219,16.94881],[106.67036,16.9475],[106.66944,16.94716],[106.66814,16.94763],[106.66713,16.94725],[106.66601,16.94649],[106.66561,16.94579],[106.66483,16.94496],[106.66454,16.94253],[106.66432,16.94226],[106.66363,16.94188],[106.66314,16.94109],[106.66281,16.93957],[106.66257,16.93911],[106.66211,16.93875],[106.66213,16.93823],[106.66194,16.93776],[106.6611,16.93711],[106.66065,16.93663],[106.65902,16.93674],[106.65829,16.93659],[106.65724,16.93678],[106.65643,16.93668],[106.65509,16.93677],[106.65416,16.93667],[106.65361,16.93651],[106.6523,16.93638],[106.65067,16.93591],[106.65023,16.93635],[106.64859,16.93709],[106.6479,16.93748],[106.64616,16.93861],[106.64468,16.93944],[106.64393,16.93866],[106.6429,16.93835],[106.64113,16.93912],[106.64002,16.93946],[106.63889,16.93943],[106.63742,16.93989],[106.6355,16.94],[106.63456,16.94038],[106.63317,16.9406],[106.63153,16.94132],[106.63063,16.94142],[106.62926,16.94122],[106.6282,16.94052],[106.62759,16.93967],[106.62662,16.93897],[106.62577,16.93858],[106.62466,16.93833],[106.62315,16.93829],[106.62287,16.93837],[106.62228,16.93899],[106.62197,16.93912],[106.62078,16.93924],[106.62017,16.93947],[106.61973,16.93947],[106.61918,16.93924],[106.61782,16.93903],[106.61585,16.9385],[106.61474,16.93914],[106.61404,16.93928],[106.61334,16.93895],[106.61276,16.93889],[106.61141,16.93941],[106.61103,16.93947],[106.60931,16.93933],[106.60846,16.93902],[106.60729,16.93906],[106.60636,16.94002],[106.6057,16.94037],[106.60526,16.94042],[106.60487,16.9407],[106.60408,16.94163],[106.60349,16.94211],[106.60318,16.94283],[106.60244,16.94349],[106.60177,16.94389],[106.60168,16.94456],[106.60093,16.94515],[106.59996,16.94628],[106.59964,16.94732],[106.59985,16.94846],[106.59968,16.94973],[106.59993,16.95163],[106.60017,16.95533],[106.60013,16.95647],[106.59921,16.95655],[106.59844,16.9569],[106.5977,16.95696],[106.59737,16.95716],[106.59732,16.9578],[106.59619,16.95832],[106.59439,16.95845],[106.59337,16.95881],[106.5931,16.95936],[106.59302,16.95999],[106.5931,16.96307],[106.59301,16.96351],[106.59242,16.96443],[106.59202,16.96588],[106.59137,16.96714],[106.59085,16.96733],[106.58973,16.96856],[106.58967,16.96967],[106.58928,16.97006],[106.58808,16.97068],[106.58697,16.97163],[106.5869,16.97222],[106.58694,16.9737],[106.58728,16.97513],[106.58733,16.97652],[106.58711,16.97732],[106.58731,16.97764],[106.58981,16.97882],[106.59056,16.97936],[106.59088,16.97981],[106.5934,16.98109],[106.594,16.98152],[106.59417,16.98192],[106.59419,16.98263],[106.59391,16.98345],[106.59386,16.98454],[106.59333,16.98556],[106.59259,16.98677],[106.59225,16.98748],[106.59083,16.9878],[106.58981,16.98844],[106.58906,16.9887],[106.58848,16.98876],[106.58709,16.98931],[106.58602,16.99004],[106.58524,16.98985],[106.58406,16.98987],[106.58342,16.98978],[106.58222,16.98944],[106.58098,16.98932],[106.57984,16.98905],[106.57842,16.98942],[106.57704,16.98946],[106.57593,16.98932],[106.57502,16.98895],[106.57365,16.98937],[106.57142,16.98922],[106.57056,16.98902],[106.57016,16.98882],[106.56859,16.9891],[106.56766,16.98861],[106.56567,16.98819],[106.56459,16.98767],[106.56289,16.98755],[106.56261,16.9877],[106.56252,16.9889],[106.56194,16.98973],[106.56179,16.99068],[106.56007,16.99196],[106.55977,16.99248],[106.55905,16.99286],[106.55816,16.99309],[106.55652,16.99303],[106.55561,16.99324],[106.55451,16.99389],[106.5521,16.99402],[106.55166,16.9947],[106.55124,16.99596],[106.55057,16.99696],[106.54989,16.99764]]]},"properties":{"name":"Hướng Lập","nameEn":"Huong Lap","fullName":"Xã Hướng Lập","fullNameEn":"Huong Lap Commune","codeName":"huong_lap","areaKm2":219.64,"postalCode":"48510","code":"19435"}},{"type":"Feature","geometry":{"type":"Polygon","coordinates":[[[106.77014,16.67309],[106.77024,16.67317],[106.77238,16.6728],[106.77478,16.67197],[106.77612,16.67158],[106.80151,16.67632],[106.80114,16.6777],[106.80104,16.67887],[106.80145,16.6801],[106.80149,16.68665],[106.80151,16.69374],[106.80159,16.69393],[106.80383,16.70113],[106.80405,16.70239],[106.80395,16.70321],[106.80491,16.70421],[106.80523,16.70488],[106.80528,16.70574],[106.80572,16.70674],[106.80575,16.70714],[106.80523,16.70937],[106.80421,16.71086],[106.80401,16.71135],[106.80409,16.71169],[106.80487,16.71294],[106.80512,16.71388],[106.80565,16.71527],[106.80569,16.71597],[106.80553,16.7172],[106.80507,16.71834],[106.80491,16.71979],[106.80462,16.72023],[106.80186,16.72102],[106.80145,16.72181],[106.80113,16.72318],[106.80186,16.72373],[106.80221,16.7246],[106.80211,16.72555],[106.8018,16.72593],[106.80141,16.72599],[106.80067,16.72654],[106.80071,16.72715],[106.80008,16.72792],[106.79915,16.72807],[106.79831,16.72756],[106.79692,16.72748],[106.79653,16.72754],[106.79625,16.72787],[106.79614,16.72855],[106.79625,16.72957],[106.79611,16.7312],[106.79521,16.73236],[106.79408,16.73328],[106.79324,16.73337],[106.79266,16.73364],[106.79206,16.73458],[106.79135,16.735],[106.79063,16.7352],[106.78887,16.73515],[106.78813,16.73532],[106.78751,16.7357],[106.78566,16.73635],[106.78284,16.73717],[106.77463,16.74036],[106.77376,16.7406],[106.77308,16.74057],[106.77278,16.74104],[106.77264,16.74171],[106.77226,16.74215],[106.77101,16.74236],[106.77043,16.74267],[106.76712,16.74504],[106.76626,16.74544],[106.76532,16.745],[106.76483,16.74496],[106.76411,16.74511],[106.76374,16.74493],[106.76309,16.74416],[106.76249,16.74408],[106.76206,16.74458],[106.76171,16.74475],[106.76102,16.74478],[106.7603,16.74517],[106.75905,16.74624],[106.75796,16.74644],[106.75728,16.74638],[106.7562,16.7465],[106.75466,16.74733],[106.7539,16.74702],[106.75287,16.74772],[106.75248,16.74814],[106.75199,16.74899],[106.75088,16.75044],[106.75078,16.75071],[106.75013,16.75118],[106.74902,16.75237],[106.74894,16.75301],[106.74775,16.75358],[106.74669,16.75355],[106.74629,16.75373],[106.74582,16.75424],[106.74557,16.75491],[106.74463,16.75547],[106.74385,16.75632],[106.74302,16.75756],[106.74222,16.75785],[106.74108,16.7577],[106.73993,16.75771],[106.73935,16.75751],[106.73815,16.75733],[106.73751,16.75702],[106.73631,16.75665],[106.73444,16.75623],[106.73375,16.75644],[106.73273,16.75625],[106.73192,16.75633],[106.72997,16.75628],[106.7285,16.7565],[106.72712,16.75631],[106.7263,16.75661],[106.72588,16.75761],[106.72492,16.75774],[106.72455,16.75764],[106.72393,16.7578],[106.72347,16.75843],[106.72198,16.75989],[106.72079,16.76089],[106.71992,16.76134],[106.71809,16.76304],[106.71728,16.76374],[106.716,16.76464],[106.71549,16.76522],[106.71406,16.76735],[106.71342,16.76872],[106.7122,16.77043],[106.71184,16.77178],[106.71214,16.77342],[106.71331,16.77562],[106.71376,16.77605],[106.71437,16.77621],[106.71754,16.77628],[106.7181,16.77623],[106.71928,16.77639],[106.72163,16.77703],[106.72209,16.77698],[106.72238,16.77736],[106.72423,16.77898],[106.72446,16.77923],[106.7246,16.78019],[106.72485,16.78067],[106.72565,16.78136],[106.72585,16.78236],[106.72655,16.78309],[106.72711,16.78387],[106.72778,16.7852],[106.72802,16.78617],[106.72822,16.78647],[106.72919,16.78738],[106.72972,16.78801],[106.73096,16.78852],[106.73147,16.7889],[106.73171,16.7893],[106.73182,16.78994],[106.73206,16.79039],[106.73332,16.79172],[106.73418,16.79211],[106.73472,16.79278],[106.7356,16.79314],[106.73607,16.79358],[106.73754,16.79396],[106.73777,16.79421],[106.73796,16.79515],[106.73941,16.79598],[106.73988,16.79612],[106.74115,16.7961],[106.74158,16.79635],[106.74214,16.79719],[106.7431,16.7981],[106.74362,16.79816],[106.744,16.79794],[106.74434,16.79806],[106.74467,16.79855],[106.74513,16.79869],[106.74606,16.79847],[106.74707,16.79846],[106.74792,16.79856],[106.74885,16.79844],[106.74949,16.79804],[106.75039,16.79847],[106.75078,16.79893],[106.75138,16.79938],[106.7528,16.79994],[106.75339,16.8001],[106.75379,16.8005],[106.75529,16.80168],[106.75527,16.80252],[106.75542,16.80308],[106.75597,16.80326],[106.75705,16.80401],[106.75669,16.80516],[106.75653,16.80596],[106.75666,16.80687],[106.75699,16.80791],[106.75805,16.80875],[106.75893,16.81013],[106.75945,16.81058],[106.75966,16.81139],[106.76019,16.81241],[106.76056,16.81458],[106.76069,16.81504],[106.76122,16.81572],[106.76089,16.81675],[106.76102,16.8177],[106.7615,16.81852],[106.7615,16.81936],[106.76194,16.82006],[106.76292,16.8208],[106.76385,16.82141],[106.76423,16.82178],[106.76526,16.82322],[106.76673,16.82555],[106.7676,16.82617],[106.76821,16.82729],[106.76937,16.82784],[106.76991,16.82833],[106.77223,16.83072],[106.77397,16.83204],[106.77488,16.83264],[106.7757,16.833],[106.77656,16.83358],[106.77799,16.8344],[106.77788,16.83484],[106.77747,16.83524],[106.77719,16.83597],[106.77709,16.83667],[106.77666,16.83673],[106.77643,16.83743],[106.77665,16.83831],[106.77679,16.83984],[106.77709,16.84015],[106.77748,16.84136],[106.77679,16.8413],[106.77622,16.84165],[106.77583,16.8422],[106.77536,16.84358],[106.77497,16.84405],[106.77454,16.84547],[106.77383,16.84638],[106.77313,16.8469],[106.77267,16.84769],[106.77261,16.84816],[106.77179,16.84883],[106.77044,16.8505],[106.77026,16.851],[106.77034,16.85273],[106.77064,16.85365],[106.76983,16.85387],[106.76927,16.85416],[106.76886,16.85415],[106.768,16.8544],[106.76656,16.85555],[106.76554,16.85648],[106.76484,16.85731],[106.76383,16.85939],[106.76361,16.85972],[106.76271,16.8606],[106.76253,16.86142],[106.76266,16.86234],[106.76206,16.86263],[106.76201,16.86331],[106.76119,16.86337],[106.75987,16.86457],[106.75952,16.86516],[106.75954,16.86592],[106.75921,16.8666],[106.75872,16.86677],[106.75894,16.8676],[106.75877,16.86778],[106.75779,16.86791],[106.75756,16.86815],[106.75782,16.86868],[106.75745,16.86994],[106.75673,16.87071],[106.7559,16.87026],[106.75554,16.8706],[106.75584,16.87144],[106.75568,16.87173],[106.75579,16.87218],[106.75628,16.87243],[106.75676,16.87336],[106.7564,16.87367],[106.75472,16.87393],[106.75183,16.87383],[106.75104,16.87462],[106.75028,16.8746],[106.74916,16.87443],[106.74792,16.87458],[106.74701,16.87575],[106.74593,16.87676],[106.74486,16.8775],[106.74444,16.8776],[106.74337,16.87754],[106.74149,16.87768],[106.73992,16.8781],[106.73812,16.87909],[106.73683,16.87929],[106.73625,16.87947],[106.73531,16.87995],[106.73502,16.88058],[106.73474,16.87963],[106.7333,16.87816],[106.73231,16.8779],[106.73141,16.87779],[106.73028,16.87777],[106.72959,16.87797],[106.72861,16.87801],[106.72735,16.87818],[106.72635,16.87883],[106.72567,16.87911],[106.72374,16.87927],[106.72318,16.87949],[106.72213,16.88101],[106.72104,16.88141],[106.7197,16.88217],[106.71892,16.88271],[106.71814,16.88289],[106.71701,16.88221],[106.71622,16.88201],[106.71496,16.88186],[106.71454,16.88163],[106.71369,16.88074],[106.71093,16.8807],[106.70884,16.88039],[106.70721,16.87929],[106.70673,16.87933],[106.70613,16.87999],[106.70485,16.88054],[106.70443,16.88065],[106.70328,16.88064],[106.70211,16.88048],[106.70044,16.88139],[106.70022,16.88195],[106.69958,16.88239],[106.69821,16.88258],[106.69604,16.88385],[106.69495,16.88433],[106.69439,16.8844],[106.69355,16.88404],[106.69315,16.88399],[106.69261,16.8835],[106.69177,16.88326],[106.69057,16.88309],[106.68798,16.88316],[106.68727,16.8831],[106.68657,16.88326],[106.68575,16.8824],[106.68577,16.88173],[106.68552,16.88121],[106.68385,16.87975],[106.6829,16.87871],[106.6826,16.8785],[106.68212,16.87733],[106.68158,16.87701],[106.68102,16.87597],[106.6799,16.87527],[106.67899,16.87557],[106.67809,16.87539],[106.67692,16.87538],[106.6763,16.87497],[106.6755,16.87399],[106.67448,16.87336],[106.6728,16.87259],[106.67201,16.87165],[106.67141,16.87133],[106.67052,16.87127],[106.66924,16.87053],[106.66797,16.87046],[106.6668,16.87092],[106.66543,16.87097],[106.66462,16.8708],[106.66361,16.87044],[106.6624,16.87037],[106.66187,16.87015],[106.66173,16.86981],[106.66102,16.86953],[106.65937,16.86919],[106.6576,16.86875],[106.65593,16.86839],[106.65519,16.86835],[106.65345,16.86866],[106.65286,16.86885],[106.65186,16.86957],[106.65111,16.86753],[106.65066,16.86687],[106.64997,16.8661],[106.64891,16.86505],[106.64759,16.86422],[106.64744,16.86413],[106.63923,16.8594],[106.63464,16.85786],[106.63274,16.85544],[106.63364,16.8537],[106.63302,16.84899],[106.63273,16.84853],[106.63207,16.84788],[106.63159,16.84716],[106.63161,16.84577],[106.63142,16.84535],[106.63078,16.845],[106.6301,16.84429],[106.62958,16.8433],[106.62913,16.84273],[106.62786,16.84209],[106.62742,16.84183],[106.62683,16.84163],[106.62646,16.84059],[106.62616,16.8403],[106.62419,16.83926],[106.6237,16.83841],[106.62248,16.83719],[106.62051,16.8357],[106.62069,16.83465],[106.62014,16.83304],[106.61939,16.83188],[106.618,16.83027],[106.61703,16.82953],[106.61566,16.82905],[106.61443,16.82846],[106.61379,16.82778],[106.6137,16.82684],[106.61397,16.82561],[106.61356,16.82464],[106.61349,16.82333],[106.61247,16.82201],[106.61215,16.82031],[106.61154,16.81931],[106.61106,16.81819],[106.61052,16.81627],[106.61001,16.81514],[106.6097,16.81374],[106.60969,16.81219],[106.6099,16.8111],[106.61025,16.81035],[106.61166,16.80898],[106.61164,16.80878],[106.61083,16.80843],[106.60914,16.808],[106.60615,16.80756],[106.60368,16.8075],[106.60252,16.80751],[106.60141,16.8071],[106.59979,16.80698],[106.5986,16.80726],[106.5975,16.8077],[106.59667,16.80843],[106.59503,16.8091],[106.59437,16.80967],[106.59348,16.81001],[106.59221,16.81017],[106.59109,16.81056],[106.58985,16.81168],[106.58874,16.81218],[106.58556,16.81234],[106.58331,16.81148],[106.58139,16.81091],[106.57942,16.8105],[106.57766,16.80843],[106.57437,16.80351],[106.57315,16.80202],[106.57046,16.7986],[106.56851,16.79578],[106.56464,16.7988],[106.56227,16.8007],[106.55988,16.80254],[106.55934,16.80224],[106.55781,16.80183],[106.55617,16.80081],[106.55439,16.8005],[106.55222,16.79908],[106.55159,16.7988],[106.55163,16.79608],[106.55171,16.78824],[106.55173,16.77906],[106.55179,16.77147],[106.55178,16.76881],[106.55184,16.76098],[106.55184,16.7585],[106.5519,16.75309],[106.55191,16.74593],[106.55196,16.73605],[106.55201,16.73141],[106.55208,16.71762],[106.5522,16.69429],[106.55449,16.68898],[106.55536,16.68587],[106.55741,16.6834],[106.55732,16.68279],[106.55671,16.68216],[106.55664,16.68148],[106.55693,16.68046],[106.55683,16.67884],[106.55705,16.67824],[106.55816,16.67691],[106.55796,16.67575],[106.55811,16.67397],[106.55906,16.67263],[106.55967,16.67123],[106.56119,16.66965],[106.56124,16.66857],[106.56138,16.66838],[106.56233,16.66792],[106.56277,16.66704],[106.56299,16.66685],[106.56415,16.66658],[106.56466,16.66637],[106.56527,16.66578],[106.56521,16.66257],[106.56543,16.66218],[106.56676,16.66143],[106.56668,16.65941],[106.56626,16.65842],[106.56663,16.65773],[106.56664,16.65586],[106.56684,16.65454],[106.5671,16.65384],[106.56765,16.65296],[106.56748,16.6521],[106.56679,16.65127],[106.5668,16.65072],[106.56699,16.65024],[106.5669,16.64973],[106.56619,16.64926],[106.56489,16.64785],[106.56409,16.6471],[106.56372,16.6459],[106.56427,16.64355],[106.565,16.64264],[106.56503,16.6418],[106.56532,16.64132],[106.56799,16.64177],[106.57619,16.6417],[106.58475,16.64196],[106.5893,16.64481],[106.59979,16.6514],[106.61714,16.65281],[106.61859,16.65609],[106.61829,16.65822],[106.61367,16.6613],[106.6091,16.66409],[106.60354,16.66489],[106.59883,16.66705],[106.59873,16.66869],[106.59878,16.66908],[106.59851,16.67168],[106.59823,16.67223],[106.59741,16.67294],[106.59694,16.67357],[106.59762,16.67456],[106.59781,16.67686],[106.59865,16.67759],[106.59891,16.67814],[106.59955,16.67867],[106.60015,16.67942],[106.60093,16.67958],[106.60177,16.67918],[106.60252,16.67908],[106.60321,16.67918],[106.60423,16.67968],[106.60452,16.68006],[106.60561,16.68098],[106.60685,16.68151],[106.60837,16.68158],[106.60881,16.68141],[106.60943,16.68071],[106.60988,16.6804],[106.61029,16.67984],[106.61142,16.67997],[106.61234,16.67925],[106.61265,16.67918],[106.61365,16.67945],[106.61445,16.67888],[106.61513,16.67868],[106.61569,16.67886],[106.61624,16.67876],[106.61757,16.67909],[106.61835,16.67966],[106.61887,16.6802],[106.62067,16.6824],[106.62092,16.68381],[106.62127,16.68426],[106.62181,16.68437],[106.62314,16.68434],[106.62341,16.68472],[106.62382,16.68575],[106.62405,16.68602],[106.62496,16.68626],[106.62589,16.68669],[106.62663,16.68857],[106.62748,16.68869],[106.6286,16.68851],[106.62953,16.68915],[106.63013,16.68988],[106.63059,16.69096],[106.63068,16.69161],[106.63062,16.69237],[106.63313,16.69369],[106.63349,16.69409],[106.63356,16.69472],[106.63303,16.6958],[106.63304,16.69643],[106.63356,16.69705],[106.6352,16.69589],[106.63709,16.69474],[106.63822,16.6947],[106.63926,16.69442],[106.6396,16.69547],[106.64067,16.69617],[106.64218,16.69669],[106.64285,16.69665],[106.64344,16.6962],[106.64412,16.69608],[106.64581,16.69622],[106.64817,16.69793],[106.65306,16.69912],[106.65362,16.69926],[106.65371,16.69919],[106.6591,16.69521],[106.65997,16.69084],[106.66015,16.69058],[106.66104,16.68997],[106.66193,16.68978],[106.66329,16.68969],[106.66527,16.68981],[106.66624,16.68901],[106.66673,16.68832],[106.66731,16.68778],[106.66741,16.68721],[106.66764,16.68692],[106.66845,16.6867],[106.66898,16.68611],[106.6699,16.68574],[106.67015,16.68551],[106.67032,16.68475],[106.67138,16.68434],[106.67111,16.68348],[106.67118,16.68219],[106.67151,16.6818],[106.6724,16.68192],[106.67336,16.68293],[106.67392,16.68298],[106.6743,16.68245],[106.67464,16.68113],[106.67501,16.68059],[106.6757,16.68043],[106.67692,16.67907],[106.67726,16.67903],[106.67792,16.67928],[106.67865,16.67978],[106.67923,16.6798],[106.67964,16.67896],[106.68,16.67762],[106.68042,16.67746],[106.68116,16.67782],[106.68229,16.678],[106.68286,16.67788],[106.68379,16.67878],[106.68418,16.67889],[106.68542,16.67898],[106.68597,16.67822],[106.68675,16.67742],[106.68705,16.67726],[106.68937,16.67858],[106.69029,16.67869],[106.69307,16.67863],[106.69515,16.67866],[106.69644,16.67898],[106.69788,16.67894],[106.69956,16.67864],[106.70072,16.67878],[106.7022,16.67925],[106.70189,16.68004],[106.70445,16.68076],[106.70542,16.68122],[106.70672,16.68205],[106.7085,16.68311],[106.71162,16.68415],[106.71303,16.68444],[106.71406,16.6848],[106.7154,16.68512],[106.71715,16.68561],[106.71962,16.68603],[106.72026,16.68626],[106.7214,16.68696],[106.72215,16.68751],[106.72374,16.68827],[106.72484,16.68872],[106.72553,16.68882],[106.72676,16.68878],[106.72774,16.68905],[106.72981,16.68885],[106.73062,16.68842],[106.73193,16.68846],[106.7331,16.68866],[106.73386,16.68859],[106.73462,16.68805],[106.73517,16.68675],[106.73636,16.68761],[106.73775,16.6878],[106.73948,16.68706],[106.73981,16.68682],[106.74006,16.686],[106.74011,16.68503],[106.74071,16.6843],[106.74103,16.68411],[106.74347,16.68333],[106.74475,16.6828],[106.74516,16.68276],[106.74587,16.6832],[106.74712,16.68362],[106.74812,16.68302],[106.74863,16.68308],[106.74951,16.68192],[106.75005,16.68136],[106.75072,16.68099],[106.75183,16.68023],[106.75285,16.67934],[106.75367,16.67876],[106.75455,16.67737],[106.75573,16.67637],[106.75641,16.67596],[106.75812,16.67535],[106.75916,16.67484],[106.75984,16.67401],[106.76034,16.67359],[106.76101,16.67333],[106.76325,16.67282],[106.76455,16.67213],[106.7656,16.67206],[106.76651,16.67236],[106.76737,16.67281],[106.77014,16.67309]]]},"properties":{"name":"Hướng Phùng","nameEn":"Huong Phung","fullName":"Xã Hướng Phùng","fullNameEn":"Huong Phung Commune","codeName":"huong_phung","areaKm2":447.59,"postalCode":"48512","code":"19441"}},{"type":"Feature","geometry":{"type":"Polygon","coordinates":[[[106.68739,16.6472],[106.68583,16.64644],[106.68519,16.64637],[106.68398,16.64566],[106.68276,16.6455],[106.68215,16.64556],[106.68193,16.64533],[106.68109,16.64498],[106.67935,16.64488],[106.67848,16.64492],[106.67722,16.64476],[106.67626,16.64413],[106.67516,16.64426],[106.67358,16.64348],[106.67345,16.64315],[106.67393,16.64215],[106.67415,16.64191],[106.67485,16.64167],[106.6756,16.64115],[106.67586,16.64069],[106.67708,16.63946],[106.67729,16.63893],[106.67785,16.63823],[106.67814,16.63756],[106.67865,16.63685],[106.67862,16.63651],[106.67794,16.63519],[106.67783,16.63448],[106.67797,16.63351],[106.67794,16.63289],[106.67758,16.63231],[106.67755,16.6315],[106.67732,16.63013],[106.67709,16.62933],[106.67662,16.62877],[106.67604,16.62779],[106.67577,16.62661],[106.67604,16.62574],[106.67532,16.624],[106.67519,16.62345],[106.6745,16.62289],[106.67393,16.62269],[106.67331,16.62266],[106.67263,16.62224],[106.67167,16.62106],[106.67127,16.62084],[106.67051,16.62083],[106.67018,16.62056],[106.66993,16.6197],[106.66846,16.61837],[106.66855,16.6167],[106.6685,16.61549],[106.66826,16.61432],[106.66836,16.61276],[106.66897,16.61162],[106.66909,16.61008],[106.6702,16.60942],[106.67083,16.60888],[106.67134,16.60791],[106.67169,16.60696],[106.67213,16.60422],[106.67251,16.60376],[106.67284,16.60301],[106.67361,16.60223],[106.67418,16.60197],[106.67479,16.60216],[106.67561,16.60084],[106.6763,16.59996],[106.67754,16.59779],[106.67816,16.59711],[106.67947,16.59617],[106.67904,16.59581],[106.67809,16.59597],[106.67732,16.59655],[106.67645,16.59675],[106.6749,16.59727],[106.67417,16.59703],[106.6736,16.59661],[106.6729,16.59577],[106.67137,16.59371],[106.67118,16.59289],[106.67125,16.59194],[106.67191,16.5902],[106.67207,16.58938],[106.67194,16.58894],[106.67146,16.58839],[106.67107,16.58821],[106.66983,16.58834],[106.67037,16.58775],[106.67042,16.58722],[106.67077,16.58665],[106.67156,16.58576],[106.67149,16.58555],[106.67089,16.58538],[106.67081,16.58473],[106.67182,16.58406],[106.67196,16.58333],[106.67143,16.5831],[106.67156,16.58278],[106.67208,16.58282],[106.67257,16.58359],[106.67305,16.58406],[106.6735,16.58411],[106.6742,16.5837],[106.6746,16.58298],[106.67543,16.58273],[106.67488,16.58229],[106.6743,16.58149],[106.67359,16.58088],[106.67367,16.58046],[106.67407,16.5804],[106.67541,16.58072],[106.67766,16.58189],[106.67798,16.58176],[106.68155,16.58194],[106.68196,16.57622],[106.68274,16.57484],[106.68359,16.57413],[106.68429,16.57406],[106.68539,16.57342],[106.6865,16.57258],[106.6872,16.57192],[106.68763,16.57081],[106.68817,16.56863],[106.68849,16.56812],[106.68924,16.56777],[106.68936,16.56734],[106.68917,16.56665],[106.68873,16.56586],[106.68878,16.5653],[106.68927,16.56443],[106.68943,16.56369],[106.68979,16.5632],[106.69004,16.56243],[106.69001,16.56198],[106.69017,16.56079],[106.69049,16.56013],[106.69089,16.55972],[106.69179,16.55919],[106.69128,16.55892],[106.69095,16.55829],[106.69055,16.55599],[106.69076,16.55548],[106.69051,16.55519],[106.68989,16.55505],[106.68958,16.55465],[106.68916,16.55375],[106.68868,16.55313],[106.68826,16.55286],[106.688,16.55243],[106.68767,16.55141],[106.68766,16.55007],[106.68745,16.54935],[106.68674,16.54866],[106.6866,16.54829],[106.68525,16.54725],[106.68508,16.54635],[106.68457,16.54487],[106.68414,16.54298],[106.68687,16.53744],[106.68582,16.53348],[106.68293,16.52133],[106.68801,16.51813],[106.70182,16.51201],[106.71757,16.50757],[106.71797,16.5081],[106.71845,16.50828],[106.71992,16.50939],[106.72103,16.51114],[106.7218,16.51134],[106.72332,16.5124],[106.72607,16.5136],[106.72659,16.5145],[106.72663,16.51518],[106.72672,16.51595],[106.7276,16.51682],[106.72862,16.51886],[106.72922,16.51946],[106.72986,16.51988],[106.73153,16.52005],[106.73246,16.52038],[106.73271,16.5209],[106.73292,16.52255],[106.73308,16.52302],[106.73342,16.52335],[106.73441,16.52396],[106.73618,16.52523],[106.73784,16.52575],[106.73851,16.52585],[106.73916,16.52663],[106.74012,16.52664],[106.74148,16.52678],[106.74231,16.52678],[106.74321,16.52633],[106.7435,16.52595],[106.74354,16.52549],[106.74396,16.52512],[106.74526,16.52488],[106.74595,16.52456],[106.74665,16.52459],[106.74748,16.52502],[106.74847,16.52625],[106.74984,16.52761],[106.75005,16.52811],[106.75019,16.529],[106.75028,16.53056],[106.75055,16.53119],[106.7509,16.53162],[106.75108,16.53423],[106.75107,16.53854],[106.75056,16.53953],[106.74743,16.54898],[106.74029,16.56934],[106.74164,16.57267],[106.74201,16.57481],[106.73825,16.57673],[106.72932,16.58396],[106.72845,16.58448],[106.72801,16.58492],[106.72727,16.58527],[106.72639,16.58556],[106.72592,16.58621],[106.725,16.58684],[106.72496,16.58721],[106.72235,16.58877],[106.72261,16.58945],[106.7233,16.59079],[106.72412,16.59189],[106.7273,16.59739],[106.72833,16.59926],[106.72858,16.60045],[106.72842,16.60104],[106.7284,16.60194],[106.72813,16.60273],[106.72818,16.60326],[106.72858,16.60365],[106.72881,16.60417],[106.72874,16.60459],[106.72928,16.60576],[106.7292,16.60668],[106.72938,16.60741],[106.72986,16.60813],[106.7287,16.60851],[106.72838,16.60924],[106.72748,16.61005],[106.72675,16.61048],[106.72623,16.61056],[106.72596,16.60976],[106.72622,16.60943],[106.726,16.60872],[106.72568,16.60849],[106.72507,16.60843],[106.72484,16.6086],[106.72486,16.60929],[106.72387,16.60965],[106.72368,16.60991],[106.72304,16.61016],[106.72253,16.61071],[106.7227,16.61115],[106.72325,16.61139],[106.72325,16.61235],[106.72283,16.61303],[106.72221,16.61354],[106.72174,16.61373],[106.72132,16.6144],[106.72072,16.61436],[106.72055,16.6151],[106.72017,16.61533],[106.72011,16.61596],[106.7199,16.61645],[106.71938,16.61681],[106.71963,16.61746],[106.71916,16.61901],[106.71835,16.61995],[106.71813,16.62049],[106.71853,16.62049],[106.71868,16.62263],[106.7206,16.62356],[106.72063,16.62464],[106.7211,16.62543],[106.72281,16.62536],[106.72378,16.62607],[106.72473,16.62661],[106.72619,16.62711],[106.72768,16.62712],[106.72821,16.62728],[106.72934,16.6274],[106.72968,16.6272],[106.73013,16.62758],[106.73008,16.62787],[106.72892,16.62845],[106.72844,16.62916],[106.72796,16.63038],[106.72807,16.63112],[106.72779,16.63136],[106.72711,16.63152],[106.72649,16.63216],[106.72655,16.63314],[106.72556,16.63411],[106.72425,16.63484],[106.72411,16.63584],[106.72357,16.63606],[106.72194,16.63608],[106.7213,16.63754],[106.72035,16.63851],[106.71984,16.63884],[106.71923,16.63953],[106.71813,16.63959],[106.7171,16.63945],[106.71473,16.63958],[106.71296,16.64033],[106.71068,16.64167],[106.70938,16.64267],[106.70831,16.64368],[106.70812,16.64298],[106.70834,16.64271],[106.70787,16.64242],[106.70725,16.64229],[106.70661,16.64178],[106.70576,16.64073],[106.70534,16.64047],[106.7042,16.64037],[106.70299,16.64072],[106.70167,16.64083],[106.7011,16.6405],[106.70036,16.64072],[106.69997,16.64101],[106.6995,16.64102],[106.69911,16.6417],[106.69852,16.64181],[106.69774,16.64149],[106.69715,16.6426],[106.69652,16.64313],[106.69623,16.64317],[106.69468,16.64393],[106.69369,16.64419],[106.69336,16.64453],[106.69239,16.64465],[106.6918,16.64486],[106.69103,16.64543],[106.69014,16.64563],[106.68985,16.64591],[106.68941,16.64699],[106.68874,16.64733],[106.68739,16.6472]]]},"properties":{"name":"Tân Lập","nameEn":"Tan Lap","fullName":"Xã Tân Lập","fullNameEn":"Tan Lap Commune","codeName":"tan_lap","areaKm2":83.18,"postalCode":"48517","code":"19462"}},{"type":"Feature","geometry":{"type":"Polygon","coordinates":[[[106.75107,16.53854],[106.75108,16.53423],[106.7509,16.53162],[106.75055,16.53119],[106.75028,16.53056],[106.75019,16.529],[106.75005,16.52811],[106.74984,16.52761],[106.74847,16.52625],[106.74748,16.52502],[106.74665,16.52459],[106.74595,16.52456],[106.74526,16.52488],[106.74396,16.52512],[106.74354,16.52549],[106.7435,16.52595],[106.74321,16.52633],[106.74231,16.52678],[106.74148,16.52678],[106.74012,16.52664],[106.73916,16.52663],[106.73851,16.52585],[106.73784,16.52575],[106.73618,16.52523],[106.73441,16.52396],[106.73342,16.52335],[106.73308,16.52302],[106.73292,16.52255],[106.73271,16.5209],[106.73246,16.52038],[106.73153,16.52005],[106.72986,16.51988],[106.72922,16.51946],[106.72862,16.51886],[106.7276,16.51682],[106.72672,16.51595],[106.72663,16.51518],[106.72659,16.5145],[106.72607,16.5136],[106.72332,16.5124],[106.7218,16.51134],[106.72103,16.51114],[106.71992,16.50939],[106.71845,16.50828],[106.71797,16.5081],[106.71757,16.50757],[106.72307,16.50009],[106.72949,16.48754],[106.7312,16.48108],[106.72891,16.47622],[106.73145,16.47617],[106.73212,16.47863],[106.73332,16.47783],[106.7334,16.4774],[106.73439,16.47662],[106.73464,16.47617],[106.73554,16.47572],[106.73635,16.47501],[106.73685,16.47427],[106.73712,16.47349],[106.73754,16.4728],[106.7376,16.4721],[106.7375,16.47152],[106.73719,16.47086],[106.73706,16.46898],[106.73686,16.468],[106.73691,16.46751],[106.74989,16.44955],[106.74942,16.44979],[106.74716,16.45209],[106.74596,16.45279],[106.74512,16.45283],[106.74391,16.45317],[106.74346,16.45353],[106.74297,16.45359],[106.74245,16.45307],[106.74176,16.45319],[106.74141,16.45304],[106.74074,16.45244],[106.73967,16.45225],[106.73889,16.45223],[106.73854,16.45236],[106.73771,16.45298],[106.73668,16.45339],[106.73514,16.45421],[106.73426,16.45512],[106.73353,16.45608],[106.73285,16.45661],[106.73132,16.45852],[106.73089,16.45883],[106.72944,16.45951],[106.72894,16.45947],[106.72828,16.46006],[106.72736,16.46062],[106.72699,16.46102],[106.72504,16.46229],[106.72261,16.4634],[106.72188,16.4635],[106.71473,16.45808],[106.71421,16.45747],[106.71406,16.45711],[106.7145,16.4569],[106.7142,16.45631],[106.7137,16.45614],[106.71256,16.45508],[106.70653,16.44724],[106.7068,16.44682],[106.7079,16.44558],[106.70836,16.44518],[106.70858,16.44464],[106.70854,16.44374],[106.70867,16.44325],[106.70917,16.44255],[106.70942,16.44163],[106.70932,16.44089],[106.70888,16.44008],[106.70771,16.43866],[106.70679,16.43772],[106.70559,16.43594],[106.7053,16.4352],[106.70607,16.43501],[106.70807,16.43428],[106.70902,16.434],[106.71053,16.43368],[106.71342,16.4334],[106.71521,16.43318],[106.71575,16.433],[106.71789,16.4319],[106.72006,16.43034],[106.72114,16.42931],[106.72271,16.42791],[106.72428,16.42669],[106.72581,16.42519],[106.72635,16.42507],[106.72718,16.42511],[106.72811,16.42555],[106.72898,16.42621],[106.72973,16.42691],[106.73023,16.42786],[106.73026,16.42846],[106.73003,16.42923],[106.72957,16.42994],[106.72907,16.43041],[106.72777,16.43132],[106.72614,16.43214],[106.72431,16.43301],[106.72406,16.43323],[106.72387,16.43415],[106.72408,16.43474],[106.72521,16.4357],[106.72628,16.43673],[106.73021,16.4387],[106.73269,16.43988],[106.73362,16.43973],[106.73518,16.43901],[106.73603,16.4381],[106.73623,16.43724],[106.73623,16.43664],[106.73572,16.43377],[106.73535,16.43225],[106.73501,16.43045],[106.73431,16.42707],[106.73413,16.42531],[106.73437,16.42431],[106.73474,16.42323],[106.73596,16.4207],[106.73762,16.41884],[106.73816,16.41789],[106.7383,16.41708],[106.73829,16.4159],[106.73814,16.41407],[106.73815,16.41287],[106.7383,16.41197],[106.73867,16.41115],[106.7391,16.41075],[106.73997,16.41079],[106.7408,16.41147],[106.74239,16.41325],[106.74522,16.41573],[106.74587,16.41662],[106.74608,16.41717],[106.74605,16.41833],[106.74554,16.41966],[106.74531,16.42129],[106.74529,16.42275],[106.7454,16.42337],[106.74582,16.42399],[106.74652,16.42416],[106.74845,16.42416],[106.75269,16.42394],[106.75495,16.42373],[106.75725,16.42381],[106.75827,16.42403],[106.75976,16.42455],[106.76073,16.42481],[106.7627,16.42495],[106.76349,16.42517],[106.76426,16.42572],[106.76565,16.42707],[106.76768,16.42876],[106.76911,16.42949],[106.76994,16.43012],[106.77077,16.43056],[106.77178,16.43148],[106.77214,16.43224],[106.77224,16.43302],[106.77212,16.43599],[106.77231,16.43696],[106.77284,16.43851],[106.77366,16.43985],[106.77431,16.44073],[106.77504,16.44213],[106.77526,16.44281],[106.77526,16.44376],[106.77511,16.44433],[106.77431,16.44527],[106.77367,16.44628],[106.77313,16.44745],[106.77284,16.44902],[106.77263,16.45133],[106.77271,16.45269],[106.77283,16.45334],[106.77461,16.45766],[106.7752,16.45856],[106.7754,16.45904],[106.77506,16.46012],[106.77444,16.46109],[106.77424,16.46162],[106.77428,16.46256],[106.77402,16.46316],[106.7718,16.465],[106.77087,16.46586],[106.77064,16.46625],[106.77054,16.46689],[106.77064,16.4674],[106.77096,16.46776],[106.77203,16.46817],[106.77272,16.46853],[106.77349,16.46927],[106.77404,16.46956],[106.77538,16.47006],[106.77752,16.47047],[106.7788,16.47048],[106.77917,16.47058],[106.78285,16.47094],[106.78318,16.47115],[106.78328,16.47171],[106.78368,16.47222],[106.78433,16.47256],[106.78587,16.4732],[106.78769,16.47359],[106.78933,16.47368],[106.79196,16.4735],[106.79254,16.4733],[106.80211,16.46354],[106.80237,16.46475],[106.80315,16.46533],[106.80349,16.46636],[106.80394,16.46805],[106.8042,16.46876],[106.80526,16.47062],[106.80542,16.47144],[106.80548,16.47242],[106.80561,16.47279],[106.80576,16.474],[106.80557,16.47551],[106.80603,16.47614],[106.80639,16.47716],[106.80675,16.47788],[106.80817,16.47911],[106.8095,16.48092],[106.8105,16.48196],[106.81195,16.48414],[106.81307,16.48545],[106.81392,16.48664],[106.81416,16.48716],[106.81447,16.48934],[106.81522,16.49293],[106.8158,16.49382],[106.81672,16.49484],[106.81749,16.49656],[106.81827,16.49898],[106.81853,16.50007],[106.81884,16.5009],[106.81888,16.50216],[106.81917,16.50356],[106.81992,16.50474],[106.82052,16.50543],[106.82102,16.50628],[106.82076,16.50723],[106.82087,16.50762],[106.82127,16.50784],[106.82212,16.50795],[106.82277,16.50841],[106.82312,16.5092],[106.82332,16.51212],[106.82345,16.51272],[106.82406,16.51349],[106.82499,16.51404],[106.82579,16.51441],[106.82612,16.51513],[106.8262,16.5156],[106.82683,16.51636],[106.82704,16.51728],[106.82745,16.51976],[106.82773,16.5203],[106.8287,16.52147],[106.82879,16.52226],[106.82804,16.52364],[106.8255,16.52545],[106.82535,16.52585],[106.82552,16.52656],[106.82537,16.52702],[106.82431,16.5278],[106.82315,16.52838],[106.8227,16.52923],[106.82284,16.52976],[106.82363,16.53089],[106.8242,16.53262],[106.82452,16.53299],[106.82653,16.53423],[106.82733,16.53498],[106.82806,16.53625],[106.82835,16.53652],[106.82932,16.53671],[106.8296,16.53708],[106.8292,16.53798],[106.82938,16.53889],[106.83013,16.54002],[106.83059,16.54086],[106.83067,16.54144],[106.83051,16.54368],[106.8299,16.54493],[106.82991,16.54619],[106.83007,16.5469],[106.8307,16.54882],[106.8136,16.55735],[106.8132,16.55723],[106.81256,16.55676],[106.81112,16.55632],[106.80929,16.55631],[106.80885,16.55617],[106.80773,16.55513],[106.80725,16.55443],[106.80667,16.55443],[106.80573,16.55463],[106.80435,16.55505],[106.80362,16.55504],[106.80264,16.55524],[106.80226,16.55544],[106.80109,16.55579],[106.79948,16.55531],[106.79846,16.55433],[106.79796,16.55424],[106.79642,16.55489],[106.79585,16.55484],[106.79528,16.55459],[106.79472,16.55486],[106.79457,16.55557],[106.79377,16.55618],[106.79308,16.55607],[106.79148,16.55603],[106.7904,16.55623],[106.78893,16.55613],[106.78866,16.55584],[106.78866,16.55511],[106.78839,16.55468],[106.78695,16.55385],[106.7859,16.55363],[106.78413,16.55391],[106.78352,16.55414],[106.78164,16.55431],[106.78068,16.55415],[106.78003,16.55425],[106.77904,16.55521],[106.77871,16.55582],[106.77822,16.55635],[106.77754,16.55648],[106.77659,16.55604],[106.77603,16.55616],[106.77517,16.55675],[106.77411,16.5572],[106.77274,16.55857],[106.7717,16.55881],[106.77142,16.55906],[106.77129,16.55953],[106.77101,16.55979],[106.7701,16.55993],[106.76973,16.56035],[106.76915,16.56064],[106.76791,16.56055],[106.7667,16.56119],[106.76618,16.56184],[106.76549,16.56204],[106.76436,16.56208],[106.76331,16.56125],[106.76197,16.56073],[106.76171,16.56078],[106.76101,16.56137],[106.75997,16.56165],[106.75958,16.56143],[106.75949,16.56063],[106.75961,16.55975],[106.75964,16.55838],[106.7596,16.55702],[106.75949,16.55674],[106.75951,16.55592],[106.75991,16.55478],[106.76032,16.55434],[106.76117,16.55284],[106.76214,16.55133],[106.76186,16.55046],[106.76178,16.54947],[106.76277,16.54843],[106.76301,16.54757],[106.76311,16.54647],[106.76325,16.5462],[106.76379,16.54592],[106.76404,16.54526],[106.76407,16.54338],[106.76392,16.5413],[106.76249,16.53951],[106.76066,16.53849],[106.75998,16.5384],[106.75914,16.5385],[106.75765,16.53817],[106.75652,16.53741],[106.7561,16.53727],[106.75455,16.53739],[106.75366,16.53763],[106.75307,16.53729],[106.75236,16.53728],[106.75117,16.53834],[106.75107,16.53854]]]},"properties":{"name":"A Dơi","nameEn":"A Doi","fullName":"Xã A Dơi","fullNameEn":"A Doi Commune","codeName":"a_doi","areaKm2":112.41,"postalCode":"48526","code":"19483"}},{"type":"Feature","geometry":{"type":"Polygon","coordinates":[[[106.66665,16.58438],[106.66722,16.58435],[106.66737,16.58398],[106.66712,16.58305],[106.66669,16.58256],[106.66444,16.58051],[106.66338,16.57916],[106.66282,16.57819],[106.66238,16.57698],[106.66209,16.57555],[106.66198,16.57414],[106.66222,16.57267],[106.66274,16.57158],[106.66382,16.57032],[106.66549,16.56853],[106.66872,16.56558],[106.67035,16.5643],[106.67211,16.56259],[106.67256,16.56203],[106.67255,16.56093],[106.67227,16.55963],[106.67191,16.55918],[106.67142,16.55901],[106.66942,16.55888],[106.66715,16.55841],[106.66509,16.55761],[106.66392,16.55702],[106.6624,16.55603],[106.66063,16.55472],[106.65891,16.55293],[106.6574,16.5509],[106.65504,16.54738],[106.65417,16.5466],[106.65215,16.54512],[106.65031,16.54343],[106.6482,16.5413],[106.64753,16.5405],[106.64734,16.53973],[106.6478,16.5382],[106.64803,16.53712],[106.64812,16.53593],[106.648,16.53406],[106.6478,16.53182],[106.64775,16.52843],[106.64756,16.52727],[106.64713,16.52315],[106.64702,16.52261],[106.6471,16.52205],[106.64739,16.52168],[106.64803,16.52119],[106.64904,16.52057],[106.65051,16.51991],[106.65194,16.5198],[106.6527,16.51929],[106.65331,16.51803],[106.65341,16.51734],[106.65309,16.51519],[106.65286,16.51449],[106.65218,16.51304],[106.65221,16.51232],[106.65244,16.51186],[106.65335,16.51073],[106.65477,16.50954],[106.65866,16.507],[106.6604,16.50602],[106.66125,16.50571],[106.66365,16.50522],[106.66435,16.50481],[106.6647,16.50403],[106.66533,16.50324],[106.66544,16.50292],[106.66527,16.50234],[106.66429,16.50178],[106.66362,16.50118],[106.6635,16.50072],[106.66335,16.49899],[106.66345,16.49765],[106.66342,16.49653],[106.66291,16.49574],[106.66062,16.49415],[106.66015,16.49371],[106.65955,16.49285],[106.6595,16.49201],[106.65999,16.49109],[106.66049,16.4907],[106.66144,16.49028],[106.66266,16.48904],[106.66324,16.48831],[106.66398,16.48694],[106.66406,16.48633],[106.66343,16.48487],[106.66188,16.48314],[106.66143,16.48203],[106.66135,16.4804],[106.66101,16.47858],[106.66109,16.47775],[106.6607,16.47543],[106.6606,16.47413],[106.66076,16.47327],[106.66123,16.47259],[106.66185,16.47224],[106.66249,16.47229],[106.66358,16.47282],[106.66506,16.47365],[106.66655,16.47464],[106.66845,16.476],[106.67005,16.47663],[106.67083,16.47676],[106.67177,16.47676],[106.67328,16.47634],[106.67402,16.47557],[106.67448,16.4745],[106.67468,16.47313],[106.67409,16.46765],[106.6736,16.46527],[106.67346,16.4637],[106.67367,16.46107],[106.67397,16.45842],[106.67427,16.4567],[106.67478,16.45483],[106.67546,16.45284],[106.67576,16.45234],[106.67688,16.45134],[106.67776,16.45137],[106.67877,16.45213],[106.67949,16.45298],[106.68204,16.45644],[106.68273,16.45763],[106.68341,16.45802],[106.68408,16.45791],[106.68499,16.45738],[106.68686,16.45589],[106.68849,16.45442],[106.69132,16.45157],[106.69275,16.45006],[106.69328,16.44922],[106.69322,16.44882],[106.69283,16.44815],[106.69229,16.44763],[106.6907,16.4465],[106.68968,16.44612],[106.68877,16.44604],[106.68789,16.44568],[106.68702,16.4446],[106.68652,16.44337],[106.68637,16.44227],[106.68645,16.44164],[106.68689,16.44017],[106.68742,16.43931],[106.68774,16.43905],[106.68865,16.43865],[106.6896,16.43864],[106.69031,16.43875],[106.69308,16.43939],[106.69543,16.43987],[106.69636,16.43959],[106.69774,16.43883],[106.69868,16.43813],[106.69981,16.43752],[106.70067,16.43654],[106.70126,16.43608],[106.70254,16.43559],[106.70396,16.43535],[106.7053,16.4352],[106.70559,16.43594],[106.70679,16.43772],[106.70771,16.43866],[106.70888,16.44008],[106.70932,16.44089],[106.70942,16.44163],[106.70917,16.44255],[106.70867,16.44325],[106.70854,16.44374],[106.70858,16.44464],[106.70836,16.44518],[106.7079,16.44558],[106.7068,16.44682],[106.70653,16.44724],[106.71256,16.45508],[106.7137,16.45614],[106.7142,16.45631],[106.7145,16.4569],[106.71406,16.45711],[106.71421,16.45747],[106.71473,16.45808],[106.72188,16.4635],[106.72261,16.4634],[106.72504,16.46229],[106.72699,16.46102],[106.72736,16.46062],[106.72828,16.46006],[106.72894,16.45947],[106.72944,16.45951],[106.73089,16.45883],[106.73132,16.45852],[106.73285,16.45661],[106.73353,16.45608],[106.73426,16.45512],[106.73514,16.45421],[106.73668,16.45339],[106.73771,16.45298],[106.73854,16.45236],[106.73889,16.45223],[106.73967,16.45225],[106.74074,16.45244],[106.74141,16.45304],[106.74176,16.45319],[106.74245,16.45307],[106.74297,16.45359],[106.74346,16.45353],[106.74391,16.45317],[106.74512,16.45283],[106.74596,16.45279],[106.74716,16.45209],[106.74942,16.44979],[106.74989,16.44955],[106.73691,16.46751],[106.73686,16.468],[106.73706,16.46898],[106.73719,16.47086],[106.7375,16.47152],[106.7376,16.4721],[106.73754,16.4728],[106.73712,16.47349],[106.73685,16.47427],[106.73635,16.47501],[106.73554,16.47572],[106.73464,16.47617],[106.73439,16.47662],[106.7334,16.4774],[106.73332,16.47783],[106.73212,16.47863],[106.73145,16.47617],[106.72891,16.47622],[106.7312,16.48108],[106.72949,16.48754],[106.72307,16.50009],[106.71757,16.50757],[106.70182,16.51201],[106.68801,16.51813],[106.68293,16.52133],[106.68582,16.53348],[106.68687,16.53744],[106.68414,16.54298],[106.68457,16.54487],[106.68508,16.54635],[106.68525,16.54725],[106.6866,16.54829],[106.68674,16.54866],[106.68745,16.54935],[106.68766,16.55007],[106.68767,16.55141],[106.688,16.55243],[106.68826,16.55286],[106.68868,16.55313],[106.68916,16.55375],[106.68958,16.55465],[106.68989,16.55505],[106.69051,16.55519],[106.69076,16.55548],[106.69055,16.55599],[106.69095,16.55829],[106.69128,16.55892],[106.69179,16.55919],[106.69089,16.55972],[106.69049,16.56013],[106.69017,16.56079],[106.69001,16.56198],[106.69004,16.56243],[106.68979,16.5632],[106.68943,16.56369],[106.68927,16.56443],[106.68878,16.5653],[106.68873,16.56586],[106.68917,16.56665],[106.68936,16.56734],[106.68924,16.56777],[106.68849,16.56812],[106.68817,16.56863],[106.68763,16.57081],[106.6872,16.57192],[106.6865,16.57258],[106.68539,16.57342],[106.68429,16.57406],[106.68359,16.57413],[106.68274,16.57484],[106.68196,16.57622],[106.68155,16.58194],[106.67798,16.58176],[106.67766,16.58189],[106.67541,16.58072],[106.67407,16.5804],[106.67367,16.58046],[106.67359,16.58088],[106.6743,16.58149],[106.67488,16.58229],[106.67543,16.58273],[106.6746,16.58298],[106.6742,16.5837],[106.6735,16.58411],[106.67305,16.58406],[106.67257,16.58359],[106.67208,16.58282],[106.67156,16.58278],[106.67143,16.5831],[106.67196,16.58333],[106.67182,16.58406],[106.67081,16.58473],[106.67089,16.58538],[106.67149,16.58555],[106.67156,16.58576],[106.67077,16.58665],[106.67042,16.58722],[106.67037,16.58775],[106.66983,16.58834],[106.66894,16.58829],[106.66835,16.58815],[106.66729,16.58771],[106.6666,16.58702],[106.66654,16.5866],[106.66674,16.58547],[106.66665,16.58438]]]},"properties":{"name":"Lìa","nameEn":"Lia","fullName":"Xã Lìa","fullNameEn":"Lia Commune","codeName":"lia","areaKm2":71.69,"postalCode":"48523","code":"19489"}},{"type":"Feature","geometry":{"type":"Polygon","coordinates":[[[107.12486,16.84688],[107.12495,16.84797],[107.12524,16.84924],[107.12546,16.84988],[107.12611,16.85103],[107.12683,16.85182],[107.12777,16.85382],[107.12925,16.85726],[107.12923,16.85727],[107.12671,16.85813],[107.12658,16.86047],[107.12621,16.86504],[107.12612,16.86654],[107.12595,16.8673],[107.12579,16.86898],[107.1254,16.87009],[107.12398,16.873],[107.12271,16.87502],[107.12197,16.87631],[107.11986,16.87939],[107.11905,16.88067],[107.11844,16.88127],[107.11832,16.88158],[107.11776,16.88202],[107.11753,16.88261],[107.11683,16.88355],[107.11649,16.88444],[107.11584,16.8851],[107.11557,16.88614],[107.11507,16.88688],[107.11743,16.88764],[107.11627,16.88832],[107.115,16.88921],[107.1132,16.88996],[107.1127,16.89065],[107.11154,16.89251],[107.11081,16.89317],[107.11032,16.89401],[107.10918,16.89552],[107.10657,16.8987],[107.10327,16.9024],[107.10028,16.90603],[107.09935,16.90772],[107.09858,16.90976],[107.09807,16.91277],[107.09773,16.91426],[107.09743,16.91517],[107.09869,16.91574],[107.09919,16.91635],[107.09924,16.91673],[107.10004,16.91776],[107.10037,16.91797],[107.10103,16.91794],[107.10181,16.91807],[107.10306,16.91859],[107.10532,16.91933],[107.10735,16.91966],[107.10808,16.91985],[107.10906,16.91977],[107.10929,16.9196],[107.11249,16.92094],[107.11851,16.92375],[107.11995,16.9244],[107.12324,16.92572],[107.12464,16.92635],[107.12683,16.9274],[107.12895,16.92869],[107.14071,16.92965],[107.14352,16.92997],[107.1398,16.94571],[107.13895,16.94811],[107.13817,16.9495],[107.13416,16.9555],[107.1307,16.96136],[107.12617,16.96573],[107.1229,16.96664],[107.12306,16.96706],[107.12383,16.96763],[107.12386,16.96819],[107.12302,16.96828],[107.12316,16.97071],[107.1235,16.97103],[107.1232,16.97146],[107.12317,16.97237],[107.12293,16.97266],[107.12249,16.97261],[107.12206,16.97222],[107.12129,16.97271],[107.12118,16.97347],[107.11952,16.97377],[107.11917,16.97396],[107.11845,16.97367],[107.11749,16.97627],[107.11695,16.97719],[107.11653,16.97768],[107.11621,16.97841],[107.116,16.97933],[107.11527,16.98024],[107.11493,16.98128],[107.11444,16.98172],[107.11208,16.98262],[107.11013,16.98332],[107.10433,16.98298],[107.1033,16.98495],[107.10439,16.98603],[107.1052,16.98695],[107.10454,16.98801],[107.10387,16.98684],[107.1032,16.9859],[107.10204,16.98492],[107.10041,16.9841],[107.099,16.98375],[107.09777,16.98359],[107.09659,16.9836],[107.09549,16.98381],[107.09412,16.98466],[107.09376,16.98507],[107.09298,16.98624],[107.09204,16.98712],[107.09131,16.98743],[107.0901,16.98756],[107.08947,16.9875],[107.08828,16.98708],[107.08688,16.98639],[107.08551,16.98468],[107.08497,16.98361],[107.0849,16.98309],[107.0839,16.98188],[107.08407,16.9808],[107.08451,16.9795],[107.08525,16.97757],[107.0854,16.97688],[107.08572,16.97464],[107.08553,16.97313],[107.08521,16.97226],[107.08507,16.97115],[107.08528,16.96974],[107.0839,16.96897],[107.08279,16.96867],[107.08209,16.96796],[107.0811,16.96747],[107.08051,16.96695],[107.08007,16.9669],[107.0793,16.96763],[107.07823,16.96782],[107.0766,16.96764],[107.07601,16.96743],[107.07481,16.96652],[107.07351,16.96545],[107.07084,16.96332],[107.0685,16.96435],[107.06546,16.9659],[107.0647,16.96555],[107.0632,16.96739],[107.06197,16.96808],[107.05994,16.96815],[107.05977,16.96717],[107.05866,16.96249],[107.05705,16.95612],[107.05625,16.95372],[107.05625,16.9533],[107.05481,16.95297],[107.0547,16.95269],[107.05263,16.95281],[107.05195,16.95253],[107.05182,16.95214],[107.05123,16.95177],[107.04951,16.95089],[107.04848,16.95029],[107.04756,16.94961],[107.04739,16.94924],[107.04666,16.94847],[107.04622,16.94832],[107.04615,16.94794],[107.0456,16.9476],[107.04522,16.94713],[107.04458,16.94661],[107.04378,16.94552],[107.043,16.94515],[107.04169,16.94343],[107.04119,16.94339],[107.04041,16.94307],[107.03974,16.9433],[107.03887,16.94322],[107.038,16.94235],[107.03673,16.94223],[107.03642,16.94167],[107.03632,16.94102],[107.03646,16.94056],[107.03593,16.94019],[107.03386,16.93973],[107.0325,16.93914],[107.0316,16.93898],[107.03068,16.93912],[107.0303,16.93955],[107.03004,16.94017],[107.02951,16.94064],[107.02897,16.94093],[107.02764,16.94066],[107.02749,16.94147],[107.02719,16.94174],[107.02701,16.94228],[107.02654,16.94247],[107.02632,16.94279],[107.02643,16.94323],[107.0263,16.94404],[107.02743,16.94453],[107.02742,16.9452],[107.0276,16.94553],[107.02717,16.94588],[107.02646,16.9457],[107.02636,16.94648],[107.02615,16.94691],[107.02571,16.94727],[107.0247,16.94738],[107.02384,16.94805],[107.02347,16.94939],[107.02307,16.95],[107.0223,16.94974],[107.02129,16.9503],[107.02048,16.94884],[107.02,16.94861],[107.01973,16.94808],[107.01971,16.94755],[107.01946,16.94712],[107.01807,16.9477],[107.01756,16.94761],[107.01705,16.94715],[107.01718,16.94629],[107.01685,16.94541],[107.01595,16.94446],[107.01541,16.94412],[107.01495,16.94402],[107.01466,16.94421],[107.01442,16.94519],[107.014,16.94534],[107.01234,16.94568],[107.01002,16.94576],[107.00903,16.94558],[107.00819,16.94521],[107.00646,16.94478],[107.00546,16.94436],[107.00431,16.94427],[107.00295,16.94458],[107.00238,16.94257],[107.00183,16.94206],[107.00166,16.9416],[107.00103,16.94086],[107.00087,16.94037],[107.00095,16.93689],[107.00288,16.93175],[107.0034,16.93122],[107.00333,16.92989],[107.00388,16.93027],[107.00613,16.93157],[107.00648,16.93095],[107.00794,16.93052],[107.00857,16.93004],[107.00887,16.9296],[107.00948,16.92913],[107.01008,16.929],[107.01082,16.92801],[107.01112,16.92794],[107.01166,16.92803],[107.01243,16.92881],[107.01297,16.929],[107.01353,16.92972],[107.01561,16.93008],[107.01625,16.93001],[107.01709,16.93033],[107.0174,16.93086],[107.01777,16.93091],[107.01813,16.93047],[107.01918,16.93032],[107.02,16.93143],[107.02044,16.93115],[107.02018,16.93001],[107.0205,16.92973],[107.02057,16.92929],[107.02096,16.92876],[107.02134,16.9288],[107.02205,16.92925],[107.02273,16.92903],[107.02286,16.92927],[107.02359,16.92915],[107.02371,16.92812],[107.02449,16.92766],[107.02474,16.92665],[107.02654,16.92703],[107.03162,16.92684],[107.03552,16.92648],[107.03691,16.92632],[107.03885,16.92632],[107.03874,16.92608],[107.03886,16.92466],[107.03971,16.92293],[107.03955,16.92131],[107.03962,16.91996],[107.04009,16.91971],[107.04113,16.91963],[107.04218,16.9194],[107.04289,16.91899],[107.04339,16.91826],[107.04358,16.91747],[107.04381,16.91715],[107.04588,16.91556],[107.04726,16.91493],[107.04794,16.91472],[107.04911,16.91386],[107.05158,16.91049],[107.05306,16.90867],[107.05419,16.90757],[107.05521,16.90762],[107.05615,16.90755],[107.05697,16.90766],[107.05776,16.90736],[107.0582,16.90733],[107.05861,16.90673],[107.05909,16.90673],[107.05989,16.90616],[107.06046,16.90494],[107.06082,16.9046],[107.06079,16.90416],[107.06051,16.90339],[107.05994,16.90252],[107.06067,16.9015],[107.06096,16.90125],[107.06336,16.90015],[107.06587,16.8991],[107.06429,16.89512],[107.06163,16.89513],[107.06114,16.89473],[107.06158,16.89331],[107.06224,16.89333],[107.06347,16.89219],[107.06404,16.89206],[107.06457,16.89154],[107.06507,16.89148],[107.06587,16.89163],[107.06663,16.8905],[107.06772,16.8903],[107.06795,16.89004],[107.06787,16.88925],[107.06908,16.88874],[107.06962,16.88836],[107.06978,16.88782],[107.06925,16.88748],[107.06676,16.88704],[107.0667,16.88665],[107.06689,16.88619],[107.06758,16.88537],[107.06755,16.88345],[107.06774,16.88332],[107.06809,16.88219],[107.06862,16.88136],[107.06865,16.88087],[107.06743,16.88004],[107.06695,16.87923],[107.06669,16.87919],[107.06539,16.88018],[107.06474,16.88051],[107.0635,16.87971],[107.06301,16.87906],[107.06184,16.87712],[107.06408,16.87635],[107.06488,16.87632],[107.0653,16.8761],[107.06573,16.87521],[107.0664,16.87477],[107.06657,16.87399],[107.06697,16.87379],[107.06786,16.8737],[107.06945,16.87414],[107.07023,16.87419],[107.07089,16.87484],[107.07111,16.8748],[107.0718,16.87348],[107.07208,16.87268],[107.07316,16.87187],[107.07375,16.87108],[107.07393,16.87065],[107.07392,16.86998],[107.07422,16.86967],[107.07558,16.8698],[107.07674,16.87013],[107.07766,16.86957],[107.07849,16.87029],[107.07893,16.8703],[107.07983,16.86985],[107.0806,16.86969],[107.08128,16.86969],[107.08198,16.86988],[107.08234,16.87013],[107.08249,16.87192],[107.08342,16.87194],[107.08339,16.87219],[107.08458,16.87213],[107.08531,16.87246],[107.08521,16.87328],[107.08521,16.87448],[107.08638,16.87456],[107.08668,16.87381],[107.08706,16.87325],[107.08801,16.8724],[107.08785,16.87185],[107.08836,16.87119],[107.08922,16.87074],[107.09016,16.86963],[107.09087,16.86981],[107.09113,16.8701],[107.09172,16.87026],[107.0919,16.87005],[107.09192,16.86934],[107.09249,16.86926],[107.09335,16.86962],[107.0938,16.86941],[107.09408,16.86896],[107.09488,16.8693],[107.09544,16.8693],[107.09659,16.86867],[107.09738,16.86896],[107.09764,16.86892],[107.09778,16.86823],[107.09809,16.86772],[107.09876,16.86732],[107.09915,16.86635],[107.09963,16.86637],[107.09953,16.86555],[107.10057,16.86536],[107.10094,16.86566],[107.1015,16.86465],[107.10093,16.86397],[107.10053,16.86404],[107.10054,16.86305],[107.10001,16.86269],[107.09957,16.86276],[107.09934,16.86239],[107.09982,16.86209],[107.09999,16.8617],[107.0998,16.8614],[107.09923,16.86139],[107.09937,16.86094],[107.09894,16.86037],[107.09899,16.85977],[107.09953,16.85968],[107.09983,16.85939],[107.10015,16.85856],[107.10007,16.85837],[107.09891,16.85808],[107.099,16.85754],[107.09979,16.8574],[107.10005,16.85788],[107.10134,16.85832],[107.10161,16.85791],[107.10206,16.85778],[107.1026,16.85821],[107.10261,16.85857],[107.10211,16.859],[107.10157,16.85978],[107.10175,16.86003],[107.10305,16.86018],[107.10339,16.86016],[107.10397,16.86061],[107.10384,16.86129],[107.10401,16.86162],[107.10444,16.86173],[107.10594,16.86158],[107.10628,16.86138],[107.10676,16.86078],[107.10713,16.86101],[107.10672,16.86136],[107.10669,16.86187],[107.10711,16.862],[107.10736,16.86157],[107.10778,16.86002],[107.10819,16.85951],[107.10867,16.85944],[107.10942,16.86001],[107.11034,16.86098],[107.11134,16.86125],[107.11216,16.86069],[107.11245,16.86026],[107.11246,16.85916],[107.11222,16.85869],[107.11167,16.85838],[107.11101,16.85844],[107.11063,16.85833],[107.10982,16.85773],[107.10859,16.85737],[107.10795,16.85707],[107.10765,16.85663],[107.10773,16.85619],[107.10826,16.85517],[107.10859,16.85376],[107.10904,16.85148],[107.10946,16.85035],[107.10987,16.84978],[107.1107,16.84921],[107.11147,16.84918],[107.11196,16.84946],[107.11253,16.85024],[107.11303,16.85149],[107.11383,16.852],[107.11445,16.85202],[107.1153,16.85164],[107.11586,16.85099],[107.11608,16.8504],[107.11657,16.848],[107.11679,16.8472],[107.1175,16.84534],[107.11827,16.84469],[107.11958,16.84437],[107.12069,16.84459],[107.12335,16.84617],[107.12486,16.84688]]]},"properties":{"name":"Gio Linh","nameEn":"Gio Linh","fullName":"Xã Gio Linh","fullNameEn":"Gio Linh Commune","codeName":"gio_linh","areaKm2":96.7,"postalCode":"48306","code":"19495"}},{"type":"Feature","geometry":{"type":"Polygon","coordinates":[[[107.12925,16.85726],[107.12926,16.85729],[107.13684,16.8638],[107.14139,16.86519],[107.14254,16.86537],[107.14409,16.86545],[107.14558,16.86574],[107.14662,16.86609],[107.1481,16.86691],[107.14874,16.86731],[107.14944,16.86822],[107.15056,16.87001],[107.15204,16.87399],[107.15311,16.87734],[107.15358,16.87811],[107.15537,16.88002],[107.1568,16.88111],[107.16046,16.88398],[107.16512,16.88819],[107.16766,16.88993],[107.17138,16.89215],[107.17807,16.89698],[107.18231,16.90002],[107.18368,16.90074],[107.18602,16.90161],[107.19062,16.90399],[107.18984,16.90492],[107.19055,16.90531],[107.19126,16.90551],[107.1913,16.90575],[107.19099,16.90672],[107.19146,16.90716],[107.19151,16.90742],[107.19095,16.90895],[107.19077,16.90996],[107.19194,16.91062],[107.19167,16.91093],[107.19004,16.91217],[107.1884,16.91368],[107.1855,16.91623],[107.18373,16.91762],[107.18292,16.9182],[107.18242,16.91875],[107.18158,16.91941],[107.18106,16.92003],[107.17962,16.92131],[107.17895,16.92205],[107.17795,16.92294],[107.17666,16.92425],[107.17567,16.92494],[107.17524,16.92555],[107.17425,16.92656],[107.17377,16.92689],[107.17342,16.92736],[107.17245,16.92829],[107.17204,16.92893],[107.17101,16.93001],[107.17032,16.93088],[107.1686,16.93253],[107.16717,16.93422],[107.16642,16.93495],[107.16445,16.93746],[107.16389,16.93832],[107.1615,16.94102],[107.16086,16.94195],[107.16028,16.94244],[107.15881,16.94452],[107.15857,16.94471],[107.15781,16.94586],[107.15707,16.94653],[107.15584,16.94817],[107.15516,16.94868],[107.15344,16.95082],[107.15297,16.95127],[107.15143,16.95331],[107.15085,16.95388],[107.14858,16.95653],[107.14824,16.95672],[107.14713,16.9551],[107.14675,16.95422],[107.14669,16.95353],[107.14715,16.95267],[107.14669,16.95184],[107.14639,16.95155],[107.14559,16.95169],[107.14527,16.95127],[107.14486,16.95107],[107.14406,16.95113],[107.14369,16.95084],[107.14339,16.95094],[107.14302,16.95025],[107.1425,16.9501],[107.14208,16.94947],[107.14209,16.94908],[107.14117,16.94789],[107.1398,16.94571],[107.14352,16.92997],[107.14071,16.92965],[107.12895,16.92869],[107.12683,16.9274],[107.12464,16.92635],[107.12324,16.92572],[107.11995,16.9244],[107.11851,16.92375],[107.11249,16.92094],[107.10929,16.9196],[107.10906,16.91977],[107.10808,16.91985],[107.10735,16.91966],[107.10532,16.91933],[107.10306,16.91859],[107.10181,16.91807],[107.10103,16.91794],[107.10037,16.91797],[107.10004,16.91776],[107.09924,16.91673],[107.09919,16.91635],[107.09869,16.91574],[107.09743,16.91517],[107.09773,16.91426],[107.09807,16.91277],[107.09858,16.90976],[107.09935,16.90772],[107.10028,16.90603],[107.10327,16.9024],[107.10657,16.8987],[107.10918,16.89552],[107.11032,16.89401],[107.11081,16.89317],[107.11154,16.89251],[107.1127,16.89065],[107.1132,16.88996],[107.115,16.88921],[107.11627,16.88832],[107.11743,16.88764],[107.11507,16.88688],[107.11557,16.88614],[107.11584,16.8851],[107.11649,16.88444],[107.11683,16.88355],[107.11753,16.88261],[107.11776,16.88202],[107.11832,16.88158],[107.11844,16.88127],[107.11905,16.88067],[107.11986,16.87939],[107.12197,16.87631],[107.12271,16.87502],[107.12398,16.873],[107.1254,16.87009],[107.12579,16.86898],[107.12595,16.8673],[107.12612,16.86654],[107.12621,16.86504],[107.12658,16.86047],[107.12671,16.85813],[107.12923,16.85727],[107.12925,16.85726]]]},"properties":{"name":"Cửa Việt","nameEn":"Cua Viet","fullName":"Xã Cửa Việt","fullNameEn":"Cua Viet Commune","codeName":"cua_viet","areaKm2":50.83,"postalCode":"48319","code":"19496"}},{"type":"Feature","geometry":{"type":"Polygon","coordinates":[[[106.9717,16.9598],[106.97191,16.95874],[106.97224,16.95766],[106.97269,16.95664],[106.97256,16.95607],[106.97189,16.95577],[106.97129,16.9545],[106.96973,16.95013],[106.96928,16.94928],[106.96668,16.94567],[106.96721,16.94571],[106.96854,16.94633],[106.96959,16.94672],[106.97054,16.94685],[106.97125,16.94662],[106.97248,16.94656],[106.97297,16.94668],[106.9742,16.94662],[106.9757,16.94663],[106.97666,16.94682],[106.9783,16.94743],[106.97872,16.94805],[106.97947,16.94835],[106.98098,16.94842],[106.98188,16.94863],[106.98372,16.94948],[106.98529,16.94985],[106.98558,16.95025],[106.98653,16.95044],[106.98769,16.94798],[106.98858,16.94806],[106.98955,16.94776],[106.99007,16.94746],[106.99081,16.94736],[106.99183,16.94746],[106.99235,16.94694],[106.99283,16.94624],[106.99364,16.94568],[106.9947,16.94572],[106.99581,16.94679],[106.99713,16.94649],[106.99819,16.94645],[106.99901,16.94643],[106.99991,16.9462],[107.00053,16.94582],[107.00097,16.94527],[107.00295,16.94458],[107.00431,16.94427],[107.00546,16.94436],[107.00646,16.94478],[107.00819,16.94521],[107.00903,16.94558],[107.01002,16.94576],[107.01234,16.94568],[107.014,16.94534],[107.01442,16.94519],[107.01466,16.94421],[107.01495,16.94402],[107.01541,16.94412],[107.01595,16.94446],[107.01685,16.94541],[107.01718,16.94629],[107.01705,16.94715],[107.01756,16.94761],[107.01807,16.9477],[107.01946,16.94712],[107.01971,16.94755],[107.01973,16.94808],[107.02,16.94861],[107.02048,16.94884],[107.02129,16.9503],[107.0223,16.94974],[107.02307,16.95],[107.02347,16.94939],[107.02384,16.94805],[107.0247,16.94738],[107.02571,16.94727],[107.02615,16.94691],[107.02636,16.94648],[107.02646,16.9457],[107.02717,16.94588],[107.0276,16.94553],[107.02742,16.9452],[107.02743,16.94453],[107.0263,16.94404],[107.02643,16.94323],[107.02632,16.94279],[107.02654,16.94247],[107.02701,16.94228],[107.02719,16.94174],[107.02749,16.94147],[107.02764,16.94066],[107.02897,16.94093],[107.02951,16.94064],[107.03004,16.94017],[107.0303,16.93955],[107.03068,16.93912],[107.0316,16.93898],[107.0325,16.93914],[107.03386,16.93973],[107.03593,16.94019],[107.03646,16.94056],[107.03632,16.94102],[107.03642,16.94167],[107.03673,16.94223],[107.038,16.94235],[107.03887,16.94322],[107.03974,16.9433],[107.04041,16.94307],[107.04119,16.94339],[107.04169,16.94343],[107.043,16.94515],[107.04378,16.94552],[107.04458,16.94661],[107.04522,16.94713],[107.0456,16.9476],[107.04615,16.94794],[107.04622,16.94832],[107.04666,16.94847],[107.04739,16.94924],[107.04756,16.94961],[107.04848,16.95029],[107.04951,16.95089],[107.05123,16.95177],[107.05182,16.95214],[107.05195,16.95253],[107.05263,16.95281],[107.0547,16.95269],[107.05481,16.95297],[107.05625,16.9533],[107.05625,16.95372],[107.05705,16.95612],[107.05866,16.96249],[107.05977,16.96717],[107.05994,16.96815],[107.06197,16.96808],[107.0632,16.96739],[107.0647,16.96555],[107.06546,16.9659],[107.0685,16.96435],[107.07084,16.96332],[107.07351,16.96545],[107.07481,16.96652],[107.07601,16.96743],[107.0766,16.96764],[107.07823,16.96782],[107.0793,16.96763],[107.08007,16.9669],[107.08051,16.96695],[107.0811,16.96747],[107.08209,16.96796],[107.08279,16.96867],[107.0839,16.96897],[107.08528,16.96974],[107.08507,16.97115],[107.08521,16.97226],[107.08553,16.97313],[107.08572,16.97464],[107.0854,16.97688],[107.08525,16.97757],[107.08451,16.9795],[107.08407,16.9808],[107.0839,16.98188],[107.0849,16.98309],[107.08497,16.98361],[107.08551,16.98468],[107.08688,16.98639],[107.08828,16.98708],[107.08947,16.9875],[107.0901,16.98756],[107.09131,16.98743],[107.09204,16.98712],[107.09298,16.98624],[107.09376,16.98507],[107.09412,16.98466],[107.09549,16.98381],[107.09659,16.9836],[107.09777,16.98359],[107.099,16.98375],[107.10041,16.9841],[107.10204,16.98492],[107.1032,16.9859],[107.10387,16.98684],[107.10454,16.98801],[107.1052,16.98695],[107.10439,16.98603],[107.1033,16.98495],[107.10433,16.98298],[107.11013,16.98332],[107.11208,16.98262],[107.11444,16.98172],[107.11493,16.98128],[107.11527,16.98024],[107.116,16.97933],[107.11621,16.97841],[107.11653,16.97768],[107.11695,16.97719],[107.11749,16.97627],[107.11845,16.97367],[107.11917,16.97396],[107.11952,16.97377],[107.12118,16.97347],[107.12129,16.97271],[107.12206,16.97222],[107.12249,16.97261],[107.12293,16.97266],[107.12317,16.97237],[107.1232,16.97146],[107.1235,16.97103],[107.12316,16.97071],[107.12302,16.96828],[107.12386,16.96819],[107.12383,16.96763],[107.12306,16.96706],[107.1229,16.96664],[107.12617,16.96573],[107.1307,16.96136],[107.13416,16.9555],[107.13817,16.9495],[107.13895,16.94811],[107.1398,16.94571],[107.14117,16.94789],[107.14209,16.94908],[107.14208,16.94947],[107.1425,16.9501],[107.14302,16.95025],[107.14339,16.95094],[107.14369,16.95084],[107.14406,16.95113],[107.14486,16.95107],[107.14527,16.95127],[107.14559,16.95169],[107.14639,16.95155],[107.14669,16.95184],[107.14715,16.95267],[107.14669,16.95353],[107.14675,16.95422],[107.14713,16.9551],[107.14824,16.95672],[107.14694,16.9585],[107.14645,16.95894],[107.14572,16.95985],[107.14464,16.96139],[107.14378,16.96252],[107.14304,16.96337],[107.14197,16.96479],[107.14137,16.96571],[107.14029,16.9672],[107.13956,16.96839],[107.13783,16.97087],[107.1376,16.97134],[107.13647,16.973],[107.13579,16.97376],[107.13552,16.97445],[107.13402,16.97652],[107.13245,16.97856],[107.13178,16.97968],[107.13133,16.98014],[107.13044,16.98141],[107.12964,16.98242],[107.12884,16.98328],[107.12826,16.98409],[107.12552,16.98874],[107.12392,16.99114],[107.12203,16.99426],[107.11928,16.99921],[107.11674,17.00396],[107.11562,17.00654],[107.11465,17.00854],[107.11389,17.01076],[107.11365,17.01176],[107.11357,17.01341],[107.11258,17.01283],[107.11191,17.01254],[107.11156,17.01276],[107.11061,17.01269],[107.1104,17.01243],[107.10823,17.01322],[107.108,17.01305],[107.10724,17.01208],[107.10691,17.01085],[107.1067,17.00799],[107.10643,17.00617],[107.10559,17.00325],[107.10464,17.00188],[107.10307,17.00053],[107.09973,16.99899],[107.09832,16.99861],[107.09722,16.99783],[107.09648,16.99673],[107.09609,16.99516],[107.09583,16.99443],[107.09521,16.99325],[107.09452,16.99231],[107.09393,16.99171],[107.09285,16.99089],[107.09173,16.99033],[107.09047,16.99007],[107.08903,16.98997],[107.08744,16.99014],[107.08638,16.99055],[107.08562,16.99118],[107.08515,16.99178],[107.08483,16.99245],[107.08436,16.9945],[107.08401,16.99529],[107.08321,16.9963],[107.08245,16.99689],[107.08166,16.99731],[107.08082,16.99762],[107.07963,16.99817],[107.0774,16.99899],[107.0761,16.99974],[107.07553,17.00047],[107.07514,17.00113],[107.07435,17.0031],[107.07364,17.00429],[107.07315,17.00476],[107.07179,17.00531],[107.07084,17.00544],[107.06985,17.00538],[107.06857,17.00545],[107.06763,17.00587],[107.06672,17.00656],[107.06506,17.00817],[107.06421,17.00888],[107.06193,17.0099],[107.06054,17.01025],[107.05928,17.01027],[107.05802,17.01001],[107.05673,17.00934],[107.05562,17.00864],[107.05481,17.00802],[107.05396,17.00718],[107.05233,17.005],[107.0509,17.00335],[107.05031,17.00233],[107.04999,17.00134],[107.04951,16.99892],[107.04927,16.99701],[107.04924,16.99495],[107.04943,16.99404],[107.05013,16.99266],[107.05126,16.99133],[107.05323,16.98992],[107.05403,16.98901],[107.05464,16.98768],[107.05494,16.98616],[107.0551,16.9836],[107.05505,16.98269],[107.05478,16.98183],[107.05422,16.98082],[107.05359,16.97995],[107.053,16.97943],[107.0503,16.9776],[107.04995,16.97715],[107.048,16.97595],[107.04668,16.97524],[107.0442,16.97437],[107.04327,16.9741],[107.04155,16.97379],[107.03811,16.97312],[107.03635,16.97268],[107.03479,16.97243],[107.03259,16.97235],[107.03135,16.97241],[107.02993,16.97262],[107.02826,16.97308],[107.02681,16.97359],[107.02469,16.97446],[107.02298,16.97493],[107.02174,16.97534],[107.01846,16.97673],[107.01383,16.97894],[107.01279,16.97957],[107.01135,16.97992],[107.01044,16.97992],[107.00879,16.97974],[107.00762,16.97942],[107.00393,16.97775],[107.00183,16.97697],[106.99879,16.97606],[106.99745,16.97559],[106.99661,16.97513],[106.99606,16.97462],[106.99382,16.97205],[106.99278,16.97166],[106.99199,16.97167],[106.99025,16.972],[106.98915,16.97185],[106.98808,16.97133],[106.98597,16.97004],[106.98496,16.96927],[106.98374,16.96812],[106.98282,16.96739],[106.98223,16.96706],[106.98132,16.96689],[106.97937,16.96699],[106.97857,16.96665],[106.978,16.96573],[106.97754,16.96364],[106.97732,16.96312],[106.97651,16.96239],[106.97539,16.96212],[106.97494,16.96221],[106.97378,16.96271],[106.9733,16.96261],[106.97297,16.96232],[106.97255,16.96121],[106.97217,16.95985],[106.9717,16.9598]]]},"properties":{"name":"Bến Hải","nameEn":"Ben Hai","fullName":"Xã Bến Hải","fullNameEn":"Ben Hai Commune","codeName":"ben_hai","areaKm2":54.77,"postalCode":"48328","code":"19501"}},{"type":"Feature","geometry":{"type":"Polygon","coordinates":[[[106.68737,16.90264],[106.68676,16.90102],[106.68672,16.90028],[106.68763,16.89908],[106.68974,16.89691],[106.68999,16.89604],[106.6896,16.89488],[106.68966,16.89403],[106.69003,16.8935],[106.69095,16.89282],[106.69124,16.8924],[106.69144,16.89123],[106.69266,16.88968],[106.69287,16.8891],[106.69265,16.88806],[106.69248,16.88678],[106.692,16.88588],[106.69206,16.88531],[106.69274,16.88434],[106.69315,16.88399],[106.69355,16.88404],[106.69439,16.8844],[106.69495,16.88433],[106.69604,16.88385],[106.69821,16.88258],[106.69958,16.88239],[106.70022,16.88195],[106.70044,16.88139],[106.70211,16.88048],[106.70328,16.88064],[106.70443,16.88065],[106.70485,16.88054],[106.70613,16.87999],[106.70673,16.87933],[106.70721,16.87929],[106.70884,16.88039],[106.71093,16.8807],[106.71369,16.88074],[106.71454,16.88163],[106.71496,16.88186],[106.71622,16.88201],[106.71701,16.88221],[106.71814,16.88289],[106.71892,16.88271],[106.7197,16.88217],[106.72104,16.88141],[106.72213,16.88101],[106.72318,16.87949],[106.72374,16.87927],[106.72567,16.87911],[106.72635,16.87883],[106.72735,16.87818],[106.72861,16.87801],[106.72959,16.87797],[106.73028,16.87777],[106.73141,16.87779],[106.73231,16.8779],[106.7333,16.87816],[106.73474,16.87963],[106.73502,16.88058],[106.73531,16.87995],[106.73625,16.87947],[106.73683,16.87929],[106.73812,16.87909],[106.73992,16.8781],[106.74149,16.87768],[106.74337,16.87754],[106.74444,16.8776],[106.74486,16.8775],[106.74593,16.87676],[106.74701,16.87575],[106.74792,16.87458],[106.74916,16.87443],[106.75028,16.8746],[106.75104,16.87462],[106.75183,16.87383],[106.75472,16.87393],[106.7564,16.87367],[106.75676,16.87336],[106.75628,16.87243],[106.75579,16.87218],[106.75568,16.87173],[106.75584,16.87144],[106.75554,16.8706],[106.7559,16.87026],[106.75673,16.87071],[106.75745,16.86994],[106.75782,16.86868],[106.75756,16.86815],[106.75779,16.86791],[106.75877,16.86778],[106.75894,16.8676],[106.75872,16.86677],[106.75921,16.8666],[106.75954,16.86592],[106.75952,16.86516],[106.75987,16.86457],[106.76119,16.86337],[106.76201,16.86331],[106.76206,16.86263],[106.76266,16.86234],[106.76253,16.86142],[106.76271,16.8606],[106.76361,16.85972],[106.76383,16.85939],[106.76484,16.85731],[106.76554,16.85648],[106.76656,16.85555],[106.768,16.8544],[106.76886,16.85415],[106.76927,16.85416],[106.76983,16.85387],[106.77064,16.85365],[106.77034,16.85273],[106.77026,16.851],[106.77044,16.8505],[106.77179,16.84883],[106.77261,16.84816],[106.77267,16.84769],[106.77313,16.8469],[106.77383,16.84638],[106.77454,16.84547],[106.77497,16.84405],[106.77536,16.84358],[106.77583,16.8422],[106.77622,16.84165],[106.77679,16.8413],[106.77748,16.84136],[106.77709,16.84015],[106.77679,16.83984],[106.77665,16.83831],[106.77643,16.83743],[106.77666,16.83673],[106.77709,16.83667],[106.77719,16.83597],[106.77747,16.83524],[106.77788,16.83484],[106.77799,16.8344],[106.77864,16.83376],[106.77963,16.83386],[106.77987,16.83338],[106.7809,16.8323],[106.78053,16.83173],[106.77992,16.83007],[106.77983,16.82928],[106.78017,16.82853],[106.78057,16.82601],[106.78055,16.8248],[106.78113,16.82362],[106.78163,16.82303],[106.78172,16.8227],[106.78169,16.82146],[106.78236,16.82152],[106.78271,16.8219],[106.78261,16.82251],[106.78285,16.82286],[106.78341,16.82322],[106.78484,16.82446],[106.78622,16.82583],[106.7869,16.8266],[106.78675,16.82688],[106.78602,16.82681],[106.78569,16.82702],[106.7849,16.82818],[106.78474,16.8288],[106.78544,16.82948],[106.78558,16.82983],[106.78543,16.83151],[106.7849,16.83218],[106.78474,16.8327],[106.78512,16.8331],[106.78639,16.83318],[106.78731,16.83344],[106.78786,16.83301],[106.78759,16.83207],[106.78769,16.83178],[106.78818,16.83144],[106.78898,16.83126],[106.78994,16.83061],[106.78994,16.83035],[106.78939,16.8299],[106.7892,16.82931],[106.78928,16.82863],[106.78958,16.8278],[106.78961,16.82684],[106.7895,16.8263],[106.78887,16.82512],[106.78823,16.82457],[106.78745,16.82296],[106.78739,16.82236],[106.78754,16.82211],[106.78837,16.82188],[106.7888,16.82159],[106.78932,16.82086],[106.79006,16.82043],[106.79042,16.82077],[106.79117,16.82224],[106.79144,16.82365],[106.79184,16.82409],[106.79253,16.82427],[106.79286,16.82368],[106.79336,16.82304],[106.79439,16.82202],[106.79494,16.8216],[106.79581,16.82174],[106.79709,16.82259],[106.79786,16.82243],[106.79869,16.82166],[106.79905,16.82154],[106.80046,16.82185],[106.80081,16.82216],[106.80102,16.8228],[106.80124,16.82292],[106.80202,16.82279],[106.80291,16.82284],[106.80353,16.82309],[106.80417,16.82371],[106.80525,16.82383],[106.80627,16.82422],[106.80774,16.82396],[106.80864,16.82369],[106.81083,16.82292],[106.81143,16.82187],[106.81161,16.82135],[106.81212,16.82089],[106.8124,16.82038],[106.81278,16.8192],[106.8132,16.81855],[106.8139,16.81793],[106.81494,16.81765],[106.81609,16.81787],[106.81725,16.81865],[106.8178,16.81873],[106.81808,16.81857],[106.81784,16.81791],[106.81779,16.81708],[106.81787,16.81653],[106.81827,16.81554],[106.81858,16.8152],[106.81906,16.81549],[106.81917,16.81603],[106.8198,16.81699],[106.82005,16.81762],[106.82065,16.81818],[106.82139,16.8179],[106.82249,16.81776],[106.82287,16.81728],[106.82265,16.81613],[106.82273,16.81568],[106.82364,16.81513],[106.82474,16.81501],[106.82607,16.81518],[106.82721,16.81499],[106.82832,16.81502],[106.82897,16.8143],[106.8301,16.81242],[106.83009,16.81174],[106.83045,16.81093],[106.83205,16.81064],[106.83281,16.81043],[106.83335,16.80995],[106.83416,16.80972],[106.83503,16.81006],[106.8357,16.81087],[106.83658,16.81121],[106.83811,16.81105],[106.83852,16.8107],[106.83856,16.81156],[106.83891,16.81253],[106.83828,16.81209],[106.83806,16.81254],[106.83839,16.81289],[106.83792,16.81333],[106.83799,16.81377],[106.83835,16.81397],[106.83894,16.8139],[106.83929,16.81421],[106.83879,16.8147],[106.83776,16.81488],[106.83757,16.81507],[106.83793,16.81605],[106.83745,16.81681],[106.83746,16.81754],[106.83709,16.8177],[106.83709,16.81841],[106.83755,16.81847],[106.83755,16.8188],[106.83807,16.81952],[106.83856,16.8198],[106.83884,16.81933],[106.83938,16.81882],[106.84002,16.81902],[106.84137,16.8182],[106.8422,16.81784],[106.84313,16.81787],[106.84356,16.8181],[106.84422,16.8182],[106.84537,16.81777],[106.84649,16.81766],[106.84723,16.81846],[106.84776,16.81796],[106.8482,16.81816],[106.84892,16.81812],[106.84927,16.81704],[106.85069,16.81633],[106.85117,16.81599],[106.85238,16.81602],[106.85323,16.81636],[106.85401,16.81656],[106.85442,16.81693],[106.85492,16.81647],[106.8559,16.81628],[106.85663,16.81599],[106.85763,16.81614],[106.85836,16.81655],[106.85858,16.81694],[106.8588,16.81795],[106.85927,16.81761],[106.85986,16.81762],[106.86069,16.81803],[106.86129,16.81819],[106.86263,16.81802],[106.86298,16.8176],[106.86368,16.81761],[106.86453,16.81748],[106.86498,16.81783],[106.86549,16.81763],[106.8663,16.8178],[106.86659,16.81846],[106.86737,16.81882],[106.86928,16.81891],[106.87028,16.81876],[106.87114,16.81899],[106.8717,16.82002],[106.87278,16.82063],[106.87331,16.82051],[106.87383,16.82071],[106.87369,16.82115],[106.8743,16.82114],[106.87494,16.82145],[106.87487,16.82184],[106.8752,16.82215],[106.87597,16.82203],[106.87635,16.82214],[106.87729,16.82297],[106.87759,16.82367],[106.87786,16.82389],[106.8785,16.82397],[106.87922,16.82328],[106.87983,16.82283],[106.88052,16.82267],[106.88125,16.8228],[106.882,16.82311],[106.88253,16.82302],[106.88378,16.82372],[106.88468,16.82387],[106.88546,16.82485],[106.88577,16.82491],[106.88692,16.82457],[106.88818,16.82445],[106.889,16.82494],[106.88908,16.82545],[106.88984,16.8262],[106.89066,16.82628],[106.8915,16.82622],[106.89257,16.82576],[106.89299,16.82572],[106.89444,16.82627],[106.89476,16.82632],[106.89596,16.8261],[106.89628,16.82655],[106.89585,16.82729],[106.89636,16.82772],[106.89685,16.82778],[106.89769,16.8271],[106.89875,16.82739],[106.89926,16.82771],[106.90024,16.82797],[106.90101,16.82922],[106.90171,16.82961],[106.90407,16.82993],[106.90453,16.82991],[106.9051,16.83035],[106.90574,16.83113],[106.90715,16.83188],[106.90794,16.83214],[106.90901,16.83236],[106.90958,16.83279],[106.9094,16.83323],[106.9096,16.83469],[106.91008,16.8354],[106.91,16.83557],[106.90877,16.83474],[106.90792,16.83495],[106.90741,16.8349],[106.90701,16.83531],[106.90662,16.83507],[106.90491,16.83631],[106.9048,16.83665],[106.90421,16.83657],[106.90336,16.83692],[106.90279,16.8376],[106.90263,16.83803],[106.90129,16.83858],[106.90103,16.83893],[106.90103,16.84038],[106.90074,16.8416],[106.90071,16.84239],[106.90012,16.84279],[106.89971,16.84276],[106.89885,16.84227],[106.89788,16.84377],[106.898,16.84498],[106.89734,16.8464],[106.89646,16.84692],[106.89605,16.84755],[106.89621,16.84801],[106.89665,16.84847],[106.89657,16.84883],[106.89668,16.84974],[106.89694,16.85101],[106.89698,16.85178],[106.89808,16.85185],[106.89837,16.85293],[106.89921,16.85377],[106.89969,16.85377],[106.90062,16.85426],[106.9012,16.85437],[106.90165,16.85428],[106.90212,16.85461],[106.90264,16.85439],[106.90336,16.85389],[106.90414,16.8531],[106.90471,16.85308],[106.90512,16.85251],[106.90515,16.85219],[106.90623,16.85158],[106.90666,16.85156],[106.90649,16.85267],[106.90712,16.85315],[106.9078,16.85339],[106.90831,16.85328],[106.90836,16.85262],[106.90894,16.85273],[106.90929,16.85384],[106.90912,16.85424],[106.90927,16.85472],[106.90897,16.85503],[106.90908,16.8557],[106.90834,16.85641],[106.90755,16.85672],[106.90782,16.85761],[106.90748,16.85798],[106.90804,16.85838],[106.9092,16.85831],[106.90953,16.85868],[106.90961,16.85937],[106.90927,16.8598],[106.90995,16.86008],[106.9106,16.85994],[106.91083,16.86006],[106.91137,16.86081],[106.91113,16.86151],[106.91115,16.86201],[106.90995,16.86148],[106.90953,16.8619],[106.9089,16.86191],[106.90876,16.86229],[106.90782,16.86313],[106.90748,16.86378],[106.90771,16.86451],[106.90819,16.86473],[106.90774,16.86521],[106.90777,16.86643],[106.90716,16.86689],[106.90681,16.86801],[106.90737,16.86869],[106.90806,16.86934],[106.90861,16.86959],[106.90888,16.87026],[106.90947,16.87004],[106.91007,16.87002],[106.91101,16.87062],[106.91185,16.87085],[106.91285,16.87145],[106.91377,16.8723],[106.91535,16.8727],[106.91575,16.87293],[106.91609,16.87338],[106.9166,16.87373],[106.91671,16.87432],[106.91755,16.87453],[106.91861,16.87437],[106.91974,16.87443],[106.92032,16.87403],[106.92104,16.87426],[106.92149,16.87396],[106.92187,16.87397],[106.92203,16.87355],[106.92235,16.87359],[106.92282,16.87326],[106.92321,16.87386],[106.92375,16.874],[106.92405,16.87513],[106.92403,16.87561],[106.92495,16.87586],[106.92544,16.87629],[106.92551,16.87667],[106.92514,16.87686],[106.92507,16.87735],[106.92556,16.8774],[106.9258,16.87805],[106.92538,16.87893],[106.926,16.87921],[106.92616,16.87952],[106.92606,16.88],[106.92671,16.88045],[106.92757,16.88132],[106.92809,16.88122],[106.92878,16.8808],[106.92942,16.88107],[106.92969,16.88173],[106.93144,16.88214],[106.93193,16.88171],[106.93213,16.88066],[106.93277,16.88069],[106.9331,16.8804],[106.93391,16.88067],[106.93434,16.88182],[106.93527,16.88198],[106.93584,16.8825],[106.93702,16.88285],[106.9377,16.88279],[106.93838,16.88323],[106.93925,16.88325],[106.93919,16.88264],[106.9386,16.88177],[106.93862,16.88135],[106.93933,16.88069],[106.93995,16.87974],[106.94032,16.87887],[106.94019,16.87809],[106.94045,16.87776],[106.94033,16.87727],[106.94075,16.87624],[106.94042,16.87564],[106.94067,16.87509],[106.94064,16.87462],[106.9412,16.87424],[106.94127,16.874],[106.9408,16.87189],[106.94097,16.87086],[106.94093,16.87043],[106.94108,16.8696],[106.9408,16.86926],[106.94098,16.86831],[106.94122,16.86764],[106.94069,16.86684],[106.94,16.86623],[106.93992,16.86577],[106.93919,16.8654],[106.93863,16.86474],[106.93859,16.8639],[106.93928,16.86353],[106.93932,16.86334],[106.93872,16.86212],[106.93847,16.86138],[106.93863,16.86085],[106.93939,16.8597],[106.93945,16.85826],[106.93966,16.85675],[106.93993,16.85621],[106.94072,16.85569],[106.9421,16.85537],[106.94218,16.85479],[106.9426,16.85416],[106.94332,16.8539],[106.94411,16.85434],[106.94488,16.8545],[106.9451,16.85484],[106.9457,16.85499],[106.94663,16.85578],[106.94851,16.85668],[106.9492,16.8568],[106.94972,16.85712],[106.95016,16.8572],[106.95142,16.85708],[106.95215,16.85684],[106.95257,16.85641],[106.95282,16.85588],[106.95355,16.85513],[106.95394,16.85507],[106.95442,16.85474],[106.95525,16.85502],[106.95594,16.85566],[106.95706,16.85633],[106.95744,16.85669],[106.95846,16.85703],[106.95885,16.85776],[106.96029,16.85865],[106.96164,16.85865],[106.96192,16.85888],[106.96239,16.85866],[106.96264,16.85905],[106.96352,16.85873],[106.96398,16.85845],[106.96423,16.85857],[106.9649,16.85843],[106.96569,16.8577],[106.96591,16.85706],[106.96684,16.85732],[106.96704,16.85769],[106.9675,16.85806],[106.96852,16.85833],[106.9693,16.85844],[106.96977,16.85867],[106.97047,16.85937],[106.97092,16.86026],[106.97085,16.86055],[106.97139,16.86137],[106.9721,16.8615],[106.97273,16.86139],[106.97326,16.86111],[106.97352,16.86059],[106.97553,16.86074],[106.97637,16.86132],[106.98587,16.86052],[106.98713,16.86017],[106.98777,16.86014],[106.98888,16.86084],[106.99021,16.85937],[106.99096,16.85993],[106.99135,16.85987],[106.99185,16.85953],[106.99237,16.85938],[106.99336,16.85968],[106.99399,16.85943],[106.99445,16.85903],[107.00031,16.85775],[107.00106,16.85794],[107.00274,16.85861],[107.00361,16.85837],[107.00361,16.85896],[107.00324,16.85946],[107.00336,16.85968],[107.00431,16.85981],[107.00604,16.85978],[107.00727,16.8599],[107.00815,16.8592],[107.00888,16.85879],[107.00995,16.85858],[107.01065,16.85825],[107.01122,16.85774],[107.0117,16.8571],[107.0126,16.85697],[107.01352,16.85716],[107.01406,16.85708],[107.01495,16.85675],[107.0151,16.85761],[107.01548,16.85825],[107.01599,16.85875],[107.01671,16.85918],[107.01701,16.85958],[107.01722,16.86044],[107.01762,16.86084],[107.01831,16.86257],[107.01866,16.86291],[107.01859,16.86333],[107.0181,16.86393],[107.0189,16.86427],[107.01907,16.86495],[107.01851,16.86539],[107.01902,16.86596],[107.0191,16.86652],[107.01936,16.86694],[107.01874,16.86714],[107.01852,16.86763],[107.01956,16.86792],[107.02,16.86835],[107.02069,16.86835],[107.02063,16.86867],[107.02018,16.86926],[107.02029,16.86964],[107.02144,16.87029],[107.02224,16.87017],[107.02229,16.87087],[107.02319,16.87057],[107.02369,16.87052],[107.02454,16.87067],[107.02527,16.87145],[107.02578,16.87174],[107.02616,16.87236],[107.02655,16.87219],[107.02694,16.87249],[107.0265,16.87332],[107.02707,16.87372],[107.0271,16.87461],[107.02727,16.87512],[107.02772,16.87554],[107.02895,16.87571],[107.0296,16.87559],[107.03028,16.87502],[107.03076,16.87499],[107.03175,16.87518],[107.03242,16.87552],[107.03284,16.87599],[107.03333,16.87601],[107.0339,16.87531],[107.03457,16.87507],[107.0349,16.87555],[107.03459,16.87692],[107.03477,16.87762],[107.03565,16.87817],[107.0366,16.87858],[107.03684,16.87883],[107.03694,16.87938],[107.03671,16.8804],[107.03595,16.88242],[107.03577,16.88329],[107.03597,16.88377],[107.03669,16.88423],[107.03741,16.88437],[107.04007,16.88465],[107.04201,16.88479],[107.04475,16.88479],[107.04746,16.88451],[107.04958,16.88411],[107.05151,16.88344],[107.0546,16.88165],[107.06095,16.87755],[107.06184,16.87712],[107.06301,16.87906],[107.0635,16.87971],[107.06474,16.88051],[107.06539,16.88018],[107.06669,16.87919],[107.06695,16.87923],[107.06743,16.88004],[107.06865,16.88087],[107.06862,16.88136],[107.06809,16.88219],[107.06774,16.88332],[107.06755,16.88345],[107.06758,16.88537],[107.06689,16.88619],[107.0667,16.88665],[107.06676,16.88704],[107.06925,16.88748],[107.06978,16.88782],[107.06962,16.88836],[107.06908,16.88874],[107.06787,16.88925],[107.06795,16.89004],[107.06772,16.8903],[107.06663,16.8905],[107.06587,16.89163],[107.06507,16.89148],[107.06457,16.89154],[107.06404,16.89206],[107.06347,16.89219],[107.06224,16.89333],[107.06158,16.89331],[107.06114,16.89473],[107.06163,16.89513],[107.06429,16.89512],[107.06587,16.8991],[107.06336,16.90015],[107.06096,16.90125],[107.06067,16.9015],[107.05994,16.90252],[107.06051,16.90339],[107.06079,16.90416],[107.06082,16.9046],[107.06046,16.90494],[107.05989,16.90616],[107.05909,16.90673],[107.05861,16.90673],[107.0582,16.90733],[107.05776,16.90736],[107.05697,16.90766],[107.05615,16.90755],[107.05521,16.90762],[107.05419,16.90757],[107.05306,16.90867],[107.05158,16.91049],[107.04911,16.91386],[107.04794,16.91472],[107.04726,16.91493],[107.04588,16.91556],[107.04381,16.91715],[107.04358,16.91747],[107.04339,16.91826],[107.04289,16.91899],[107.04218,16.9194],[107.04113,16.91963],[107.04009,16.91971],[107.03962,16.91996],[107.03955,16.92131],[107.03971,16.92293],[107.03886,16.92466],[107.03874,16.92608],[107.03885,16.92632],[107.03691,16.92632],[107.03552,16.92648],[107.03162,16.92684],[107.02654,16.92703],[107.02474,16.92665],[107.02449,16.92766],[107.02371,16.92812],[107.02359,16.92915],[107.02286,16.92927],[107.02273,16.92903],[107.02205,16.92925],[107.02134,16.9288],[107.02096,16.92876],[107.02057,16.92929],[107.0205,16.92973],[107.02018,16.93001],[107.02044,16.93115],[107.02,16.93143],[107.01918,16.93032],[107.01813,16.93047],[107.01777,16.93091],[107.0174,16.93086],[107.01709,16.93033],[107.01625,16.93001],[107.01561,16.93008],[107.01353,16.92972],[107.01297,16.929],[107.01243,16.92881],[107.01166,16.92803],[107.01112,16.92794],[107.01082,16.92801],[107.01008,16.929],[107.00948,16.92913],[107.00887,16.9296],[107.00857,16.93004],[107.00794,16.93052],[107.00648,16.93095],[107.00613,16.93157],[107.00388,16.93027],[107.00333,16.92989],[107.0034,16.93122],[107.00288,16.93175],[107.00095,16.93689],[107.00087,16.94037],[107.00103,16.94086],[107.00166,16.9416],[107.00183,16.94206],[107.00238,16.94257],[107.00295,16.94458],[107.00097,16.94527],[107.00053,16.94582],[106.99991,16.9462],[106.99901,16.94643],[106.99819,16.94645],[106.99713,16.94649],[106.99581,16.94679],[106.9947,16.94572],[106.99364,16.94568],[106.99283,16.94624],[106.99235,16.94694],[106.99183,16.94746],[106.99081,16.94736],[106.99007,16.94746],[106.98955,16.94776],[106.98858,16.94806],[106.98769,16.94798],[106.98653,16.95044],[106.98558,16.95025],[106.98529,16.94985],[106.98372,16.94948],[106.98188,16.94863],[106.98098,16.94842],[106.97947,16.94835],[106.97872,16.94805],[106.9783,16.94743],[106.97666,16.94682],[106.9757,16.94663],[106.9742,16.94662],[106.97297,16.94668],[106.97248,16.94656],[106.97125,16.94662],[106.97054,16.94685],[106.96959,16.94672],[106.96854,16.94633],[106.96721,16.94571],[106.96668,16.94567],[106.96928,16.94928],[106.96973,16.95013],[106.97129,16.9545],[106.97189,16.95577],[106.97256,16.95607],[106.97269,16.95664],[106.97224,16.95766],[106.97191,16.95874],[106.9717,16.9598],[106.97136,16.95995],[106.97064,16.96094],[106.97039,16.96257],[106.97039,16.9635],[106.97019,16.96432],[106.96942,16.96463],[106.96817,16.96465],[106.96745,16.96509],[106.96756,16.96558],[106.96801,16.96624],[106.96824,16.96688],[106.96811,16.96751],[106.96745,16.96787],[106.96486,16.96823],[106.96438,16.96797],[106.96428,16.96764],[106.96434,16.96668],[106.96436,16.96452],[106.96392,16.96417],[106.96204,16.96377],[106.96113,16.9641],[106.9605,16.96486],[106.96049,16.96557],[106.96068,16.96619],[106.96129,16.96707],[106.96103,16.96801],[106.96016,16.96896],[106.95982,16.96917],[106.95906,16.96922],[106.95835,16.96889],[106.95768,16.96841],[106.95703,16.96777],[106.95619,16.96637],[106.95437,16.9653],[106.95341,16.9644],[106.95251,16.96376],[106.95096,16.96317],[106.94984,16.9626],[106.94886,16.96198],[106.94863,16.96132],[106.94868,16.96101],[106.9498,16.96043],[106.95013,16.96013],[106.95016,16.95917],[106.94995,16.95841],[106.95046,16.95724],[106.95062,16.95678],[106.95098,16.95608],[106.95103,16.95558],[106.95141,16.95477],[106.9513,16.9543],[106.95093,16.9538],[106.95041,16.95357],[106.94825,16.95711],[106.94788,16.95747],[106.94751,16.95711],[106.94703,16.9563],[106.94617,16.95546],[106.94521,16.95417],[106.94501,16.95293],[106.94516,16.95208],[106.94506,16.95172],[106.94412,16.95197],[106.94294,16.95298],[106.94199,16.95299],[106.94152,16.95281],[106.94155,16.95233],[106.94342,16.95101],[106.94342,16.95062],[106.9431,16.95011],[106.94296,16.9495],[106.94324,16.94862],[106.94412,16.94855],[106.94582,16.94884],[106.94618,16.94878],[106.94612,16.94762],[106.94596,16.94702],[106.94456,16.9456],[106.94359,16.94569],[106.94316,16.94562],[106.94256,16.94578],[106.94214,16.94564],[106.94189,16.94495],[106.94214,16.94416],[106.94267,16.94395],[106.94426,16.94409],[106.94584,16.94393],[106.94696,16.94392],[106.94717,16.94234],[106.94705,16.94165],[106.94659,16.94113],[106.94517,16.94058],[106.9448,16.94031],[106.94457,16.93971],[106.94449,16.9388],[106.9447,16.93832],[106.94583,16.93739],[106.94643,16.93742],[106.94703,16.938],[106.94759,16.93873],[106.94823,16.93894],[106.94872,16.93862],[106.9494,16.93795],[106.94965,16.93756],[106.94962,16.93693],[106.94896,16.93635],[106.94725,16.93461],[106.94676,16.93386],[106.94594,16.93362],[106.94415,16.93392],[106.94385,16.93384],[106.94269,16.9325],[106.94266,16.93187],[106.94383,16.93139],[106.94428,16.93078],[106.94433,16.93034],[106.94406,16.92964],[106.94354,16.92883],[106.94287,16.9276],[106.94259,16.92732],[106.94091,16.92602],[106.94053,16.92535],[106.94036,16.92404],[106.94037,16.92335],[106.94014,16.92318],[106.93907,16.92326],[106.9373,16.92377],[106.93661,16.92406],[106.93559,16.9242],[106.935,16.92461],[106.93442,16.92629],[106.93384,16.92694],[106.93301,16.92684],[106.9323,16.92597],[106.93184,16.92487],[106.93146,16.92441],[106.93067,16.92383],[106.93034,16.92378],[106.92962,16.92399],[106.92912,16.92361],[106.92845,16.92356],[106.9278,16.92387],[106.92686,16.92479],[106.92553,16.92548],[106.92516,16.92555],[106.92438,16.92544],[106.92271,16.92404],[106.92233,16.92389],[106.92084,16.92388],[106.92043,16.92337],[106.92055,16.92258],[106.9211,16.92106],[106.92058,16.92075],[106.91934,16.9211],[106.91876,16.92146],[106.91857,16.92209],[106.91877,16.92261],[106.9186,16.92318],[106.9175,16.92359],[106.91693,16.92408],[106.91654,16.92407],[106.91612,16.9237],[106.91503,16.92255],[106.91468,16.92147],[106.91512,16.92022],[106.91503,16.91997],[106.9125,16.91934],[106.91107,16.91867],[106.90894,16.91841],[106.90741,16.91861],[106.9067,16.91854],[106.90623,16.91819],[106.90595,16.91762],[106.90596,16.91699],[106.90616,16.91582],[106.90558,16.91475],[106.90513,16.91457],[106.90448,16.91462],[106.90327,16.915],[106.90161,16.915],[106.89975,16.91514],[106.89883,16.91509],[106.89818,16.9146],[106.89791,16.91393],[106.89816,16.91357],[106.89939,16.91269],[106.89973,16.91231],[106.89997,16.91129],[106.89964,16.91008],[106.89878,16.90914],[106.89807,16.90784],[106.89786,16.9076],[106.89728,16.90749],[106.89633,16.90783],[106.89604,16.90818],[106.89524,16.90956],[106.89461,16.90994],[106.89337,16.90973],[106.89302,16.90989],[106.89251,16.91069],[106.89154,16.91164],[106.89051,16.91173],[106.88956,16.91143],[106.88897,16.91149],[106.88864,16.91133],[106.88791,16.91009],[106.88702,16.90971],[106.88655,16.90937],[106.88605,16.90872],[106.88501,16.90695],[106.88474,16.906],[106.88521,16.90514],[106.88558,16.90476],[106.88559,16.90437],[106.8843,16.90391],[106.88377,16.90362],[106.88293,16.90345],[106.88237,16.90374],[106.88255,16.90555],[106.88243,16.90618],[106.88218,16.90643],[106.88157,16.90646],[106.8808,16.90588],[106.87981,16.90528],[106.87937,16.90512],[106.87883,16.90522],[106.87768,16.90617],[106.87717,16.90622],[106.87645,16.90609],[106.87596,16.90619],[106.87582,16.90651],[106.87604,16.90711],[106.87601,16.90748],[106.87569,16.90811],[106.8748,16.90873],[106.87411,16.90903],[106.87302,16.90903],[106.87277,16.9092],[106.87247,16.91031],[106.87255,16.91165],[106.87276,16.9121],[106.87282,16.9127],[106.8727,16.91358],[106.87202,16.91467],[106.87116,16.91489],[106.87062,16.91464],[106.87045,16.91405],[106.87067,16.91373],[106.87078,16.91226],[106.87057,16.91162],[106.87,16.91106],[106.86988,16.91068],[106.86899,16.90981],[106.86856,16.90993],[106.86849,16.91092],[106.86789,16.91196],[106.86732,16.91187],[106.867,16.91113],[106.86667,16.91071],[106.86569,16.91066],[106.86554,16.91042],[106.86487,16.91018],[106.86431,16.91033],[106.86372,16.91088],[106.86317,16.91116],[106.86223,16.91073],[106.86228,16.91],[106.86283,16.90889],[106.86304,16.90874],[106.86381,16.90874],[106.86438,16.90806],[106.86406,16.9076],[106.86177,16.90777],[106.86096,16.90747],[106.86096,16.90632],[106.86073,16.90607],[106.86022,16.90604],[106.85954,16.90641],[106.85931,16.90672],[106.85919,16.90797],[106.85889,16.90832],[106.85738,16.90881],[106.8566,16.90873],[106.8563,16.9082],[106.85665,16.90758],[106.85775,16.90633],[106.85773,16.90601],[106.85726,16.90564],[106.85521,16.90578],[106.85418,16.90647],[106.85306,16.9069],[106.85256,16.90687],[106.85246,16.90659],[106.85292,16.90588],[106.8529,16.90544],[106.8523,16.90474],[106.85107,16.90366],[106.85014,16.90317],[106.84938,16.90331],[106.84899,16.90416],[106.84841,16.90441],[106.84741,16.90431],[106.84669,16.90456],[106.84607,16.90507],[106.84539,16.90545],[106.84483,16.90523],[106.84476,16.90457],[106.8454,16.9038],[106.84563,16.90286],[106.84504,16.90226],[106.84429,16.90201],[106.84346,16.90202],[106.84274,16.9024],[106.84257,16.90276],[106.84195,16.90336],[106.84163,16.90347],[106.84077,16.90334],[106.83986,16.90265],[106.8392,16.90229],[106.83862,16.90224],[106.83764,16.90268],[106.8372,16.90264],[106.83695,16.90175],[106.83652,16.90084],[106.83577,16.89957],[106.83508,16.89937],[106.83357,16.89988],[106.8321,16.90026],[106.83064,16.90056],[106.8299,16.90036],[106.82976,16.89985],[106.83005,16.89898],[106.83078,16.89852],[106.83142,16.89844],[106.8321,16.89806],[106.83261,16.89759],[106.8327,16.89725],[106.83229,16.89685],[106.83116,16.89647],[106.82971,16.89798],[106.82944,16.89794],[106.82886,16.89747],[106.82891,16.89703],[106.82845,16.89608],[106.82823,16.89583],[106.82771,16.89575],[106.82738,16.89626],[106.82737,16.89757],[106.82714,16.89884],[106.82656,16.89945],[106.82586,16.89961],[106.82535,16.8994],[106.82491,16.8986],[106.82418,16.89803],[106.82362,16.89826],[106.82304,16.899],[106.82159,16.89873],[106.82184,16.89745],[106.82195,16.89646],[106.82189,16.8961],[106.82221,16.89496],[106.82191,16.89461],[106.82059,16.89437],[106.82004,16.89469],[106.81998,16.89502],[106.82029,16.89544],[106.8202,16.89656],[106.81981,16.89677],[106.81885,16.89697],[106.81835,16.89674],[106.81808,16.89636],[106.81804,16.89567],[106.81838,16.89464],[106.81819,16.8936],[106.81751,16.89318],[106.81676,16.89323],[106.81609,16.89424],[106.81512,16.89513],[106.8145,16.89557],[106.81425,16.89557],[106.81346,16.89495],[106.81394,16.89395],[106.81361,16.89354],[106.81261,16.89349],[106.8113,16.89407],[106.811,16.89397],[106.81098,16.89276],[106.81075,16.8921],[106.80982,16.89068],[106.80953,16.89008],[106.80852,16.889],[106.80797,16.88885],[106.8073,16.88899],[106.80608,16.89004],[106.80483,16.89142],[106.80536,16.89249],[106.80544,16.89297],[106.80527,16.89373],[106.80459,16.89432],[106.80086,16.89507],[106.79976,16.89506],[106.79836,16.8947],[106.79831,16.89395],[106.79916,16.89324],[106.79934,16.89264],[106.79903,16.89233],[106.79818,16.89192],[106.79707,16.89151],[106.79542,16.89123],[106.79431,16.89125],[106.79333,16.89179],[106.7931,16.89228],[106.79334,16.89293],[106.79313,16.89394],[106.79255,16.89412],[106.79195,16.89402],[106.79149,16.89372],[106.79069,16.89342],[106.79074,16.89262],[106.79016,16.89193],[106.78962,16.89169],[106.78897,16.8916],[106.78866,16.89177],[106.78853,16.89233],[106.78883,16.89319],[106.78888,16.89392],[106.78879,16.89455],[106.78853,16.89483],[106.78809,16.8948],[106.78754,16.8943],[106.78609,16.89334],[106.78535,16.89316],[106.78438,16.8936],[106.78351,16.89427],[106.78249,16.89466],[106.78162,16.89468],[106.78059,16.89482],[106.7797,16.89516],[106.77882,16.89594],[106.77802,16.89717],[106.77786,16.89783],[106.77752,16.8984],[106.7769,16.89874],[106.77636,16.89879],[106.77583,16.8986],[106.77603,16.89705],[106.776,16.89533],[106.77538,16.89514],[106.77476,16.89531],[106.77374,16.89583],[106.7728,16.89622],[106.77102,16.89668],[106.76861,16.89668],[106.76686,16.89674],[106.76375,16.89618],[106.76239,16.89564],[106.76153,16.89565],[106.76122,16.89629],[106.76148,16.89694],[106.75949,16.89737],[106.75799,16.89739],[106.75749,16.89687],[106.75679,16.89669],[106.75633,16.897],[106.7564,16.89765],[106.75677,16.89823],[106.75663,16.89893],[106.75629,16.89927],[106.75517,16.89955],[106.75416,16.90008],[106.75295,16.90044],[106.75234,16.90032],[106.752,16.90009],[106.75174,16.89951],[106.75134,16.89938],[106.75048,16.89983],[106.75001,16.89973],[106.74953,16.89931],[106.74855,16.8999],[106.74822,16.89998],[106.74761,16.89952],[106.74727,16.89899],[106.74683,16.8988],[106.74641,16.89999],[106.74567,16.90008],[106.74547,16.89991],[106.7456,16.8993],[106.74527,16.89905],[106.74428,16.89898],[106.74365,16.89871],[106.74239,16.89749],[106.74196,16.8972],[106.74142,16.89727],[106.74133,16.8976],[106.74137,16.89866],[106.74097,16.89941],[106.74042,16.8998],[106.7397,16.89992],[106.73843,16.89957],[106.73843,16.89922],[106.73883,16.8981],[106.73879,16.89776],[106.73829,16.8971],[106.738,16.89692],[106.73692,16.89682],[106.73283,16.89674],[106.73123,16.89706],[106.73055,16.89656],[106.73017,16.89642],[106.72767,16.89708],[106.72658,16.89704],[106.72496,16.89677],[106.72398,16.89671],[106.72092,16.89678],[106.71978,16.89668],[106.71893,16.89719],[106.71819,16.89783],[106.716,16.89716],[106.71558,16.89724],[106.71356,16.89851],[106.71269,16.89896],[106.71202,16.89962],[106.71207,16.90034],[106.71184,16.90085],[106.71148,16.90078],[106.71098,16.90034],[106.71057,16.90057],[106.71051,16.90091],[106.71004,16.901],[106.70962,16.90082],[106.70884,16.90091],[106.70802,16.90067],[106.70698,16.90068],[106.70666,16.90054],[106.70558,16.89882],[106.70439,16.89879],[106.70367,16.89924],[106.70304,16.89924],[106.70272,16.89952],[106.7026,16.90034],[106.7021,16.90035],[106.70049,16.89989],[106.69943,16.89998],[106.69917,16.90015],[106.69924,16.90108],[106.69841,16.90097],[106.69787,16.90044],[106.69697,16.9012],[106.69619,16.90143],[106.69623,16.90202],[106.69476,16.902],[106.69447,16.90182],[106.69454,16.9011],[106.694,16.90105],[106.69282,16.9012],[106.69217,16.90143],[106.69102,16.90205],[106.68891,16.90274],[106.68737,16.90264]]]},"properties":{"name":"Cồn Tiên","nameEn":"Con Tien","fullName":"Xã Cồn Tiên","fullNameEn":"Con Tien Commune","codeName":"con_tien","areaKm2":268.58,"postalCode":"48327","code":"19537"}},{"type":"Feature","geometry":{"type":"Polygon","coordinates":[[[106.80575,16.70714],[106.80645,16.70681],[106.80771,16.70658],[106.80932,16.70666],[106.81004,16.70625],[106.81042,16.7057],[106.81136,16.70539],[106.81191,16.70559],[106.81308,16.70565],[106.81368,16.70618],[106.8147,16.70641],[106.8159,16.70648],[106.8177,16.70627],[106.82287,16.70421],[106.83508,16.69974],[106.83955,16.69807],[106.83999,16.69719],[106.84054,16.69684],[106.84076,16.69652],[106.84065,16.69566],[106.84087,16.69516],[106.84121,16.69499],[106.84304,16.69471],[106.84331,16.69427],[106.84395,16.69379],[106.84482,16.69371],[106.84508,16.69347],[106.84528,16.69258],[106.84612,16.69148],[106.84698,16.69105],[106.84735,16.69108],[106.84818,16.69151],[106.84959,16.69195],[106.8502,16.69205],[106.85131,16.69207],[106.85329,16.6923],[106.85418,16.69256],[106.85483,16.69242],[106.85522,16.6925],[106.85576,16.69288],[106.85646,16.69302],[106.85689,16.69289],[106.85743,16.69233],[106.85834,16.692],[106.8591,16.69196],[106.85942,16.69104],[106.85978,16.69061],[106.86093,16.69087],[106.86126,16.69067],[106.86151,16.69],[106.8634,16.68923],[106.86479,16.68885],[106.8653,16.68845],[106.86553,16.68769],[106.86588,16.68756],[106.86621,16.68826],[106.86687,16.68855],[106.86763,16.68936],[106.86823,16.68905],[106.86876,16.68897],[106.86976,16.68858],[106.87047,16.68861],[106.87129,16.68789],[106.87198,16.68623],[106.87203,16.68582],[106.87258,16.68485],[106.87269,16.6841],[106.87312,16.68304],[106.87569,16.6801],[106.87615,16.67942],[106.87683,16.67884],[106.87756,16.67844],[106.87786,16.67814],[106.87816,16.67729],[106.87888,16.67706],[106.87992,16.67702],[106.88039,16.6769],[106.88078,16.6765],[106.88134,16.67653],[106.88232,16.67602],[106.88235,16.67548],[106.88313,16.67464],[106.8839,16.6743],[106.88447,16.67332],[106.88471,16.67261],[106.88457,16.67221],[106.88479,16.67158],[106.88555,16.67088],[106.88526,16.66988],[106.88532,16.66872],[106.88588,16.66814],[106.88603,16.66674],[106.88621,16.66614],[106.88617,16.66566],[106.88577,16.66492],[106.88583,16.66242],[106.88624,16.66072],[106.88636,16.65983],[106.88627,16.6589],[106.88673,16.65802],[106.88673,16.65735],[106.88718,16.65628],[106.88776,16.65454],[106.88825,16.65399],[106.8881,16.65332],[106.88839,16.65275],[106.88912,16.65229],[106.88929,16.6517],[106.88926,16.65019],[106.88955,16.64989],[106.89068,16.64979],[106.89248,16.64931],[106.89307,16.64877],[106.89325,16.6482],[106.89332,16.64704],[106.89313,16.64588],[106.89354,16.64477],[106.8935,16.64451],[106.89256,16.64334],[106.89184,16.64219],[106.8915,16.64129],[106.89156,16.64047],[106.89101,16.63986],[106.89072,16.63933],[106.88994,16.63855],[106.88972,16.63811],[106.88992,16.6371],[106.89009,16.6355],[106.89004,16.63505],[106.88875,16.63383],[106.88733,16.6331],[106.88819,16.63268],[106.88874,16.63203],[106.88917,16.63135],[106.88961,16.63108],[106.89028,16.62967],[106.89065,16.62929],[106.89189,16.62873],[106.89325,16.62858],[106.89516,16.62814],[106.89699,16.62806],[106.89776,16.62785],[106.89891,16.62716],[106.90031,16.62605],[106.9017,16.62536],[106.9023,16.62448],[106.90255,16.62667],[106.90368,16.63427],[106.90416,16.63466],[106.90416,16.63515],[106.90392,16.6358],[106.9044,16.63621],[106.90448,16.63652],[106.90424,16.63776],[106.90367,16.63842],[106.90329,16.63991],[106.90326,16.64038],[106.90378,16.64139],[106.90406,16.64244],[106.90484,16.64369],[106.90601,16.6444],[106.90715,16.64446],[106.90779,16.64492],[106.90839,16.64511],[106.90909,16.64503],[106.91015,16.64512],[106.91081,16.64531],[106.91215,16.64555],[106.91295,16.6463],[106.91347,16.6466],[106.91418,16.64667],[106.91525,16.64723],[106.91582,16.64725],[106.91685,16.64663],[106.91819,16.64678],[106.91962,16.64728],[106.92116,16.64846],[106.92179,16.64924],[106.92266,16.64956],[106.92342,16.64959],[106.9243,16.64976],[106.92577,16.6497],[106.92696,16.64988],[106.92759,16.65009],[106.92768,16.65104],[106.92801,16.65217],[106.92791,16.65267],[106.92789,16.65369],[106.92719,16.65503],[106.92787,16.65679],[106.92851,16.65792],[106.92879,16.65896],[106.92988,16.66169],[106.93056,16.66421],[106.9312,16.66482],[106.93152,16.66542],[106.9324,16.66616],[106.93265,16.66697],[106.93248,16.66852],[106.93201,16.66965],[106.93157,16.67051],[106.93242,16.67163],[106.93297,16.67311],[106.9324,16.67459],[106.93026,16.67613],[106.92932,16.67668],[106.92804,16.67766],[106.92761,16.67786],[106.92663,16.67796],[106.92542,16.67821],[106.92519,16.67836],[106.92487,16.67983],[106.92611,16.68134],[106.92647,16.68228],[106.92627,16.68274],[106.92614,16.684],[106.92663,16.6848],[106.92672,16.68543],[106.92522,16.68576],[106.92346,16.686],[106.92283,16.68574],[106.92067,16.68561],[106.91924,16.68547],[106.91865,16.68575],[106.91715,16.68625],[106.91626,16.68639],[106.91516,16.68639],[106.915,16.68655],[106.91478,16.68762],[106.91471,16.68918],[106.91377,16.69005],[106.91315,16.69075],[106.91196,16.69111],[106.91041,16.69221],[106.91005,16.69319],[106.90956,16.69362],[106.90855,16.69407],[106.90821,16.69447],[106.90717,16.69526],[106.90661,16.69626],[106.9063,16.69649],[106.90579,16.69746],[106.90526,16.69795],[106.90464,16.69809],[106.90428,16.69849],[106.90406,16.69958],[106.90406,16.70066],[106.90438,16.70125],[106.90338,16.70387],[106.90256,16.70442],[106.90209,16.705],[106.90089,16.70479],[106.9005,16.70491],[106.90021,16.70547],[106.89886,16.7064],[106.89843,16.70725],[106.89835,16.70772],[106.89842,16.7087],[106.89759,16.7108],[106.89746,16.71206],[106.89756,16.7126],[106.89747,16.71312],[106.89703,16.71383],[106.89764,16.71443],[106.89771,16.71587],[106.89851,16.71748],[106.89843,16.71798],[106.89779,16.71834],[106.89695,16.71866],[106.89673,16.71915],[106.89606,16.71939],[106.89573,16.72029],[106.89585,16.7212],[106.89559,16.72194],[106.89494,16.72268],[106.89427,16.72313],[106.89387,16.7238],[106.89188,16.72404],[106.89078,16.72434],[106.88985,16.72512],[106.88997,16.72596],[106.8898,16.72636],[106.88928,16.72686],[106.8888,16.72791],[106.88827,16.72932],[106.88805,16.73069],[106.88746,16.73175],[106.8869,16.7332],[106.88637,16.73411],[106.88619,16.73507],[106.88568,16.73663],[106.8857,16.73785],[106.8854,16.73829],[106.88384,16.73914],[106.88258,16.73933],[106.88193,16.73951],[106.88141,16.74021],[106.88124,16.74163],[106.88042,16.74324],[106.88033,16.74417],[106.88008,16.74483],[106.87938,16.74565],[106.87907,16.74682],[106.87829,16.74822],[106.87848,16.74992],[106.8793,16.75063],[106.87954,16.75137],[106.87918,16.75266],[106.87866,16.75308],[106.87788,16.75489],[106.87722,16.75554],[106.87694,16.75561],[106.87587,16.7551],[106.87505,16.75507],[106.87421,16.7565],[106.87412,16.75725],[106.87388,16.75777],[106.87372,16.7587],[106.8738,16.75947],[106.87357,16.75959],[106.87289,16.76047],[106.87209,16.76091],[106.87142,16.76102],[106.8709,16.76174],[106.87054,16.76204],[106.86968,16.76233],[106.86943,16.76268],[106.86941,16.76313],[106.86881,16.76344],[106.86876,16.76378],[106.86902,16.76417],[106.86893,16.76511],[106.86925,16.76553],[106.86924,16.76638],[106.86796,16.7663],[106.86745,16.76609],[106.86698,16.76617],[106.86674,16.76649],[106.86636,16.76758],[106.86577,16.76827],[106.86546,16.76832],[106.86484,16.76805],[106.86441,16.76818],[106.86402,16.76787],[106.86238,16.76769],[106.86123,16.76779],[106.86014,16.7682],[106.85978,16.76853],[106.85817,16.76874],[106.85793,16.76896],[106.85761,16.76967],[106.85708,16.77],[106.85736,16.77089],[106.85701,16.77162],[106.85647,16.77209],[106.85656,16.77241],[106.85621,16.7727],[106.856,16.77329],[106.85564,16.77415],[106.85403,16.77898],[106.854,16.78004],[106.8536,16.78026],[106.84925,16.78066],[106.84529,16.78142],[106.8437,16.78193],[106.84318,16.78301],[106.84283,16.78339],[106.84269,16.78402],[106.84193,16.78467],[106.84177,16.78522],[106.84201,16.7855],[106.84218,16.78631],[106.84155,16.78722],[106.8421,16.78837],[106.8421,16.78856],[106.84158,16.78953],[106.84075,16.79066],[106.84056,16.7917],[106.83956,16.79307],[106.83911,16.79462],[106.83832,16.79502],[106.83764,16.79658],[106.83746,16.79672],[106.83636,16.79698],[106.83594,16.79724],[106.83575,16.79781],[106.83608,16.79838],[106.83602,16.79956],[106.83681,16.79997],[106.83666,16.80059],[106.83615,16.80087],[106.83604,16.80125],[106.83543,16.80192],[106.83558,16.80297],[106.83537,16.80349],[106.83428,16.80423],[106.83402,16.80468],[106.83402,16.80535],[106.83346,16.80565],[106.83259,16.80716],[106.83184,16.80761],[106.83147,16.80769],[106.8307,16.80743],[106.82997,16.80703],[106.82984,16.80735],[106.82981,16.8084],[106.83016,16.81005],[106.83045,16.81093],[106.83009,16.81174],[106.8301,16.81242],[106.82897,16.8143],[106.82832,16.81502],[106.82721,16.81499],[106.82607,16.81518],[106.82474,16.81501],[106.82364,16.81513],[106.82273,16.81568],[106.82265,16.81613],[106.82287,16.81728],[106.82249,16.81776],[106.82139,16.8179],[106.82065,16.81818],[106.82005,16.81762],[106.8198,16.81699],[106.81917,16.81603],[106.81906,16.81549],[106.81858,16.8152],[106.81827,16.81554],[106.81787,16.81653],[106.81779,16.81708],[106.81784,16.81791],[106.81808,16.81857],[106.8178,16.81873],[106.81725,16.81865],[106.81609,16.81787],[106.81494,16.81765],[106.8139,16.81793],[106.8132,16.81855],[106.81278,16.8192],[106.8124,16.82038],[106.81212,16.82089],[106.81161,16.82135],[106.81143,16.82187],[106.81083,16.82292],[106.80864,16.82369],[106.80774,16.82396],[106.80627,16.82422],[106.80525,16.82383],[106.80417,16.82371],[106.80353,16.82309],[106.80291,16.82284],[106.80202,16.82279],[106.80124,16.82292],[106.80102,16.8228],[106.80081,16.82216],[106.80046,16.82185],[106.79905,16.82154],[106.79869,16.82166],[106.79786,16.82243],[106.79709,16.82259],[106.79581,16.82174],[106.79494,16.8216],[106.79439,16.82202],[106.79336,16.82304],[106.79286,16.82368],[106.79253,16.82427],[106.79184,16.82409],[106.79144,16.82365],[106.79117,16.82224],[106.79042,16.82077],[106.79006,16.82043],[106.78932,16.82086],[106.7888,16.82159],[106.78837,16.82188],[106.78754,16.82211],[106.78739,16.82236],[106.78745,16.82296],[106.78823,16.82457],[106.78887,16.82512],[106.7895,16.8263],[106.78961,16.82684],[106.78958,16.8278],[106.78928,16.82863],[106.7892,16.82931],[106.78939,16.8299],[106.78994,16.83035],[106.78994,16.83061],[106.78898,16.83126],[106.78818,16.83144],[106.78769,16.83178],[106.78759,16.83207],[106.78786,16.83301],[106.78731,16.83344],[106.78639,16.83318],[106.78512,16.8331],[106.78474,16.8327],[106.7849,16.83218],[106.78543,16.83151],[106.78558,16.82983],[106.78544,16.82948],[106.78474,16.8288],[106.7849,16.82818],[106.78569,16.82702],[106.78602,16.82681],[106.78675,16.82688],[106.7869,16.8266],[106.78622,16.82583],[106.78484,16.82446],[106.78341,16.82322],[106.78285,16.82286],[106.78261,16.82251],[106.78271,16.8219],[106.78236,16.82152],[106.78169,16.82146],[106.78172,16.8227],[106.78163,16.82303],[106.78113,16.82362],[106.78055,16.8248],[106.78057,16.82601],[106.78017,16.82853],[106.77983,16.82928],[106.77992,16.83007],[106.78053,16.83173],[106.7809,16.8323],[106.77987,16.83338],[106.77963,16.83386],[106.77864,16.83376],[106.77799,16.8344],[106.77656,16.83358],[106.7757,16.833],[106.77488,16.83264],[106.77397,16.83204],[106.77223,16.83072],[106.76991,16.82833],[106.76937,16.82784],[106.76821,16.82729],[106.7676,16.82617],[106.76673,16.82555],[106.76526,16.82322],[106.76423,16.82178],[106.76385,16.82141],[106.76292,16.8208],[106.76194,16.82006],[106.7615,16.81936],[106.7615,16.81852],[106.76102,16.8177],[106.76089,16.81675],[106.76122,16.81572],[106.76069,16.81504],[106.76056,16.81458],[106.76019,16.81241],[106.75966,16.81139],[106.75945,16.81058],[106.75893,16.81013],[106.75805,16.80875],[106.75699,16.80791],[106.75666,16.80687],[106.75653,16.80596],[106.75669,16.80516],[106.75705,16.80401],[106.75597,16.80326],[106.75542,16.80308],[106.75527,16.80252],[106.75529,16.80168],[106.75379,16.8005],[106.75339,16.8001],[106.7528,16.79994],[106.75138,16.79938],[106.75078,16.79893],[106.75039,16.79847],[106.74949,16.79804],[106.74885,16.79844],[106.74792,16.79856],[106.74707,16.79846],[106.74606,16.79847],[106.74513,16.79869],[106.74467,16.79855],[106.74434,16.79806],[106.744,16.79794],[106.74362,16.79816],[106.7431,16.7981],[106.74214,16.79719],[106.74158,16.79635],[106.74115,16.7961],[106.73988,16.79612],[106.73941,16.79598],[106.73796,16.79515],[106.73777,16.79421],[106.73754,16.79396],[106.73607,16.79358],[106.7356,16.79314],[106.73472,16.79278],[106.73418,16.79211],[106.73332,16.79172],[106.73206,16.79039],[106.73182,16.78994],[106.73171,16.7893],[106.73147,16.7889],[106.73096,16.78852],[106.72972,16.78801],[106.72919,16.78738],[106.72822,16.78647],[106.72802,16.78617],[106.72778,16.7852],[106.72711,16.78387],[106.72655,16.78309],[106.72585,16.78236],[106.72565,16.78136],[106.72485,16.78067],[106.7246,16.78019],[106.72446,16.77923],[106.72423,16.77898],[106.72238,16.77736],[106.72209,16.77698],[106.72163,16.77703],[106.71928,16.77639],[106.7181,16.77623],[106.71754,16.77628],[106.71437,16.77621],[106.71376,16.77605],[106.71331,16.77562],[106.71214,16.77342],[106.71184,16.77178],[106.7122,16.77043],[106.71342,16.76872],[106.71406,16.76735],[106.71549,16.76522],[106.716,16.76464],[106.71728,16.76374],[106.71809,16.76304],[106.71992,16.76134],[106.72079,16.76089],[106.72198,16.75989],[106.72347,16.75843],[106.72393,16.7578],[106.72455,16.75764],[106.72492,16.75774],[106.72588,16.75761],[106.7263,16.75661],[106.72712,16.75631],[106.7285,16.7565],[106.72997,16.75628],[106.73192,16.75633],[106.73273,16.75625],[106.73375,16.75644],[106.73444,16.75623],[106.73631,16.75665],[106.73751,16.75702],[106.73815,16.75733],[106.73935,16.75751],[106.73993,16.75771],[106.74108,16.7577],[106.74222,16.75785],[106.74302,16.75756],[106.74385,16.75632],[106.74463,16.75547],[106.74557,16.75491],[106.74582,16.75424],[106.74629,16.75373],[106.74669,16.75355],[106.74775,16.75358],[106.74894,16.75301],[106.74902,16.75237],[106.75013,16.75118],[106.75078,16.75071],[106.75088,16.75044],[106.75199,16.74899],[106.75248,16.74814],[106.75287,16.74772],[106.7539,16.74702],[106.75466,16.74733],[106.7562,16.7465],[106.75728,16.74638],[106.75796,16.74644],[106.75905,16.74624],[106.7603,16.74517],[106.76102,16.74478],[106.76171,16.74475],[106.76206,16.74458],[106.76249,16.74408],[106.76309,16.74416],[106.76374,16.74493],[106.76411,16.74511],[106.76483,16.74496],[106.76532,16.745],[106.76626,16.74544],[106.76712,16.74504],[106.77043,16.74267],[106.77101,16.74236],[106.77226,16.74215],[106.77264,16.74171],[106.77278,16.74104],[106.77308,16.74057],[106.77376,16.7406],[106.77463,16.74036],[106.78284,16.73717],[106.78566,16.73635],[106.78751,16.7357],[106.78813,16.73532],[106.78887,16.73515],[106.79063,16.7352],[106.79135,16.735],[106.79206,16.73458],[106.79266,16.73364],[106.79324,16.73337],[106.79408,16.73328],[106.79521,16.73236],[106.79611,16.7312],[106.79625,16.72957],[106.79614,16.72855],[106.79625,16.72787],[106.79653,16.72754],[106.79692,16.72748],[106.79831,16.72756],[106.79915,16.72807],[106.80008,16.72792],[106.80071,16.72715],[106.80067,16.72654],[106.80141,16.72599],[106.8018,16.72593],[106.80211,16.72555],[106.80221,16.7246],[106.80186,16.72373],[106.80113,16.72318],[106.80145,16.72181],[106.80186,16.72102],[106.80462,16.72023],[106.80491,16.71979],[106.80507,16.71834],[106.80553,16.7172],[106.80569,16.71597],[106.80565,16.71527],[106.80512,16.71388],[106.80487,16.71294],[106.80409,16.71169],[106.80401,16.71135],[106.80421,16.71086],[106.80523,16.70937],[106.80575,16.70714]]]},"properties":{"name":"Hướng Hiệp","nameEn":"Huong Hiep","fullName":"Xã Hướng Hiệp","fullNameEn":"Huong Hiep Commune","codeName":"huong_hiep","areaKm2":185.61,"postalCode":"48607","code":"19555"}},{"type":"Feature","geometry":{"type":"Polygon","coordinates":[[[106.8136,16.55735],[106.83057,16.54888],[106.83215,16.5489],[106.83462,16.54882],[106.8376,16.54855],[106.83835,16.54837],[106.84035,16.54805],[106.84127,16.54796],[106.84382,16.54738],[106.84427,16.54736],[106.84459,16.54711],[106.84509,16.54617],[106.84575,16.5459],[106.84731,16.54551],[106.84769,16.54518],[106.84853,16.54494],[106.8495,16.54441],[106.85058,16.5436],[106.85252,16.5432],[106.85408,16.54308],[106.85477,16.54276],[106.85521,16.54221],[106.85642,16.54174],[106.85766,16.54073],[106.85886,16.5403],[106.86052,16.54047],[106.86173,16.54069],[106.86301,16.54136],[106.86266,16.54021],[106.86281,16.53917],[106.86314,16.53851],[106.86411,16.53727],[106.86453,16.53631],[106.86557,16.53567],[106.8674,16.53434],[106.86781,16.53393],[106.86831,16.53309],[106.86879,16.53311],[106.86978,16.53377],[106.87014,16.5339],[106.87083,16.53371],[106.87175,16.53307],[106.87272,16.53274],[106.87361,16.53301],[106.87407,16.53295],[106.87502,16.53242],[106.87536,16.53206],[106.87546,16.53134],[106.87675,16.52983],[106.87724,16.52895],[106.87762,16.52848],[106.87773,16.52799],[106.87763,16.52692],[106.87859,16.52514],[106.8791,16.52465],[106.87981,16.52434],[106.88099,16.52426],[106.88272,16.52425],[106.88359,16.52447],[106.88318,16.52345],[106.88318,16.52271],[106.88394,16.52265],[106.88492,16.52272],[106.88506,16.52219],[106.8853,16.52206],[106.88645,16.52196],[106.88676,16.5217],[106.88714,16.52096],[106.88717,16.51948],[106.88784,16.51877],[106.88813,16.51823],[106.88851,16.5161],[106.8889,16.51577],[106.88968,16.51446],[106.88975,16.51342],[106.89038,16.51183],[106.89082,16.51117],[106.89015,16.51095],[106.88904,16.51084],[106.88847,16.51061],[106.8873,16.50952],[106.88711,16.50866],[106.88712,16.50778],[106.88737,16.507],[106.88725,16.50593],[106.88757,16.50538],[106.88748,16.50453],[106.8876,16.50411],[106.88841,16.50363],[106.88915,16.50305],[106.88969,16.5021],[106.88943,16.50152],[106.88809,16.50055],[106.88783,16.49982],[106.88773,16.49892],[106.887,16.49699],[106.88697,16.49554],[106.88733,16.49466],[106.88688,16.49401],[106.88603,16.4933],[106.88597,16.49275],[106.88617,16.49231],[106.88662,16.49183],[106.88667,16.49147],[106.88648,16.49086],[106.88595,16.49012],[106.88515,16.48932],[106.8841,16.48865],[106.88361,16.48798],[106.88188,16.48718],[106.88119,16.48646],[106.88045,16.48554],[106.87904,16.48487],[106.87856,16.48377],[106.87806,16.48314],[106.87779,16.48209],[106.8783,16.48069],[106.87856,16.47972],[106.87854,16.47873],[106.87895,16.47813],[106.87889,16.47776],[106.87763,16.47686],[106.87683,16.47603],[106.87662,16.47568],[106.87678,16.47401],[106.87673,16.47126],[106.8764,16.47041],[106.87643,16.47001],[106.87683,16.46969],[106.87773,16.46938],[106.87892,16.4693],[106.87989,16.46942],[106.88089,16.46937],[106.8822,16.46867],[106.88274,16.46853],[106.88329,16.46858],[106.88374,16.46819],[106.88446,16.46777],[106.88501,16.46785],[106.88586,16.46828],[106.88705,16.46833],[106.88883,16.46863],[106.8903,16.46919],[106.89105,16.46898],[106.89209,16.46901],[106.89264,16.4688],[106.89327,16.46877],[106.8944,16.46894],[106.89538,16.46878],[106.89666,16.46916],[106.89744,16.46913],[106.89857,16.4688],[106.89957,16.46905],[106.90209,16.46908],[106.90299,16.46927],[106.90407,16.469],[106.90527,16.46788],[106.90577,16.46782],[106.90778,16.46661],[106.90862,16.46648],[106.90929,16.4672],[106.90975,16.46731],[106.91052,16.46681],[106.91161,16.46634],[106.91188,16.46604],[106.91227,16.46525],[106.91341,16.46465],[106.91451,16.46446],[106.91529,16.46385],[106.91621,16.46296],[106.91685,16.46269],[106.9184,16.46246],[106.91903,16.46221],[106.91944,16.46148],[106.92036,16.46088],[106.92093,16.46072],[106.92275,16.46054],[106.92469,16.46054],[106.9253,16.46059],[106.92608,16.46047],[106.92738,16.46047],[106.92776,16.46025],[106.92879,16.45882],[106.93043,16.45705],[106.93082,16.45556],[106.9318,16.4548],[106.9325,16.4541],[106.93387,16.45422],[106.93415,16.4541],[106.93584,16.45234],[106.93646,16.45205],[106.93784,16.45215],[106.93871,16.45213],[106.9399,16.45154],[106.94058,16.45111],[106.94132,16.45048],[106.94163,16.45042],[106.94233,16.45076],[106.94307,16.45145],[106.94392,16.45273],[106.94464,16.45299],[106.94578,16.45289],[106.94669,16.45295],[106.94755,16.45318],[106.94868,16.45317],[106.94899,16.45327],[106.95061,16.45471],[106.95079,16.45531],[106.95168,16.45623],[106.95154,16.45701],[106.95174,16.45721],[106.95234,16.45727],[106.95349,16.46157],[106.95374,16.46236],[106.95393,16.46352],[106.9542,16.46465],[106.95474,16.4657],[106.9554,16.46636],[106.95611,16.46677],[106.95768,16.46877],[106.95874,16.46937],[106.95913,16.4697],[106.95952,16.47059],[106.95891,16.47126],[106.95907,16.47176],[106.9589,16.47238],[106.95775,16.47423],[106.95769,16.4747],[106.95825,16.47604],[106.95831,16.47649],[106.95874,16.47767],[106.95834,16.4785],[106.95886,16.47961],[106.95879,16.48009],[106.95941,16.48093],[106.96039,16.48339],[106.96082,16.48398],[106.96145,16.48459],[106.96087,16.48532],[106.96096,16.48614],[106.96052,16.48669],[106.96073,16.48824],[106.96035,16.48968],[106.96048,16.49083],[106.96069,16.49172],[106.96989,16.50609],[106.96985,16.50662],[106.97002,16.50698],[106.96992,16.50767],[106.97008,16.50875],[106.97007,16.50965],[106.9696,16.51135],[106.96958,16.51278],[106.96946,16.51376],[106.96914,16.51545],[106.97066,16.51725],[106.97097,16.51778],[106.97145,16.51796],[106.97197,16.51873],[106.97289,16.5196],[106.97434,16.51981],[106.97458,16.52025],[106.97458,16.52091],[106.97476,16.52283],[106.9753,16.52334],[106.97698,16.52333],[106.97876,16.52501],[106.979,16.52604],[106.97894,16.5276],[106.97954,16.52798],[106.98043,16.52876],[106.98081,16.52945],[106.98094,16.53061],[106.98086,16.5317],[106.98094,16.53232],[106.98129,16.53262],[106.98263,16.53268],[106.98408,16.53356],[106.98453,16.53362],[106.98601,16.53358],[106.98712,16.53388],[106.98897,16.53521],[106.99087,16.53626],[106.99068,16.53702],[106.99096,16.53824],[106.99148,16.53906],[106.99216,16.53988],[106.99275,16.54041],[106.99272,16.54194],[106.99174,16.5435],[106.99175,16.54416],[106.99267,16.54453],[106.9952,16.54517],[106.99566,16.54516],[106.99834,16.54454],[106.99987,16.54453],[107.00163,16.54411],[107.00283,16.54243],[107.00316,16.54219],[107.00412,16.54184],[107.00551,16.54175],[107.00645,16.54125],[107.0078,16.54071],[107.00901,16.53991],[107.00978,16.54012],[107.01044,16.54067],[107.01113,16.54088],[107.01184,16.54173],[107.01241,16.54215],[107.01328,16.54259],[107.01431,16.54264],[107.01514,16.54305],[107.01565,16.54317],[107.01648,16.54363],[107.01728,16.54336],[107.01834,16.54236],[107.01866,16.54165],[107.01992,16.54099],[107.02063,16.54081],[107.02216,16.54061],[107.02418,16.54079],[107.02516,16.5402],[107.02567,16.53943],[107.02581,16.53885],[107.02617,16.53807],[107.02695,16.5379],[107.02948,16.53612],[107.03034,16.536],[107.03085,16.53528],[107.03179,16.53463],[107.03292,16.53422],[107.03318,16.53395],[107.03491,16.53343],[107.03612,16.5338],[107.03705,16.53441],[107.03764,16.53449],[107.03913,16.53395],[107.04022,16.53315],[107.04104,16.53272],[107.04168,16.53209],[107.04242,16.5316],[107.04277,16.53101],[107.04359,16.5309],[107.04386,16.53113],[107.04467,16.53118],[107.04509,16.53101],[107.04535,16.53058],[107.04615,16.53042],[107.0462,16.52966],[107.04782,16.52853],[107.04798,16.528],[107.04789,16.52724],[107.04841,16.52698],[107.04904,16.527],[107.04916,16.52651],[107.0499,16.52601],[107.05002,16.52551],[107.05107,16.52468],[107.05156,16.52447],[107.05272,16.52367],[107.05294,16.52364],[107.05354,16.52408],[107.05447,16.52387],[107.05497,16.52392],[107.05549,16.52423],[107.05602,16.52449],[107.05674,16.52527],[107.05688,16.52618],[107.05764,16.52728],[107.05785,16.52774],[107.05778,16.5281],[107.05793,16.52911],[107.05913,16.52987],[107.05961,16.53034],[107.05997,16.53161],[107.05999,16.53257],[107.06022,16.5332],[107.06094,16.53411],[107.06133,16.53494],[107.0619,16.53558],[107.06237,16.5369],[107.06215,16.53749],[107.06099,16.53831],[107.06089,16.5387],[107.06097,16.53934],[107.06142,16.53994],[107.06136,16.5404],[107.06099,16.54121],[107.06025,16.54189],[107.06013,16.54234],[107.06028,16.54389],[107.0608,16.54422],[107.0611,16.54477],[107.06109,16.54554],[107.06122,16.54578],[107.06052,16.54653],[107.05962,16.54729],[107.0592,16.54793],[107.05863,16.54931],[107.05896,16.55074],[107.05974,16.5517],[107.06039,16.55279],[107.06015,16.55367],[107.05982,16.55424],[107.05935,16.55473],[107.05834,16.55557],[107.05765,16.5563],[107.05773,16.55703],[107.05818,16.55835],[107.05824,16.55884],[107.05806,16.55954],[107.05811,16.56169],[107.05635,16.56389],[107.0563,16.56443],[107.05587,16.56592],[107.05581,16.56657],[107.05598,16.56705],[107.05673,16.5676],[107.05679,16.56832],[107.05554,16.5704],[107.05506,16.57167],[107.0543,16.57194],[107.05334,16.57281],[107.05252,16.57377],[107.05202,16.574],[107.05094,16.57418],[107.05041,16.57468],[107.05016,16.5751],[107.04964,16.57513],[107.04791,16.57579],[107.04731,16.57557],[107.04642,16.57579],[107.04564,16.57545],[107.04431,16.57508],[107.04405,16.57481],[107.04376,16.57404],[107.04319,16.57366],[107.04216,16.57376],[107.04159,16.57417],[107.04081,16.57446],[107.04062,16.57513],[107.04024,16.57556],[107.03994,16.57641],[107.03918,16.5768],[107.03846,16.57689],[107.03671,16.57626],[107.0341,16.57412],[107.03353,16.57338],[107.03309,16.57174],[107.03251,16.57118],[107.03192,16.57103],[107.03129,16.57114],[107.03052,16.57106],[107.03017,16.57044],[107.0296,16.56976],[107.02912,16.56976],[107.02862,16.57],[107.02843,16.57055],[107.02805,16.57088],[107.0275,16.5707],[107.02685,16.5707],[107.02616,16.57138],[107.02539,16.57183],[107.02467,16.57301],[107.0239,16.57347],[107.02353,16.57345],[107.02274,16.57373],[107.02189,16.57381],[107.02127,16.57404],[107.02031,16.57397],[107.01935,16.57433],[107.01824,16.57525],[107.01818,16.57583],[107.01878,16.57673],[107.01894,16.57725],[107.019,16.57909],[107.01912,16.57962],[107.01904,16.5801],[107.01865,16.58083],[107.0176,16.5821],[107.01704,16.58292],[107.01664,16.58327],[107.0159,16.58364],[107.01582,16.58387],[107.01618,16.58473],[107.01612,16.586],[107.01572,16.58698],[107.01472,16.58759],[107.01393,16.58832],[107.01302,16.58846],[107.01223,16.58831],[107.0114,16.58791],[107.01061,16.58814],[107.01008,16.58852],[107.00984,16.58891],[107.01002,16.59004],[107.00981,16.59118],[107.00907,16.59268],[107.00792,16.59393],[107.00732,16.59439],[107.00633,16.59493],[107.0062,16.59555],[107.00586,16.59588],[107.0054,16.5967],[107.00512,16.59697],[107.00445,16.59675],[107.00377,16.59676],[107.00327,16.5976],[107.00234,16.59811],[107.00182,16.59859],[107.00135,16.5987],[107.001,16.599],[106.99976,16.59931],[106.99795,16.59956],[106.99712,16.59992],[106.99645,16.60058],[106.9961,16.60135],[106.99536,16.60207],[106.99474,16.60297],[106.99368,16.60359],[106.99368,16.60463],[106.99338,16.60584],[106.99315,16.60613],[106.99195,16.60689],[106.99096,16.60651],[106.98985,16.60637],[106.98823,16.60635],[106.98733,16.60678],[106.98666,16.60695],[106.98579,16.60828],[106.98506,16.60897],[106.98422,16.60925],[106.98379,16.60919],[106.98276,16.60878],[106.98138,16.60942],[106.98115,16.60971],[106.97984,16.61003],[106.97909,16.6107],[106.9787,16.61089],[106.97858,16.61246],[106.97671,16.61247],[106.97626,16.61241],[106.97537,16.61251],[106.97478,16.61282],[106.9742,16.6133],[106.97242,16.61365],[106.97131,16.61442],[106.97098,16.61548],[106.97032,16.61635],[106.96987,16.6166],[106.96788,16.61723],[106.96737,16.61729],[106.96634,16.61686],[106.96548,16.61693],[106.96513,16.61673],[106.96373,16.61645],[106.96256,16.61597],[106.9614,16.61562],[106.96152,16.61472],[106.96046,16.61277],[106.96008,16.61101],[106.9601,16.61073],[106.95835,16.60993],[106.95737,16.6091],[106.95654,16.60813],[106.95635,16.60735],[106.95559,16.60616],[106.95481,16.60628],[106.95414,16.6071],[106.95357,16.60664],[106.95268,16.60642],[106.9515,16.60641],[106.95016,16.60684],[106.94899,16.60664],[106.94815,16.6068],[106.94741,16.60722],[106.94687,16.607],[106.94513,16.60714],[106.94388,16.60739],[106.94293,16.60699],[106.94243,16.60668],[106.94179,16.60607],[106.94071,16.606],[106.94002,16.60528],[106.9387,16.60468],[106.93756,16.60487],[106.93583,16.60455],[106.93519,16.6046],[106.93457,16.60419],[106.93409,16.60449],[106.93301,16.60568],[106.93167,16.60568],[106.93102,16.60541],[106.93064,16.60507],[106.93039,16.60455],[106.92986,16.60415],[106.92885,16.60466],[106.9275,16.60505],[106.92647,16.60503],[106.92494,16.60532],[106.92351,16.60615],[106.92219,16.60654],[106.92095,16.60683],[106.91954,16.60706],[106.91819,16.60768],[106.91749,16.60822],[106.91637,16.60881],[106.91569,16.60935],[106.91528,16.60992],[106.9151,16.61077],[106.91562,16.61212],[106.915,16.61324],[106.91393,16.614],[106.91325,16.61488],[106.91297,16.61562],[106.91289,16.61656],[106.91223,16.6174],[106.91192,16.61827],[106.91152,16.61883],[106.91069,16.61973],[106.90975,16.6212],[106.90917,16.62177],[106.90843,16.62197],[106.90672,16.62181],[106.90524,16.6219],[106.90419,16.62285],[106.90381,16.62331],[106.90363,16.62399],[106.90329,16.62421],[106.9023,16.62448],[106.9017,16.62536],[106.90031,16.62605],[106.89891,16.62716],[106.89776,16.62785],[106.89699,16.62806],[106.89516,16.62814],[106.89325,16.62858],[106.89189,16.62873],[106.89065,16.62929],[106.89028,16.62967],[106.88961,16.63108],[106.88917,16.63135],[106.88874,16.63203],[106.88819,16.63268],[106.88733,16.6331],[106.88875,16.63383],[106.89004,16.63505],[106.89009,16.6355],[106.88992,16.6371],[106.88972,16.63811],[106.88994,16.63855],[106.89072,16.63933],[106.89101,16.63986],[106.89156,16.64047],[106.8915,16.64129],[106.89184,16.64219],[106.89256,16.64334],[106.8935,16.64451],[106.89354,16.64477],[106.89313,16.64588],[106.89332,16.64704],[106.89325,16.6482],[106.89307,16.64877],[106.89248,16.64931],[106.89068,16.64979],[106.88955,16.64989],[106.88926,16.65019],[106.88929,16.6517],[106.88912,16.65229],[106.88839,16.65275],[106.8881,16.65332],[106.88825,16.65399],[106.88776,16.65454],[106.88718,16.65628],[106.88673,16.65735],[106.88673,16.65802],[106.88627,16.6589],[106.88636,16.65983],[106.88624,16.66072],[106.88583,16.66242],[106.88577,16.66492],[106.88617,16.66566],[106.88621,16.66614],[106.88603,16.66674],[106.88588,16.66814],[106.88532,16.66872],[106.88526,16.66988],[106.88555,16.67088],[106.88479,16.67158],[106.88457,16.67221],[106.88471,16.67261],[106.88447,16.67332],[106.8839,16.6743],[106.88313,16.67464],[106.88235,16.67548],[106.88232,16.67602],[106.88134,16.67653],[106.88078,16.6765],[106.88039,16.6769],[106.87992,16.67702],[106.87888,16.67706],[106.87816,16.67729],[106.87786,16.67814],[106.87756,16.67844],[106.87683,16.67884],[106.87615,16.67942],[106.87569,16.6801],[106.87312,16.68304],[106.87269,16.6841],[106.87258,16.68485],[106.87203,16.68582],[106.87198,16.68623],[106.87129,16.68789],[106.87047,16.68861],[106.86976,16.68858],[106.86876,16.68897],[106.86823,16.68905],[106.86763,16.68936],[106.86687,16.68855],[106.86621,16.68826],[106.86588,16.68756],[106.86553,16.68769],[106.8653,16.68845],[106.86479,16.68885],[106.8634,16.68923],[106.86151,16.69],[106.86126,16.69067],[106.86093,16.69087],[106.85978,16.69061],[106.85942,16.69104],[106.8591,16.69196],[106.85834,16.692],[106.85743,16.69233],[106.85689,16.69289],[106.85646,16.69302],[106.85576,16.69288],[106.85522,16.6925],[106.85483,16.69242],[106.85418,16.69256],[106.85329,16.6923],[106.85131,16.69207],[106.8502,16.69205],[106.84959,16.69195],[106.84818,16.69151],[106.84735,16.69108],[106.84698,16.69105],[106.84612,16.69148],[106.84528,16.69258],[106.84508,16.69347],[106.84482,16.69371],[106.84395,16.69379],[106.84331,16.69427],[106.84304,16.69471],[106.84121,16.69499],[106.84087,16.69516],[106.84065,16.69566],[106.84076,16.69652],[106.84054,16.69684],[106.83999,16.69719],[106.83955,16.69807],[106.83508,16.69974],[106.82287,16.70421],[106.8177,16.70627],[106.8159,16.70648],[106.8147,16.70641],[106.81368,16.70618],[106.81308,16.70565],[106.81191,16.70559],[106.81136,16.70539],[106.81042,16.7057],[106.81004,16.70625],[106.80932,16.70666],[106.80771,16.70658],[106.80645,16.70681],[106.80575,16.70714],[106.80572,16.70674],[106.80528,16.70574],[106.80523,16.70488],[106.80491,16.70421],[106.80395,16.70321],[106.80405,16.70239],[106.80383,16.70113],[106.80159,16.69393],[106.80151,16.69374],[106.80149,16.68665],[106.80145,16.6801],[106.80104,16.67887],[106.80114,16.6777],[106.80151,16.67632],[106.77612,16.67158],[106.77478,16.67197],[106.77238,16.6728],[106.77024,16.67317],[106.77014,16.67309],[106.77051,16.67242],[106.77536,16.66191],[106.77584,16.66095],[106.77943,16.65309],[106.78327,16.6448],[106.78247,16.64426],[106.78207,16.64312],[106.78103,16.642],[106.78014,16.64125],[106.78028,16.64068],[106.78129,16.63925],[106.78082,16.63844],[106.77739,16.63541],[106.7763,16.6341],[106.77585,16.63215],[106.77567,16.63191],[106.77566,16.6313],[106.77529,16.63069],[106.77505,16.6298],[106.7749,16.62857],[106.77425,16.62774],[106.77387,16.62687],[106.77312,16.62644],[106.77276,16.62592],[106.7702,16.62298],[106.77011,16.62185],[106.76987,16.62107],[106.76923,16.61971],[106.78277,16.624],[106.78497,16.62463],[106.78745,16.62417],[106.78839,16.62339],[106.78962,16.62287],[106.79001,16.62235],[106.79076,16.62187],[106.79162,16.62159],[106.79199,16.62097],[106.7921,16.62051],[106.79517,16.61927],[106.79551,16.61921],[106.79649,16.61861],[106.79746,16.61819],[106.79745,16.61786],[106.79655,16.61663],[106.79627,16.6161],[106.79677,16.61587],[106.79859,16.61562],[106.79891,16.61507],[106.7995,16.61489],[106.79988,16.61421],[106.80045,16.61398],[106.80083,16.6136],[106.80137,16.61242],[106.80211,16.61059],[106.80252,16.61031],[106.80353,16.60995],[106.8039,16.60906],[106.80476,16.60832],[106.80531,16.60808],[106.80607,16.60815],[106.80681,16.60809],[106.80774,16.60756],[106.80845,16.60746],[106.81074,16.60746],[106.81099,16.60757],[106.81178,16.60653],[106.81277,16.60594],[106.8152,16.60567],[106.81613,16.60457],[106.81619,16.60419],[106.81834,16.60414],[106.81897,16.60375],[106.8194,16.60266],[106.81977,16.60067],[106.8208,16.59253],[106.82175,16.5921],[106.8225,16.59046],[106.82283,16.58925],[106.82334,16.58667],[106.82309,16.58564],[106.82326,16.58451],[106.82324,16.58367],[106.82304,16.58247],[106.82327,16.58116],[106.82301,16.57952],[106.82232,16.57813],[106.82225,16.57727],[106.82174,16.57623],[106.82171,16.57549],[106.82145,16.57489],[106.82133,16.57412],[106.82184,16.57355],[106.82183,16.57246],[106.82247,16.57168],[106.82296,16.56989],[106.82292,16.5688],[106.82329,16.56798],[106.82338,16.56744],[106.82326,16.56663],[106.82388,16.56366],[106.82438,16.56271],[106.82598,16.56066],[106.82605,16.56002],[106.82482,16.55935],[106.82341,16.55886],[106.8228,16.55858],[106.82216,16.55874],[106.82031,16.55837],[106.8197,16.55871],[106.81933,16.55874],[106.81874,16.55851],[106.81845,16.55809],[106.81801,16.55779],[106.81625,16.55737],[106.81479,16.55689],[106.81425,16.55721],[106.8136,16.55735]]]},"properties":{"name":"Đakrông","nameEn":"Dakrong","fullName":"Xã Đakrông","fullNameEn":"Dakrong Commune","codeName":"dakrong","areaKm2":359.29,"postalCode":"48608","code":"19564"}},{"type":"Feature","geometry":{"type":"Polygon","coordinates":[[[107.06717,16.64753],[107.06694,16.64721],[107.06624,16.64505],[107.06511,16.64557],[107.06509,16.64609],[107.06343,16.64648],[107.06293,16.6461],[107.06243,16.64644],[107.06224,16.647],[107.06232,16.64741],[107.06198,16.64759],[107.06143,16.64713],[107.0609,16.64772],[107.06033,16.64782],[107.06052,16.64882],[107.06019,16.64958],[107.05928,16.65073],[107.05909,16.65137],[107.05873,16.65181],[107.05799,16.65089],[107.05788,16.65037],[107.05735,16.65064],[107.05607,16.65163],[107.05607,16.65206],[107.05641,16.65294],[107.05641,16.65375],[107.05676,16.65444],[107.05672,16.65521],[107.05689,16.65621],[107.05722,16.65735],[107.05683,16.65759],[107.05644,16.65812],[107.05641,16.65883],[107.05674,16.65925],[107.05606,16.65971],[107.05599,16.65997],[107.05661,16.66071],[107.0558,16.66127],[107.05542,16.66191],[107.05549,16.66237],[107.0566,16.66288],[107.05671,16.66367],[107.05728,16.66432],[107.05712,16.66549],[107.05758,16.66576],[107.05764,16.66664],[107.05807,16.6673],[107.0584,16.66855],[107.05807,16.66947],[107.06122,16.67617],[107.06078,16.67653],[107.0602,16.67669],[107.05868,16.67756],[107.05936,16.67791],[107.05863,16.67855],[107.05866,16.67888],[107.05931,16.67901],[107.0597,16.67923],[107.05979,16.67992],[107.05952,16.68022],[107.05917,16.68018],[107.05876,16.68065],[107.05819,16.68072],[107.05746,16.68061],[107.05711,16.68082],[107.05696,16.68125],[107.05657,16.68154],[107.05584,16.68173],[107.05546,16.68223],[107.05564,16.6826],[107.05625,16.68255],[107.0561,16.68315],[107.05619,16.68364],[107.05754,16.68395],[107.0578,16.68438],[107.05753,16.68494],[107.05754,16.68533],[107.057,16.68571],[107.05471,16.68611],[107.05422,16.68634],[107.05297,16.68664],[107.05186,16.6873],[107.05148,16.68742],[107.05118,16.68777],[107.05005,16.68766],[107.04899,16.68892],[107.04746,16.68941],[107.04614,16.68921],[107.04458,16.68869],[107.04339,16.68809],[107.04257,16.68858],[107.04205,16.68859],[107.04151,16.68815],[107.04068,16.68783],[107.04027,16.68745],[107.03909,16.68677],[107.03823,16.68664],[107.03802,16.68576],[107.03738,16.68506],[107.03629,16.68472],[107.03543,16.6843],[107.03449,16.68455],[107.03341,16.68452],[107.03267,16.68476],[107.03166,16.68474],[107.03099,16.68495],[107.03016,16.68585],[107.02967,16.68602],[107.02819,16.68601],[107.02707,16.68641],[107.02629,16.68659],[107.02536,16.6865],[107.02464,16.68657],[107.02369,16.68646],[107.02302,16.68702],[107.0225,16.68718],[107.02115,16.68705],[107.02036,16.68736],[107.02002,16.68775],[107.01953,16.68801],[107.01874,16.68902],[107.0182,16.68926],[107.01804,16.68991],[107.01707,16.69039],[107.01636,16.69093],[107.01615,16.69192],[107.0161,16.69281],[107.01541,16.69358],[107.01489,16.69377],[107.01328,16.69398],[107.01264,16.69429],[107.01008,16.6945],[107.00915,16.69533],[107.0081,16.69583],[107.00748,16.69551],[107.00666,16.69598],[107.00641,16.69669],[107.00601,16.69714],[107.00492,16.69691],[107.00401,16.69641],[107.00395,16.69617],[107.00338,16.69594],[107.00183,16.69693],[107.00126,16.69765],[107.00049,16.69804],[107.00011,16.69782],[106.99758,16.69843],[106.99687,16.6989],[106.99591,16.69882],[106.99522,16.69888],[106.99457,16.69844],[106.99392,16.69872],[106.99351,16.69865],[106.99259,16.6981],[106.992,16.69798],[106.99128,16.69637],[106.99043,16.69478],[106.98971,16.69436],[106.98946,16.69396],[106.98811,16.69393],[106.9868,16.69369],[106.98599,16.69308],[106.98576,16.69272],[106.98528,16.69275],[106.98446,16.69246],[106.98439,16.69214],[106.98456,16.69133],[106.98486,16.69083],[106.98478,16.69029],[106.9838,16.68985],[106.98281,16.68976],[106.98229,16.68993],[106.98108,16.69121],[106.9806,16.69103],[106.97962,16.69039],[106.979,16.69034],[106.97836,16.69092],[106.97784,16.69185],[106.97719,16.6919],[106.97668,16.6913],[106.9766,16.69096],[106.97619,16.69089],[106.97569,16.69135],[106.97486,16.69228],[106.97398,16.69289],[106.97335,16.6935],[106.97286,16.69317],[106.9725,16.69356],[106.97253,16.69442],[106.97207,16.69483],[106.97124,16.6953],[106.9699,16.69488],[106.96981,16.69433],[106.96798,16.69458],[106.96697,16.69501],[106.9668,16.69492],[106.96641,16.69395],[106.96594,16.69364],[106.96544,16.69392],[106.96457,16.69418],[106.96419,16.69401],[106.96347,16.69293],[106.96279,16.69297],[106.9609,16.69352],[106.96047,16.69351],[106.96009,16.69321],[106.95971,16.69236],[106.95969,16.69175],[106.95948,16.69146],[106.95879,16.69181],[106.95822,16.69244],[106.95732,16.69203],[106.95712,16.69177],[106.95664,16.69171],[106.95571,16.6913],[106.95519,16.69125],[106.95439,16.69155],[106.9543,16.69185],[106.95467,16.69258],[106.95438,16.69289],[106.95333,16.69247],[106.95203,16.69156],[106.94987,16.69158],[106.94916,16.69149],[106.94816,16.69059],[106.94746,16.6902],[106.94728,16.68994],[106.94732,16.68934],[106.9469,16.68865],[106.94626,16.6886],[106.94574,16.68932],[106.94494,16.68931],[106.94425,16.68966],[106.94275,16.689],[106.94212,16.68843],[106.94166,16.68829],[106.94117,16.68883],[106.94103,16.68939],[106.9406,16.68951],[106.94,16.68944],[106.93824,16.68941],[106.9378,16.68921],[106.938,16.68834],[106.93805,16.68726],[106.93778,16.68636],[106.9373,16.68595],[106.9368,16.68589],[106.93594,16.6864],[106.93508,16.68764],[106.93473,16.6877],[106.93407,16.68735],[106.93387,16.68688],[106.93319,16.68638],[106.93173,16.68664],[106.93034,16.68643],[106.93001,16.68625],[106.92979,16.68512],[106.92933,16.68483],[106.92872,16.68502],[106.92672,16.68543],[106.92663,16.6848],[106.92614,16.684],[106.92627,16.68274],[106.92647,16.68228],[106.92611,16.68134],[106.92487,16.67983],[106.92519,16.67836],[106.92542,16.67821],[106.92663,16.67796],[106.92761,16.67786],[106.92804,16.67766],[106.92932,16.67668],[106.93026,16.67613],[106.9324,16.67459],[106.93297,16.67311],[106.93242,16.67163],[106.93157,16.67051],[106.93201,16.66965],[106.93248,16.66852],[106.93265,16.66697],[106.9324,16.66616],[106.93152,16.66542],[106.9312,16.66482],[106.93056,16.66421],[106.92988,16.66169],[106.92879,16.65896],[106.92851,16.65792],[106.92787,16.65679],[106.92719,16.65503],[106.92789,16.65369],[106.92791,16.65267],[106.92801,16.65217],[106.92768,16.65104],[106.92759,16.65009],[106.92696,16.64988],[106.92577,16.6497],[106.9243,16.64976],[106.92342,16.64959],[106.92266,16.64956],[106.92179,16.64924],[106.92116,16.64846],[106.91962,16.64728],[106.91819,16.64678],[106.91685,16.64663],[106.91582,16.64725],[106.91525,16.64723],[106.91418,16.64667],[106.91347,16.6466],[106.91295,16.6463],[106.91215,16.64555],[106.91081,16.64531],[106.91015,16.64512],[106.90909,16.64503],[106.90839,16.64511],[106.90779,16.64492],[106.90715,16.64446],[106.90601,16.6444],[106.90484,16.64369],[106.90406,16.64244],[106.90378,16.64139],[106.90326,16.64038],[106.90329,16.63991],[106.90367,16.63842],[106.90424,16.63776],[106.90448,16.63652],[106.9044,16.63621],[106.90392,16.6358],[106.90416,16.63515],[106.90416,16.63466],[106.90368,16.63427],[106.90255,16.62667],[106.9023,16.62448],[106.90329,16.62421],[106.90363,16.62399],[106.90381,16.62331],[106.90419,16.62285],[106.90524,16.6219],[106.90672,16.62181],[106.90843,16.62197],[106.90917,16.62177],[106.90975,16.6212],[106.91069,16.61973],[106.91152,16.61883],[106.91192,16.61827],[106.91223,16.6174],[106.91289,16.61656],[106.91297,16.61562],[106.91325,16.61488],[106.91393,16.614],[106.915,16.61324],[106.91562,16.61212],[106.9151,16.61077],[106.91528,16.60992],[106.91569,16.60935],[106.91637,16.60881],[106.91749,16.60822],[106.91819,16.60768],[106.91954,16.60706],[106.92095,16.60683],[106.92219,16.60654],[106.92351,16.60615],[106.92494,16.60532],[106.92647,16.60503],[106.9275,16.60505],[106.92885,16.60466],[106.92986,16.60415],[106.93039,16.60455],[106.93064,16.60507],[106.93102,16.60541],[106.93167,16.60568],[106.93301,16.60568],[106.93409,16.60449],[106.93457,16.60419],[106.93519,16.6046],[106.93583,16.60455],[106.93756,16.60487],[106.9387,16.60468],[106.94002,16.60528],[106.94071,16.606],[106.94179,16.60607],[106.94243,16.60668],[106.94293,16.60699],[106.94388,16.60739],[106.94513,16.60714],[106.94687,16.607],[106.94741,16.60722],[106.94815,16.6068],[106.94899,16.60664],[106.95016,16.60684],[106.9515,16.60641],[106.95268,16.60642],[106.95357,16.60664],[106.95414,16.6071],[106.95481,16.60628],[106.95559,16.60616],[106.95635,16.60735],[106.95654,16.60813],[106.95737,16.6091],[106.95835,16.60993],[106.9601,16.61073],[106.96008,16.61101],[106.96046,16.61277],[106.96152,16.61472],[106.9614,16.61562],[106.96256,16.61597],[106.96373,16.61645],[106.96513,16.61673],[106.96548,16.61693],[106.96634,16.61686],[106.96737,16.61729],[106.96788,16.61723],[106.96987,16.6166],[106.97032,16.61635],[106.97098,16.61548],[106.97131,16.61442],[106.97242,16.61365],[106.9742,16.6133],[106.97478,16.61282],[106.97537,16.61251],[106.97626,16.61241],[106.97671,16.61247],[106.97858,16.61246],[106.9787,16.61089],[106.97909,16.6107],[106.97984,16.61003],[106.98115,16.60971],[106.98138,16.60942],[106.98276,16.60878],[106.98379,16.60919],[106.98422,16.60925],[106.98506,16.60897],[106.98579,16.60828],[106.98666,16.60695],[106.98733,16.60678],[106.98823,16.60635],[106.98985,16.60637],[106.99096,16.60651],[106.99195,16.60689],[106.99315,16.60613],[106.99338,16.60584],[106.99368,16.60463],[106.99368,16.60359],[106.99474,16.60297],[106.99536,16.60207],[106.9961,16.60135],[106.99645,16.60058],[106.99712,16.59992],[106.99795,16.59956],[106.99976,16.59931],[107.001,16.599],[107.00135,16.5987],[107.00182,16.59859],[107.00234,16.59811],[107.00327,16.5976],[107.00377,16.59676],[107.00445,16.59675],[107.00512,16.59697],[107.0054,16.5967],[107.00586,16.59588],[107.0062,16.59555],[107.00633,16.59493],[107.00732,16.59439],[107.00792,16.59393],[107.00907,16.59268],[107.00981,16.59118],[107.01002,16.59004],[107.00984,16.58891],[107.01008,16.58852],[107.01061,16.58814],[107.0114,16.58791],[107.01223,16.58831],[107.01302,16.58846],[107.01393,16.58832],[107.01472,16.58759],[107.01572,16.58698],[107.01612,16.586],[107.01618,16.58473],[107.01582,16.58387],[107.0159,16.58364],[107.01664,16.58327],[107.01704,16.58292],[107.0176,16.5821],[107.01865,16.58083],[107.01904,16.5801],[107.01912,16.57962],[107.019,16.57909],[107.01894,16.57725],[107.01878,16.57673],[107.01818,16.57583],[107.01824,16.57525],[107.01935,16.57433],[107.02031,16.57397],[107.02127,16.57404],[107.02189,16.57381],[107.02274,16.57373],[107.02353,16.57345],[107.0239,16.57347],[107.02467,16.57301],[107.02539,16.57183],[107.02616,16.57138],[107.02685,16.5707],[107.0275,16.5707],[107.02805,16.57088],[107.02843,16.57055],[107.02862,16.57],[107.02912,16.56976],[107.0296,16.56976],[107.03017,16.57044],[107.03052,16.57106],[107.03129,16.57114],[107.03192,16.57103],[107.03251,16.57118],[107.03309,16.57174],[107.03353,16.57338],[107.0341,16.57412],[107.03671,16.57626],[107.03846,16.57689],[107.03918,16.5768],[107.03994,16.57641],[107.04024,16.57556],[107.04062,16.57513],[107.04081,16.57446],[107.04159,16.57417],[107.04216,16.57376],[107.04319,16.57366],[107.04376,16.57404],[107.04405,16.57481],[107.04431,16.57508],[107.04564,16.57545],[107.04642,16.57579],[107.04731,16.57557],[107.04791,16.57579],[107.04964,16.57513],[107.05016,16.5751],[107.05041,16.57468],[107.05094,16.57418],[107.05202,16.574],[107.05252,16.57377],[107.05334,16.57281],[107.0543,16.57194],[107.05506,16.57167],[107.05554,16.5704],[107.05679,16.56832],[107.05673,16.5676],[107.05598,16.56705],[107.05581,16.56657],[107.05587,16.56592],[107.0563,16.56443],[107.05635,16.56389],[107.05811,16.56169],[107.05806,16.55954],[107.05824,16.55884],[107.05818,16.55835],[107.05773,16.55703],[107.05765,16.5563],[107.05834,16.55557],[107.05935,16.55473],[107.05982,16.55424],[107.06015,16.55367],[107.06039,16.55279],[107.05974,16.5517],[107.05896,16.55074],[107.05863,16.54931],[107.0592,16.54793],[107.05962,16.54729],[107.06052,16.54653],[107.06122,16.54578],[107.06176,16.54588],[107.06291,16.54572],[107.06409,16.54521],[107.06492,16.54462],[107.06573,16.54443],[107.06697,16.54439],[107.06778,16.54393],[107.06835,16.5439],[107.06945,16.54407],[107.07094,16.54364],[107.07194,16.54354],[107.07283,16.54294],[107.07366,16.54253],[107.07447,16.54238],[107.07505,16.54279],[107.07615,16.54401],[107.07626,16.54468],[107.07625,16.54567],[107.07662,16.54617],[107.077,16.54631],[107.07774,16.54612],[107.07814,16.54584],[107.07929,16.54575],[107.07975,16.54637],[107.08064,16.54642],[107.08132,16.54586],[107.08255,16.54604],[107.08335,16.54642],[107.08477,16.54636],[107.08632,16.54578],[107.08715,16.5457],[107.08784,16.54621],[107.0882,16.54617],[107.0888,16.54695],[107.08942,16.54753],[107.08863,16.54778],[107.0884,16.54809],[107.08918,16.54856],[107.09014,16.54881],[107.09097,16.54953],[107.09118,16.54987],[107.09212,16.55064],[107.09266,16.55069],[107.09494,16.55015],[107.09668,16.55045],[107.09742,16.55042],[107.09822,16.55107],[107.1001,16.55217],[107.1007,16.55227],[107.10185,16.55272],[107.10301,16.55234],[107.10357,16.55238],[107.10416,16.55191],[107.10568,16.5517],[107.10612,16.55143],[107.10712,16.55128],[107.10758,16.55148],[107.10874,16.55112],[107.10938,16.55073],[107.11032,16.55096],[107.11106,16.55142],[107.11205,16.55116],[107.11275,16.55108],[107.11354,16.55074],[107.11387,16.5509],[107.1142,16.55153],[107.115,16.55253],[107.11706,16.55258],[107.1183,16.55239],[107.11988,16.55234],[107.12041,16.5521],[107.1216,16.55199],[107.12185,16.55276],[107.12197,16.55392],[107.12221,16.55491],[107.12244,16.55545],[107.12334,16.55657],[107.12344,16.55727],[107.12449,16.55794],[107.12447,16.55813],[107.12349,16.55943],[107.12307,16.56035],[107.12315,16.56068],[107.12456,16.56188],[107.12495,16.56237],[107.12533,16.56329],[107.12585,16.56387],[107.12683,16.56472],[107.12823,16.56571],[107.12894,16.5657],[107.12949,16.56555],[107.13044,16.56585],[107.13104,16.56656],[107.13203,16.56722],[107.13292,16.56757],[107.13389,16.56776],[107.13463,16.56776],[107.13577,16.56803],[107.1371,16.5686],[107.13787,16.56991],[107.13931,16.57068],[107.14016,16.57125],[107.14083,16.57187],[107.14048,16.57278],[107.13976,16.57392],[107.13928,16.57453],[107.13887,16.57485],[107.13777,16.57518],[107.13693,16.57571],[107.13614,16.57639],[107.13532,16.57696],[107.1344,16.57802],[107.13351,16.57787],[107.13288,16.57808],[107.13209,16.57795],[107.1313,16.57798],[107.13085,16.57784],[107.13033,16.57802],[107.1292,16.57788],[107.12822,16.57798],[107.12765,16.5786],[107.12768,16.57907],[107.12739,16.5797],[107.12683,16.58007],[107.12426,16.58092],[107.12237,16.58187],[107.12127,16.58205],[107.12048,16.58202],[107.12012,16.58232],[107.11975,16.58317],[107.11919,16.58356],[107.11813,16.58379],[107.11668,16.58431],[107.11539,16.5845],[107.11427,16.58524],[107.11406,16.58559],[107.11333,16.58578],[107.11316,16.58604],[107.11362,16.58704],[107.11349,16.58727],[107.11267,16.58734],[107.11239,16.58804],[107.11203,16.58856],[107.11101,16.58863],[107.11012,16.58895],[107.10957,16.59066],[107.10954,16.59154],[107.10893,16.59223],[107.10871,16.59297],[107.1076,16.59435],[107.1071,16.59447],[107.10737,16.59513],[107.10838,16.59624],[107.1096,16.59717],[107.11037,16.59753],[107.1111,16.5981],[107.11127,16.5989],[107.11127,16.59953],[107.1111,16.60009],[107.11054,16.60053],[107.10821,16.6016],[107.10671,16.60192],[107.1049,16.60172],[107.10466,16.60182],[107.10399,16.60261],[107.10312,16.60321],[107.10267,16.60341],[107.10198,16.60344],[107.10183,16.60404],[107.10136,16.60501],[107.10045,16.6053],[107.10005,16.60554],[107.09928,16.60551],[107.09879,16.60523],[107.09842,16.6055],[107.09783,16.60657],[107.09626,16.60689],[107.09518,16.60742],[107.09428,16.60768],[107.09392,16.60795],[107.09445,16.60885],[107.0942,16.60981],[107.09355,16.61057],[107.09338,16.61141],[107.0935,16.61299],[107.09325,16.61437],[107.09271,16.61551],[107.09263,16.61667],[107.09325,16.61793],[107.09218,16.61787],[107.09188,16.61797],[107.09135,16.6185],[107.09071,16.61878],[107.08986,16.61901],[107.08955,16.61954],[107.0895,16.62017],[107.08988,16.62078],[107.08902,16.62103],[107.08787,16.62096],[107.08748,16.62109],[107.08615,16.62198],[107.08566,16.62253],[107.08533,16.62311],[107.08394,16.62399],[107.08245,16.62524],[107.08127,16.62642],[107.0803,16.62714],[107.07899,16.62844],[107.07826,16.62844],[107.0778,16.62874],[107.07779,16.62944],[107.07749,16.62989],[107.07697,16.63105],[107.07719,16.63182],[107.07804,16.63269],[107.07789,16.63335],[107.07708,16.63358],[107.07657,16.63387],[107.07572,16.63471],[107.07557,16.63525],[107.07481,16.63659],[107.0738,16.63762],[107.0737,16.63785],[107.07307,16.6378],[107.07344,16.63832],[107.0734,16.63887],[107.07432,16.6393],[107.07388,16.63995],[107.07336,16.64028],[107.0737,16.64061],[107.07287,16.64067],[107.0729,16.64116],[107.07232,16.64177],[107.07262,16.64214],[107.07319,16.64249],[107.07382,16.6439],[107.0745,16.64477],[107.07464,16.64564],[107.07438,16.64646],[107.07353,16.64674],[107.0722,16.64666],[107.07064,16.64615],[107.06958,16.64638],[107.06826,16.64655],[107.06758,16.647],[107.06717,16.64753]]]},"properties":{"name":"Ba Lòng","nameEn":"Ba Long","fullName":"Xã Ba Lòng","fullNameEn":"Ba Long Commune","codeName":"ba_long","areaKm2":210.58,"postalCode":"48612","code":"19567"}},{"type":"Feature","geometry":{"type":"Polygon","coordinates":[[[106.88446,16.46777],[106.88456,16.46756],[106.88445,16.46635],[106.88457,16.4659],[106.88515,16.46487],[106.88575,16.46416],[106.8858,16.46315],[106.88601,16.46274],[106.88681,16.46227],[106.88679,16.46204],[106.886,16.46169],[106.88535,16.46117],[106.88503,16.46066],[106.88506,16.4599],[106.88549,16.45874],[106.88511,16.4582],[106.88513,16.45761],[106.88613,16.457],[106.88654,16.45656],[106.88654,16.45624],[106.88595,16.45561],[106.88613,16.45516],[106.88663,16.45483],[106.88682,16.45367],[106.88802,16.4529],[106.8886,16.45189],[106.88799,16.45104],[106.888,16.45044],[106.88747,16.45005],[106.88722,16.44926],[106.8867,16.44882],[106.88587,16.44875],[106.88515,16.44844],[106.88442,16.44842],[106.88368,16.44801],[106.8827,16.44726],[106.88178,16.44687],[106.88033,16.44519],[106.87923,16.44456],[106.87846,16.44333],[106.87817,16.44256],[106.87728,16.44083],[106.87682,16.44023],[106.87633,16.43915],[106.87516,16.43776],[106.87372,16.4364],[106.87334,16.4358],[106.87166,16.43588],[106.87146,16.43148],[106.87172,16.42959],[106.87177,16.42884],[106.87204,16.42853],[106.87269,16.4284],[106.87304,16.42785],[106.87319,16.42679],[106.87384,16.4261],[106.87511,16.42588],[106.87651,16.4254],[106.87682,16.42553],[106.87753,16.42549],[106.87813,16.42516],[106.87863,16.42451],[106.87968,16.4243],[106.8805,16.42426],[106.88286,16.42319],[106.88393,16.42252],[106.88452,16.42196],[106.885,16.42245],[106.88582,16.42215],[106.88634,16.4216],[106.88739,16.42128],[106.88769,16.42141],[106.88853,16.42283],[106.88895,16.42318],[106.88937,16.42416],[106.89013,16.42511],[106.89052,16.42583],[106.89104,16.42634],[106.89165,16.42667],[106.89245,16.42662],[106.89344,16.42609],[106.89516,16.42557],[106.89617,16.42553],[106.89738,16.42562],[106.89858,16.42557],[106.89994,16.4264],[106.90014,16.42597],[106.90005,16.42521],[106.89964,16.4231],[106.89946,16.42243],[106.89628,16.42002],[106.89556,16.41732],[106.89531,16.41603],[106.89537,16.41454],[106.89534,16.41258],[106.89502,16.41233],[106.89289,16.41148],[106.89211,16.41103],[106.89143,16.41024],[106.89137,16.40876],[106.89153,16.40839],[106.89206,16.40791],[106.89234,16.40741],[106.89321,16.40645],[106.8946,16.40432],[106.89513,16.40361],[106.89612,16.40182],[106.89616,16.40111],[106.89583,16.40013],[106.89584,16.3995],[106.8962,16.39833],[106.89635,16.39746],[106.89644,16.39633],[106.89713,16.39499],[106.89761,16.39199],[106.89811,16.39146],[106.89904,16.39079],[106.89943,16.39014],[106.90063,16.38984],[106.90284,16.38896],[106.9043,16.38803],[106.90432,16.38695],[106.90444,16.38669],[106.90567,16.3861],[106.90717,16.38521],[106.90716,16.38421],[106.90751,16.38344],[106.90804,16.38313],[106.90886,16.38311],[106.90962,16.38257],[106.91033,16.38238],[106.9132,16.38119],[106.9137,16.38041],[106.91495,16.37992],[106.91494,16.37842],[106.91503,16.378],[106.91538,16.37752],[106.91702,16.37564],[106.91809,16.37366],[106.91863,16.37332],[106.91925,16.37334],[106.92014,16.37284],[106.9214,16.37159],[106.92265,16.37023],[106.92551,16.37047],[106.92691,16.37036],[106.92806,16.37038],[106.92861,16.36932],[106.92937,16.36847],[106.93068,16.36726],[106.93139,16.36601],[106.93162,16.36584],[106.93386,16.36547],[106.93503,16.36523],[106.93671,16.36525],[106.93752,16.36553],[106.93838,16.36546],[106.93925,16.365],[106.94014,16.36474],[106.94164,16.36377],[106.94296,16.3634],[106.94334,16.36263],[106.94373,16.36222],[106.94519,16.36149],[106.94632,16.36121],[106.94705,16.36146],[106.94855,16.36066],[106.95094,16.35909],[106.95264,16.35845],[106.95419,16.35819],[106.95625,16.35803],[106.95795,16.35806],[106.96177,16.3588],[106.96233,16.35883],[106.9631,16.35866],[106.96334,16.35848],[106.96359,16.35725],[106.96394,16.35829],[106.96466,16.36083],[106.96219,16.36153],[106.95985,16.362],[106.9582,16.36207],[106.95594,16.36173],[106.95496,16.36176],[106.95447,16.36192],[106.95316,16.36298],[106.95278,16.36313],[106.95129,16.36349],[106.95031,16.36387],[106.94986,16.36446],[106.94976,16.36503],[106.94987,16.36601],[106.94906,16.36802],[106.94942,16.36868],[106.94957,16.36942],[106.95078,16.37047],[106.95135,16.37085],[106.95145,16.37121],[106.9512,16.37193],[106.95063,16.37242],[106.95044,16.37318],[106.95057,16.37371],[106.95085,16.37407],[106.95049,16.37545],[106.95115,16.37661],[106.95213,16.37718],[106.95202,16.37779],[106.95212,16.37864],[106.95198,16.37914],[106.95229,16.37948],[106.95308,16.37964],[106.95371,16.38015],[106.95461,16.38025],[106.95541,16.38071],[106.95654,16.38101],[106.95671,16.38126],[106.95669,16.38223],[106.95726,16.38278],[106.95757,16.38395],[106.95872,16.38465],[106.95904,16.38504],[106.95955,16.38512],[106.96046,16.38494],[106.96087,16.38515],[106.95985,16.38688],[106.95862,16.38737],[106.95847,16.38868],[106.95901,16.38997],[106.95872,16.39166],[106.95927,16.39327],[106.95967,16.3937],[106.96034,16.39394],[106.96119,16.39536],[106.9621,16.39644],[106.9622,16.39671],[106.96203,16.39733],[106.9623,16.39902],[106.96276,16.40061],[106.96379,16.40113],[106.96464,16.40145],[106.96578,16.40224],[106.96614,16.40272],[106.96692,16.40333],[106.96925,16.40448],[106.96948,16.40402],[106.97223,16.39945],[106.97354,16.39617],[106.97521,16.39385],[106.97704,16.39332],[106.97872,16.39308],[106.97989,16.39308],[106.98071,16.39245],[106.98284,16.39148],[106.98395,16.39133],[106.98651,16.39149],[106.98787,16.39138],[106.9886,16.39116],[106.99001,16.39095],[106.99066,16.39073],[106.99154,16.38998],[106.99311,16.38931],[106.99492,16.38909],[106.99619,16.38886],[106.99724,16.3883],[106.99763,16.3878],[106.99858,16.38776],[106.99951,16.3881],[107.00009,16.38861],[107.00062,16.38883],[107.00182,16.38881],[107.00238,16.3886],[107.00325,16.388],[107.00377,16.38793],[107.00441,16.38817],[107.00445,16.3888],[107.00499,16.3891],[107.00585,16.38913],[107.00648,16.38947],[107.00659,16.38999],[107.00705,16.39013],[107.00859,16.38986],[107.00932,16.39046],[107.00969,16.39048],[107.01119,16.38967],[107.01189,16.38958],[107.01306,16.38964],[107.0143,16.39023],[107.01485,16.39087],[107.0153,16.39169],[107.01549,16.39313],[107.0158,16.39368],[107.01647,16.39426],[107.01796,16.39505],[107.01882,16.39541],[107.01951,16.39598],[107.01999,16.39656],[107.02109,16.39755],[107.02235,16.39692],[107.02343,16.39681],[107.02385,16.39656],[107.02497,16.39554],[107.02656,16.39495],[107.02741,16.394],[107.0281,16.39288],[107.02881,16.39207],[107.02894,16.39165],[107.02968,16.39198],[107.03045,16.39212],[107.03151,16.39282],[107.03199,16.39333],[107.03307,16.39342],[107.03385,16.39321],[107.03557,16.3924],[107.0361,16.39207],[107.03633,16.39246],[107.0368,16.39279],[107.03786,16.39295],[107.03826,16.39284],[107.03867,16.3921],[107.0389,16.39201],[107.0412,16.39195],[107.04214,16.392],[107.04258,16.3924],[107.04262,16.39277],[107.04233,16.39353],[107.04264,16.39544],[107.0425,16.39611],[107.04217,16.39683],[107.0417,16.39825],[107.04092,16.39995],[107.04079,16.40093],[107.04039,16.40189],[107.04021,16.40315],[107.04099,16.40407],[107.04127,16.40458],[107.04198,16.40625],[107.04317,16.40759],[107.04398,16.40827],[107.04425,16.40942],[107.04492,16.41038],[107.04485,16.41162],[107.04502,16.41238],[107.04562,16.41322],[107.04627,16.41385],[107.04743,16.41406],[107.04959,16.41574],[107.04706,16.41868],[107.04705,16.41942],[107.04744,16.42014],[107.0475,16.42058],[107.04747,16.42177],[107.04714,16.42273],[107.04694,16.42409],[107.04704,16.42513],[107.04789,16.42516],[107.04873,16.42536],[107.04969,16.42535],[107.0505,16.426],[107.05065,16.42888],[107.05072,16.4296],[107.05107,16.43049],[107.05046,16.43135],[107.05031,16.43239],[107.05059,16.43304],[107.05154,16.43386],[107.05226,16.43515],[107.05281,16.43584],[107.05478,16.43645],[107.05805,16.4327],[107.06091,16.43263],[107.06914,16.43213],[107.07616,16.4338],[107.07879,16.43741],[107.08265,16.43977],[107.08684,16.44243],[107.08818,16.44515],[107.08953,16.44894],[107.09015,16.44865],[107.0909,16.44812],[107.09144,16.44742],[107.09217,16.4467],[107.09302,16.44631],[107.09463,16.44632],[107.09567,16.44651],[107.09631,16.44625],[107.09664,16.44587],[107.0976,16.44535],[107.09875,16.44484],[107.09911,16.44403],[107.09958,16.44351],[107.1009,16.44256],[107.10266,16.44161],[107.10471,16.44062],[107.10608,16.44016],[107.10714,16.44064],[107.1076,16.44129],[107.10811,16.44175],[107.1091,16.44211],[107.11046,16.4413],[107.11118,16.44112],[107.11167,16.44148],[107.11339,16.44163],[107.11418,16.44195],[107.11534,16.44209],[107.11647,16.44189],[107.11744,16.44187],[107.11917,16.44224],[107.12048,16.4429],[107.12131,16.4431],[107.12215,16.44298],[107.12278,16.44253],[107.12339,16.44193],[107.12387,16.44191],[107.12596,16.44235],[107.12618,16.4425],[107.12741,16.44376],[107.12782,16.44457],[107.12788,16.44503],[107.12888,16.44561],[107.12959,16.44654],[107.13009,16.44798],[107.1302,16.44856],[107.12962,16.44927],[107.1316,16.44979],[107.13277,16.45164],[107.1335,16.45245],[107.13448,16.4532],[107.13496,16.45316],[107.13543,16.45369],[107.13513,16.45454],[107.13513,16.45514],[107.1357,16.45626],[107.13566,16.45729],[107.13538,16.45775],[107.13569,16.45849],[107.13561,16.45902],[107.13506,16.45945],[107.13486,16.45995],[107.13499,16.46106],[107.13481,16.46129],[107.13385,16.46167],[107.1337,16.46202],[107.13358,16.46369],[107.13303,16.46424],[107.13309,16.46555],[107.13287,16.46659],[107.13235,16.46749],[107.13221,16.46823],[107.13195,16.46867],[107.1319,16.46914],[107.13119,16.46953],[107.13075,16.47046],[107.12982,16.47041],[107.12918,16.47215],[107.12917,16.47258],[107.12962,16.47309],[107.13005,16.47389],[107.12989,16.47525],[107.12915,16.47629],[107.12819,16.47671],[107.1262,16.47684],[107.12605,16.47698],[107.12562,16.47888],[107.12566,16.48019],[107.12549,16.48132],[107.12491,16.48182],[107.12419,16.48263],[107.12369,16.483],[107.12256,16.48413],[107.12146,16.48498],[107.12138,16.48586],[107.12073,16.48601],[107.12055,16.48654],[107.12017,16.48696],[107.12008,16.48747],[107.1197,16.48794],[107.11847,16.4877],[107.11794,16.48776],[107.11703,16.48831],[107.1154,16.4882],[107.11449,16.48852],[107.11386,16.48905],[107.11273,16.49024],[107.11259,16.49084],[107.11202,16.49106],[107.11116,16.49171],[107.1108,16.49185],[107.11025,16.49247],[107.10916,16.49269],[107.1088,16.49297],[107.10806,16.49396],[107.10749,16.4943],[107.10671,16.4946],[107.10597,16.49518],[107.10533,16.49522],[107.10472,16.49494],[107.10419,16.49502],[107.10365,16.49533],[107.10308,16.49526],[107.10204,16.49488],[107.10154,16.49443],[107.10068,16.49301],[107.10022,16.49189],[107.10019,16.49066],[107.09988,16.49066],[107.09864,16.49113],[107.09832,16.49172],[107.09813,16.49273],[107.09777,16.49344],[107.09762,16.49588],[107.09722,16.49705],[107.09681,16.49797],[107.09597,16.49905],[107.09545,16.49954],[107.09503,16.50013],[107.09471,16.50091],[107.0945,16.50182],[107.09451,16.5024],[107.09486,16.50327],[107.09526,16.5038],[107.09524,16.50438],[107.0944,16.50445],[107.09355,16.50403],[107.0926,16.50371],[107.09215,16.50372],[107.09111,16.50415],[107.09069,16.50455],[107.09018,16.50428],[107.0899,16.50369],[107.08925,16.50318],[107.08835,16.50278],[107.0874,16.50267],[107.08634,16.5027],[107.08405,16.50263],[107.08194,16.50311],[107.08178,16.50334],[107.08193,16.50429],[107.0817,16.50498],[107.08138,16.5052],[107.0811,16.50576],[107.08099,16.50642],[107.08049,16.50739],[107.08049,16.50787],[107.07993,16.50872],[107.0796,16.50888],[107.07925,16.50856],[107.07858,16.50829],[107.07763,16.50837],[107.07664,16.50831],[107.07616,16.50849],[107.07577,16.50887],[107.07498,16.51024],[107.07427,16.51101],[107.07302,16.51111],[107.07175,16.51076],[107.07114,16.51046],[107.07065,16.51],[107.07009,16.51016],[107.06921,16.51018],[107.0677,16.51053],[107.06677,16.51113],[107.06629,16.51165],[107.06564,16.51282],[107.0647,16.51399],[107.06377,16.51452],[107.06287,16.51519],[107.06212,16.51631],[107.06106,16.51716],[107.05994,16.51739],[107.05944,16.51767],[107.05908,16.51832],[107.05789,16.51952],[107.0576,16.52084],[107.05763,16.52148],[107.05723,16.52242],[107.05641,16.52304],[107.05597,16.52373],[107.05549,16.52423],[107.05497,16.52392],[107.05447,16.52387],[107.05354,16.52408],[107.05294,16.52364],[107.05272,16.52367],[107.05156,16.52447],[107.05107,16.52468],[107.05002,16.52551],[107.0499,16.52601],[107.04916,16.52651],[107.04904,16.527],[107.04841,16.52698],[107.04789,16.52724],[107.04798,16.528],[107.04782,16.52853],[107.0462,16.52966],[107.04615,16.53042],[107.04535,16.53058],[107.04509,16.53101],[107.04467,16.53118],[107.04386,16.53113],[107.04359,16.5309],[107.04277,16.53101],[107.04242,16.5316],[107.04168,16.53209],[107.04104,16.53272],[107.04022,16.53315],[107.03913,16.53395],[107.03764,16.53449],[107.03705,16.53441],[107.03612,16.5338],[107.03491,16.53343],[107.03318,16.53395],[107.03292,16.53422],[107.03179,16.53463],[107.03085,16.53528],[107.03034,16.536],[107.02948,16.53612],[107.02695,16.5379],[107.02617,16.53807],[107.02581,16.53885],[107.02567,16.53943],[107.02516,16.5402],[107.02418,16.54079],[107.02216,16.54061],[107.02063,16.54081],[107.01992,16.54099],[107.01866,16.54165],[107.01834,16.54236],[107.01728,16.54336],[107.01648,16.54363],[107.01565,16.54317],[107.01514,16.54305],[107.01431,16.54264],[107.01328,16.54259],[107.01241,16.54215],[107.01184,16.54173],[107.01113,16.54088],[107.01044,16.54067],[107.00978,16.54012],[107.00901,16.53991],[107.0078,16.54071],[107.00645,16.54125],[107.00551,16.54175],[107.00412,16.54184],[107.00316,16.54219],[107.00283,16.54243],[107.00163,16.54411],[106.99987,16.54453],[106.99834,16.54454],[106.99566,16.54516],[106.9952,16.54517],[106.99267,16.54453],[106.99175,16.54416],[106.99174,16.5435],[106.99272,16.54194],[106.99275,16.54041],[106.99216,16.53988],[106.99148,16.53906],[106.99096,16.53824],[106.99068,16.53702],[106.99087,16.53626],[106.98897,16.53521],[106.98712,16.53388],[106.98601,16.53358],[106.98453,16.53362],[106.98408,16.53356],[106.98263,16.53268],[106.98129,16.53262],[106.98094,16.53232],[106.98086,16.5317],[106.98094,16.53061],[106.98081,16.52945],[106.98043,16.52876],[106.97954,16.52798],[106.97894,16.5276],[106.979,16.52604],[106.97876,16.52501],[106.97698,16.52333],[106.9753,16.52334],[106.97476,16.52283],[106.97458,16.52091],[106.97458,16.52025],[106.97434,16.51981],[106.97289,16.5196],[106.97197,16.51873],[106.97145,16.51796],[106.97097,16.51778],[106.97066,16.51725],[106.96914,16.51545],[106.96946,16.51376],[106.96958,16.51278],[106.9696,16.51135],[106.97007,16.50965],[106.97008,16.50875],[106.96992,16.50767],[106.97002,16.50698],[106.96985,16.50662],[106.96989,16.50609],[106.96069,16.49172],[106.96048,16.49083],[106.96035,16.48968],[106.96073,16.48824],[106.96052,16.48669],[106.96096,16.48614],[106.96087,16.48532],[106.96145,16.48459],[106.96082,16.48398],[106.96039,16.48339],[106.95941,16.48093],[106.95879,16.48009],[106.95886,16.47961],[106.95834,16.4785],[106.95874,16.47767],[106.95831,16.47649],[106.95825,16.47604],[106.95769,16.4747],[106.95775,16.47423],[106.9589,16.47238],[106.95907,16.47176],[106.95891,16.47126],[106.95952,16.47059],[106.95913,16.4697],[106.95874,16.46937],[106.95768,16.46877],[106.95611,16.46677],[106.9554,16.46636],[106.95474,16.4657],[106.9542,16.46465],[106.95393,16.46352],[106.95374,16.46236],[106.95349,16.46157],[106.95234,16.45727],[106.95174,16.45721],[106.95154,16.45701],[106.95168,16.45623],[106.95079,16.45531],[106.95061,16.45471],[106.94899,16.45327],[106.94868,16.45317],[106.94755,16.45318],[106.94669,16.45295],[106.94578,16.45289],[106.94464,16.45299],[106.94392,16.45273],[106.94307,16.45145],[106.94233,16.45076],[106.94163,16.45042],[106.94132,16.45048],[106.94058,16.45111],[106.9399,16.45154],[106.93871,16.45213],[106.93784,16.45215],[106.93646,16.45205],[106.93584,16.45234],[106.93415,16.4541],[106.93387,16.45422],[106.9325,16.4541],[106.9318,16.4548],[106.93082,16.45556],[106.93043,16.45705],[106.92879,16.45882],[106.92776,16.46025],[106.92738,16.46047],[106.92608,16.46047],[106.9253,16.46059],[106.92469,16.46054],[106.92275,16.46054],[106.92093,16.46072],[106.92036,16.46088],[106.91944,16.46148],[106.91903,16.46221],[106.9184,16.46246],[106.91685,16.46269],[106.91621,16.46296],[106.91529,16.46385],[106.91451,16.46446],[106.91341,16.46465],[106.91227,16.46525],[106.91188,16.46604],[106.91161,16.46634],[106.91052,16.46681],[106.90975,16.46731],[106.90929,16.4672],[106.90862,16.46648],[106.90778,16.46661],[106.90577,16.46782],[106.90527,16.46788],[106.90407,16.469],[106.90299,16.46927],[106.90209,16.46908],[106.89957,16.46905],[106.89857,16.4688],[106.89744,16.46913],[106.89666,16.46916],[106.89538,16.46878],[106.8944,16.46894],[106.89327,16.46877],[106.89264,16.4688],[106.89209,16.46901],[106.89105,16.46898],[106.8903,16.46919],[106.88883,16.46863],[106.88705,16.46833],[106.88586,16.46828],[106.88501,16.46785],[106.88446,16.46777]]]},"properties":{"name":"Tà Rụt","nameEn":"Ta Rut","fullName":"Xã Tà Rụt","fullNameEn":"Ta Rut Commune","codeName":"ta_rut","areaKm2":273.15,"postalCode":"48617","code":"19588"}},{"type":"Feature","geometry":{"type":"Polygon","coordinates":[[[106.96359,16.35725],[106.96347,16.35603],[106.96373,16.35527],[106.9646,16.35408],[106.96531,16.35253],[106.96593,16.35202],[106.96657,16.35166],[106.96642,16.35069],[106.96718,16.34862],[106.9674,16.34761],[106.96741,16.34669],[106.96725,16.34564],[106.96694,16.34478],[106.96692,16.34414],[106.96704,16.3433],[106.96669,16.34231],[106.967,16.34102],[106.96683,16.34029],[106.96617,16.33981],[106.96579,16.33893],[106.96612,16.3383],[106.9655,16.33752],[106.96586,16.337],[106.96637,16.33672],[106.96781,16.33655],[106.96791,16.33599],[106.96776,16.33468],[106.96739,16.33326],[106.96707,16.33145],[106.96617,16.32918],[106.96594,16.32724],[106.96596,16.32625],[106.96656,16.32521],[106.96661,16.32467],[106.96726,16.32393],[106.96727,16.32294],[106.96675,16.32212],[106.96604,16.32046],[106.9653,16.31937],[106.96541,16.3186],[106.96603,16.31798],[106.96626,16.31725],[106.96591,16.31656],[106.96594,16.31454],[106.9663,16.31311],[106.9666,16.31119],[106.96686,16.31053],[106.96769,16.30971],[106.96686,16.30725],[106.96654,16.30532],[106.96655,16.30501],[106.96693,16.30476],[106.96834,16.30446],[106.96865,16.30432],[106.96888,16.3038],[106.96928,16.30205],[106.96982,16.30177],[106.97081,16.30183],[106.97209,16.30234],[106.97552,16.30307],[106.97748,16.30387],[106.97866,16.30405],[106.97954,16.30401],[106.98113,16.30439],[106.98179,16.30435],[106.98251,16.30446],[106.98407,16.30519],[106.98494,16.30592],[106.98547,16.30613],[106.98737,16.30613],[106.98778,16.3063],[106.98891,16.30797],[106.98984,16.30864],[106.99044,16.30887],[106.99106,16.3089],[106.99237,16.30879],[106.99276,16.30868],[106.99386,16.30792],[106.99481,16.30764],[106.99537,16.30767],[106.99627,16.30874],[106.99734,16.3093],[106.99807,16.31002],[106.99969,16.3111],[107.00002,16.31171],[107.00054,16.31199],[107.00178,16.31199],[107.00324,16.31236],[107.00516,16.31334],[107.00597,16.31342],[107.00738,16.31337],[107.00801,16.31285],[107.00966,16.31216],[107.01021,16.31122],[107.01082,16.31092],[107.01196,16.31077],[107.01293,16.31013],[107.01376,16.30971],[107.01476,16.30897],[107.01576,16.308],[107.0158,16.30719],[107.0157,16.30665],[107.01529,16.30553],[107.01517,16.30314],[107.02061,16.30283],[107.02193,16.30446],[107.02248,16.30498],[107.02365,16.30648],[107.02421,16.30811],[107.02489,16.30875],[107.02486,16.30983],[107.02579,16.30988],[107.02644,16.3101],[107.02745,16.31098],[107.02803,16.31134],[107.02835,16.31094],[107.03063,16.30868],[107.03149,16.30838],[107.03239,16.30773],[107.03398,16.30679],[107.03488,16.30618],[107.03619,16.3059],[107.03671,16.30565],[107.0379,16.3047],[107.03848,16.30454],[107.03932,16.304],[107.04063,16.30303],[107.04302,16.30099],[107.04409,16.30046],[107.0452,16.3002],[107.04596,16.29959],[107.04672,16.29952],[107.0477,16.2998],[107.04804,16.30002],[107.04823,16.30063],[107.04887,16.30121],[107.04979,16.30259],[107.05073,16.30507],[107.05117,16.30581],[107.05187,16.30659],[107.05217,16.3067],[107.05317,16.30669],[107.0548,16.30631],[107.05599,16.30632],[107.05765,16.3057],[107.05918,16.30574],[107.06007,16.30506],[107.06077,16.30503],[107.06197,16.30514],[107.06292,16.30478],[107.0644,16.30445],[107.06481,16.30446],[107.06584,16.30485],[107.06637,16.30482],[107.06824,16.30417],[107.06903,16.30395],[107.07025,16.3041],[107.07168,16.30378],[107.0723,16.30464],[107.07311,16.30525],[107.07345,16.30592],[107.07344,16.3066],[107.07388,16.30735],[107.07462,16.30816],[107.07544,16.30855],[107.0766,16.3098],[107.07709,16.31019],[107.07862,16.31078],[107.08042,16.31129],[107.08124,16.31235],[107.0821,16.31367],[107.08205,16.31416],[107.08256,16.31508],[107.08251,16.31599],[107.08266,16.31721],[107.08225,16.31752],[107.08222,16.31885],[107.082,16.31969],[107.08167,16.32038],[107.08084,16.32136],[107.07972,16.32204],[107.07813,16.32205],[107.07782,16.32217],[107.07703,16.32329],[107.07553,16.32438],[107.07487,16.32503],[107.07369,16.32536],[107.0725,16.32595],[107.07114,16.32615],[107.07038,16.32654],[107.06956,16.3273],[107.06856,16.32858],[107.06812,16.32879],[107.06753,16.32872],[107.06701,16.32931],[107.06536,16.33051],[107.06527,16.33134],[107.06499,16.33161],[107.06407,16.33194],[107.06338,16.33203],[107.06296,16.33241],[107.06298,16.33326],[107.06271,16.33422],[107.06284,16.33504],[107.0628,16.33555],[107.06315,16.33609],[107.06379,16.33657],[107.0637,16.33716],[107.06272,16.33869],[107.06269,16.33917],[107.06299,16.33991],[107.06311,16.34086],[107.06291,16.3414],[107.06229,16.34182],[107.0617,16.34244],[107.06198,16.34292],[107.06217,16.34425],[107.06116,16.34459],[107.06034,16.34498],[107.06015,16.34541],[107.06057,16.34563],[107.06124,16.34554],[107.06157,16.34574],[107.06192,16.34683],[107.06201,16.34751],[107.06183,16.34793],[107.06092,16.34814],[107.06047,16.34739],[107.05975,16.34741],[107.05921,16.34763],[107.05782,16.3476],[107.05647,16.34782],[107.05478,16.34706],[107.05329,16.34613],[107.05259,16.34747],[107.05203,16.34816],[107.05166,16.34915],[107.05136,16.3496],[107.05068,16.34969],[107.05006,16.3496],[107.04922,16.34926],[107.04834,16.34923],[107.04723,16.34899],[107.0463,16.34942],[107.04498,16.34936],[107.04415,16.34898],[107.04379,16.34915],[107.0428,16.3493],[107.04188,16.34953],[107.04132,16.34934],[107.04102,16.34973],[107.04088,16.35027],[107.04116,16.35124],[107.04136,16.35258],[107.04131,16.35287],[107.0405,16.3531],[107.04014,16.35365],[107.03988,16.35445],[107.03965,16.35616],[107.03945,16.35662],[107.03905,16.35699],[107.03817,16.35716],[107.03765,16.35684],[107.03706,16.35677],[107.03638,16.35687],[107.03543,16.3572],[107.03465,16.35721],[107.03477,16.35772],[107.03449,16.35862],[107.03486,16.35903],[107.03519,16.36008],[107.03509,16.36086],[107.03479,16.36199],[107.03516,16.36362],[107.03555,16.36391],[107.0366,16.3643],[107.03578,16.36517],[107.03571,16.3654],[107.03604,16.36669],[107.03634,16.36726],[107.03683,16.3677],[107.03718,16.36854],[107.03782,16.36959],[107.03801,16.37025],[107.03908,16.3694],[107.0396,16.36968],[107.03992,16.37021],[107.04006,16.37104],[107.04005,16.37194],[107.04043,16.37286],[107.04143,16.37399],[107.04273,16.37516],[107.04347,16.37608],[107.04399,16.37708],[107.04496,16.37982],[107.04573,16.38066],[107.04736,16.3812],[107.04842,16.38186],[107.04906,16.38249],[107.04958,16.38261],[107.04998,16.38249],[107.05111,16.38191],[107.05251,16.38144],[107.05369,16.38144],[107.05434,16.3816],[107.05491,16.38198],[107.05617,16.3831],[107.05687,16.38363],[107.05821,16.38449],[107.05866,16.38524],[107.05936,16.38723],[107.05819,16.38799],[107.0578,16.38859],[107.05781,16.38931],[107.05817,16.39067],[107.05856,16.39112],[107.05859,16.39144],[107.05817,16.39278],[107.05848,16.39401],[107.05854,16.39476],[107.05893,16.39517],[107.05904,16.39673],[107.05885,16.39716],[107.05767,16.39853],[107.05656,16.39891],[107.05627,16.39966],[107.05627,16.40045],[107.05798,16.40116],[107.05924,16.40224],[107.05904,16.40258],[107.05878,16.40359],[107.05865,16.40445],[107.05793,16.40551],[107.0582,16.40672],[107.05888,16.40766],[107.05957,16.40819],[107.06027,16.40856],[107.06107,16.40925],[107.06146,16.40996],[107.06153,16.41108],[107.06179,16.41126],[107.06247,16.4108],[107.06304,16.41073],[107.06375,16.41089],[107.0644,16.41054],[107.06468,16.40997],[107.06522,16.40919],[107.06547,16.40863],[107.06697,16.40697],[107.06778,16.40572],[107.0688,16.40542],[107.06952,16.40459],[107.07074,16.40406],[107.07125,16.40369],[107.07164,16.40303],[107.07204,16.40285],[107.07356,16.40273],[107.07514,16.40245],[107.07645,16.40175],[107.07705,16.40151],[107.07901,16.40052],[107.07949,16.40064],[107.08111,16.40047],[107.08213,16.39991],[107.08259,16.40022],[107.08238,16.40125],[107.08179,16.40175],[107.08168,16.40218],[107.08199,16.4027],[107.08327,16.40256],[107.08373,16.40287],[107.08443,16.40281],[107.08486,16.40308],[107.08536,16.40316],[107.08619,16.40253],[107.08696,16.40279],[107.08744,16.4024],[107.08796,16.40264],[107.0885,16.4027],[107.08912,16.4025],[107.08963,16.40279],[107.08993,16.40326],[107.09042,16.4033],[107.0906,16.40393],[107.09091,16.40409],[107.09256,16.40333],[107.09261,16.40241],[107.09293,16.40173],[107.09378,16.40059],[107.09426,16.40019],[107.0945,16.39926],[107.09451,16.39843],[107.09483,16.39828],[107.09533,16.39871],[107.09508,16.3993],[107.09509,16.40017],[107.09426,16.40119],[107.09415,16.40173],[107.09369,16.40201],[107.09357,16.40235],[107.09387,16.40287],[107.09364,16.40339],[107.09361,16.40403],[107.094,16.40426],[107.09458,16.40399],[107.09542,16.40378],[107.0958,16.40309],[107.09581,16.40261],[107.09626,16.40098],[107.097,16.40051],[107.09739,16.39921],[107.09756,16.399],[107.09842,16.39869],[107.09916,16.39753],[107.09976,16.39694],[107.09983,16.39648],[107.10016,16.39611],[107.10095,16.39602],[107.10223,16.39529],[107.10253,16.39469],[107.10304,16.3941],[107.10379,16.39401],[107.10506,16.39298],[107.105,16.39253],[107.10448,16.39233],[107.10439,16.39196],[107.105,16.39107],[107.10532,16.39087],[107.10601,16.39078],[107.10672,16.39034],[107.10721,16.38975],[107.10771,16.38848],[107.10866,16.38733],[107.1094,16.38696],[107.10966,16.38639],[107.10995,16.38622],[107.11079,16.38619],[107.11181,16.38567],[107.11225,16.38569],[107.11374,16.38543],[107.11808,16.38541],[107.11931,16.38524],[107.12017,16.38532],[107.1212,16.38588],[107.12259,16.38598],[107.12377,16.38577],[107.12445,16.38533],[107.12498,16.38463],[107.12586,16.38424],[107.12682,16.38367],[107.12824,16.38213],[107.12892,16.38302],[107.12913,16.38371],[107.12943,16.38409],[107.13159,16.38519],[107.13221,16.38588],[107.13305,16.38637],[107.13415,16.38678],[107.13538,16.38773],[107.13623,16.38791],[107.13704,16.38823],[107.13845,16.38852],[107.13906,16.38928],[107.13939,16.3895],[107.13997,16.38956],[107.14075,16.3891],[107.14132,16.38846],[107.14176,16.38823],[107.143,16.38824],[107.14419,16.38808],[107.14498,16.38755],[107.14571,16.38737],[107.14604,16.38661],[107.14639,16.38613],[107.14678,16.38594],[107.14799,16.38611],[107.14849,16.38677],[107.14957,16.38753],[107.15034,16.38758],[107.151,16.38845],[107.15154,16.38873],[107.15243,16.38902],[107.15299,16.38935],[107.15301,16.38961],[107.15259,16.39143],[107.15169,16.39203],[107.15113,16.39267],[107.14996,16.39493],[107.14925,16.39578],[107.1484,16.39616],[107.14773,16.39663],[107.14622,16.398],[107.14476,16.39971],[107.14411,16.40031],[107.14343,16.40147],[107.14291,16.40197],[107.14272,16.40254],[107.1422,16.40304],[107.14229,16.40385],[107.14218,16.40424],[107.14166,16.40499],[107.14102,16.40612],[107.14112,16.40747],[107.14154,16.40851],[107.14218,16.40904],[107.14249,16.41055],[107.1432,16.41069],[107.14351,16.41168],[107.14358,16.41249],[107.1428,16.41317],[107.14159,16.41451],[107.14094,16.41486],[107.14071,16.41522],[107.1407,16.41617],[107.14116,16.41738],[107.1415,16.41788],[107.14243,16.41828],[107.14351,16.41862],[107.14381,16.41941],[107.14488,16.41978],[107.14542,16.42094],[107.14557,16.42178],[107.1461,16.42298],[107.146,16.42381],[107.14548,16.42441],[107.14468,16.4251],[107.14455,16.42542],[107.14435,16.42742],[107.14403,16.42823],[107.1446,16.4287],[107.14577,16.43107],[107.14655,16.43204],[107.14705,16.43311],[107.14771,16.43304],[107.14829,16.43324],[107.14871,16.43436],[107.14817,16.43628],[107.14772,16.4373],[107.14729,16.43763],[107.14647,16.43759],[107.14535,16.43739],[107.14427,16.437],[107.14361,16.43693],[107.14281,16.43706],[107.14202,16.43736],[107.14155,16.4381],[107.14097,16.43818],[107.13936,16.43947],[107.13892,16.43976],[107.13819,16.43976],[107.13782,16.43989],[107.13742,16.44035],[107.13786,16.44107],[107.13833,16.44244],[107.13884,16.443],[107.13878,16.44335],[107.13813,16.44395],[107.1364,16.44441],[107.13504,16.44504],[107.13356,16.44596],[107.13229,16.4469],[107.13189,16.44739],[107.13082,16.44819],[107.12962,16.44927],[107.1302,16.44856],[107.13009,16.44798],[107.12959,16.44654],[107.12888,16.44561],[107.12788,16.44503],[107.12782,16.44457],[107.12741,16.44376],[107.12618,16.4425],[107.12596,16.44235],[107.12387,16.44191],[107.12339,16.44193],[107.12278,16.44253],[107.12215,16.44298],[107.12131,16.4431],[107.12048,16.4429],[107.11917,16.44224],[107.11744,16.44187],[107.11647,16.44189],[107.11534,16.44209],[107.11418,16.44195],[107.11339,16.44163],[107.11167,16.44148],[107.11118,16.44112],[107.11046,16.4413],[107.1091,16.44211],[107.10811,16.44175],[107.1076,16.44129],[107.10714,16.44064],[107.10608,16.44016],[107.10471,16.44062],[107.10266,16.44161],[107.1009,16.44256],[107.09958,16.44351],[107.09911,16.44403],[107.09875,16.44484],[107.0976,16.44535],[107.09664,16.44587],[107.09631,16.44625],[107.09567,16.44651],[107.09463,16.44632],[107.09302,16.44631],[107.09217,16.4467],[107.09144,16.44742],[107.0909,16.44812],[107.09015,16.44865],[107.08953,16.44894],[107.08818,16.44515],[107.08684,16.44243],[107.08265,16.43977],[107.07879,16.43741],[107.07616,16.4338],[107.06914,16.43213],[107.06091,16.43263],[107.05805,16.4327],[107.05478,16.43645],[107.05281,16.43584],[107.05226,16.43515],[107.05154,16.43386],[107.05059,16.43304],[107.05031,16.43239],[107.05046,16.43135],[107.05107,16.43049],[107.05072,16.4296],[107.05065,16.42888],[107.0505,16.426],[107.04969,16.42535],[107.04873,16.42536],[107.04789,16.42516],[107.04704,16.42513],[107.04694,16.42409],[107.04714,16.42273],[107.04747,16.42177],[107.0475,16.42058],[107.04744,16.42014],[107.04705,16.41942],[107.04706,16.41868],[107.04959,16.41574],[107.04743,16.41406],[107.04627,16.41385],[107.04562,16.41322],[107.04502,16.41238],[107.04485,16.41162],[107.04492,16.41038],[107.04425,16.40942],[107.04398,16.40827],[107.04317,16.40759],[107.04198,16.40625],[107.04127,16.40458],[107.04099,16.40407],[107.04021,16.40315],[107.04039,16.40189],[107.04079,16.40093],[107.04092,16.39995],[107.0417,16.39825],[107.04217,16.39683],[107.0425,16.39611],[107.04264,16.39544],[107.04233,16.39353],[107.04262,16.39277],[107.04258,16.3924],[107.04214,16.392],[107.0412,16.39195],[107.0389,16.39201],[107.03867,16.3921],[107.03826,16.39284],[107.03786,16.39295],[107.0368,16.39279],[107.03633,16.39246],[107.0361,16.39207],[107.03557,16.3924],[107.03385,16.39321],[107.03307,16.39342],[107.03199,16.39333],[107.03151,16.39282],[107.03045,16.39212],[107.02968,16.39198],[107.02894,16.39165],[107.02881,16.39207],[107.0281,16.39288],[107.02741,16.394],[107.02656,16.39495],[107.02497,16.39554],[107.02385,16.39656],[107.02343,16.39681],[107.02235,16.39692],[107.02109,16.39755],[107.01999,16.39656],[107.01951,16.39598],[107.01882,16.39541],[107.01796,16.39505],[107.01647,16.39426],[107.0158,16.39368],[107.01549,16.39313],[107.0153,16.39169],[107.01485,16.39087],[107.0143,16.39023],[107.01306,16.38964],[107.01189,16.38958],[107.01119,16.38967],[107.00969,16.39048],[107.00932,16.39046],[107.00859,16.38986],[107.00705,16.39013],[107.00659,16.38999],[107.00648,16.38947],[107.00585,16.38913],[107.00499,16.3891],[107.00445,16.3888],[107.00441,16.38817],[107.00377,16.38793],[107.00325,16.388],[107.00238,16.3886],[107.00182,16.38881],[107.00062,16.38883],[107.00009,16.38861],[106.99951,16.3881],[106.99858,16.38776],[106.99763,16.3878],[106.99724,16.3883],[106.99619,16.38886],[106.99492,16.38909],[106.99311,16.38931],[106.99154,16.38998],[106.99066,16.39073],[106.99001,16.39095],[106.9886,16.39116],[106.98787,16.39138],[106.98651,16.39149],[106.98395,16.39133],[106.98284,16.39148],[106.98071,16.39245],[106.97989,16.39308],[106.97872,16.39308],[106.97704,16.39332],[106.97521,16.39385],[106.97354,16.39617],[106.97223,16.39945],[106.96948,16.40402],[106.96925,16.40448],[106.96692,16.40333],[106.96614,16.40272],[106.96578,16.40224],[106.96464,16.40145],[106.96379,16.40113],[106.96276,16.40061],[106.9623,16.39902],[106.96203,16.39733],[106.9622,16.39671],[106.9621,16.39644],[106.96119,16.39536],[106.96034,16.39394],[106.95967,16.3937],[106.95927,16.39327],[106.95872,16.39166],[106.95901,16.38997],[106.95847,16.38868],[106.95862,16.38737],[106.95985,16.38688],[106.96087,16.38515],[106.96046,16.38494],[106.95955,16.38512],[106.95904,16.38504],[106.95872,16.38465],[106.95757,16.38395],[106.95726,16.38278],[106.95669,16.38223],[106.95671,16.38126],[106.95654,16.38101],[106.95541,16.38071],[106.95461,16.38025],[106.95371,16.38015],[106.95308,16.37964],[106.95229,16.37948],[106.95198,16.37914],[106.95212,16.37864],[106.95202,16.37779],[106.95213,16.37718],[106.95115,16.37661],[106.95049,16.37545],[106.95085,16.37407],[106.95057,16.37371],[106.95044,16.37318],[106.95063,16.37242],[106.9512,16.37193],[106.95145,16.37121],[106.95135,16.37085],[106.95078,16.37047],[106.94957,16.36942],[106.94942,16.36868],[106.94906,16.36802],[106.94987,16.36601],[106.94976,16.36503],[106.94986,16.36446],[106.95031,16.36387],[106.95129,16.36349],[106.95278,16.36313],[106.95316,16.36298],[106.95447,16.36192],[106.95496,16.36176],[106.95594,16.36173],[106.9582,16.36207],[106.95985,16.362],[106.96219,16.36153],[106.96466,16.36083],[106.96394,16.35829],[106.96359,16.35725]]]},"properties":{"name":"La Lay","nameEn":"La Lay","fullName":"Xã La Lay","fullNameEn":"La Lay Commune","codeName":"la_lay","areaKm2":156.21,"postalCode":"48620","code":"19594"}},{"type":"Feature","geometry":{"type":"Polygon","coordinates":[[[106.92672,16.68543],[106.92872,16.68502],[106.92933,16.68483],[106.92979,16.68512],[106.93001,16.68625],[106.93034,16.68643],[106.93173,16.68664],[106.93319,16.68638],[106.93387,16.68688],[106.93407,16.68735],[106.93473,16.6877],[106.93508,16.68764],[106.93594,16.6864],[106.9368,16.68589],[106.9373,16.68595],[106.93778,16.68636],[106.93805,16.68726],[106.938,16.68834],[106.9378,16.68921],[106.93824,16.68941],[106.94,16.68944],[106.9406,16.68951],[106.94103,16.68939],[106.94117,16.68883],[106.94166,16.68829],[106.94212,16.68843],[106.94275,16.689],[106.94425,16.68966],[106.94494,16.68931],[106.94574,16.68932],[106.94626,16.6886],[106.9469,16.68865],[106.94732,16.68934],[106.94728,16.68994],[106.94746,16.6902],[106.94816,16.69059],[106.94916,16.69149],[106.94987,16.69158],[106.95203,16.69156],[106.95333,16.69247],[106.95438,16.69289],[106.95467,16.69258],[106.9543,16.69185],[106.95439,16.69155],[106.95519,16.69125],[106.95571,16.6913],[106.95664,16.69171],[106.95712,16.69177],[106.95732,16.69203],[106.95822,16.69244],[106.95879,16.69181],[106.95948,16.69146],[106.95969,16.69175],[106.95971,16.69236],[106.96009,16.69321],[106.96047,16.69351],[106.9609,16.69352],[106.96279,16.69297],[106.96347,16.69293],[106.96419,16.69401],[106.96457,16.69418],[106.96544,16.69392],[106.96594,16.69364],[106.96641,16.69395],[106.9668,16.69492],[106.96697,16.69501],[106.96798,16.69458],[106.96981,16.69433],[106.9699,16.69488],[106.97124,16.6953],[106.97207,16.69483],[106.97253,16.69442],[106.9725,16.69356],[106.97286,16.69317],[106.97335,16.6935],[106.97398,16.69289],[106.97486,16.69228],[106.97569,16.69135],[106.97619,16.69089],[106.9766,16.69096],[106.97668,16.6913],[106.97719,16.6919],[106.97784,16.69185],[106.97836,16.69092],[106.979,16.69034],[106.97962,16.69039],[106.9806,16.69103],[106.98108,16.69121],[106.98229,16.68993],[106.98281,16.68976],[106.9838,16.68985],[106.98478,16.69029],[106.98486,16.69083],[106.98456,16.69133],[106.98439,16.69214],[106.98446,16.69246],[106.98528,16.69275],[106.98576,16.69272],[106.98599,16.69308],[106.9868,16.69369],[106.98811,16.69393],[106.98946,16.69396],[106.98971,16.69436],[106.99043,16.69478],[106.99128,16.69637],[106.992,16.69798],[106.99259,16.6981],[106.99351,16.69865],[106.99392,16.69872],[106.99457,16.69844],[106.99522,16.69888],[106.99591,16.69882],[106.99687,16.6989],[106.99758,16.69843],[107.00011,16.69782],[107.00049,16.69804],[107.00036,16.69919],[107.00132,16.69953],[107.00315,16.69984],[107.00445,16.70027],[107.00538,16.70133],[107.00571,16.70209],[107.00562,16.7027],[107.00574,16.70447],[107.00608,16.70516],[107.0058,16.70588],[107.00538,16.7063],[107.00513,16.70737],[107.00558,16.70954],[107.00599,16.71003],[107.00654,16.71017],[107.00634,16.7105],[107.00614,16.71224],[107.0058,16.71252],[107.00508,16.71267],[107.00451,16.71345],[107.00381,16.71506],[107.00322,16.71574],[107.00284,16.71641],[107.00294,16.71671],[107.00426,16.7178],[107.00472,16.7183],[107.00544,16.71932],[107.00536,16.71999],[107.00485,16.72024],[107.00362,16.72114],[107.00281,16.72192],[107.0026,16.72281],[107.00288,16.7234],[107.0031,16.72493],[107.00422,16.72591],[107.00451,16.72625],[107.00439,16.72725],[107.00457,16.72768],[107.00318,16.72849],[107.00282,16.72887],[107.00247,16.72894],[107.00252,16.72982],[107.00221,16.73294],[107.00261,16.7353],[107.00384,16.73667],[107.00511,16.73653],[107.00661,16.73719],[107.00815,16.73754],[107.00973,16.73738],[107.01031,16.7376],[107.01109,16.73808],[107.01227,16.73838],[107.01311,16.73848],[107.01333,16.7421],[107.01459,16.74652],[107.01395,16.74672],[107.01345,16.74773],[107.01307,16.74795],[107.01244,16.74857],[107.01212,16.74912],[107.01211,16.75049],[107.01095,16.75061],[107.0104,16.75107],[107.00957,16.75089],[107.00917,16.75176],[107.00914,16.75212],[107.00962,16.75244],[107.00968,16.75286],[107.0101,16.75301],[107.01078,16.75276],[107.01129,16.7524],[107.01183,16.75262],[107.01266,16.75338],[107.01276,16.75367],[107.01325,16.75409],[107.01413,16.75458],[107.01411,16.75568],[107.01365,16.75635],[107.01341,16.75734],[107.01253,16.75761],[107.01212,16.75715],[107.01166,16.75724],[107.01161,16.75792],[107.01111,16.7582],[107.01129,16.75884],[107.01127,16.75949],[107.0117,16.75945],[107.01216,16.75966],[107.01267,16.76015],[107.01339,16.76024],[107.01324,16.75973],[107.01372,16.75967],[107.01405,16.76016],[107.01387,16.76079],[107.01423,16.76124],[107.01421,16.76184],[107.01355,16.76196],[107.01356,16.76259],[107.01325,16.76313],[107.01359,16.76336],[107.01333,16.7638],[107.01347,16.76431],[107.01346,16.76525],[107.01311,16.76572],[107.01233,16.76573],[107.01148,16.76542],[107.0114,16.76608],[107.01155,16.76631],[107.01152,16.76713],[107.01191,16.76755],[107.01213,16.76809],[107.01176,16.76892],[107.01175,16.76992],[107.01188,16.77025],[107.01335,16.77138],[107.0138,16.77196],[107.01388,16.77303],[107.01416,16.77345],[107.01427,16.77429],[107.01486,16.77482],[107.01482,16.776],[107.01514,16.7767],[107.01555,16.77698],[107.01528,16.77737],[107.0154,16.77769],[107.0146,16.77849],[107.01469,16.7792],[107.01439,16.77966],[107.01438,16.78097],[107.01505,16.78131],[107.01499,16.78166],[107.01399,16.78272],[107.01329,16.78266],[107.01256,16.78366],[107.01245,16.78459],[107.01251,16.78491],[107.01328,16.7856],[107.01472,16.78626],[107.01556,16.78635],[107.01595,16.78656],[107.01608,16.78752],[107.01579,16.7884],[107.01592,16.7894],[107.01479,16.79009],[107.01449,16.79053],[107.01425,16.79125],[107.014,16.79146],[107.01366,16.7922],[107.01323,16.79266],[107.01328,16.79295],[107.01637,16.7952],[107.016,16.79586],[107.01507,16.79725],[107.01533,16.79867],[107.01412,16.79873],[107.01383,16.79949],[107.01273,16.79931],[107.01184,16.79928],[107.01144,16.79938],[107.01156,16.79989],[107.01229,16.79963],[107.01242,16.80038],[107.01229,16.80059],[107.01238,16.8013],[107.01192,16.80191],[107.01139,16.80197],[107.01185,16.80316],[107.01186,16.80373],[107.01271,16.80417],[107.01278,16.80437],[107.01186,16.80459],[107.01127,16.80496],[107.01146,16.8054],[107.01194,16.80566],[107.01174,16.80621],[107.0119,16.80692],[107.01272,16.80763],[107.01263,16.80816],[107.01342,16.80806],[107.0138,16.80826],[107.01361,16.80902],[107.0132,16.8093],[107.01263,16.80916],[107.01265,16.80957],[107.01309,16.81007],[107.01303,16.81045],[107.01379,16.81066],[107.01352,16.81095],[107.01365,16.81161],[107.0139,16.81198],[107.01488,16.81187],[107.0149,16.8122],[107.01429,16.81258],[107.01413,16.81341],[107.01352,16.81318],[107.01336,16.81365],[107.01304,16.81395],[107.0138,16.8143],[107.0138,16.81464],[107.01316,16.81462],[107.01238,16.81525],[107.01216,16.81592],[107.01238,16.81623],[107.01321,16.81615],[107.01322,16.81649],[107.01282,16.81681],[107.01313,16.81711],[107.01397,16.8166],[107.01422,16.81684],[107.01381,16.81774],[107.01382,16.81836],[107.01461,16.81909],[107.01323,16.81967],[107.01238,16.81984],[107.01147,16.81984],[107.01043,16.81947],[107.00885,16.81867],[107.00813,16.81847],[107.00736,16.81847],[107.00649,16.81861],[107.00534,16.8192],[107.00475,16.81994],[107.00408,16.82174],[107.00349,16.82252],[107.00299,16.8228],[107.00183,16.82319],[107.00128,16.82354],[107.00045,16.82366],[107.00009,16.82346],[106.99964,16.82285],[106.99885,16.82242],[106.99862,16.82162],[106.99881,16.82099],[106.99941,16.81995],[106.99997,16.81929],[107.00048,16.81894],[107.00074,16.81823],[107.00077,16.81778],[107.00059,16.81717],[107.00017,16.81639],[106.99993,16.81541],[106.99954,16.81496],[106.99839,16.81434],[106.99741,16.81414],[106.99374,16.81461],[106.99271,16.81449],[106.99158,16.81422],[106.99067,16.81391],[106.98953,16.81335],[106.98884,16.8126],[106.98833,16.81238],[106.98655,16.81228],[106.98391,16.81291],[106.9834,16.81287],[106.98255,16.81241],[106.98137,16.8126],[106.98019,16.81256],[106.97933,16.81263],[106.9785,16.81241],[106.9772,16.81187],[106.97709,16.81152],[106.97617,16.81083],[106.97509,16.811],[106.97174,16.81143],[106.97086,16.81163],[106.97041,16.81162],[106.96999,16.81231],[106.96789,16.81292],[106.96627,16.81357],[106.96512,16.81346],[106.96314,16.81345],[106.96033,16.81351],[106.9592,16.81382],[106.95852,16.81341],[106.95607,16.81289],[106.95403,16.81215],[106.95368,16.81187],[106.95338,16.8112],[106.95272,16.81081],[106.95116,16.81038],[106.94982,16.81014],[106.9492,16.80987],[106.94747,16.80836],[106.94715,16.80769],[106.94721,16.80671],[106.94762,16.80572],[106.94769,16.80521],[106.94716,16.80382],[106.94646,16.80307],[106.94599,16.80283],[106.94381,16.80207],[106.94183,16.80122],[106.94044,16.80056],[106.93921,16.80005],[106.93829,16.79905],[106.93799,16.79828],[106.93721,16.79747],[106.93665,16.79671],[106.93598,16.79544],[106.93547,16.79499],[106.93437,16.79457],[106.93398,16.79462],[106.9336,16.79503],[106.93311,16.79601],[106.93245,16.79651],[106.93114,16.7969],[106.93068,16.79687],[106.92989,16.79656],[106.92916,16.796],[106.92878,16.79539],[106.92872,16.79492],[106.92892,16.7932],[106.92896,16.79107],[106.92835,16.79064],[106.92732,16.78965],[106.92606,16.789],[106.92479,16.78868],[106.92438,16.78882],[106.92211,16.7902],[106.92145,16.79075],[106.9204,16.79114],[106.9189,16.79156],[106.9179,16.79194],[106.9175,16.79187],[106.91685,16.79135],[106.91627,16.79104],[106.91396,16.79042],[106.91326,16.79015],[106.91221,16.78957],[106.91195,16.78954],[106.90972,16.78992],[106.90853,16.79033],[106.90728,16.79062],[106.9057,16.79068],[106.90498,16.7904],[106.9046,16.79001],[106.90463,16.78884],[106.90504,16.78865],[106.90571,16.788],[106.90622,16.78785],[106.90637,16.78753],[106.9063,16.78697],[106.90598,16.78657],[106.90549,16.78625],[106.90434,16.78611],[106.90363,16.78618],[106.90208,16.78656],[106.90055,16.78655],[106.89883,16.7864],[106.89847,16.78604],[106.89805,16.78474],[106.89804,16.78403],[106.89758,16.78334],[106.8961,16.78263],[106.89568,16.78271],[106.89543,16.78342],[106.8955,16.78456],[106.89522,16.78513],[106.89454,16.78534],[106.89289,16.78541],[106.89163,16.78556],[106.89122,16.78573],[106.8908,16.78622],[106.88989,16.78692],[106.88909,16.7873],[106.88753,16.78758],[106.88664,16.78723],[106.88575,16.78671],[106.88408,16.78602],[106.88343,16.78619],[106.88295,16.78681],[106.88219,16.78867],[106.88139,16.7899],[106.88088,16.79004],[106.88014,16.79002],[106.87879,16.7898],[106.87683,16.78916],[106.87599,16.78854],[106.87589,16.78813],[106.8753,16.78808],[106.87368,16.78826],[106.87324,16.78816],[106.87255,16.78826],[106.87154,16.78865],[106.87005,16.78872],[106.86917,16.78889],[106.86859,16.78838],[106.86679,16.78604],[106.86639,16.78504],[106.86552,16.78392],[106.86465,16.78316],[106.86273,16.78201],[106.86188,16.78136],[106.86042,16.77951],[106.85926,16.77816],[106.85832,16.77752],[106.85711,16.77634],[106.85672,16.77571],[106.85656,16.77516],[106.85609,16.77443],[106.856,16.77329],[106.85621,16.7727],[106.85656,16.77241],[106.85647,16.77209],[106.85701,16.77162],[106.85736,16.77089],[106.85708,16.77],[106.85761,16.76967],[106.85793,16.76896],[106.85817,16.76874],[106.85978,16.76853],[106.86014,16.7682],[106.86123,16.76779],[106.86238,16.76769],[106.86402,16.76787],[106.86441,16.76818],[106.86484,16.76805],[106.86546,16.76832],[106.86577,16.76827],[106.86636,16.76758],[106.86674,16.76649],[106.86698,16.76617],[106.86745,16.76609],[106.86796,16.7663],[106.86924,16.76638],[106.86925,16.76553],[106.86893,16.76511],[106.86902,16.76417],[106.86876,16.76378],[106.86881,16.76344],[106.86941,16.76313],[106.86943,16.76268],[106.86968,16.76233],[106.87054,16.76204],[106.8709,16.76174],[106.87142,16.76102],[106.87209,16.76091],[106.87289,16.76047],[106.87357,16.75959],[106.8738,16.75947],[106.87372,16.7587],[106.87388,16.75777],[106.87412,16.75725],[106.87421,16.7565],[106.87505,16.75507],[106.87587,16.7551],[106.87694,16.75561],[106.87722,16.75554],[106.87788,16.75489],[106.87866,16.75308],[106.87918,16.75266],[106.87954,16.75137],[106.8793,16.75063],[106.87848,16.74992],[106.87829,16.74822],[106.87907,16.74682],[106.87938,16.74565],[106.88008,16.74483],[106.88033,16.74417],[106.88042,16.74324],[106.88124,16.74163],[106.88141,16.74021],[106.88193,16.73951],[106.88258,16.73933],[106.88384,16.73914],[106.8854,16.73829],[106.8857,16.73785],[106.88568,16.73663],[106.88619,16.73507],[106.88637,16.73411],[106.8869,16.7332],[106.88746,16.73175],[106.88805,16.73069],[106.88827,16.72932],[106.8888,16.72791],[106.88928,16.72686],[106.8898,16.72636],[106.88997,16.72596],[106.88985,16.72512],[106.89078,16.72434],[106.89188,16.72404],[106.89387,16.7238],[106.89427,16.72313],[106.89494,16.72268],[106.89559,16.72194],[106.89585,16.7212],[106.89573,16.72029],[106.89606,16.71939],[106.89673,16.71915],[106.89695,16.71866],[106.89779,16.71834],[106.89843,16.71798],[106.89851,16.71748],[106.89771,16.71587],[106.89764,16.71443],[106.89703,16.71383],[106.89747,16.71312],[106.89756,16.7126],[106.89746,16.71206],[106.89759,16.7108],[106.89842,16.7087],[106.89835,16.70772],[106.89843,16.70725],[106.89886,16.7064],[106.90021,16.70547],[106.9005,16.70491],[106.90089,16.70479],[106.90209,16.705],[106.90256,16.70442],[106.90338,16.70387],[106.90438,16.70125],[106.90406,16.70066],[106.90406,16.69958],[106.90428,16.69849],[106.90464,16.69809],[106.90526,16.69795],[106.90579,16.69746],[106.9063,16.69649],[106.90661,16.69626],[106.90717,16.69526],[106.90821,16.69447],[106.90855,16.69407],[106.90956,16.69362],[106.91005,16.69319],[106.91041,16.69221],[106.91196,16.69111],[106.91315,16.69075],[106.91377,16.69005],[106.91471,16.68918],[106.91478,16.68762],[106.915,16.68655],[106.91516,16.68639],[106.91626,16.68639],[106.91715,16.68625],[106.91865,16.68575],[106.91924,16.68547],[106.92067,16.68561],[106.92283,16.68574],[106.92346,16.686],[106.92522,16.68576],[106.92672,16.68543]]]},"properties":{"name":"Cam Lộ","nameEn":"Cam Lo","fullName":"Xã Cam Lộ","fullNameEn":"Cam Lo Commune","codeName":"cam_lo","areaKm2":166.85,"postalCode":"48206","code":"19597"}},{"type":"Feature","geometry":{"type":"Polygon","coordinates":[[[107.10305,16.86018],[107.10175,16.86003],[107.10157,16.85978],[107.10211,16.859],[107.10261,16.85857],[107.1026,16.85821],[107.10206,16.85778],[107.10161,16.85791],[107.10134,16.85832],[107.10005,16.85788],[107.09979,16.8574],[107.099,16.85754],[107.09891,16.85808],[107.10007,16.85837],[107.10015,16.85856],[107.09983,16.85939],[107.09953,16.85968],[107.09899,16.85977],[107.09894,16.86037],[107.09937,16.86094],[107.09923,16.86139],[107.0998,16.8614],[107.09999,16.8617],[107.09982,16.86209],[107.09934,16.86239],[107.09957,16.86276],[107.10001,16.86269],[107.10054,16.86305],[107.10053,16.86404],[107.10093,16.86397],[107.1015,16.86465],[107.10094,16.86566],[107.10057,16.86536],[107.09953,16.86555],[107.09963,16.86637],[107.09915,16.86635],[107.09876,16.86732],[107.09809,16.86772],[107.09778,16.86823],[107.09764,16.86892],[107.09738,16.86896],[107.09659,16.86867],[107.09544,16.8693],[107.09488,16.8693],[107.09408,16.86896],[107.0938,16.86941],[107.09335,16.86962],[107.09249,16.86926],[107.09192,16.86934],[107.0919,16.87005],[107.09172,16.87026],[107.09113,16.8701],[107.09087,16.86981],[107.09016,16.86963],[107.08922,16.87074],[107.08836,16.87119],[107.08785,16.87185],[107.08801,16.8724],[107.08706,16.87325],[107.08668,16.87381],[107.08638,16.87456],[107.08521,16.87448],[107.08521,16.87328],[107.08531,16.87246],[107.08458,16.87213],[107.08339,16.87219],[107.08342,16.87194],[107.08249,16.87192],[107.08234,16.87013],[107.08198,16.86988],[107.08128,16.86969],[107.0806,16.86969],[107.07983,16.86985],[107.07893,16.8703],[107.07849,16.87029],[107.07766,16.86957],[107.07674,16.87013],[107.07558,16.8698],[107.07422,16.86967],[107.07392,16.86998],[107.07393,16.87065],[107.07375,16.87108],[107.07316,16.87187],[107.07208,16.87268],[107.0718,16.87348],[107.07111,16.8748],[107.07089,16.87484],[107.07023,16.87419],[107.06945,16.87414],[107.06786,16.8737],[107.06697,16.87379],[107.06657,16.87399],[107.0664,16.87477],[107.06573,16.87521],[107.0653,16.8761],[107.06488,16.87632],[107.06408,16.87635],[107.06184,16.87712],[107.06095,16.87755],[107.0546,16.88165],[107.05151,16.88344],[107.04958,16.88411],[107.04746,16.88451],[107.04475,16.88479],[107.04201,16.88479],[107.04007,16.88465],[107.03741,16.88437],[107.03669,16.88423],[107.03597,16.88377],[107.03577,16.88329],[107.03595,16.88242],[107.03671,16.8804],[107.03694,16.87938],[107.03684,16.87883],[107.0366,16.87858],[107.03565,16.87817],[107.03477,16.87762],[107.03459,16.87692],[107.0349,16.87555],[107.03457,16.87507],[107.0339,16.87531],[107.03333,16.87601],[107.03284,16.87599],[107.03242,16.87552],[107.03175,16.87518],[107.03076,16.87499],[107.03028,16.87502],[107.0296,16.87559],[107.02895,16.87571],[107.02772,16.87554],[107.02727,16.87512],[107.0271,16.87461],[107.02707,16.87372],[107.0265,16.87332],[107.02694,16.87249],[107.02655,16.87219],[107.02616,16.87236],[107.02578,16.87174],[107.02527,16.87145],[107.02454,16.87067],[107.02369,16.87052],[107.02319,16.87057],[107.02229,16.87087],[107.02224,16.87017],[107.02144,16.87029],[107.02029,16.86964],[107.02018,16.86926],[107.02063,16.86867],[107.02069,16.86835],[107.02,16.86835],[107.01956,16.86792],[107.01852,16.86763],[107.01874,16.86714],[107.01936,16.86694],[107.0191,16.86652],[107.01902,16.86596],[107.01851,16.86539],[107.01907,16.86495],[107.0189,16.86427],[107.0181,16.86393],[107.01859,16.86333],[107.01866,16.86291],[107.01831,16.86257],[107.01762,16.86084],[107.01722,16.86044],[107.01701,16.85958],[107.01671,16.85918],[107.01599,16.85875],[107.01548,16.85825],[107.0151,16.85761],[107.01495,16.85675],[107.01406,16.85708],[107.01352,16.85716],[107.0126,16.85697],[107.0117,16.8571],[107.01122,16.85774],[107.01065,16.85825],[107.00995,16.85858],[107.00888,16.85879],[107.00815,16.8592],[107.00727,16.8599],[107.00604,16.85978],[107.00431,16.85981],[107.00336,16.85968],[107.00324,16.85946],[107.00361,16.85896],[107.00361,16.85837],[107.00274,16.85861],[107.00106,16.85794],[107.00031,16.85775],[106.99445,16.85903],[106.99399,16.85943],[106.99336,16.85968],[106.99237,16.85938],[106.99185,16.85953],[106.99135,16.85987],[106.99096,16.85993],[106.99021,16.85937],[106.98888,16.86084],[106.98777,16.86014],[106.98713,16.86017],[106.98587,16.86052],[106.97637,16.86132],[106.97553,16.86074],[106.97352,16.86059],[106.97326,16.86111],[106.97273,16.86139],[106.9721,16.8615],[106.97139,16.86137],[106.97085,16.86055],[106.97092,16.86026],[106.97047,16.85937],[106.96977,16.85867],[106.9693,16.85844],[106.96852,16.85833],[106.9675,16.85806],[106.96704,16.85769],[106.96684,16.85732],[106.96591,16.85706],[106.96569,16.8577],[106.9649,16.85843],[106.96423,16.85857],[106.96398,16.85845],[106.96352,16.85873],[106.96264,16.85905],[106.96239,16.85866],[106.96192,16.85888],[106.96164,16.85865],[106.96029,16.85865],[106.95885,16.85776],[106.95846,16.85703],[106.95744,16.85669],[106.95706,16.85633],[106.95594,16.85566],[106.95525,16.85502],[106.95442,16.85474],[106.95394,16.85507],[106.95355,16.85513],[106.95282,16.85588],[106.95257,16.85641],[106.95215,16.85684],[106.95142,16.85708],[106.95016,16.8572],[106.94972,16.85712],[106.9492,16.8568],[106.94851,16.85668],[106.94663,16.85578],[106.9457,16.85499],[106.9451,16.85484],[106.94488,16.8545],[106.94411,16.85434],[106.94332,16.8539],[106.9426,16.85416],[106.94218,16.85479],[106.9421,16.85537],[106.94072,16.85569],[106.93993,16.85621],[106.93966,16.85675],[106.93945,16.85826],[106.93939,16.8597],[106.93863,16.86085],[106.93847,16.86138],[106.93872,16.86212],[106.93932,16.86334],[106.93928,16.86353],[106.93859,16.8639],[106.93863,16.86474],[106.93919,16.8654],[106.93992,16.86577],[106.94,16.86623],[106.94069,16.86684],[106.94122,16.86764],[106.94098,16.86831],[106.9408,16.86926],[106.94108,16.8696],[106.94093,16.87043],[106.94097,16.87086],[106.9408,16.87189],[106.94127,16.874],[106.9412,16.87424],[106.94064,16.87462],[106.94067,16.87509],[106.94042,16.87564],[106.94075,16.87624],[106.94033,16.87727],[106.94045,16.87776],[106.94019,16.87809],[106.94032,16.87887],[106.93995,16.87974],[106.93933,16.88069],[106.93862,16.88135],[106.9386,16.88177],[106.93919,16.88264],[106.93925,16.88325],[106.93838,16.88323],[106.9377,16.88279],[106.93702,16.88285],[106.93584,16.8825],[106.93527,16.88198],[106.93434,16.88182],[106.93391,16.88067],[106.9331,16.8804],[106.93277,16.88069],[106.93213,16.88066],[106.93193,16.88171],[106.93144,16.88214],[106.92969,16.88173],[106.92942,16.88107],[106.92878,16.8808],[106.92809,16.88122],[106.92757,16.88132],[106.92671,16.88045],[106.92606,16.88],[106.92616,16.87952],[106.926,16.87921],[106.92538,16.87893],[106.9258,16.87805],[106.92556,16.8774],[106.92507,16.87735],[106.92514,16.87686],[106.92551,16.87667],[106.92544,16.87629],[106.92495,16.87586],[106.92403,16.87561],[106.92405,16.87513],[106.92375,16.874],[106.92321,16.87386],[106.92282,16.87326],[106.92235,16.87359],[106.92203,16.87355],[106.92187,16.87397],[106.92149,16.87396],[106.92104,16.87426],[106.92032,16.87403],[106.91974,16.87443],[106.91861,16.87437],[106.91755,16.87453],[106.91671,16.87432],[106.9166,16.87373],[106.91609,16.87338],[106.91575,16.87293],[106.91535,16.8727],[106.91377,16.8723],[106.91285,16.87145],[106.91185,16.87085],[106.91101,16.87062],[106.91007,16.87002],[106.90947,16.87004],[106.90888,16.87026],[106.90861,16.86959],[106.90806,16.86934],[106.90737,16.86869],[106.90681,16.86801],[106.90716,16.86689],[106.90777,16.86643],[106.90774,16.86521],[106.90819,16.86473],[106.90771,16.86451],[106.90748,16.86378],[106.90782,16.86313],[106.90876,16.86229],[106.9089,16.86191],[106.90953,16.8619],[106.90995,16.86148],[106.91115,16.86201],[106.91113,16.86151],[106.91137,16.86081],[106.91083,16.86006],[106.9106,16.85994],[106.90995,16.86008],[106.90927,16.8598],[106.90961,16.85937],[106.90953,16.85868],[106.9092,16.85831],[106.90804,16.85838],[106.90748,16.85798],[106.90782,16.85761],[106.90755,16.85672],[106.90834,16.85641],[106.90908,16.8557],[106.90897,16.85503],[106.90927,16.85472],[106.90912,16.85424],[106.90929,16.85384],[106.90894,16.85273],[106.90836,16.85262],[106.90831,16.85328],[106.9078,16.85339],[106.90712,16.85315],[106.90649,16.85267],[106.90666,16.85156],[106.90623,16.85158],[106.90515,16.85219],[106.90512,16.85251],[106.90471,16.85308],[106.90414,16.8531],[106.90336,16.85389],[106.90264,16.85439],[106.90212,16.85461],[106.90165,16.85428],[106.9012,16.85437],[106.90062,16.85426],[106.89969,16.85377],[106.89921,16.85377],[106.89837,16.85293],[106.89808,16.85185],[106.89698,16.85178],[106.89694,16.85101],[106.89668,16.84974],[106.89657,16.84883],[106.89665,16.84847],[106.89621,16.84801],[106.89605,16.84755],[106.89646,16.84692],[106.89734,16.8464],[106.898,16.84498],[106.89788,16.84377],[106.89885,16.84227],[106.89971,16.84276],[106.90012,16.84279],[106.90071,16.84239],[106.90074,16.8416],[106.90103,16.84038],[106.90103,16.83893],[106.90129,16.83858],[106.90263,16.83803],[106.90279,16.8376],[106.90336,16.83692],[106.90421,16.83657],[106.9048,16.83665],[106.90491,16.83631],[106.90662,16.83507],[106.90701,16.83531],[106.90741,16.8349],[106.90792,16.83495],[106.90877,16.83474],[106.91,16.83557],[106.91008,16.8354],[106.9096,16.83469],[106.9094,16.83323],[106.90958,16.83279],[106.90901,16.83236],[106.90794,16.83214],[106.90715,16.83188],[106.90574,16.83113],[106.9051,16.83035],[106.90453,16.82991],[106.90407,16.82993],[106.90171,16.82961],[106.90101,16.82922],[106.90024,16.82797],[106.89926,16.82771],[106.89875,16.82739],[106.89769,16.8271],[106.89685,16.82778],[106.89636,16.82772],[106.89585,16.82729],[106.89628,16.82655],[106.89596,16.8261],[106.89476,16.82632],[106.89444,16.82627],[106.89299,16.82572],[106.89257,16.82576],[106.8915,16.82622],[106.89066,16.82628],[106.88984,16.8262],[106.88908,16.82545],[106.889,16.82494],[106.88818,16.82445],[106.88692,16.82457],[106.88577,16.82491],[106.88546,16.82485],[106.88468,16.82387],[106.88378,16.82372],[106.88253,16.82302],[106.882,16.82311],[106.88125,16.8228],[106.88052,16.82267],[106.87983,16.82283],[106.87922,16.82328],[106.8785,16.82397],[106.87786,16.82389],[106.87759,16.82367],[106.87729,16.82297],[106.87635,16.82214],[106.87597,16.82203],[106.8752,16.82215],[106.87487,16.82184],[106.87494,16.82145],[106.8743,16.82114],[106.87369,16.82115],[106.87383,16.82071],[106.87331,16.82051],[106.87278,16.82063],[106.8717,16.82002],[106.87114,16.81899],[106.87028,16.81876],[106.86928,16.81891],[106.86737,16.81882],[106.86659,16.81846],[106.8663,16.8178],[106.86549,16.81763],[106.86498,16.81783],[106.86453,16.81748],[106.86368,16.81761],[106.86298,16.8176],[106.86263,16.81802],[106.86129,16.81819],[106.86069,16.81803],[106.85986,16.81762],[106.85927,16.81761],[106.8588,16.81795],[106.85858,16.81694],[106.85836,16.81655],[106.85763,16.81614],[106.85663,16.81599],[106.8559,16.81628],[106.85492,16.81647],[106.85442,16.81693],[106.85401,16.81656],[106.85323,16.81636],[106.85238,16.81602],[106.85117,16.81599],[106.85069,16.81633],[106.84927,16.81704],[106.84892,16.81812],[106.8482,16.81816],[106.84776,16.81796],[106.84723,16.81846],[106.84649,16.81766],[106.84537,16.81777],[106.84422,16.8182],[106.84356,16.8181],[106.84313,16.81787],[106.8422,16.81784],[106.84137,16.8182],[106.84002,16.81902],[106.83938,16.81882],[106.83884,16.81933],[106.83856,16.8198],[106.83807,16.81952],[106.83755,16.8188],[106.83755,16.81847],[106.83709,16.81841],[106.83709,16.8177],[106.83746,16.81754],[106.83745,16.81681],[106.83793,16.81605],[106.83757,16.81507],[106.83776,16.81488],[106.83879,16.8147],[106.83929,16.81421],[106.83894,16.8139],[106.83835,16.81397],[106.83799,16.81377],[106.83792,16.81333],[106.83839,16.81289],[106.83806,16.81254],[106.83828,16.81209],[106.83891,16.81253],[106.83856,16.81156],[106.83852,16.8107],[106.83811,16.81105],[106.83658,16.81121],[106.8357,16.81087],[106.83503,16.81006],[106.83416,16.80972],[106.83335,16.80995],[106.83281,16.81043],[106.83205,16.81064],[106.83045,16.81093],[106.83016,16.81005],[106.82981,16.8084],[106.82984,16.80735],[106.82997,16.80703],[106.8307,16.80743],[106.83147,16.80769],[106.83184,16.80761],[106.83259,16.80716],[106.83346,16.80565],[106.83402,16.80535],[106.83402,16.80468],[106.83428,16.80423],[106.83537,16.80349],[106.83558,16.80297],[106.83543,16.80192],[106.83604,16.80125],[106.83615,16.80087],[106.83666,16.80059],[106.83681,16.79997],[106.83602,16.79956],[106.83608,16.79838],[106.83575,16.79781],[106.83594,16.79724],[106.83636,16.79698],[106.83746,16.79672],[106.83764,16.79658],[106.83832,16.79502],[106.83911,16.79462],[106.83956,16.79307],[106.84056,16.7917],[106.84075,16.79066],[106.84158,16.78953],[106.8421,16.78856],[106.8421,16.78837],[106.84155,16.78722],[106.84218,16.78631],[106.84201,16.7855],[106.84177,16.78522],[106.84193,16.78467],[106.84269,16.78402],[106.84283,16.78339],[106.84318,16.78301],[106.8437,16.78193],[106.84529,16.78142],[106.84925,16.78066],[106.8536,16.78026],[106.854,16.78004],[106.85403,16.77898],[106.85564,16.77415],[106.856,16.77329],[106.85609,16.77443],[106.85656,16.77516],[106.85672,16.77571],[106.85711,16.77634],[106.85832,16.77752],[106.85926,16.77816],[106.86042,16.77951],[106.86188,16.78136],[106.86273,16.78201],[106.86465,16.78316],[106.86552,16.78392],[106.86639,16.78504],[106.86679,16.78604],[106.86859,16.78838],[106.86917,16.78889],[106.87005,16.78872],[106.87154,16.78865],[106.87255,16.78826],[106.87324,16.78816],[106.87368,16.78826],[106.8753,16.78808],[106.87589,16.78813],[106.87599,16.78854],[106.87683,16.78916],[106.87879,16.7898],[106.88014,16.79002],[106.88088,16.79004],[106.88139,16.7899],[106.88219,16.78867],[106.88295,16.78681],[106.88343,16.78619],[106.88408,16.78602],[106.88575,16.78671],[106.88664,16.78723],[106.88753,16.78758],[106.88909,16.7873],[106.88989,16.78692],[106.8908,16.78622],[106.89122,16.78573],[106.89163,16.78556],[106.89289,16.78541],[106.89454,16.78534],[106.89522,16.78513],[106.8955,16.78456],[106.89543,16.78342],[106.89568,16.78271],[106.8961,16.78263],[106.89758,16.78334],[106.89804,16.78403],[106.89805,16.78474],[106.89847,16.78604],[106.89883,16.7864],[106.90055,16.78655],[106.90208,16.78656],[106.90363,16.78618],[106.90434,16.78611],[106.90549,16.78625],[106.90598,16.78657],[106.9063,16.78697],[106.90637,16.78753],[106.90622,16.78785],[106.90571,16.788],[106.90504,16.78865],[106.90463,16.78884],[106.9046,16.79001],[106.90498,16.7904],[106.9057,16.79068],[106.90728,16.79062],[106.90853,16.79033],[106.90972,16.78992],[106.91195,16.78954],[106.91221,16.78957],[106.91326,16.79015],[106.91396,16.79042],[106.91627,16.79104],[106.91685,16.79135],[106.9175,16.79187],[106.9179,16.79194],[106.9189,16.79156],[106.9204,16.79114],[106.92145,16.79075],[106.92211,16.7902],[106.92438,16.78882],[106.92479,16.78868],[106.92606,16.789],[106.92732,16.78965],[106.92835,16.79064],[106.92896,16.79107],[106.92892,16.7932],[106.92872,16.79492],[106.92878,16.79539],[106.92916,16.796],[106.92989,16.79656],[106.93068,16.79687],[106.93114,16.7969],[106.93245,16.79651],[106.93311,16.79601],[106.9336,16.79503],[106.93398,16.79462],[106.93437,16.79457],[106.93547,16.79499],[106.93598,16.79544],[106.93665,16.79671],[106.93721,16.79747],[106.93799,16.79828],[106.93829,16.79905],[106.93921,16.80005],[106.94044,16.80056],[106.94183,16.80122],[106.94381,16.80207],[106.94599,16.80283],[106.94646,16.80307],[106.94716,16.80382],[106.94769,16.80521],[106.94762,16.80572],[106.94721,16.80671],[106.94715,16.80769],[106.94747,16.80836],[106.9492,16.80987],[106.94982,16.81014],[106.95116,16.81038],[106.95272,16.81081],[106.95338,16.8112],[106.95368,16.81187],[106.95403,16.81215],[106.95607,16.81289],[106.95852,16.81341],[106.9592,16.81382],[106.96033,16.81351],[106.96314,16.81345],[106.96512,16.81346],[106.96627,16.81357],[106.96789,16.81292],[106.96999,16.81231],[106.97041,16.81162],[106.97086,16.81163],[106.97174,16.81143],[106.97509,16.811],[106.97617,16.81083],[106.97709,16.81152],[106.9772,16.81187],[106.9785,16.81241],[106.97933,16.81263],[106.98019,16.81256],[106.98137,16.8126],[106.98255,16.81241],[106.9834,16.81287],[106.98391,16.81291],[106.98655,16.81228],[106.98833,16.81238],[106.98884,16.8126],[106.98953,16.81335],[106.99067,16.81391],[106.99158,16.81422],[106.99271,16.81449],[106.99374,16.81461],[106.99741,16.81414],[106.99839,16.81434],[106.99954,16.81496],[106.99993,16.81541],[107.00017,16.81639],[107.00059,16.81717],[107.00077,16.81778],[107.00074,16.81823],[107.00048,16.81894],[106.99997,16.81929],[106.99941,16.81995],[106.99881,16.82099],[106.99862,16.82162],[106.99885,16.82242],[106.99964,16.82285],[107.00009,16.82346],[107.00045,16.82366],[107.00128,16.82354],[107.00183,16.82319],[107.00299,16.8228],[107.00349,16.82252],[107.00408,16.82174],[107.00475,16.81994],[107.00534,16.8192],[107.00649,16.81861],[107.00736,16.81847],[107.00813,16.81847],[107.00885,16.81867],[107.01043,16.81947],[107.01147,16.81984],[107.01238,16.81984],[107.01323,16.81967],[107.01461,16.81909],[107.01382,16.81836],[107.01381,16.81774],[107.01422,16.81684],[107.01397,16.8166],[107.01313,16.81711],[107.01282,16.81681],[107.01322,16.81649],[107.01321,16.81615],[107.01238,16.81623],[107.01216,16.81592],[107.01238,16.81525],[107.01316,16.81462],[107.0138,16.81464],[107.0138,16.8143],[107.01304,16.81395],[107.01336,16.81365],[107.01352,16.81318],[107.01413,16.81341],[107.01429,16.81258],[107.0149,16.8122],[107.01488,16.81187],[107.0139,16.81198],[107.01365,16.81161],[107.01352,16.81095],[107.01379,16.81066],[107.01303,16.81045],[107.01309,16.81007],[107.01265,16.80957],[107.01263,16.80916],[107.0132,16.8093],[107.01361,16.80902],[107.0138,16.80826],[107.01342,16.80806],[107.01263,16.80816],[107.01272,16.80763],[107.0119,16.80692],[107.01174,16.80621],[107.01194,16.80566],[107.01146,16.8054],[107.01127,16.80496],[107.01186,16.80459],[107.01278,16.80437],[107.01271,16.80417],[107.01186,16.80373],[107.01185,16.80316],[107.01139,16.80197],[107.01192,16.80191],[107.01238,16.8013],[107.01229,16.80059],[107.01242,16.80038],[107.01229,16.79963],[107.01156,16.79989],[107.01144,16.79938],[107.01184,16.79928],[107.01273,16.79931],[107.01383,16.79949],[107.01412,16.79873],[107.01533,16.79867],[107.01507,16.79725],[107.016,16.79586],[107.01637,16.7952],[107.01328,16.79295],[107.01323,16.79266],[107.01366,16.7922],[107.014,16.79146],[107.01425,16.79125],[107.01449,16.79053],[107.01479,16.79009],[107.01592,16.7894],[107.01579,16.7884],[107.01608,16.78752],[107.01595,16.78656],[107.01556,16.78635],[107.01472,16.78626],[107.01328,16.7856],[107.01251,16.78491],[107.01245,16.78459],[107.01256,16.78366],[107.01329,16.78266],[107.01399,16.78272],[107.01499,16.78166],[107.01505,16.78131],[107.01438,16.78097],[107.01439,16.77966],[107.01469,16.7792],[107.0146,16.77849],[107.0154,16.77769],[107.01528,16.77737],[107.01555,16.77698],[107.01514,16.7767],[107.01482,16.776],[107.01486,16.77482],[107.01427,16.77429],[107.01416,16.77345],[107.01388,16.77303],[107.0138,16.77196],[107.01335,16.77138],[107.01188,16.77025],[107.01175,16.76992],[107.01176,16.76892],[107.01213,16.76809],[107.01191,16.76755],[107.01152,16.76713],[107.01155,16.76631],[107.0114,16.76608],[107.01148,16.76542],[107.01233,16.76573],[107.01311,16.76572],[107.01346,16.76525],[107.01347,16.76431],[107.01333,16.7638],[107.01359,16.76336],[107.01325,16.76313],[107.01356,16.76259],[107.01355,16.76196],[107.01421,16.76184],[107.01423,16.76124],[107.01387,16.76079],[107.01405,16.76016],[107.01372,16.75967],[107.01324,16.75973],[107.01339,16.76024],[107.01267,16.76015],[107.01216,16.75966],[107.0117,16.75945],[107.01127,16.75949],[107.01129,16.75884],[107.01111,16.7582],[107.01161,16.75792],[107.01166,16.75724],[107.01212,16.75715],[107.01253,16.75761],[107.01341,16.75734],[107.01365,16.75635],[107.01411,16.75568],[107.01413,16.75458],[107.01325,16.75409],[107.01276,16.75367],[107.01266,16.75338],[107.01183,16.75262],[107.01129,16.7524],[107.01078,16.75276],[107.0101,16.75301],[107.00968,16.75286],[107.00962,16.75244],[107.00914,16.75212],[107.00917,16.75176],[107.00957,16.75089],[107.0104,16.75107],[107.01095,16.75061],[107.01211,16.75049],[107.02064,16.7501],[107.02361,16.75],[107.02424,16.75019],[107.02518,16.75071],[107.02528,16.75041],[107.02592,16.75018],[107.02636,16.7503],[107.02729,16.75033],[107.02873,16.7515],[107.02919,16.7515],[107.03,16.75175],[107.03003,16.75244],[107.02976,16.75281],[107.02904,16.75303],[107.02875,16.75345],[107.02907,16.75434],[107.02899,16.75486],[107.02862,16.75519],[107.02844,16.75611],[107.02853,16.75662],[107.02919,16.75792],[107.02956,16.75836],[107.03022,16.75955],[107.03076,16.76007],[107.03102,16.7606],[107.03105,16.76142],[107.03084,16.76188],[107.03101,16.76223],[107.03178,16.76249],[107.03199,16.76277],[107.03195,16.76322],[107.03251,16.76437],[107.03328,16.76529],[107.03359,16.76584],[107.03346,16.76678],[107.03376,16.768],[107.03458,16.76895],[107.03462,16.77018],[107.03436,16.771],[107.03494,16.77164],[107.03518,16.77223],[107.03524,16.77298],[107.03599,16.7738],[107.03657,16.77505],[107.03723,16.77551],[107.03842,16.77589],[107.03888,16.77624],[107.03892,16.77721],[107.0394,16.77846],[107.04009,16.77964],[107.04026,16.78016],[107.04067,16.78079],[107.04157,16.78163],[107.04225,16.78261],[107.04286,16.78293],[107.04356,16.78367],[107.04413,16.784],[107.04675,16.78427],[107.04769,16.78474],[107.04901,16.78503],[107.04997,16.78512],[107.05093,16.78508],[107.05148,16.78495],[107.05381,16.7848],[107.05434,16.78472],[107.05568,16.78541],[107.0548,16.78723],[107.05469,16.78764],[107.05386,16.78912],[107.05364,16.78985],[107.05307,16.79103],[107.05313,16.79175],[107.05359,16.79256],[107.0541,16.79317],[107.0554,16.79445],[107.05581,16.79505],[107.05628,16.79677],[107.05248,16.79722],[107.04834,16.79754],[107.0482,16.79771],[107.04822,16.79866],[107.04846,16.79993],[107.04885,16.8001],[107.04926,16.80077],[107.04913,16.8014],[107.04857,16.80154],[107.0482,16.80216],[107.04816,16.80331],[107.04851,16.80441],[107.04809,16.8057],[107.04823,16.80618],[107.04968,16.80669],[107.05197,16.80726],[107.0532,16.80767],[107.05375,16.80796],[107.05463,16.80898],[107.05773,16.8114],[107.05895,16.81247],[107.06021,16.81377],[107.06136,16.81516],[107.06055,16.81595],[107.06009,16.81692],[107.05799,16.82273],[107.05852,16.82301],[107.05898,16.82375],[107.05938,16.82359],[107.05986,16.82302],[107.06059,16.82321],[107.0614,16.82265],[107.06127,16.82372],[107.06133,16.8249],[107.06131,16.82674],[107.0612,16.82777],[107.06153,16.82823],[107.0608,16.82908],[107.06039,16.82914],[107.0601,16.82998],[107.06094,16.83054],[107.06164,16.8312],[107.06274,16.83145],[107.06422,16.83159],[107.06599,16.83129],[107.06659,16.8315],[107.06707,16.83137],[107.06764,16.83091],[107.06898,16.83111],[107.07062,16.83173],[107.07212,16.83157],[107.07299,16.83179],[107.07373,16.83222],[107.07452,16.83301],[107.0754,16.83338],[107.07632,16.83307],[107.07668,16.83252],[107.07835,16.83231],[107.07904,16.83317],[107.07908,16.83366],[107.07946,16.83404],[107.0801,16.83433],[107.08055,16.83425],[107.0815,16.83493],[107.0819,16.83503],[107.08402,16.83524],[107.08541,16.8362],[107.08567,16.83662],[107.08677,16.83669],[107.08774,16.8381],[107.08877,16.83821],[107.08902,16.8386],[107.0887,16.83908],[107.08905,16.83949],[107.08899,16.84015],[107.08922,16.84116],[107.08986,16.84141],[107.09074,16.8414],[107.09214,16.84175],[107.09214,16.84288],[107.0931,16.84392],[107.09389,16.84412],[107.09527,16.8449],[107.09688,16.84599],[107.09805,16.84665],[107.09938,16.84727],[107.09989,16.84742],[107.10051,16.84736],[107.1012,16.84704],[107.10156,16.84739],[107.10163,16.84928],[107.1037,16.84992],[107.10385,16.85005],[107.10343,16.85404],[107.1034,16.85569],[107.10331,16.85629],[107.10314,16.85848],[107.10305,16.86018]]]},"properties":{"name":"Hiếu Giang","nameEn":"Hieu Giang","fullName":"Xã Hiếu Giang","fullNameEn":"Hieu Giang Commune","codeName":"hieu_giang","areaKm2":177.36,"postalCode":"48215","code":"19603"}},{"type":"Feature","geometry":{"type":"Polygon","coordinates":[[[107.19453,16.75803],[107.19554,16.75853],[107.19785,16.76001],[107.19822,16.76046],[107.20019,16.76224],[107.20075,16.76263],[107.20119,16.76322],[107.20168,16.76449],[107.20263,16.76632],[107.20341,16.7677],[107.20281,16.76889],[107.20042,16.76825],[107.19968,16.76813],[107.19938,16.76914],[107.19923,16.77017],[107.19923,16.77093],[107.20067,16.77115],[107.20108,16.76991],[107.20195,16.77025],[107.20209,16.76973],[107.20257,16.76986],[107.20411,16.77056],[107.20502,16.77079],[107.20664,16.77091],[107.20687,16.76971],[107.20796,16.77017],[107.20881,16.77074],[107.20927,16.77141],[107.20942,16.7719],[107.21,16.77274],[107.20953,16.77312],[107.20843,16.77206],[107.20781,16.77289],[107.20638,16.77427],[107.20881,16.7755],[107.20947,16.77575],[107.20959,16.77551],[107.21088,16.77665],[107.21109,16.77739],[107.21033,16.77826],[107.2109,16.77878],[107.21137,16.77963],[107.21149,16.78041],[107.21144,16.78099],[107.21234,16.78105],[107.21417,16.78044],[107.2144,16.78104],[107.21485,16.78077],[107.21511,16.78121],[107.21658,16.77996],[107.21699,16.78062],[107.21667,16.78087],[107.21715,16.78152],[107.21798,16.78328],[107.21768,16.7835],[107.21752,16.78396],[107.21609,16.78524],[107.21552,16.78624],[107.21452,16.7859],[107.21401,16.78664],[107.21403,16.78743],[107.21357,16.78824],[107.21485,16.79041],[107.21461,16.79078],[107.2145,16.79189],[107.21373,16.79222],[107.21367,16.79328],[107.21391,16.7959],[107.21397,16.79726],[107.2129,16.79738],[107.21213,16.79782],[107.21145,16.79841],[107.21133,16.79891],[107.21036,16.79933],[107.20899,16.80015],[107.20788,16.80049],[107.20744,16.80044],[107.20746,16.79989],[107.20777,16.79879],[107.20785,16.79712],[107.20801,16.79613],[107.20826,16.79548],[107.2083,16.7941],[107.20798,16.7934],[107.20732,16.79302],[107.2066,16.79292],[107.20603,16.79343],[107.20539,16.79332],[107.20437,16.79358],[107.20379,16.79351],[107.20292,16.7931],[107.20209,16.79291],[107.19944,16.7927],[107.1977,16.79272],[107.1971,16.79286],[107.19556,16.79363],[107.19476,16.79359],[107.19388,16.7931],[107.19349,16.79264],[107.19295,16.79159],[107.19323,16.78932],[107.19294,16.78842],[107.19254,16.78813],[107.19202,16.78823],[107.1894,16.78839],[107.18969,16.78709],[107.19032,16.78598],[107.19086,16.7852],[107.19117,16.78434],[107.19144,16.78274],[107.19693,16.78327],[107.19739,16.77933],[107.19627,16.77946],[107.19251,16.7792],[107.19233,16.77921],[107.19102,16.77876],[107.19032,16.77866],[107.19007,16.77839],[107.18725,16.77761],[107.18582,16.77713],[107.1856,16.77387],[107.18472,16.77335],[107.18439,16.77371],[107.18274,16.77504],[107.18053,16.77598],[107.17956,16.77616],[107.17824,16.77612],[107.1769,16.77601],[107.17578,16.77559],[107.17519,16.7752],[107.175,16.77447],[107.17552,16.77314],[107.17551,16.7724],[107.17396,16.77094],[107.17296,16.77095],[107.17228,16.7714],[107.17198,16.77222],[107.17184,16.77349],[107.17086,16.77364],[107.16986,16.77439],[107.16876,16.77551],[107.16675,16.77798],[107.16592,16.77909],[107.16407,16.78147],[107.16218,16.77892],[107.16158,16.77952],[107.16051,16.78076],[107.16021,16.78083],[107.15647,16.7787],[107.15549,16.77799],[107.15469,16.77729],[107.15417,16.77589],[107.15334,16.77564],[107.16086,16.76378],[107.15861,16.7626],[107.15981,16.76103],[107.15912,16.7608],[107.15853,16.76017],[107.15649,16.75823],[107.15485,16.7569],[107.15625,16.75489],[107.15527,16.7523],[107.15404,16.7515],[107.15204,16.75145],[107.15089,16.7508],[107.14933,16.74889],[107.14879,16.74838],[107.14733,16.74817],[107.1447,16.74682],[107.14447,16.74603],[107.14431,16.74505],[107.1435,16.74367],[107.14323,16.74297],[107.14299,16.74167],[107.14311,16.7405],[107.14306,16.73943],[107.14286,16.73893],[107.1421,16.73798],[107.14177,16.73718],[107.14114,16.73663],[107.14029,16.73646],[107.14006,16.7361],[107.14017,16.73523],[107.14008,16.73444],[107.13936,16.73345],[107.13817,16.73359],[107.13749,16.73383],[107.13618,16.73384],[107.13544,16.73371],[107.13362,16.73309],[107.13294,16.73297],[107.13226,16.73307],[107.13154,16.73338],[107.13121,16.73324],[107.13065,16.73341],[107.13005,16.73392],[107.12945,16.73401],[107.12915,16.73366],[107.12948,16.73315],[107.12939,16.7327],[107.12878,16.73256],[107.12859,16.73125],[107.1277,16.73159],[107.12728,16.7314],[107.12744,16.73102],[107.12723,16.73074],[107.12632,16.7308],[107.12589,16.73065],[107.12595,16.73027],[107.12636,16.72991],[107.12667,16.7291],[107.12653,16.72874],[107.12669,16.72797],[107.12605,16.728],[107.12561,16.7272],[107.12526,16.72679],[107.1248,16.72721],[107.12419,16.72714],[107.12397,16.72688],[107.12404,16.72646],[107.12377,16.72583],[107.12337,16.72541],[107.12299,16.72438],[107.12229,16.72417],[107.12195,16.7235],[107.12152,16.72334],[107.12112,16.72354],[107.12123,16.72415],[107.12105,16.72432],[107.11968,16.72426],[107.11913,16.72435],[107.11891,16.72384],[107.11851,16.72358],[107.11878,16.72283],[107.11922,16.72234],[107.11911,16.72171],[107.11918,16.72109],[107.11852,16.72065],[107.11782,16.72103],[107.11748,16.7217],[107.11677,16.72192],[107.11578,16.72145],[107.11533,16.72151],[107.11515,16.72074],[107.11469,16.72085],[107.11396,16.72044],[107.11327,16.72072],[107.11299,16.72013],[107.11267,16.72017],[107.1119,16.71971],[107.11206,16.71873],[107.11174,16.71828],[107.11135,16.71831],[107.11127,16.71794],[107.10658,16.71817],[107.0944,16.71866],[107.09345,16.71872],[107.09265,16.7186],[107.09187,16.71778],[107.09186,16.71759],[107.09255,16.71693],[107.09264,16.71618],[107.09242,16.7154],[107.09185,16.71529],[107.09131,16.71553],[107.09055,16.71536],[107.09041,16.7147],[107.09053,16.71434],[107.09156,16.7141],[107.09171,16.71379],[107.09136,16.7134],[107.09041,16.71344],[107.09001,16.71278],[107.08921,16.71251],[107.0887,16.71257],[107.08778,16.71239],[107.08751,16.71215],[107.0875,16.71148],[107.08729,16.7109],[107.08649,16.71064],[107.08602,16.71035],[107.0847,16.71067],[107.08437,16.71023],[107.08527,16.70867],[107.08536,16.70822],[107.08506,16.70745],[107.08517,16.70688],[107.08488,16.70668],[107.08419,16.70658],[107.08365,16.70632],[107.08343,16.70591],[107.08381,16.70541],[107.08381,16.70514],[107.08308,16.70468],[107.08281,16.7043],[107.08207,16.70395],[107.08217,16.70285],[107.0818,16.70262],[107.08133,16.70284],[107.0804,16.70306],[107.07984,16.70346],[107.07918,16.70328],[107.07918,16.7027],[107.07881,16.70238],[107.07837,16.70248],[107.07785,16.70307],[107.07638,16.70401],[107.07599,16.70401],[107.07561,16.70365],[107.0753,16.7027],[107.07429,16.70197],[107.07294,16.70197],[107.07244,16.70234],[107.0723,16.70305],[107.07254,16.70362],[107.07233,16.70374],[107.07127,16.70349],[107.07021,16.70344],[107.06978,16.70306],[107.06943,16.703],[107.06896,16.70325],[107.068,16.70347],[107.06738,16.70334],[107.06743,16.70299],[107.06622,16.70244],[107.06564,16.70191],[107.0656,16.70156],[107.06648,16.70066],[107.06632,16.70034],[107.06552,16.69977],[107.06407,16.69909],[107.06274,16.69856],[107.06207,16.69784],[107.06206,16.69731],[107.06349,16.69703],[107.06349,16.69669],[107.06258,16.69646],[107.06231,16.69625],[107.06222,16.69577],[107.06261,16.69506],[107.06307,16.69384],[107.06299,16.69359],[107.06151,16.69343],[107.06149,16.6929],[107.06172,16.6921],[107.06149,16.69185],[107.06017,16.69166],[107.05957,16.69142],[107.05919,16.6911],[107.05891,16.69124],[107.05862,16.69215],[107.05845,16.69232],[107.05751,16.69209],[107.05736,16.69141],[107.05697,16.69104],[107.05654,16.69129],[107.05596,16.69123],[107.05516,16.69061],[107.05521,16.68995],[107.05566,16.68979],[107.05632,16.69004],[107.0566,16.68989],[107.05677,16.68888],[107.0571,16.68856],[107.05816,16.68815],[107.05826,16.68763],[107.05786,16.68718],[107.05804,16.68684],[107.0587,16.68651],[107.0587,16.68594],[107.05754,16.68533],[107.05753,16.68494],[107.0578,16.68438],[107.05754,16.68395],[107.05619,16.68364],[107.0561,16.68315],[107.05625,16.68255],[107.05564,16.6826],[107.05546,16.68223],[107.05584,16.68173],[107.05657,16.68154],[107.05696,16.68125],[107.05711,16.68082],[107.05746,16.68061],[107.05819,16.68072],[107.05876,16.68065],[107.05917,16.68018],[107.05952,16.68022],[107.05979,16.67992],[107.0597,16.67923],[107.05931,16.67901],[107.05866,16.67888],[107.05863,16.67855],[107.05936,16.67791],[107.05868,16.67756],[107.0602,16.67669],[107.06078,16.67653],[107.06122,16.67617],[107.05807,16.66947],[107.0584,16.66855],[107.05807,16.6673],[107.05764,16.66664],[107.05758,16.66576],[107.05712,16.66549],[107.05728,16.66432],[107.05671,16.66367],[107.0566,16.66288],[107.05549,16.66237],[107.05542,16.66191],[107.0558,16.66127],[107.05661,16.66071],[107.05599,16.65997],[107.05606,16.65971],[107.05674,16.65925],[107.05641,16.65883],[107.05644,16.65812],[107.05683,16.65759],[107.05722,16.65735],[107.05689,16.65621],[107.05672,16.65521],[107.05676,16.65444],[107.05641,16.65375],[107.05641,16.65294],[107.05607,16.65206],[107.05607,16.65163],[107.05735,16.65064],[107.05788,16.65037],[107.05799,16.65089],[107.05873,16.65181],[107.05909,16.65137],[107.05928,16.65073],[107.06019,16.64958],[107.06052,16.64882],[107.06033,16.64782],[107.0609,16.64772],[107.06143,16.64713],[107.06198,16.64759],[107.06232,16.64741],[107.06224,16.647],[107.06243,16.64644],[107.06293,16.6461],[107.06343,16.64648],[107.06509,16.64609],[107.06511,16.64557],[107.06624,16.64505],[107.06694,16.64721],[107.06717,16.64753],[107.06709,16.64838],[107.0672,16.649],[107.06761,16.64995],[107.06846,16.65106],[107.06913,16.65183],[107.0695,16.6521],[107.07099,16.65243],[107.07237,16.65216],[107.07487,16.6522],[107.07634,16.65215],[107.07818,16.65218],[107.07874,16.65227],[107.07946,16.65274],[107.08176,16.65575],[107.08244,16.65609],[107.08321,16.6561],[107.08441,16.65561],[107.08555,16.65496],[107.08685,16.65442],[107.08775,16.65433],[107.08883,16.65485],[107.08972,16.65636],[107.09036,16.65807],[107.09107,16.66082],[107.09141,16.66274],[107.09185,16.66358],[107.09243,16.66415],[107.09302,16.6644],[107.09408,16.66452],[107.09452,16.66437],[107.09515,16.66392],[107.09692,16.66235],[107.09909,16.66084],[107.10065,16.65983],[107.10154,16.65959],[107.10221,16.65974],[107.10284,16.66046],[107.103,16.66137],[107.10301,16.66199],[107.10332,16.66351],[107.10387,16.66526],[107.10416,16.66568],[107.10468,16.6659],[107.10562,16.66573],[107.10778,16.66426],[107.10909,16.66372],[107.10999,16.66354],[107.11188,16.66352],[107.11229,16.66362],[107.1132,16.66428],[107.11405,16.6656],[107.11492,16.66711],[107.11661,16.66944],[107.11775,16.67143],[107.11892,16.67456],[107.11911,16.67584],[107.1192,16.67769],[107.1191,16.67994],[107.11887,16.68155],[107.11859,16.68251],[107.11747,16.68417],[107.11705,16.6852],[107.11708,16.68644],[107.11737,16.68701],[107.11799,16.68774],[107.11938,16.68871],[107.12282,16.69093],[107.12683,16.69303],[107.12772,16.69354],[107.12924,16.69472],[107.13161,16.69669],[107.13374,16.69833],[107.13483,16.69962],[107.13594,16.70059],[107.137,16.70119],[107.13795,16.70143],[107.13904,16.70142],[107.14073,16.70098],[107.14237,16.70045],[107.14357,16.70022],[107.14482,16.70027],[107.14555,16.70041],[107.14631,16.7007],[107.14735,16.70165],[107.14791,16.70259],[107.14816,16.70334],[107.14888,16.70418],[107.15032,16.7049],[107.15174,16.70529],[107.15473,16.70573],[107.15927,16.70669],[107.16178,16.70745],[107.16348,16.7082],[107.16432,16.70881],[107.16483,16.70939],[107.16554,16.71149],[107.16729,16.71504],[107.16775,16.71632],[107.16805,16.71793],[107.16824,16.71997],[107.16837,16.72228],[107.16867,16.72366],[107.16924,16.7251],[107.17017,16.72661],[107.16907,16.72751],[107.16958,16.72808],[107.16914,16.72844],[107.16943,16.72877],[107.16944,16.72917],[107.16886,16.72965],[107.1682,16.72887],[107.16731,16.72933],[107.16811,16.73004],[107.16752,16.73058],[107.16666,16.73003],[107.16524,16.72957],[107.16549,16.72916],[107.16553,16.72832],[107.16574,16.72656],[107.16576,16.72591],[107.16533,16.7254],[107.16484,16.7253],[107.16466,16.72486],[107.16404,16.72447],[107.1631,16.72413],[107.16179,16.72312],[107.161,16.72272],[107.16003,16.72253],[107.15949,16.7249],[107.15905,16.72557],[107.15872,16.72642],[107.15901,16.72751],[107.15997,16.72855],[107.1613,16.72888],[107.16153,16.72923],[107.16156,16.72976],[107.16101,16.73088],[107.16192,16.7311],[107.16189,16.73178],[107.16337,16.73309],[107.16374,16.73315],[107.16603,16.73253],[107.16698,16.73253],[107.16882,16.73287],[107.16934,16.73287],[107.17023,16.73268],[107.17261,16.73393],[107.17285,16.73422],[107.17389,16.73333],[107.17489,16.73472],[107.17556,16.73546],[107.17586,16.736],[107.17622,16.73821],[107.17655,16.73989],[107.17731,16.7425],[107.17746,16.74357],[107.17748,16.74582],[107.17744,16.7466],[107.17714,16.7477],[107.17656,16.74899],[107.17622,16.75025],[107.17607,16.75124],[107.17606,16.75218],[107.17624,16.75309],[107.17655,16.75372],[107.17738,16.75503],[107.1785,16.75483],[107.18019,16.75805],[107.18037,16.75876],[107.18106,16.75894],[107.18213,16.75843],[107.1826,16.75903],[107.1863,16.75757],[107.18667,16.75845],[107.18698,16.7589],[107.18791,16.75816],[107.18904,16.75769],[107.19009,16.75741],[107.19024,16.75796],[107.19086,16.75828],[107.19177,16.75808],[107.19173,16.75777],[107.19288,16.75762],[107.19306,16.75821],[107.1928,16.75898],[107.19408,16.75925],[107.19421,16.75855],[107.19453,16.75803]]]},"properties":{"name":"Triệu Phong","nameEn":"Trieu Phong","fullName":"Xã Triệu Phong","fullNameEn":"Trieu Phong Commune","codeName":"trieu_phong","areaKm2":80.79,"postalCode":"48725","code":"19624"}},{"type":"Feature","geometry":{"type":"Polygon","coordinates":[[[107.1481,16.86691],[107.14895,16.86631],[107.1514,16.86519],[107.15263,16.86492],[107.15329,16.8646],[107.15329,16.86435],[107.15239,16.86296],[107.15164,16.86137],[107.15145,16.8606],[107.15176,16.85755],[107.15178,16.8566],[107.15152,16.85561],[107.15151,16.85437],[107.15173,16.85289],[107.15259,16.85147],[107.15437,16.8495],[107.15524,16.84823],[107.15602,16.84673],[107.15708,16.84547],[107.1575,16.84458],[107.15771,16.8439],[107.15781,16.84289],[107.15812,16.84161],[107.15805,16.84069],[107.15822,16.84016],[107.1592,16.83851],[107.16053,16.8368],[107.16126,16.83597],[107.16218,16.83538],[107.16345,16.83519],[107.16405,16.83526],[107.16457,16.83554],[107.16483,16.83616],[107.16529,16.83681],[107.16672,16.83782],[107.16761,16.83827],[107.16868,16.83869],[107.16951,16.83861],[107.17175,16.83872],[107.17361,16.8387],[107.17421,16.83909],[107.17485,16.83932],[107.1746,16.83997],[107.17571,16.84137],[107.17674,16.84214],[107.17729,16.84269],[107.17766,16.84282],[107.17833,16.84233],[107.17819,16.84181],[107.17739,16.84131],[107.17713,16.84084],[107.17726,16.84031],[107.17781,16.84002],[107.17795,16.83935],[107.17833,16.83944],[107.17985,16.84024],[107.18053,16.84036],[107.18204,16.84026],[107.18263,16.84051],[107.18312,16.84104],[107.18355,16.84122],[107.18416,16.84078],[107.18426,16.83943],[107.18471,16.83881],[107.18559,16.83898],[107.18591,16.8389],[107.1875,16.83776],[107.18877,16.83671],[107.18931,16.83646],[107.19128,16.83623],[107.19361,16.83578],[107.19512,16.8353],[107.19693,16.83491],[107.19735,16.83469],[107.19768,16.83366],[107.19754,16.83308],[107.19712,16.83286],[107.19628,16.83302],[107.19582,16.83284],[107.1949,16.83145],[107.19416,16.83133],[107.19298,16.83174],[107.19237,16.83178],[107.19154,16.83164],[107.19086,16.83135],[107.19052,16.83045],[107.19054,16.82998],[107.19111,16.82874],[107.19241,16.82803],[107.19306,16.82777],[107.19387,16.82776],[107.19467,16.82817],[107.19526,16.82925],[107.196,16.82991],[107.19651,16.83007],[107.19725,16.83009],[107.19791,16.82998],[107.19916,16.82934],[107.20004,16.82866],[107.20064,16.82758],[107.20087,16.82663],[107.20098,16.82563],[107.20127,16.82396],[107.20141,16.8236],[107.20202,16.82279],[107.20285,16.82206],[107.20364,16.82153],[107.20428,16.82096],[107.20608,16.81897],[107.20608,16.81852],[107.2058,16.81797],[107.20589,16.81758],[107.20662,16.81692],[107.20717,16.81684],[107.20846,16.81589],[107.2097,16.81534],[107.20996,16.81469],[107.20996,16.81423],[107.20974,16.81389],[107.20849,16.81286],[107.20826,16.81207],[107.20846,16.81145],[107.20928,16.81111],[107.20967,16.81044],[107.20982,16.80987],[107.21184,16.81126],[107.21215,16.81171],[107.21422,16.8129],[107.21475,16.81356],[107.21554,16.81365],[107.21572,16.81323],[107.21564,16.81226],[107.21594,16.81191],[107.21653,16.81175],[107.21662,16.81299],[107.2172,16.81271],[107.21765,16.81179],[107.21759,16.81121],[107.21779,16.81003],[107.2178,16.80942],[107.21747,16.809],[107.21757,16.80838],[107.21741,16.80702],[107.21748,16.80637],[107.21742,16.80519],[107.21748,16.804],[107.21771,16.80062],[107.21863,16.8009],[107.21989,16.80116],[107.22031,16.80046],[107.22107,16.80027],[107.22266,16.8002],[107.22357,16.79993],[107.22351,16.79932],[107.22462,16.79971],[107.22549,16.79946],[107.22595,16.79971],[107.22583,16.8005],[107.22604,16.80081],[107.22688,16.80057],[107.22728,16.80069],[107.22764,16.79988],[107.22827,16.79893],[107.22911,16.79842],[107.23061,16.79816],[107.23083,16.79847],[107.23122,16.7999],[107.23191,16.80049],[107.23188,16.80106],[107.23298,16.80169],[107.23341,16.80211],[107.23414,16.8031],[107.23494,16.80367],[107.26308,16.82315],[107.26068,16.83123],[107.2617,16.83232],[107.26226,16.83273],[107.26315,16.83367],[107.26421,16.83494],[107.26703,16.83684],[107.26783,16.83764],[107.26545,16.83979],[107.26506,16.84019],[107.26468,16.83998],[107.26392,16.84014],[107.2635,16.84045],[107.26286,16.8402],[107.26284,16.84067],[107.26344,16.84061],[107.26436,16.84016],[107.26442,16.84047],[107.26408,16.84094],[107.26135,16.84314],[107.25925,16.84511],[107.25471,16.84884],[107.25467,16.8482],[107.25446,16.84814],[107.25432,16.84906],[107.25417,16.84928],[107.25183,16.85123],[107.25015,16.85279],[107.24956,16.85327],[107.24811,16.85472],[107.24676,16.85571],[107.24461,16.85778],[107.24414,16.85832],[107.24328,16.85897],[107.24276,16.85956],[107.24164,16.86052],[107.24056,16.86156],[107.23904,16.86292],[107.23814,16.8631],[107.23837,16.86336],[107.2368,16.86467],[107.23575,16.86539],[107.23477,16.86637],[107.23362,16.86727],[107.23237,16.86839],[107.23131,16.86962],[107.23021,16.87036],[107.22991,16.87083],[107.22854,16.87194],[107.22666,16.87399],[107.22589,16.87454],[107.22512,16.8754],[107.22431,16.876],[107.22303,16.87733],[107.22255,16.87791],[107.22123,16.87904],[107.21991,16.88038],[107.21965,16.88087],[107.21715,16.88329],[107.21577,16.88497],[107.21408,16.88659],[107.21355,16.88728],[107.21258,16.88822],[107.21082,16.89039],[107.21019,16.89136],[107.20928,16.89217],[107.20844,16.89303],[107.20682,16.89506],[107.20658,16.89557],[107.20559,16.89695],[107.20433,16.89859],[107.20358,16.89972],[107.20291,16.90045],[107.20175,16.90221],[107.20105,16.90345],[107.20032,16.90492],[107.19998,16.9061],[107.19691,16.90631],[107.19624,16.90582],[107.19596,16.90525],[107.19601,16.90483],[107.19568,16.90465],[107.19425,16.90449],[107.19214,16.90395],[107.19189,16.90369],[107.19164,16.90276],[107.19062,16.90399],[107.18602,16.90161],[107.18368,16.90074],[107.18231,16.90002],[107.17807,16.89698],[107.17138,16.89215],[107.16766,16.88993],[107.16512,16.88819],[107.16046,16.88398],[107.1568,16.88111],[107.15537,16.88002],[107.15358,16.87811],[107.15311,16.87734],[107.15204,16.87399],[107.15056,16.87001],[107.14944,16.86822],[107.14874,16.86731],[107.1481,16.86691]]]},"properties":{"name":"Nam Cửa Việt","nameEn":"Nam Cua Viet","fullName":"Xã Nam Cửa Việt","fullNameEn":"Nam Cua Viet Commune","codeName":"nam_cua_viet","areaKm2":74.12,"postalCode":"48728","code":"19639"}},{"type":"Feature","geometry":{"type":"Polygon","coordinates":[[[107.12566,16.84224],[107.12726,16.83838],[107.12803,16.83602],[107.12806,16.83451],[107.12795,16.83353],[107.12795,16.83256],[107.12816,16.83186],[107.12962,16.8291],[107.13046,16.82808],[107.13276,16.82616],[107.13431,16.82462],[107.13605,16.82298],[107.13697,16.82242],[107.13898,16.82079],[107.1403,16.81851],[107.14082,16.81708],[107.14121,16.81572],[107.14278,16.81233],[107.14341,16.81072],[107.14353,16.81009],[107.14391,16.80924],[107.14511,16.80788],[107.14672,16.80687],[107.14713,16.8067],[107.14867,16.80819],[107.14907,16.80821],[107.14983,16.8077],[107.15073,16.80768],[107.15183,16.80798],[107.15233,16.80827],[107.15378,16.80947],[107.15405,16.81002],[107.15471,16.81046],[107.15506,16.81089],[107.15588,16.81134],[107.15688,16.81173],[107.15792,16.81152],[107.15964,16.81233],[107.16083,16.81251],[107.16115,16.81299],[107.16191,16.81313],[107.16276,16.81277],[107.1636,16.81273],[107.1646,16.81306],[107.16521,16.81312],[107.16597,16.81301],[107.16578,16.8124],[107.16601,16.81221],[107.16592,16.81168],[107.16566,16.81129],[107.16573,16.81095],[107.16614,16.81075],[107.1659,16.80987],[107.16531,16.8096],[107.16546,16.80927],[107.16517,16.80897],[107.16608,16.80878],[107.16617,16.80899],[107.16692,16.80877],[107.16702,16.80852],[107.16775,16.80856],[107.16774,16.80808],[107.1683,16.80774],[107.16912,16.8077],[107.17048,16.80708],[107.17166,16.80697],[107.17194,16.80666],[107.17175,16.80624],[107.17114,16.80582],[107.17106,16.80518],[107.17146,16.80489],[107.17182,16.80498],[107.17235,16.80546],[107.17387,16.80626],[107.1746,16.80654],[107.17583,16.8072],[107.1767,16.80815],[107.17691,16.80868],[107.17668,16.80935],[107.17567,16.8103],[107.17544,16.81115],[107.17641,16.81142],[107.17796,16.81138],[107.17939,16.81164],[107.18128,16.8124],[107.18197,16.81297],[107.18234,16.81277],[107.1828,16.81216],[107.18216,16.81134],[107.18127,16.80991],[107.18083,16.80886],[107.18086,16.80829],[107.1819,16.80792],[107.18345,16.81017],[107.18441,16.81132],[107.185,16.81116],[107.18567,16.81031],[107.1862,16.80982],[107.18797,16.8087],[107.18856,16.80826],[107.18918,16.80755],[107.18913,16.80701],[107.18877,16.80645],[107.18922,16.80583],[107.19095,16.80372],[107.19129,16.80318],[107.19143,16.80124],[107.18994,16.80122],[107.18893,16.80109],[107.18818,16.80111],[107.18659,16.80152],[107.18489,16.80238],[107.18369,16.80323],[107.18265,16.80455],[107.18049,16.80642],[107.18004,16.80652],[107.17794,16.80031],[107.17788,16.80002],[107.17804,16.79829],[107.17842,16.79671],[107.17977,16.79714],[107.18105,16.79468],[107.18138,16.79385],[107.18141,16.7931],[107.18121,16.79295],[107.17985,16.79268],[107.17891,16.79272],[107.17925,16.78844],[107.17886,16.78841],[107.1789,16.7877],[107.17881,16.78588],[107.17994,16.7841],[107.18122,16.78238],[107.1838,16.78177],[107.18567,16.78206],[107.18711,16.78274],[107.1875,16.78322],[107.18835,16.78458],[107.18858,16.78541],[107.18826,16.78615],[107.18769,16.78619],[107.18719,16.78597],[107.1867,16.78618],[107.1866,16.78706],[107.18682,16.78768],[107.1875,16.78805],[107.1894,16.78839],[107.19202,16.78823],[107.19254,16.78813],[107.19294,16.78842],[107.19323,16.78932],[107.19295,16.79159],[107.19349,16.79264],[107.19388,16.7931],[107.19476,16.79359],[107.19556,16.79363],[107.1971,16.79286],[107.1977,16.79272],[107.19944,16.7927],[107.20209,16.79291],[107.20292,16.7931],[107.20379,16.79351],[107.20437,16.79358],[107.20539,16.79332],[107.20603,16.79343],[107.2066,16.79292],[107.20732,16.79302],[107.20798,16.7934],[107.2083,16.7941],[107.20826,16.79548],[107.20801,16.79613],[107.20785,16.79712],[107.20777,16.79879],[107.20746,16.79989],[107.20744,16.80044],[107.20788,16.80049],[107.20899,16.80015],[107.21036,16.79933],[107.21133,16.79891],[107.21116,16.8001],[107.21249,16.8014],[107.2132,16.80294],[107.21298,16.80413],[107.21111,16.80722],[107.21002,16.80868],[107.20982,16.80987],[107.20967,16.81044],[107.20928,16.81111],[107.20846,16.81145],[107.20826,16.81207],[107.20849,16.81286],[107.20974,16.81389],[107.20996,16.81423],[107.20996,16.81469],[107.2097,16.81534],[107.20846,16.81589],[107.20717,16.81684],[107.20662,16.81692],[107.20589,16.81758],[107.2058,16.81797],[107.20608,16.81852],[107.20608,16.81897],[107.20428,16.82096],[107.20364,16.82153],[107.20285,16.82206],[107.20202,16.82279],[107.20141,16.8236],[107.20127,16.82396],[107.20098,16.82563],[107.20087,16.82663],[107.20064,16.82758],[107.20004,16.82866],[107.19916,16.82934],[107.19791,16.82998],[107.19725,16.83009],[107.19651,16.83007],[107.196,16.82991],[107.19526,16.82925],[107.19467,16.82817],[107.19387,16.82776],[107.19306,16.82777],[107.19241,16.82803],[107.19111,16.82874],[107.19054,16.82998],[107.19052,16.83045],[107.19086,16.83135],[107.19154,16.83164],[107.19237,16.83178],[107.19298,16.83174],[107.19416,16.83133],[107.1949,16.83145],[107.19582,16.83284],[107.19628,16.83302],[107.19712,16.83286],[107.19754,16.83308],[107.19768,16.83366],[107.19735,16.83469],[107.19693,16.83491],[107.19512,16.8353],[107.19361,16.83578],[107.19128,16.83623],[107.18931,16.83646],[107.18877,16.83671],[107.1875,16.83776],[107.18591,16.8389],[107.18559,16.83898],[107.18471,16.83881],[107.18426,16.83943],[107.18416,16.84078],[107.18355,16.84122],[107.18312,16.84104],[107.18263,16.84051],[107.18204,16.84026],[107.18053,16.84036],[107.17985,16.84024],[107.17833,16.83944],[107.17795,16.83935],[107.17781,16.84002],[107.17726,16.84031],[107.17713,16.84084],[107.17739,16.84131],[107.17819,16.84181],[107.17833,16.84233],[107.17766,16.84282],[107.17729,16.84269],[107.17674,16.84214],[107.17571,16.84137],[107.1746,16.83997],[107.17485,16.83932],[107.17421,16.83909],[107.17361,16.8387],[107.17175,16.83872],[107.16951,16.83861],[107.16868,16.83869],[107.16761,16.83827],[107.16672,16.83782],[107.16529,16.83681],[107.16483,16.83616],[107.16457,16.83554],[107.16405,16.83526],[107.16345,16.83519],[107.16218,16.83538],[107.16126,16.83597],[107.16053,16.8368],[107.1592,16.83851],[107.15822,16.84016],[107.15805,16.84069],[107.15812,16.84161],[107.15781,16.84289],[107.15771,16.8439],[107.1575,16.84458],[107.15708,16.84547],[107.15602,16.84673],[107.15524,16.84823],[107.15437,16.8495],[107.15259,16.85147],[107.15173,16.85289],[107.15151,16.85437],[107.15152,16.85561],[107.15178,16.8566],[107.15176,16.85755],[107.15145,16.8606],[107.15164,16.86137],[107.15239,16.86296],[107.15329,16.86435],[107.15329,16.8646],[107.15263,16.86492],[107.1514,16.86519],[107.14895,16.86631],[107.1481,16.86691],[107.14662,16.86609],[107.14558,16.86574],[107.14409,16.86545],[107.14254,16.86537],[107.14139,16.86519],[107.13684,16.8638],[107.12926,16.85729],[107.12925,16.85726],[107.12777,16.85382],[107.12683,16.85182],[107.12611,16.85103],[107.12546,16.84988],[107.12524,16.84924],[107.12495,16.84797],[107.12486,16.84688],[107.12497,16.8451],[107.12551,16.84271],[107.12566,16.84224]]]},"properties":{"name":"Triệu Bình","nameEn":"Trieu Binh","fullName":"Xã Triệu Bình","fullNameEn":"Trieu Binh Commune","codeName":"trieu_binh","areaKm2":37.2,"postalCode":"48727","code":"19645"}},{"type":"Feature","geometry":{"type":"Polygon","coordinates":[[[107.20019,16.76224],[107.20087,16.76105],[107.20143,16.76122],[107.20213,16.76077],[107.20249,16.76145],[107.20436,16.76158],[107.20453,16.76065],[107.20546,16.76072],[107.20663,16.76128],[107.20723,16.76053],[107.20759,16.76134],[107.208,16.76177],[107.20868,16.76215],[107.20914,16.7628],[107.20917,16.76413],[107.20909,16.76467],[107.21006,16.76416],[107.21092,16.76461],[107.21186,16.7656],[107.21219,16.76613],[107.21248,16.76721],[107.21291,16.76838],[107.21382,16.76907],[107.21431,16.76919],[107.2158,16.76919],[107.21719,16.7678],[107.21771,16.76688],[107.21827,16.7656],[107.2193,16.76479],[107.21977,16.76473],[107.22042,16.76497],[107.22224,16.76649],[107.22258,16.76671],[107.22336,16.76691],[107.2243,16.76686],[107.22497,16.76653],[107.2254,16.76608],[107.22574,16.76545],[107.22584,16.7643],[107.22601,16.76355],[107.22629,16.76293],[107.22711,16.7623],[107.22871,16.76183],[107.23007,16.7616],[107.23185,16.7616],[107.2328,16.76197],[107.23329,16.76278],[107.23368,16.76308],[107.23432,16.76328],[107.23539,16.76278],[107.23594,16.7623],[107.23638,16.76234],[107.23746,16.76278],[107.23859,16.76309],[107.23945,16.76304],[107.24064,16.76238],[107.24105,16.76163],[107.24155,16.7612],[107.24247,16.76153],[107.24427,16.7633],[107.24544,16.76383],[107.24792,16.7638],[107.24932,16.76363],[107.2501,16.76337],[107.25111,16.76272],[107.25178,16.76243],[107.25265,16.76227],[107.25218,16.76368],[107.25147,16.76429],[107.25022,16.76492],[107.24979,16.76556],[107.2498,16.76616],[107.25008,16.7666],[107.25062,16.76678],[107.25148,16.76638],[107.25287,16.76676],[107.25434,16.76735],[107.25655,16.7679],[107.25768,16.76838],[107.25894,16.76917],[107.25912,16.76942],[107.25988,16.76988],[107.26247,16.77076],[107.26305,16.77101],[107.26352,16.77142],[107.26508,16.77332],[107.26568,16.77395],[107.26644,16.77434],[107.26779,16.77524],[107.26825,16.77564],[107.26741,16.77682],[107.26572,16.77879],[107.26625,16.77903],[107.26697,16.77984],[107.27185,16.78266],[107.2737,16.78353],[107.27425,16.78514],[107.2745,16.78662],[107.27597,16.78771],[107.27713,16.78881],[107.27946,16.79144],[107.28171,16.79319],[107.28668,16.79433],[107.29026,16.79431],[107.29094,16.7948],[107.29161,16.79529],[107.29378,16.79678],[107.29514,16.79782],[107.29812,16.79769],[107.30081,16.79799],[107.30102,16.79817],[107.30152,16.79803],[107.3027,16.79837],[107.3036,16.79836],[107.30447,16.7989],[107.30466,16.79899],[107.30528,16.79956],[107.30609,16.79989],[107.30729,16.80075],[107.30797,16.80155],[107.30832,16.80195],[107.3091,16.8019],[107.30916,16.80219],[107.30808,16.80341],[107.30718,16.80418],[107.30515,16.80572],[107.30391,16.80692],[107.30294,16.80777],[107.3021,16.80837],[107.30111,16.80936],[107.30023,16.8099],[107.29806,16.81168],[107.29671,16.81266],[107.29645,16.81276],[107.29536,16.81396],[107.29445,16.81473],[107.29069,16.81811],[107.29037,16.81818],[107.29035,16.81749],[107.28992,16.81762],[107.29028,16.81846],[107.2896,16.81919],[107.28823,16.82031],[107.28752,16.82097],[107.28652,16.82205],[107.28509,16.82328],[107.28284,16.8251],[107.28167,16.82609],[107.28006,16.82737],[107.27873,16.82858],[107.27824,16.82893],[107.27527,16.8314],[107.27376,16.83277],[107.2731,16.83329],[107.27204,16.83427],[107.27158,16.83419],[107.27069,16.83432],[107.27081,16.83473],[107.27145,16.83463],[107.26783,16.83764],[107.26703,16.83684],[107.26421,16.83494],[107.26315,16.83367],[107.26226,16.83273],[107.2617,16.83232],[107.26068,16.83123],[107.26308,16.82315],[107.23494,16.80367],[107.23414,16.8031],[107.23341,16.80211],[107.23298,16.80169],[107.23188,16.80106],[107.23191,16.80049],[107.23122,16.7999],[107.23083,16.79847],[107.23061,16.79816],[107.22911,16.79842],[107.22827,16.79893],[107.22764,16.79988],[107.22728,16.80069],[107.22688,16.80057],[107.22604,16.80081],[107.22583,16.8005],[107.22595,16.79971],[107.22549,16.79946],[107.22462,16.79971],[107.22351,16.79932],[107.22357,16.79993],[107.22266,16.8002],[107.22107,16.80027],[107.22031,16.80046],[107.21989,16.80116],[107.21863,16.8009],[107.21771,16.80062],[107.21748,16.804],[107.21742,16.80519],[107.21748,16.80637],[107.21741,16.80702],[107.21757,16.80838],[107.21747,16.809],[107.2178,16.80942],[107.21779,16.81003],[107.21759,16.81121],[107.21765,16.81179],[107.2172,16.81271],[107.21662,16.81299],[107.21653,16.81175],[107.21594,16.81191],[107.21564,16.81226],[107.21572,16.81323],[107.21554,16.81365],[107.21475,16.81356],[107.21422,16.8129],[107.21215,16.81171],[107.21184,16.81126],[107.20982,16.80987],[107.21002,16.80868],[107.21111,16.80722],[107.21298,16.80413],[107.2132,16.80294],[107.21249,16.8014],[107.21116,16.8001],[107.21133,16.79891],[107.21145,16.79841],[107.21213,16.79782],[107.2129,16.79738],[107.21397,16.79726],[107.21391,16.7959],[107.21367,16.79328],[107.21373,16.79222],[107.2145,16.79189],[107.21461,16.79078],[107.21485,16.79041],[107.21357,16.78824],[107.21403,16.78743],[107.21401,16.78664],[107.21452,16.7859],[107.21552,16.78624],[107.21609,16.78524],[107.21752,16.78396],[107.21768,16.7835],[107.21798,16.78328],[107.21715,16.78152],[107.21667,16.78087],[107.21699,16.78062],[107.21658,16.77996],[107.21511,16.78121],[107.21485,16.78077],[107.2144,16.78104],[107.21417,16.78044],[107.21234,16.78105],[107.21144,16.78099],[107.21149,16.78041],[107.21137,16.77963],[107.2109,16.77878],[107.21033,16.77826],[107.21109,16.77739],[107.21088,16.77665],[107.20959,16.77551],[107.20947,16.77575],[107.20881,16.7755],[107.20638,16.77427],[107.20781,16.77289],[107.20843,16.77206],[107.20953,16.77312],[107.21,16.77274],[107.20942,16.7719],[107.20927,16.77141],[107.20881,16.77074],[107.20796,16.77017],[107.20687,16.76971],[107.20664,16.77091],[107.20502,16.77079],[107.20411,16.77056],[107.20257,16.76986],[107.20209,16.76973],[107.20195,16.77025],[107.20108,16.76991],[107.20067,16.77115],[107.19923,16.77093],[107.19923,16.77017],[107.19938,16.76914],[107.19968,16.76813],[107.20042,16.76825],[107.20281,16.76889],[107.20341,16.7677],[107.20263,16.76632],[107.20168,16.76449],[107.20119,16.76322],[107.20075,16.76263],[107.20019,16.76224]]]},"properties":{"name":"Triệu Cơ","nameEn":"Trieu Co","fullName":"Xã Triệu Cơ","fullNameEn":"Trieu Co Commune","codeName":"trieu_co","areaKm2":44.54,"postalCode":"48711","code":"19654"}},{"type":"Feature","geometry":{"type":"Polygon","coordinates":[[[107.03,16.75175],[107.02919,16.7515],[107.02873,16.7515],[107.02729,16.75033],[107.02636,16.7503],[107.02592,16.75018],[107.02528,16.75041],[107.02518,16.75071],[107.02424,16.75019],[107.02361,16.75],[107.02064,16.7501],[107.01211,16.75049],[107.01212,16.74912],[107.01244,16.74857],[107.01307,16.74795],[107.01345,16.74773],[107.01395,16.74672],[107.01459,16.74652],[107.01333,16.7421],[107.01311,16.73848],[107.01227,16.73838],[107.01109,16.73808],[107.01031,16.7376],[107.00973,16.73738],[107.00815,16.73754],[107.00661,16.73719],[107.00511,16.73653],[107.00384,16.73667],[107.00261,16.7353],[107.00221,16.73294],[107.00252,16.72982],[107.00247,16.72894],[107.00282,16.72887],[107.00318,16.72849],[107.00457,16.72768],[107.00439,16.72725],[107.00451,16.72625],[107.00422,16.72591],[107.0031,16.72493],[107.00288,16.7234],[107.0026,16.72281],[107.00281,16.72192],[107.00362,16.72114],[107.00485,16.72024],[107.00536,16.71999],[107.00544,16.71932],[107.00472,16.7183],[107.00426,16.7178],[107.00294,16.71671],[107.00284,16.71641],[107.00322,16.71574],[107.00381,16.71506],[107.00451,16.71345],[107.00508,16.71267],[107.0058,16.71252],[107.00614,16.71224],[107.00634,16.7105],[107.00654,16.71017],[107.00599,16.71003],[107.00558,16.70954],[107.00513,16.70737],[107.00538,16.7063],[107.0058,16.70588],[107.00608,16.70516],[107.00574,16.70447],[107.00562,16.7027],[107.00571,16.70209],[107.00538,16.70133],[107.00445,16.70027],[107.00315,16.69984],[107.00132,16.69953],[107.00036,16.69919],[107.00049,16.69804],[107.00126,16.69765],[107.00183,16.69693],[107.00338,16.69594],[107.00395,16.69617],[107.00401,16.69641],[107.00492,16.69691],[107.00601,16.69714],[107.00641,16.69669],[107.00666,16.69598],[107.00748,16.69551],[107.0081,16.69583],[107.00915,16.69533],[107.01008,16.6945],[107.01264,16.69429],[107.01328,16.69398],[107.01489,16.69377],[107.01541,16.69358],[107.0161,16.69281],[107.01615,16.69192],[107.01636,16.69093],[107.01707,16.69039],[107.01804,16.68991],[107.0182,16.68926],[107.01874,16.68902],[107.01953,16.68801],[107.02002,16.68775],[107.02036,16.68736],[107.02115,16.68705],[107.0225,16.68718],[107.02302,16.68702],[107.02369,16.68646],[107.02464,16.68657],[107.02536,16.6865],[107.02629,16.68659],[107.02707,16.68641],[107.02819,16.68601],[107.02967,16.68602],[107.03016,16.68585],[107.03099,16.68495],[107.03166,16.68474],[107.03267,16.68476],[107.03341,16.68452],[107.03449,16.68455],[107.03543,16.6843],[107.03629,16.68472],[107.03738,16.68506],[107.03802,16.68576],[107.03823,16.68664],[107.03909,16.68677],[107.04027,16.68745],[107.04068,16.68783],[107.04151,16.68815],[107.04205,16.68859],[107.04257,16.68858],[107.04339,16.68809],[107.04458,16.68869],[107.04614,16.68921],[107.04746,16.68941],[107.04899,16.68892],[107.05005,16.68766],[107.05118,16.68777],[107.05148,16.68742],[107.05186,16.6873],[107.05297,16.68664],[107.05422,16.68634],[107.05471,16.68611],[107.057,16.68571],[107.05754,16.68533],[107.0587,16.68594],[107.0587,16.68651],[107.05804,16.68684],[107.05786,16.68718],[107.05826,16.68763],[107.05816,16.68815],[107.0571,16.68856],[107.05677,16.68888],[107.0566,16.68989],[107.05632,16.69004],[107.05566,16.68979],[107.05521,16.68995],[107.05516,16.69061],[107.05596,16.69123],[107.05654,16.69129],[107.05697,16.69104],[107.05736,16.69141],[107.05751,16.69209],[107.05845,16.69232],[107.05862,16.69215],[107.05891,16.69124],[107.05919,16.6911],[107.05957,16.69142],[107.06017,16.69166],[107.06149,16.69185],[107.06172,16.6921],[107.06149,16.6929],[107.06151,16.69343],[107.06299,16.69359],[107.06307,16.69384],[107.06261,16.69506],[107.06222,16.69577],[107.06231,16.69625],[107.06258,16.69646],[107.06349,16.69669],[107.06349,16.69703],[107.06206,16.69731],[107.06207,16.69784],[107.06274,16.69856],[107.06407,16.69909],[107.06552,16.69977],[107.06632,16.70034],[107.06648,16.70066],[107.0656,16.70156],[107.06564,16.70191],[107.06622,16.70244],[107.06743,16.70299],[107.06738,16.70334],[107.068,16.70347],[107.06896,16.70325],[107.06943,16.703],[107.06978,16.70306],[107.07021,16.70344],[107.07127,16.70349],[107.07233,16.70374],[107.07254,16.70362],[107.0723,16.70305],[107.07244,16.70234],[107.07294,16.70197],[107.07429,16.70197],[107.0753,16.7027],[107.07561,16.70365],[107.07599,16.70401],[107.07638,16.70401],[107.07785,16.70307],[107.07837,16.70248],[107.07881,16.70238],[107.07918,16.7027],[107.07918,16.70328],[107.07984,16.70346],[107.0804,16.70306],[107.08133,16.70284],[107.0818,16.70262],[107.08217,16.70285],[107.08207,16.70395],[107.08281,16.7043],[107.08308,16.70468],[107.08381,16.70514],[107.08381,16.70541],[107.08343,16.70591],[107.08365,16.70632],[107.08419,16.70658],[107.08488,16.70668],[107.08517,16.70688],[107.08506,16.70745],[107.08536,16.70822],[107.08527,16.70867],[107.08437,16.71023],[107.0847,16.71067],[107.08602,16.71035],[107.08649,16.71064],[107.08729,16.7109],[107.0875,16.71148],[107.08751,16.71215],[107.08778,16.71239],[107.0887,16.71257],[107.08921,16.71251],[107.09001,16.71278],[107.09041,16.71344],[107.09136,16.7134],[107.09171,16.71379],[107.09156,16.7141],[107.09053,16.71434],[107.09041,16.7147],[107.09055,16.71536],[107.09131,16.71553],[107.09185,16.71529],[107.09242,16.7154],[107.09264,16.71618],[107.09255,16.71693],[107.09186,16.71759],[107.09187,16.71778],[107.09265,16.7186],[107.09345,16.71872],[107.0944,16.71866],[107.10658,16.71817],[107.11127,16.71794],[107.11135,16.71831],[107.11174,16.71828],[107.11206,16.71873],[107.1119,16.71971],[107.11267,16.72017],[107.11299,16.72013],[107.11327,16.72072],[107.11396,16.72044],[107.11469,16.72085],[107.11515,16.72074],[107.11533,16.72151],[107.11578,16.72145],[107.11677,16.72192],[107.11748,16.7217],[107.11782,16.72103],[107.11852,16.72065],[107.11918,16.72109],[107.11911,16.72171],[107.11922,16.72234],[107.11878,16.72283],[107.11851,16.72358],[107.11891,16.72384],[107.11913,16.72435],[107.11968,16.72426],[107.12105,16.72432],[107.12123,16.72415],[107.12112,16.72354],[107.12152,16.72334],[107.12195,16.7235],[107.12229,16.72417],[107.12299,16.72438],[107.12337,16.72541],[107.12377,16.72583],[107.12404,16.72646],[107.12397,16.72688],[107.12419,16.72714],[107.1248,16.72721],[107.12526,16.72679],[107.12561,16.7272],[107.12605,16.728],[107.12669,16.72797],[107.12653,16.72874],[107.12667,16.7291],[107.12636,16.72991],[107.12595,16.73027],[107.12589,16.73065],[107.12632,16.7308],[107.12723,16.73074],[107.12744,16.73102],[107.12728,16.7314],[107.1277,16.73159],[107.12859,16.73125],[107.12878,16.73256],[107.12939,16.7327],[107.12948,16.73315],[107.12915,16.73366],[107.12945,16.73401],[107.13005,16.73392],[107.13065,16.73341],[107.13121,16.73324],[107.13154,16.73338],[107.13226,16.73307],[107.13294,16.73297],[107.13362,16.73309],[107.13544,16.73371],[107.13618,16.73384],[107.13749,16.73383],[107.13817,16.73359],[107.13936,16.73345],[107.14008,16.73444],[107.14017,16.73523],[107.14006,16.7361],[107.14029,16.73646],[107.14114,16.73663],[107.14177,16.73718],[107.1421,16.73798],[107.14286,16.73893],[107.14306,16.73943],[107.14311,16.7405],[107.14299,16.74167],[107.14323,16.74297],[107.1435,16.74367],[107.14431,16.74505],[107.14447,16.74603],[107.1447,16.74682],[107.14733,16.74817],[107.14879,16.74838],[107.14933,16.74889],[107.15089,16.7508],[107.15204,16.75145],[107.15404,16.7515],[107.15527,16.7523],[107.15625,16.75489],[107.15485,16.7569],[107.15649,16.75823],[107.15853,16.76017],[107.15912,16.7608],[107.15981,16.76103],[107.15861,16.7626],[107.16086,16.76378],[107.15334,16.77564],[107.15417,16.77589],[107.15469,16.77729],[107.15549,16.77799],[107.15647,16.7787],[107.16021,16.78083],[107.16051,16.78076],[107.16158,16.77952],[107.16218,16.77892],[107.16407,16.78147],[107.16592,16.77909],[107.16675,16.77798],[107.16876,16.77551],[107.16986,16.77439],[107.17086,16.77364],[107.17184,16.77349],[107.17198,16.77222],[107.17228,16.7714],[107.17296,16.77095],[107.17396,16.77094],[107.17551,16.7724],[107.17552,16.77314],[107.175,16.77447],[107.17519,16.7752],[107.17578,16.77559],[107.1769,16.77601],[107.17824,16.77612],[107.17956,16.77616],[107.18053,16.77598],[107.18274,16.77504],[107.18439,16.77371],[107.18472,16.77335],[107.1856,16.77387],[107.18582,16.77713],[107.18725,16.77761],[107.19007,16.77839],[107.19032,16.77866],[107.19102,16.77876],[107.19233,16.77921],[107.19251,16.7792],[107.19627,16.77946],[107.19739,16.77933],[107.19693,16.78327],[107.19144,16.78274],[107.19117,16.78434],[107.19086,16.7852],[107.19032,16.78598],[107.18969,16.78709],[107.1894,16.78839],[107.1875,16.78805],[107.18682,16.78768],[107.1866,16.78706],[107.1867,16.78618],[107.18719,16.78597],[107.18769,16.78619],[107.18826,16.78615],[107.18858,16.78541],[107.18835,16.78458],[107.1875,16.78322],[107.18711,16.78274],[107.18567,16.78206],[107.1838,16.78177],[107.18122,16.78238],[107.17994,16.7841],[107.17881,16.78588],[107.1789,16.7877],[107.17886,16.78841],[107.17925,16.78844],[107.17891,16.79272],[107.17985,16.79268],[107.18121,16.79295],[107.18141,16.7931],[107.18138,16.79385],[107.18105,16.79468],[107.17977,16.79714],[107.17842,16.79671],[107.17804,16.79829],[107.17788,16.80002],[107.17794,16.80031],[107.18004,16.80652],[107.18049,16.80642],[107.18265,16.80455],[107.18369,16.80323],[107.18489,16.80238],[107.18659,16.80152],[107.18818,16.80111],[107.18893,16.80109],[107.18994,16.80122],[107.19143,16.80124],[107.19129,16.80318],[107.19095,16.80372],[107.18922,16.80583],[107.18877,16.80645],[107.18913,16.80701],[107.18918,16.80755],[107.18856,16.80826],[107.18797,16.8087],[107.1862,16.80982],[107.18567,16.81031],[107.185,16.81116],[107.18441,16.81132],[107.18345,16.81017],[107.1819,16.80792],[107.18086,16.80829],[107.18083,16.80886],[107.18127,16.80991],[107.18216,16.81134],[107.1828,16.81216],[107.18234,16.81277],[107.18197,16.81297],[107.18128,16.8124],[107.17939,16.81164],[107.17796,16.81138],[107.17641,16.81142],[107.17544,16.81115],[107.17567,16.8103],[107.17668,16.80935],[107.17691,16.80868],[107.1767,16.80815],[107.17583,16.8072],[107.1746,16.80654],[107.17387,16.80626],[107.17235,16.80546],[107.17182,16.80498],[107.17146,16.80489],[107.17106,16.80518],[107.17114,16.80582],[107.17175,16.80624],[107.17194,16.80666],[107.17166,16.80697],[107.17048,16.80708],[107.16912,16.8077],[107.1683,16.80774],[107.16774,16.80808],[107.16775,16.80856],[107.16702,16.80852],[107.16692,16.80877],[107.16617,16.80899],[107.16608,16.80878],[107.16517,16.80897],[107.16546,16.80927],[107.16531,16.8096],[107.1659,16.80987],[107.16614,16.81075],[107.16573,16.81095],[107.16566,16.81129],[107.16592,16.81168],[107.16601,16.81221],[107.16578,16.8124],[107.16597,16.81301],[107.16521,16.81312],[107.1646,16.81306],[107.1636,16.81273],[107.16276,16.81277],[107.16191,16.81313],[107.16115,16.81299],[107.16083,16.81251],[107.15964,16.81233],[107.15792,16.81152],[107.15688,16.81173],[107.15588,16.81134],[107.15506,16.81089],[107.15471,16.81046],[107.15405,16.81002],[107.15378,16.80947],[107.15233,16.80827],[107.15183,16.80798],[107.15073,16.80768],[107.14983,16.8077],[107.14907,16.80821],[107.14867,16.80819],[107.14713,16.8067],[107.14672,16.80687],[107.14736,16.80545],[107.14854,16.80432],[107.14855,16.80369],[107.14771,16.80323],[107.14701,16.80315],[107.14667,16.80325],[107.14518,16.80327],[107.14357,16.80295],[107.14277,16.80233],[107.14238,16.80185],[107.1408,16.80044],[107.13997,16.79984],[107.13911,16.79935],[107.13766,16.79888],[107.13538,16.79868],[107.13411,16.7984],[107.13352,16.79799],[107.13326,16.79751],[107.13285,16.79629],[107.13242,16.79568],[107.13167,16.79494],[107.13003,16.79392],[107.12834,16.79253],[107.12724,16.79104],[107.12641,16.78962],[107.12599,16.78852],[107.1259,16.78768],[107.12609,16.78671],[107.12607,16.78603],[107.12535,16.78487],[107.12457,16.78343],[107.12389,16.78162],[107.12273,16.78011],[107.12166,16.77886],[107.12083,16.77817],[107.12005,16.77773],[107.11894,16.77733],[107.11821,16.77716],[107.11715,16.77722],[107.11667,16.7771],[107.11561,16.77664],[107.11427,16.77587],[107.10985,16.77291],[107.10905,16.77268],[107.10819,16.77258],[107.10755,16.77279],[107.10703,16.77323],[107.10664,16.7738],[107.10645,16.77433],[107.10638,16.77554],[107.10618,16.77648],[107.10599,16.77677],[107.10532,16.77714],[107.1046,16.77736],[107.1038,16.77738],[107.10278,16.77705],[107.10208,16.77695],[107.10072,16.77696],[107.09939,16.77643],[107.09901,16.77595],[107.09902,16.77547],[107.09931,16.7737],[107.09916,16.77321],[107.09828,16.7729],[107.09766,16.77289],[107.09722,16.77308],[107.09695,16.77385],[107.09688,16.77479],[107.09718,16.77683],[107.09713,16.77746],[107.09686,16.77799],[107.09641,16.77832],[107.09557,16.77848],[107.09432,16.778],[107.09373,16.77798],[107.09342,16.7783],[107.09318,16.78077],[107.09281,16.78128],[107.09236,16.78145],[107.09175,16.78137],[107.09139,16.78108],[107.09111,16.7805],[107.09024,16.77941],[107.08933,16.77874],[107.08873,16.77862],[107.08811,16.77882],[107.08748,16.77938],[107.08672,16.77975],[107.08608,16.77954],[107.08579,16.77899],[107.08512,16.77838],[107.08384,16.77794],[107.08234,16.77783],[107.08177,16.77753],[107.0814,16.7763],[107.08084,16.77573],[107.08098,16.77478],[107.08059,16.77391],[107.08038,16.77383],[107.07909,16.77452],[107.07872,16.77453],[107.07585,16.77349],[107.07538,16.77343],[107.07443,16.77357],[107.07368,16.77279],[107.07323,16.77245],[107.0715,16.77192],[107.07116,16.77132],[107.07124,16.77075],[107.07151,16.77058],[107.07274,16.77062],[107.07324,16.77022],[107.07334,16.76861],[107.07306,16.7677],[107.07209,16.76656],[107.07218,16.76588],[107.07331,16.76509],[107.07347,16.76435],[107.07317,16.76342],[107.07265,16.76354],[107.07162,16.76459],[107.07029,16.7656],[107.06911,16.76573],[107.06868,16.76534],[107.06893,16.76472],[107.06897,16.76383],[107.06857,16.76372],[107.06819,16.7639],[107.06746,16.76461],[107.06678,16.76485],[107.06623,16.76463],[107.06612,16.76412],[107.06526,16.76322],[107.06328,16.76208],[107.06322,16.76168],[107.06345,16.76118],[107.06412,16.76051],[107.06468,16.76023],[107.06516,16.75958],[107.06491,16.75912],[107.06325,16.75909],[107.06292,16.75889],[107.06275,16.758],[107.06273,16.75723],[107.06288,16.75648],[107.06269,16.75599],[107.0619,16.75532],[107.06185,16.75486],[107.06247,16.75463],[107.06303,16.75419],[107.06318,16.75357],[107.0626,16.75317],[107.06243,16.75268],[107.06264,16.75221],[107.06235,16.75118],[107.06198,16.75098],[107.06152,16.75122],[107.06077,16.75273],[107.06018,16.75297],[107.05956,16.75271],[107.0593,16.75185],[107.05894,16.7515],[107.05824,16.75155],[107.05752,16.75192],[107.05596,16.75222],[107.05554,16.75223],[107.05477,16.75197],[107.05454,16.75171],[107.05441,16.7508],[107.05409,16.75025],[107.05377,16.7494],[107.05323,16.74745],[107.05293,16.74687],[107.05064,16.74621],[107.05021,16.74624],[107.04942,16.74655],[107.04901,16.7464],[107.04842,16.74569],[107.04769,16.74544],[107.0473,16.74513],[107.0462,16.74396],[107.04571,16.74356],[107.04507,16.74381],[107.04481,16.7441],[107.04485,16.74496],[107.04446,16.74546],[107.04396,16.74538],[107.04289,16.7442],[107.04112,16.7438],[107.04061,16.74381],[107.03961,16.74443],[107.03849,16.74498],[107.0376,16.745],[107.03717,16.7453],[107.03668,16.74511],[107.03626,16.74515],[107.03544,16.74556],[107.0353,16.74622],[107.03543,16.74676],[107.0353,16.74712],[107.03468,16.7478],[107.03426,16.748],[107.0335,16.74784],[107.03302,16.74739],[107.03273,16.74675],[107.03256,16.74574],[107.03213,16.74568],[107.03182,16.74606],[107.03143,16.74689],[107.031,16.74899],[107.03102,16.74983],[107.03093,16.75056],[107.0306,16.7514],[107.03,16.75175]]]},"properties":{"name":"Ái Tử","nameEn":"Ai Tu","fullName":"Xã Ái Tử","fullNameEn":"Ai Tu Commune","codeName":"ai_tu","areaKm2":116.74,"postalCode":"48726","code":"19669"}},{"type":"Feature","geometry":{"type":"Polygon","coordinates":[[[107.24675,16.72193],[107.2426,16.72057],[107.24537,16.71471],[107.24376,16.7112],[107.24575,16.70772],[107.24596,16.70364],[107.24566,16.7032],[107.24624,16.70267],[107.24719,16.70289],[107.24762,16.70254],[107.24847,16.70257],[107.24885,16.70245],[107.24244,16.69602],[107.24215,16.69576],[107.24053,16.69502],[107.23996,16.69442],[107.23984,16.69353],[107.23924,16.69253],[107.24345,16.69034],[107.24307,16.68998],[107.247,16.68728],[107.2464,16.68659],[107.24599,16.68595],[107.24597,16.68565],[107.24667,16.68386],[107.24599,16.68271],[107.24556,16.68054],[107.24594,16.68015],[107.24517,16.67904],[107.24467,16.6787],[107.24441,16.67825],[107.24398,16.67797],[107.24331,16.6778],[107.24234,16.67725],[107.24165,16.67711],[107.24197,16.67586],[107.24192,16.67526],[107.24152,16.67502],[107.24097,16.67342],[107.24096,16.67275],[107.24224,16.67246],[107.24208,16.67194],[107.24094,16.67082],[107.24098,16.67006],[107.24072,16.66902],[107.23936,16.66868],[107.23869,16.66862],[107.23841,16.66842],[107.23801,16.66741],[107.2379,16.66668],[107.23728,16.66652],[107.23713,16.66693],[107.23656,16.66737],[107.23626,16.66719],[107.23597,16.66646],[107.23489,16.66637],[107.23435,16.6665],[107.23388,16.66579],[107.23279,16.66551],[107.23281,16.66491],[107.23226,16.66463],[107.23183,16.66499],[107.23155,16.66496],[107.23123,16.66441],[107.23061,16.66437],[107.23017,16.66472],[107.22838,16.66463],[107.2282,16.6642],[107.22761,16.66377],[107.22659,16.66267],[107.22612,16.66226],[107.22539,16.66117],[107.22522,16.66054],[107.22497,16.66028],[107.22336,16.6593],[107.22228,16.65894],[107.22103,16.65907],[107.22018,16.6584],[107.21868,16.65615],[107.21715,16.65589],[107.21439,16.6545],[107.21347,16.6536],[107.21283,16.65218],[107.21256,16.65176],[107.21213,16.65174],[107.21129,16.65121],[107.21145,16.65048],[107.21115,16.64982],[107.21163,16.64715],[107.21118,16.64627],[107.21034,16.64501],[107.20938,16.64485],[107.20923,16.64402],[107.20897,16.64364],[107.20886,16.64263],[107.20894,16.64203],[107.2086,16.64121],[107.20816,16.64057],[107.20761,16.63948],[107.20646,16.63851],[107.20575,16.63869],[107.20515,16.63774],[107.20511,16.63714],[107.20396,16.63702],[107.20339,16.63711],[107.20299,16.63691],[107.20235,16.63712],[107.20188,16.63808],[107.20076,16.63816],[107.19981,16.63799],[107.19888,16.63747],[107.19817,16.63798],[107.19726,16.63787],[107.19537,16.63804],[107.19526,16.63885],[107.19474,16.63963],[107.19445,16.63987],[107.1929,16.64032],[107.19243,16.64054],[107.19152,16.64144],[107.19088,16.64186],[107.19005,16.64157],[107.18923,16.64144],[107.18878,16.64116],[107.18883,16.64052],[107.18865,16.63992],[107.18794,16.63971],[107.18723,16.63932],[107.18665,16.63917],[107.18546,16.63933],[107.18513,16.63878],[107.18482,16.63769],[107.18453,16.63742],[107.18421,16.6367],[107.18341,16.63593],[107.1824,16.63592],[107.18251,16.63494],[107.18155,16.6329],[107.181,16.63269],[107.18005,16.63285],[107.17891,16.63198],[107.17861,16.63126],[107.17891,16.63065],[107.17822,16.63022],[107.17797,16.62973],[107.17816,16.62907],[107.17782,16.62853],[107.17809,16.62779],[107.17913,16.62744],[107.17941,16.62722],[107.17935,16.62677],[107.18043,16.62515],[107.18033,16.62496],[107.17952,16.62461],[107.17933,16.62385],[107.17898,16.62324],[107.17889,16.62271],[107.17922,16.62222],[107.18021,16.62222],[107.18109,16.62151],[107.18164,16.62143],[107.18192,16.62112],[107.18188,16.62043],[107.18266,16.6208],[107.18374,16.62021],[107.18465,16.61903],[107.18486,16.61848],[107.18529,16.61826],[107.18601,16.61814],[107.18649,16.61845],[107.1875,16.61928],[107.18798,16.61939],[107.18853,16.61871],[107.18876,16.61866],[107.18929,16.61901],[107.18945,16.61953],[107.19017,16.62057],[107.19039,16.62063],[107.19108,16.62016],[107.19197,16.61999],[107.19326,16.62004],[107.1936,16.62032],[107.19374,16.62104],[107.19404,16.62188],[107.19459,16.6222],[107.19616,16.62237],[107.19724,16.62241],[107.19802,16.62254],[107.19862,16.62329],[107.19887,16.62386],[107.2,16.62418],[107.20118,16.62393],[107.20151,16.62312],[107.20155,16.62255],[107.20199,16.62236],[107.20249,16.62273],[107.20312,16.62287],[107.204,16.62238],[107.20449,16.62224],[107.20518,16.62247],[107.20598,16.62397],[107.20662,16.62429],[107.20877,16.62356],[107.21087,16.62311],[107.21181,16.62362],[107.21265,16.62371],[107.21377,16.62337],[107.21459,16.62222],[107.21545,16.62056],[107.21584,16.61994],[107.21549,16.61943],[107.21454,16.61831],[107.21472,16.61801],[107.2143,16.61767],[107.21384,16.61682],[107.21396,16.61554],[107.21387,16.61489],[107.21416,16.61438],[107.21415,16.61355],[107.21374,16.61174],[107.21412,16.61112],[107.21509,16.6104],[107.21501,16.60794],[107.2155,16.60747],[107.2175,16.60664],[107.21814,16.60682],[107.21963,16.60823],[107.2222,16.61014],[107.22673,16.6125],[107.2284,16.61326],[107.22887,16.61359],[107.22998,16.61465],[107.23057,16.61456],[107.23147,16.61508],[107.23318,16.61555],[107.23343,16.61576],[107.23417,16.61678],[107.23469,16.61704],[107.23548,16.61711],[107.23617,16.61736],[107.23704,16.61787],[107.23854,16.61807],[107.23935,16.61755],[107.23994,16.61788],[107.23991,16.61884],[107.24004,16.6194],[107.24043,16.61979],[107.24139,16.62036],[107.24196,16.62095],[107.24232,16.62201],[107.2426,16.62355],[107.24307,16.62513],[107.24334,16.62535],[107.24347,16.62597],[107.24338,16.62655],[107.24361,16.6271],[107.24383,16.62827],[107.2441,16.62888],[107.24547,16.62922],[107.24663,16.63005],[107.24711,16.6303],[107.24724,16.63078],[107.24721,16.63149],[107.24739,16.63183],[107.24834,16.63159],[107.24928,16.63166],[107.25152,16.63069],[107.25213,16.63027],[107.25274,16.63008],[107.25284,16.63032],[107.254,16.63157],[107.25484,16.63218],[107.25579,16.63301],[107.25683,16.63342],[107.2601,16.63459],[107.26146,16.63497],[107.26254,16.6348],[107.26336,16.63404],[107.26414,16.63384],[107.26468,16.63388],[107.26562,16.63439],[107.26651,16.63499],[107.26798,16.63488],[107.26882,16.63511],[107.26996,16.63614],[107.27124,16.63664],[107.27222,16.63715],[107.27365,16.63756],[107.27439,16.6376],[107.27472,16.63703],[107.27575,16.63716],[107.27749,16.63889],[107.27915,16.64103],[107.28329,16.64331],[107.28776,16.64531],[107.28937,16.64629],[107.29258,16.65059],[107.29401,16.65193],[107.29454,16.65224],[107.29526,16.65242],[107.29598,16.65325],[107.29592,16.65444],[107.29227,16.65624],[107.29582,16.661],[107.29759,16.66307],[107.30037,16.66651],[107.29973,16.66846],[107.29949,16.67004],[107.29954,16.67176],[107.30002,16.67287],[107.3008,16.67402],[107.30175,16.6773],[107.30199,16.67916],[107.30165,16.67995],[107.30116,16.68037],[107.30052,16.68071],[107.29968,16.68092],[107.29851,16.68109],[107.29766,16.68149],[107.29607,16.68269],[107.29509,16.68367],[107.29432,16.68471],[107.29348,16.68645],[107.29271,16.68895],[107.29247,16.69034],[107.29261,16.69151],[107.29287,16.69229],[107.29375,16.69432],[107.29436,16.69529],[107.29559,16.69707],[107.29602,16.69805],[107.29604,16.69855],[107.29541,16.69993],[107.29545,16.7006],[107.29966,16.69841],[107.30136,16.69722],[107.30246,16.69666],[107.30718,16.69485],[107.30911,16.69452],[107.31119,16.69504],[107.3114,16.6962],[107.31033,16.69624],[107.31123,16.69814],[107.3096,16.69919],[107.30874,16.69959],[107.30629,16.70129],[107.30715,16.70247],[107.31055,16.70023],[107.31117,16.69975],[107.3133,16.70012],[107.31436,16.70022],[107.31821,16.70077],[107.3214,16.69847],[107.32594,16.70211],[107.3253,16.70253],[107.32507,16.70298],[107.32498,16.70388],[107.32477,16.70448],[107.32444,16.70497],[107.32408,16.70505],[107.322,16.70497],[107.32116,16.70517],[107.32083,16.70554],[107.32092,16.70682],[107.32103,16.70726],[107.32083,16.70761],[107.31966,16.70829],[107.3184,16.70892],[107.32,16.71116],[107.3177,16.71265],[107.31937,16.71512],[107.31744,16.71577],[107.31609,16.7138],[107.3149,16.71433],[107.31433,16.71324],[107.31393,16.71226],[107.31214,16.71225],[107.31137,16.71233],[107.31023,16.71284],[107.30937,16.71374],[107.30916,16.71455],[107.30871,16.71479],[107.30768,16.71498],[107.30683,16.71418],[107.30594,16.71504],[107.30538,16.71549],[107.30539,16.71569],[107.30444,16.71602],[107.30348,16.71648],[107.30263,16.71709],[107.30199,16.71795],[107.30032,16.7192],[107.29814,16.72095],[107.29742,16.72146],[107.29664,16.72187],[107.29541,16.72204],[107.293,16.72299],[107.29362,16.72488],[107.29367,16.72523],[107.29302,16.72582],[107.29294,16.72609],[107.29356,16.72685],[107.29365,16.72764],[107.29417,16.72798],[107.29291,16.72886],[107.29239,16.72968],[107.29199,16.73078],[107.29146,16.73148],[107.29244,16.73229],[107.2926,16.73382],[107.29031,16.7341],[107.28997,16.73558],[107.2903,16.73561],[107.29034,16.73614],[107.28961,16.73688],[107.2887,16.73699],[107.28807,16.73757],[107.28809,16.73813],[107.28833,16.73852],[107.2887,16.73862],[107.28812,16.74034],[107.28315,16.73701],[107.28224,16.73832],[107.27858,16.73627],[107.27516,16.7345],[107.27456,16.73406],[107.27218,16.73293],[107.2696,16.73184],[107.2676,16.73082],[107.26702,16.73068],[107.26552,16.73134],[107.26287,16.73275],[107.26028,16.73393],[107.25895,16.73444],[107.25978,16.73102],[107.25946,16.72939],[107.25915,16.7287],[107.25831,16.72827],[107.25267,16.72782],[107.25298,16.72556],[107.25183,16.72587],[107.25165,16.72605],[107.24941,16.72619],[107.24675,16.72193]]]},"properties":{"name":"Diên Sanh","nameEn":"Dien Sanh","fullName":"Xã Diên Sanh","fullNameEn":"Dien Sanh Commune","codeName":"dien_sanh","areaKm2":87.97,"postalCode":"48906","code":"19681"}},{"type":"Feature","geometry":{"type":"Polygon","coordinates":[[[107.19869,16.74784],[107.20141,16.74792],[107.20194,16.74652],[107.2033,16.74602],[107.20409,16.74626],[107.20622,16.74573],[107.20726,16.74579],[107.20823,16.74627],[107.20868,16.74637],[107.21057,16.74631],[107.21074,16.74761],[107.21064,16.74966],[107.21067,16.75203],[107.21146,16.75203],[107.21118,16.75325],[107.21172,16.75404],[107.2116,16.75434],[107.21108,16.75468],[107.21097,16.7551],[107.21197,16.75509],[107.21249,16.75473],[107.21255,16.75368],[107.21306,16.75314],[107.21382,16.75284],[107.21445,16.75236],[107.21473,16.75194],[107.21475,16.75123],[107.21451,16.75059],[107.21445,16.74999],[107.21478,16.74899],[107.21535,16.74813],[107.21638,16.74754],[107.21784,16.74707],[107.21854,16.74713],[107.21887,16.74738],[107.21926,16.74798],[107.22004,16.74827],[107.22155,16.748],[107.22198,16.7482],[107.22241,16.74809],[107.22318,16.74655],[107.22351,16.74621],[107.22461,16.74612],[107.22502,16.74583],[107.22549,16.74521],[107.2262,16.74465],[107.22567,16.744],[107.22555,16.74341],[107.22608,16.74334],[107.22785,16.74336],[107.22875,16.74308],[107.23227,16.73931],[107.23215,16.73894],[107.23228,16.73798],[107.23248,16.7377],[107.24675,16.72193],[107.24941,16.72619],[107.25165,16.72605],[107.25183,16.72587],[107.25298,16.72556],[107.25267,16.72782],[107.25831,16.72827],[107.25915,16.7287],[107.25946,16.72939],[107.25978,16.73102],[107.25895,16.73444],[107.26028,16.73393],[107.26287,16.73275],[107.26552,16.73134],[107.26702,16.73068],[107.2676,16.73082],[107.2696,16.73184],[107.27218,16.73293],[107.27456,16.73406],[107.27516,16.7345],[107.27858,16.73627],[107.28224,16.73832],[107.28315,16.73701],[107.28812,16.74034],[107.2887,16.73862],[107.28833,16.73852],[107.28809,16.73813],[107.28807,16.73757],[107.2887,16.73699],[107.28961,16.73688],[107.29034,16.73614],[107.2903,16.73561],[107.28997,16.73558],[107.29031,16.7341],[107.2926,16.73382],[107.29244,16.73229],[107.29146,16.73148],[107.29199,16.73078],[107.29239,16.72968],[107.29291,16.72886],[107.29417,16.72798],[107.29365,16.72764],[107.29356,16.72685],[107.29294,16.72609],[107.29302,16.72582],[107.29367,16.72523],[107.29362,16.72488],[107.293,16.72299],[107.29541,16.72204],[107.29664,16.72187],[107.29742,16.72146],[107.29814,16.72095],[107.30032,16.7192],[107.30199,16.71795],[107.30263,16.71709],[107.30348,16.71648],[107.30444,16.71602],[107.30539,16.71569],[107.30538,16.71549],[107.30594,16.71504],[107.3066,16.71606],[107.30887,16.7192],[107.31107,16.72214],[107.31261,16.72412],[107.31335,16.72517],[107.31657,16.72939],[107.32,16.73376],[107.32068,16.7344],[107.3257,16.74085],[107.32993,16.74619],[107.33217,16.74669],[107.33444,16.7474],[107.33646,16.7487],[107.34179,16.75167],[107.34388,16.75288],[107.34502,16.75396],[107.34555,16.75553],[107.34538,16.75628],[107.34072,16.75988],[107.31721,16.76787],[107.31662,16.7689],[107.31505,16.77183],[107.31163,16.77812],[107.31132,16.77863],[107.31025,16.77973],[107.30938,16.78011],[107.30899,16.7805],[107.30889,16.78136],[107.30848,16.7811],[107.30776,16.78148],[107.30743,16.78133],[107.30609,16.78171],[107.30501,16.783],[107.29726,16.79053],[107.29386,16.7938],[107.29094,16.7948],[107.29026,16.79431],[107.28668,16.79433],[107.28171,16.79319],[107.27946,16.79144],[107.27713,16.78881],[107.27597,16.78771],[107.2745,16.78662],[107.27425,16.78514],[107.2737,16.78353],[107.27185,16.78266],[107.26697,16.77984],[107.26625,16.77903],[107.26572,16.77879],[107.26741,16.77682],[107.26825,16.77564],[107.26779,16.77524],[107.26644,16.77434],[107.26568,16.77395],[107.26508,16.77332],[107.26352,16.77142],[107.26305,16.77101],[107.26247,16.77076],[107.25988,16.76988],[107.25912,16.76942],[107.25894,16.76917],[107.25768,16.76838],[107.25655,16.7679],[107.25434,16.76735],[107.25287,16.76676],[107.25148,16.76638],[107.25062,16.76678],[107.25008,16.7666],[107.2498,16.76616],[107.24979,16.76556],[107.25022,16.76492],[107.25147,16.76429],[107.25218,16.76368],[107.25265,16.76227],[107.25178,16.76243],[107.25111,16.76272],[107.2501,16.76337],[107.24932,16.76363],[107.24792,16.7638],[107.24544,16.76383],[107.24427,16.7633],[107.24247,16.76153],[107.24155,16.7612],[107.24105,16.76163],[107.24064,16.76238],[107.23945,16.76304],[107.23859,16.76309],[107.23746,16.76278],[107.23638,16.76234],[107.23594,16.7623],[107.23539,16.76278],[107.23432,16.76328],[107.23368,16.76308],[107.23329,16.76278],[107.2328,16.76197],[107.23185,16.7616],[107.23007,16.7616],[107.22871,16.76183],[107.22711,16.7623],[107.22629,16.76293],[107.22601,16.76355],[107.22584,16.7643],[107.22574,16.76545],[107.2254,16.76608],[107.22497,16.76653],[107.2243,16.76686],[107.22336,16.76691],[107.22258,16.76671],[107.22224,16.76649],[107.22042,16.76497],[107.21977,16.76473],[107.2193,16.76479],[107.21827,16.7656],[107.21771,16.76688],[107.21719,16.7678],[107.2158,16.76919],[107.21431,16.76919],[107.21382,16.76907],[107.21291,16.76838],[107.21248,16.76721],[107.21219,16.76613],[107.21186,16.7656],[107.21092,16.76461],[107.21006,16.76416],[107.20909,16.76467],[107.20917,16.76413],[107.20914,16.7628],[107.20868,16.76215],[107.208,16.76177],[107.20759,16.76134],[107.20723,16.76053],[107.20663,16.76128],[107.20546,16.76072],[107.20453,16.76065],[107.20436,16.76158],[107.20249,16.76145],[107.20213,16.76077],[107.20143,16.76122],[107.20087,16.76105],[107.20019,16.76224],[107.19822,16.76046],[107.19785,16.76001],[107.19554,16.75853],[107.19453,16.75803],[107.19367,16.75742],[107.19411,16.75675],[107.19513,16.75748],[107.19756,16.75893],[107.19915,16.75997],[107.20003,16.75942],[107.20139,16.75881],[107.20212,16.75883],[107.20291,16.7586],[107.20298,16.75817],[107.20345,16.75708],[107.20393,16.75642],[107.20348,16.75617],[107.20275,16.75617],[107.20186,16.75593],[107.20246,16.75465],[107.20175,16.75409],[107.20022,16.75307],[107.19859,16.75243],[107.19818,16.75237],[107.19782,16.75191],[107.19851,16.74941],[107.19884,16.74853],[107.19869,16.74784]]]},"properties":{"name":"Vĩnh Định","nameEn":"Vinh Dinh","fullName":"Xã Vĩnh Định","fullNameEn":"Vinh Dinh Commune","codeName":"vinh_dinh","areaKm2":63.85,"postalCode":"48929","code":"19699"}},{"type":"Feature","geometry":{"type":"Polygon","coordinates":[[[107.07899,16.62844],[107.0803,16.62714],[107.08127,16.62642],[107.08245,16.62524],[107.08394,16.62399],[107.08533,16.62311],[107.08566,16.62253],[107.08615,16.62198],[107.08748,16.62109],[107.08787,16.62096],[107.08902,16.62103],[107.08988,16.62078],[107.0895,16.62017],[107.08955,16.61954],[107.08986,16.61901],[107.09071,16.61878],[107.09135,16.6185],[107.09188,16.61797],[107.09218,16.61787],[107.09325,16.61793],[107.09263,16.61667],[107.09271,16.61551],[107.09325,16.61437],[107.0935,16.61299],[107.09338,16.61141],[107.09355,16.61057],[107.0942,16.60981],[107.09445,16.60885],[107.09392,16.60795],[107.09428,16.60768],[107.09518,16.60742],[107.09626,16.60689],[107.09783,16.60657],[107.09842,16.6055],[107.09879,16.60523],[107.09928,16.60551],[107.10005,16.60554],[107.10045,16.6053],[107.10136,16.60501],[107.10183,16.60404],[107.10198,16.60344],[107.10267,16.60341],[107.10312,16.60321],[107.10399,16.60261],[107.10466,16.60182],[107.1049,16.60172],[107.10671,16.60192],[107.10821,16.6016],[107.11054,16.60053],[107.1111,16.60009],[107.11127,16.59953],[107.11127,16.5989],[107.1111,16.5981],[107.11037,16.59753],[107.1096,16.59717],[107.10838,16.59624],[107.10737,16.59513],[107.1071,16.59447],[107.1076,16.59435],[107.10871,16.59297],[107.10893,16.59223],[107.10954,16.59154],[107.10957,16.59066],[107.11012,16.58895],[107.11101,16.58863],[107.11203,16.58856],[107.11239,16.58804],[107.11267,16.58734],[107.11349,16.58727],[107.11362,16.58704],[107.11316,16.58604],[107.11333,16.58578],[107.11406,16.58559],[107.11427,16.58524],[107.11539,16.5845],[107.11668,16.58431],[107.11813,16.58379],[107.11919,16.58356],[107.11975,16.58317],[107.12012,16.58232],[107.12048,16.58202],[107.12127,16.58205],[107.12237,16.58187],[107.12426,16.58092],[107.12683,16.58007],[107.12739,16.5797],[107.12768,16.57907],[107.12765,16.5786],[107.12822,16.57798],[107.1292,16.57788],[107.13033,16.57802],[107.13085,16.57784],[107.1313,16.57798],[107.13209,16.57795],[107.13288,16.57808],[107.13351,16.57787],[107.1344,16.57802],[107.13532,16.57696],[107.13614,16.57639],[107.13693,16.57571],[107.13777,16.57518],[107.13887,16.57485],[107.13928,16.57453],[107.13976,16.57392],[107.14048,16.57278],[107.14083,16.57187],[107.1409,16.57243],[107.14075,16.57328],[107.1409,16.57434],[107.14182,16.57476],[107.1428,16.57619],[107.14333,16.57636],[107.1437,16.57689],[107.14341,16.57746],[107.14339,16.57822],[107.14295,16.57899],[107.14346,16.57956],[107.14339,16.58027],[107.14353,16.58093],[107.14409,16.58152],[107.14476,16.58187],[107.14531,16.58189],[107.14543,16.58239],[107.1452,16.58313],[107.14611,16.58318],[107.14693,16.58336],[107.14702,16.58393],[107.14779,16.58394],[107.14791,16.58371],[107.14849,16.58374],[107.14871,16.58435],[107.14971,16.58477],[107.1503,16.58479],[107.15114,16.58454],[107.15178,16.58503],[107.15241,16.58576],[107.15316,16.58619],[107.15334,16.58667],[107.15353,16.58801],[107.15413,16.58785],[107.154,16.58869],[107.15445,16.58888],[107.15513,16.58876],[107.15569,16.58921],[107.15548,16.58981],[107.15567,16.59021],[107.15609,16.59016],[107.15627,16.58974],[107.15691,16.58968],[107.15774,16.58876],[107.15836,16.58856],[107.15827,16.5897],[107.15927,16.58955],[107.15951,16.5899],[107.15915,16.59036],[107.15987,16.591],[107.16036,16.59115],[107.16213,16.5907],[107.16226,16.59124],[107.16323,16.59089],[107.16402,16.59029],[107.16444,16.59064],[107.1642,16.59116],[107.16419,16.59166],[107.16442,16.59222],[107.16472,16.59235],[107.16538,16.59203],[107.16575,16.5922],[107.16607,16.5928],[107.16639,16.59306],[107.167,16.5932],[107.16719,16.59382],[107.16781,16.59372],[107.16813,16.59395],[107.16754,16.59435],[107.16778,16.59491],[107.16865,16.59524],[107.16876,16.59553],[107.16971,16.59544],[107.17071,16.59579],[107.17088,16.59601],[107.17052,16.59698],[107.1711,16.59685],[107.17138,16.59718],[107.17104,16.59784],[107.17121,16.59918],[107.17165,16.59977],[107.1722,16.60119],[107.1727,16.60197],[107.1725,16.60374],[107.17229,16.60445],[107.17281,16.60458],[107.17329,16.6051],[107.17363,16.60527],[107.17379,16.60591],[107.17448,16.60662],[107.17496,16.60677],[107.17511,16.60718],[107.17468,16.60814],[107.17564,16.60861],[107.17609,16.60917],[107.17708,16.60951],[107.17778,16.61096],[107.17789,16.6114],[107.17824,16.61174],[107.17903,16.61212],[107.17971,16.61211],[107.18047,16.61172],[107.18099,16.61173],[107.18143,16.61244],[107.18175,16.61271],[107.18183,16.61381],[107.1817,16.61444],[107.18202,16.61492],[107.18158,16.61564],[107.18109,16.6171],[107.18101,16.61848],[107.18138,16.61968],[107.18189,16.62021],[107.18188,16.62043],[107.18192,16.62112],[107.18164,16.62143],[107.18109,16.62151],[107.18021,16.62222],[107.17922,16.62222],[107.17889,16.62271],[107.17898,16.62324],[107.17933,16.62385],[107.17952,16.62461],[107.18033,16.62496],[107.18043,16.62515],[107.17935,16.62677],[107.17941,16.62722],[107.17913,16.62744],[107.17809,16.62779],[107.17782,16.62853],[107.17816,16.62907],[107.17797,16.62973],[107.17822,16.63022],[107.17891,16.63065],[107.17861,16.63126],[107.17891,16.63198],[107.18005,16.63285],[107.181,16.63269],[107.18155,16.6329],[107.18251,16.63494],[107.1824,16.63592],[107.18341,16.63593],[107.18421,16.6367],[107.18453,16.63742],[107.18482,16.63769],[107.18513,16.63878],[107.18546,16.63933],[107.18665,16.63917],[107.18723,16.63932],[107.18794,16.63971],[107.18865,16.63992],[107.18883,16.64052],[107.18878,16.64116],[107.18923,16.64144],[107.19005,16.64157],[107.19088,16.64186],[107.19152,16.64144],[107.19243,16.64054],[107.1929,16.64032],[107.19445,16.63987],[107.19474,16.63963],[107.19526,16.63885],[107.19537,16.63804],[107.19726,16.63787],[107.19817,16.63798],[107.19888,16.63747],[107.19981,16.63799],[107.20076,16.63816],[107.20188,16.63808],[107.20235,16.63712],[107.20299,16.63691],[107.20339,16.63711],[107.20396,16.63702],[107.20511,16.63714],[107.20515,16.63774],[107.20575,16.63869],[107.20646,16.63851],[107.20761,16.63948],[107.20816,16.64057],[107.2086,16.64121],[107.20894,16.64203],[107.20886,16.64263],[107.20897,16.64364],[107.20923,16.64402],[107.20938,16.64485],[107.21034,16.64501],[107.21118,16.64627],[107.21163,16.64715],[107.21115,16.64982],[107.21145,16.65048],[107.21129,16.65121],[107.21213,16.65174],[107.21256,16.65176],[107.21283,16.65218],[107.21347,16.6536],[107.21439,16.6545],[107.21715,16.65589],[107.21868,16.65615],[107.22018,16.6584],[107.22103,16.65907],[107.22228,16.65894],[107.22336,16.6593],[107.22497,16.66028],[107.22522,16.66054],[107.22539,16.66117],[107.22612,16.66226],[107.22659,16.66267],[107.22761,16.66377],[107.2282,16.6642],[107.22838,16.66463],[107.23017,16.66472],[107.23061,16.66437],[107.23123,16.66441],[107.23155,16.66496],[107.23183,16.66499],[107.23226,16.66463],[107.23281,16.66491],[107.23279,16.66551],[107.23388,16.66579],[107.23435,16.6665],[107.23489,16.66637],[107.23597,16.66646],[107.23626,16.66719],[107.23656,16.66737],[107.23713,16.66693],[107.23728,16.66652],[107.2379,16.66668],[107.23801,16.66741],[107.23841,16.66842],[107.23869,16.66862],[107.23936,16.66868],[107.24072,16.66902],[107.24098,16.67006],[107.24094,16.67082],[107.24208,16.67194],[107.24224,16.67246],[107.24096,16.67275],[107.24097,16.67342],[107.24152,16.67502],[107.24192,16.67526],[107.24197,16.67586],[107.24165,16.67711],[107.24234,16.67725],[107.24331,16.6778],[107.24398,16.67797],[107.24441,16.67825],[107.24467,16.6787],[107.24517,16.67904],[107.24594,16.68015],[107.24556,16.68054],[107.24599,16.68271],[107.24667,16.68386],[107.24597,16.68565],[107.24599,16.68595],[107.2464,16.68659],[107.247,16.68728],[107.24307,16.68998],[107.24345,16.69034],[107.23924,16.69253],[107.23984,16.69353],[107.23996,16.69442],[107.24053,16.69502],[107.24215,16.69576],[107.24244,16.69602],[107.24885,16.70245],[107.24847,16.70257],[107.24762,16.70254],[107.24719,16.70289],[107.24624,16.70267],[107.24566,16.7032],[107.24596,16.70364],[107.24575,16.70772],[107.24376,16.7112],[107.24537,16.71471],[107.2426,16.72057],[107.24675,16.72193],[107.23248,16.7377],[107.23228,16.73798],[107.23215,16.73894],[107.23227,16.73931],[107.22875,16.74308],[107.22785,16.74336],[107.22608,16.74334],[107.22555,16.74341],[107.22567,16.744],[107.2262,16.74465],[107.22549,16.74521],[107.22502,16.74583],[107.22461,16.74612],[107.22351,16.74621],[107.22318,16.74655],[107.22241,16.74809],[107.22198,16.7482],[107.22155,16.748],[107.22004,16.74827],[107.21926,16.74798],[107.21887,16.74738],[107.21854,16.74713],[107.21784,16.74707],[107.21638,16.74754],[107.21535,16.74813],[107.21478,16.74899],[107.21445,16.74999],[107.21451,16.75059],[107.21475,16.75123],[107.21473,16.75194],[107.21445,16.75236],[107.21382,16.75284],[107.21306,16.75314],[107.21255,16.75368],[107.21249,16.75473],[107.21197,16.75509],[107.21097,16.7551],[107.21108,16.75468],[107.2116,16.75434],[107.21172,16.75404],[107.21118,16.75325],[107.21146,16.75203],[107.21067,16.75203],[107.21064,16.74966],[107.21074,16.74761],[107.21057,16.74631],[107.20868,16.74637],[107.20823,16.74627],[107.20726,16.74579],[107.20622,16.74573],[107.20409,16.74626],[107.2033,16.74602],[107.20194,16.74652],[107.20141,16.74792],[107.19869,16.74784],[107.19849,16.74657],[107.19793,16.74438],[107.19703,16.74113],[107.19687,16.74035],[107.19657,16.73956],[107.19628,16.73987],[107.19394,16.74095],[107.19193,16.7412],[107.19189,16.73962],[107.19179,16.73847],[107.191,16.73732],[107.19107,16.73663],[107.19086,16.73332],[107.19094,16.73278],[107.19143,16.73079],[107.19253,16.72732],[107.19156,16.72654],[107.1907,16.72615],[107.19063,16.72498],[107.1914,16.72509],[107.1911,16.72458],[107.19153,16.72391],[107.19198,16.72389],[107.19224,16.72361],[107.19237,16.72286],[107.19224,16.72205],[107.19149,16.72159],[107.19117,16.72089],[107.19073,16.71759],[107.18963,16.71738],[107.18899,16.717],[107.18903,16.71601],[107.18939,16.71492],[107.1895,16.71366],[107.18897,16.71327],[107.18796,16.71279],[107.18752,16.71218],[107.18708,16.71102],[107.18696,16.7099],[107.18655,16.70959],[107.18565,16.70935],[107.18466,16.70958],[107.18418,16.70946],[107.18353,16.70843],[107.18217,16.70724],[107.18203,16.70671],[107.18223,16.70627],[107.18161,16.70587],[107.18126,16.70585],[107.18081,16.70654],[107.17969,16.70606],[107.17941,16.70583],[107.17924,16.70522],[107.17868,16.70453],[107.17883,16.70403],[107.17971,16.70335],[107.18026,16.7021],[107.18025,16.70147],[107.17995,16.70054],[107.18052,16.70033],[107.18144,16.69982],[107.18269,16.69946],[107.18325,16.69908],[107.18348,16.6987],[107.18373,16.69709],[107.18441,16.69546],[107.18491,16.69504],[107.18523,16.69412],[107.18482,16.69307],[107.18475,16.69213],[107.18485,16.69119],[107.18463,16.69067],[107.18455,16.68952],[107.18464,16.68919],[107.18548,16.6884],[107.18581,16.68735],[107.18575,16.687],[107.18506,16.68579],[107.18434,16.68505],[107.18405,16.68394],[107.185,16.68296],[107.18511,16.68195],[107.18545,16.68094],[107.18531,16.68047],[107.1847,16.67977],[107.1839,16.67928],[107.18288,16.6791],[107.18222,16.67849],[107.18043,16.67804],[107.17955,16.67775],[107.17931,16.677],[107.17941,16.67625],[107.18019,16.67554],[107.18123,16.67537],[107.18166,16.67501],[107.18178,16.67354],[107.18151,16.67252],[107.18084,16.67211],[107.18021,16.6706],[107.18072,16.66919],[107.18044,16.66872],[107.17993,16.66845],[107.17948,16.66769],[107.17902,16.66723],[107.17836,16.66623],[107.17785,16.66565],[107.17764,16.66499],[107.17778,16.66422],[107.17811,16.66345],[107.1781,16.66305],[107.17753,16.6618],[107.17737,16.66128],[107.17727,16.6603],[107.17635,16.65932],[107.1758,16.65847],[107.17588,16.65767],[107.17518,16.65682],[107.17539,16.65613],[107.17534,16.65572],[107.17489,16.65499],[107.17449,16.65465],[107.17382,16.65443],[107.17262,16.65423],[107.17167,16.65374],[107.17122,16.6532],[107.17063,16.65276],[107.16998,16.65098],[107.16921,16.65006],[107.16898,16.6496],[107.16877,16.64815],[107.16829,16.64726],[107.16828,16.64634],[107.16789,16.64589],[107.16829,16.64519],[107.16742,16.64409],[107.16811,16.64311],[107.16854,16.64287],[107.16887,16.64229],[107.16854,16.64111],[107.16863,16.64076],[107.1685,16.64016],[107.16755,16.63964],[107.16692,16.63975],[107.16607,16.63927],[107.16529,16.63904],[107.16402,16.63935],[107.16324,16.63934],[107.16296,16.63964],[107.1619,16.6404],[107.16123,16.6405],[107.16065,16.64081],[107.15941,16.64092],[107.15684,16.64047],[107.15589,16.64102],[107.15515,16.6411],[107.15435,16.641],[107.15333,16.64143],[107.15268,16.64129],[107.15157,16.64052],[107.15129,16.6399],[107.1509,16.63952],[107.15028,16.63927],[107.14966,16.63883],[107.14904,16.63871],[107.14828,16.6384],[107.14757,16.63733],[107.14679,16.63755],[107.14649,16.63749],[107.14466,16.63655],[107.14431,16.63629],[107.14335,16.63599],[107.14315,16.635],[107.14218,16.63555],[107.14133,16.6358],[107.14073,16.63634],[107.13976,16.63699],[107.13957,16.63746],[107.13923,16.63769],[107.13849,16.63783],[107.13784,16.63691],[107.13752,16.63669],[107.13611,16.63607],[107.13562,16.63609],[107.13413,16.63666],[107.13302,16.63722],[107.13253,16.63729],[107.13151,16.63701],[107.12849,16.63581],[107.12725,16.63542],[107.12639,16.63439],[107.12611,16.6344],[107.1252,16.635],[107.12463,16.63516],[107.12385,16.63574],[107.12319,16.63588],[107.12253,16.63632],[107.12199,16.63649],[107.12107,16.63648],[107.12086,16.63661],[107.12076,16.63731],[107.12045,16.63749],[107.1199,16.63747],[107.11896,16.63715],[107.11795,16.63726],[107.11724,16.63705],[107.11595,16.637],[107.1147,16.63655],[107.11284,16.63647],[107.11211,16.63702],[107.11191,16.63698],[107.11155,16.6363],[107.11103,16.63596],[107.11086,16.63537],[107.11019,16.63513],[107.11035,16.63461],[107.10935,16.63385],[107.10896,16.6328],[107.10841,16.63207],[107.10802,16.63182],[107.10738,16.6317],[107.10707,16.63193],[107.10629,16.63217],[107.10439,16.63192],[107.10403,16.63238],[107.10264,16.63292],[107.10217,16.63362],[107.10105,16.63447],[107.10084,16.63493],[107.09994,16.635],[107.09906,16.63567],[107.09872,16.63573],[107.09831,16.63542],[107.09788,16.63468],[107.09735,16.63427],[107.09608,16.63374],[107.09549,16.63318],[107.09517,16.63309],[107.09439,16.63349],[107.09284,16.6336],[107.09223,16.6334],[107.09192,16.633],[107.09095,16.6327],[107.09055,16.63242],[107.08983,16.63244],[107.08934,16.6326],[107.08793,16.63285],[107.087,16.63239],[107.08685,16.63217],[107.08694,16.63134],[107.08615,16.6301],[107.08592,16.62944],[107.085,16.62867],[107.08357,16.62862],[107.08281,16.62848],[107.08238,16.62861],[107.08194,16.62825],[107.08154,16.62821],[107.08068,16.62844],[107.07949,16.62827],[107.07899,16.62844]]]},"properties":{"name":"Hải Lăng","nameEn":"Hai Lang","fullName":"Xã Hải Lăng","fullNameEn":"Hai Lang Commune","codeName":"hai_lang","areaKm2":116.89,"postalCode":"48927","code":"19702"}},{"type":"Feature","geometry":{"type":"Polygon","coordinates":[[[107.18188,16.62043],[107.18189,16.62021],[107.18138,16.61968],[107.18101,16.61848],[107.18109,16.6171],[107.18158,16.61564],[107.18202,16.61492],[107.1817,16.61444],[107.18183,16.61381],[107.18175,16.61271],[107.18143,16.61244],[107.18099,16.61173],[107.18047,16.61172],[107.17971,16.61211],[107.17903,16.61212],[107.17824,16.61174],[107.17789,16.6114],[107.17778,16.61096],[107.17708,16.60951],[107.17609,16.60917],[107.17564,16.60861],[107.17468,16.60814],[107.17511,16.60718],[107.17496,16.60677],[107.17448,16.60662],[107.17379,16.60591],[107.17363,16.60527],[107.17329,16.6051],[107.17281,16.60458],[107.17229,16.60445],[107.1725,16.60374],[107.1727,16.60197],[107.1722,16.60119],[107.17165,16.59977],[107.17121,16.59918],[107.17104,16.59784],[107.17138,16.59718],[107.1711,16.59685],[107.17052,16.59698],[107.17088,16.59601],[107.17071,16.59579],[107.16971,16.59544],[107.16876,16.59553],[107.16865,16.59524],[107.16778,16.59491],[107.16754,16.59435],[107.16813,16.59395],[107.16781,16.59372],[107.16719,16.59382],[107.167,16.5932],[107.16639,16.59306],[107.16607,16.5928],[107.16575,16.5922],[107.16538,16.59203],[107.16472,16.59235],[107.16442,16.59222],[107.16419,16.59166],[107.1642,16.59116],[107.16444,16.59064],[107.16402,16.59029],[107.16323,16.59089],[107.16226,16.59124],[107.16213,16.5907],[107.16036,16.59115],[107.15987,16.591],[107.15915,16.59036],[107.15951,16.5899],[107.15927,16.58955],[107.15827,16.5897],[107.15836,16.58856],[107.15774,16.58876],[107.15691,16.58968],[107.15627,16.58974],[107.15609,16.59016],[107.15567,16.59021],[107.15548,16.58981],[107.15569,16.58921],[107.15513,16.58876],[107.15445,16.58888],[107.154,16.58869],[107.15413,16.58785],[107.15353,16.58801],[107.15334,16.58667],[107.15316,16.58619],[107.15241,16.58576],[107.15178,16.58503],[107.15114,16.58454],[107.1503,16.58479],[107.14971,16.58477],[107.14871,16.58435],[107.14849,16.58374],[107.14791,16.58371],[107.14779,16.58394],[107.14702,16.58393],[107.14693,16.58336],[107.14611,16.58318],[107.1452,16.58313],[107.14543,16.58239],[107.14531,16.58189],[107.14476,16.58187],[107.14409,16.58152],[107.14353,16.58093],[107.14339,16.58027],[107.14346,16.57956],[107.14295,16.57899],[107.14339,16.57822],[107.14341,16.57746],[107.1437,16.57689],[107.14333,16.57636],[107.1428,16.57619],[107.14182,16.57476],[107.1409,16.57434],[107.14075,16.57328],[107.1409,16.57243],[107.14083,16.57187],[107.14268,16.57156],[107.1442,16.57145],[107.14454,16.5715],[107.14578,16.57215],[107.14677,16.57233],[107.14746,16.5727],[107.14877,16.57292],[107.1498,16.57375],[107.15045,16.57412],[107.15126,16.57427],[107.15196,16.57422],[107.15295,16.57468],[107.15418,16.57506],[107.15483,16.57484],[107.15572,16.57412],[107.15613,16.57347],[107.15708,16.57312],[107.15769,16.57362],[107.15844,16.57398],[107.15956,16.57414],[107.16106,16.57492],[107.16137,16.57545],[107.162,16.57567],[107.16309,16.57548],[107.1637,16.57602],[107.16405,16.57608],[107.16494,16.57653],[107.16513,16.57727],[107.16573,16.57719],[107.16639,16.57735],[107.16742,16.57783],[107.16774,16.57811],[107.16834,16.57796],[107.16887,16.57804],[107.16939,16.57866],[107.17005,16.57866],[107.17056,16.57818],[107.17187,16.57805],[107.17345,16.57853],[107.17393,16.57859],[107.17411,16.57828],[107.17455,16.57815],[107.17569,16.57834],[107.17572,16.5779],[107.17609,16.57736],[107.17762,16.57651],[107.17857,16.57653],[107.1798,16.5776],[107.18098,16.57828],[107.18157,16.57919],[107.18206,16.57879],[107.18261,16.57858],[107.18279,16.57991],[107.18358,16.58007],[107.18416,16.58047],[107.18464,16.58032],[107.18472,16.5799],[107.18533,16.58009],[107.18611,16.58003],[107.18631,16.57964],[107.18734,16.57909],[107.18773,16.57904],[107.1887,16.57922],[107.18917,16.57916],[107.18966,16.57943],[107.19032,16.57952],[107.19097,16.57943],[107.19171,16.57982],[107.19234,16.57974],[107.19326,16.57999],[107.19364,16.58019],[107.1941,16.58073],[107.19495,16.58119],[107.19538,16.58185],[107.19677,16.5818],[107.19788,16.58145],[107.19871,16.58162],[107.19909,16.58189],[107.20029,16.58191],[107.20079,16.58223],[107.20262,16.58274],[107.20353,16.58149],[107.20344,16.58095],[107.20471,16.58031],[107.20481,16.57974],[107.20596,16.57928],[107.20631,16.5788],[107.20692,16.5788],[107.20799,16.57917],[107.20898,16.57917],[107.20961,16.57878],[107.21105,16.57851],[107.21155,16.57854],[107.21197,16.57903],[107.21346,16.5795],[107.21396,16.57986],[107.21613,16.57946],[107.21604,16.57894],[107.21659,16.57817],[107.21697,16.57808],[107.21826,16.57841],[107.21896,16.57875],[107.21957,16.5786],[107.22041,16.57901],[107.22168,16.57898],[107.22206,16.57915],[107.22227,16.58008],[107.22303,16.58006],[107.22338,16.58031],[107.22433,16.58027],[107.22487,16.58004],[107.22523,16.57969],[107.22585,16.5797],[107.22652,16.57945],[107.22787,16.5796],[107.22851,16.57947],[107.22948,16.58075],[107.22969,16.58126],[107.23024,16.58177],[107.23156,16.58187],[107.23258,16.58147],[107.23274,16.58177],[107.23321,16.58183],[107.23384,16.58148],[107.23432,16.5817],[107.23469,16.58214],[107.23531,16.58234],[107.23617,16.58243],[107.23698,16.58274],[107.23773,16.58225],[107.23914,16.5822],[107.23938,16.58281],[107.24091,16.58429],[107.24156,16.58433],[107.24214,16.58464],[107.24269,16.58511],[107.24302,16.58583],[107.24413,16.58645],[107.24477,16.58748],[107.24538,16.58684],[107.24578,16.58671],[107.24641,16.58617],[107.24729,16.58585],[107.24787,16.58536],[107.24807,16.58488],[107.24817,16.58336],[107.24712,16.58196],[107.24822,16.58065],[107.24904,16.58032],[107.24937,16.57982],[107.24927,16.57916],[107.24908,16.57896],[107.25005,16.57804],[107.25092,16.57701],[107.25133,16.57678],[107.25182,16.57674],[107.25333,16.57714],[107.25341,16.57641],[107.25364,16.57562],[107.25404,16.57504],[107.25462,16.57474],[107.25471,16.57415],[107.25538,16.57385],[107.25967,16.57282],[107.26463,16.57147],[107.26551,16.57087],[107.2666,16.5703],[107.26714,16.56962],[107.26729,16.56886],[107.26785,16.56835],[107.26803,16.56768],[107.26897,16.56726],[107.27007,16.56725],[107.27086,16.56605],[107.27111,16.56594],[107.27136,16.56666],[107.27183,16.5671],[107.27248,16.56799],[107.27308,16.5684],[107.27385,16.56917],[107.27505,16.56994],[107.27549,16.57038],[107.27555,16.57095],[107.27645,16.57151],[107.27663,16.57234],[107.27694,16.57267],[107.27735,16.57266],[107.27758,16.57227],[107.27815,16.57171],[107.27863,16.57162],[107.27961,16.5719],[107.28013,16.57257],[107.28051,16.5727],[107.2812,16.57236],[107.28149,16.57276],[107.28151,16.57358],[107.2821,16.57415],[107.28273,16.57498],[107.28326,16.57535],[107.28391,16.57539],[107.28435,16.57524],[107.28506,16.57522],[107.28561,16.57503],[107.28629,16.57524],[107.28695,16.57528],[107.28799,16.57639],[107.28842,16.57674],[107.28882,16.578],[107.28926,16.57842],[107.29048,16.5785],[107.29059,16.57879],[107.29029,16.57986],[107.29059,16.58023],[107.29133,16.58076],[107.29174,16.58087],[107.29252,16.58064],[107.2936,16.58086],[107.29579,16.58161],[107.29703,16.58189],[107.29743,16.58226],[107.29731,16.58275],[107.29782,16.58304],[107.29818,16.5836],[107.29945,16.58462],[107.30035,16.58577],[107.30092,16.58591],[107.30155,16.58653],[107.30202,16.58654],[107.30271,16.58683],[107.30314,16.58391],[107.30372,16.58371],[107.30748,16.58277],[107.30837,16.58217],[107.30967,16.58202],[107.31038,16.58167],[107.31144,16.58088],[107.31237,16.57976],[107.31251,16.57938],[107.31357,16.57937],[107.31388,16.58019],[107.31485,16.58082],[107.31515,16.58082],[107.31598,16.58045],[107.31677,16.58056],[107.31694,16.58119],[107.31801,16.58242],[107.31854,16.58254],[107.31909,16.58306],[107.32053,16.58332],[107.32117,16.58355],[107.32225,16.58357],[107.32295,16.58375],[107.32298,16.58497],[107.32359,16.58513],[107.32411,16.58592],[107.32487,16.58569],[107.32573,16.58619],[107.32658,16.58629],[107.32641,16.5867],[107.32647,16.58758],[107.32598,16.58835],[107.32596,16.5893],[107.32611,16.58952],[107.32673,16.58945],[107.32645,16.58994],[107.32548,16.59019],[107.32538,16.59077],[107.32495,16.59127],[107.32439,16.59152],[107.32403,16.59187],[107.32396,16.5927],[107.3241,16.5931],[107.32404,16.59446],[107.32437,16.5948],[107.32405,16.59563],[107.32429,16.59645],[107.32431,16.59714],[107.32454,16.59717],[107.32419,16.59818],[107.32448,16.59855],[107.32487,16.59825],[107.32598,16.59836],[107.32617,16.59859],[107.32719,16.59868],[107.32715,16.59909],[107.32816,16.59908],[107.3288,16.59894],[107.32942,16.59903],[107.32989,16.59939],[107.33072,16.59935],[107.33147,16.59874],[107.33259,16.5985],[107.33329,16.59823],[107.33446,16.59877],[107.33402,16.59964],[107.33332,16.60009],[107.33333,16.60027],[107.33129,16.6017],[107.33117,16.60232],[107.32912,16.60243],[107.32813,16.6028],[107.32612,16.604],[107.32485,16.605],[107.32734,16.60711],[107.32855,16.60803],[107.32708,16.60976],[107.32538,16.61197],[107.32448,16.61294],[107.32351,16.61386],[107.32318,16.61448],[107.32276,16.61664],[107.32219,16.61819],[107.3216,16.61904],[107.3207,16.62008],[107.31973,16.62092],[107.31929,16.62117],[107.31728,16.62174],[107.31524,16.62243],[107.3132,16.6232],[107.3115,16.62399],[107.31036,16.62496],[107.31015,16.62538],[107.3102,16.62579],[107.3108,16.62678],[107.3119,16.62977],[107.3134,16.63278],[107.31551,16.63725],[107.31589,16.63831],[107.31591,16.63927],[107.31538,16.64035],[107.31486,16.64015],[107.31505,16.63921],[107.31503,16.63876],[107.31465,16.63774],[107.31401,16.63781],[107.3139,16.63808],[107.31328,16.63806],[107.31341,16.63687],[107.31306,16.63613],[107.3124,16.63562],[107.31158,16.63539],[107.30977,16.6357],[107.30873,16.63624],[107.3077,16.63731],[107.30698,16.63854],[107.30676,16.63995],[107.30695,16.64072],[107.3094,16.64351],[107.3108,16.64484],[107.31465,16.64835],[107.31556,16.64944],[107.31656,16.65047],[107.31725,16.65177],[107.31797,16.65225],[107.31907,16.65254],[107.32036,16.65258],[107.32132,16.65287],[107.32178,16.65324],[107.3221,16.65383],[107.32287,16.6537],[107.32288,16.65289],[107.32322,16.65167],[107.32368,16.65084],[107.32458,16.64968],[107.32517,16.64836],[107.32529,16.64765],[107.32514,16.64689],[107.32494,16.64424],[107.32515,16.64363],[107.32535,16.64249],[107.32592,16.64265],[107.32695,16.64247],[107.32742,16.64276],[107.3289,16.64279],[107.32869,16.64344],[107.32884,16.64385],[107.32923,16.64422],[107.33016,16.64481],[107.33001,16.64551],[107.32957,16.64587],[107.32949,16.64688],[107.32906,16.64781],[107.32923,16.64854],[107.32872,16.64999],[107.32754,16.65188],[107.32669,16.65308],[107.32585,16.65396],[107.32483,16.65472],[107.32492,16.65539],[107.32479,16.65622],[107.32427,16.65699],[107.32362,16.65705],[107.32216,16.65652],[107.32107,16.65771],[107.32008,16.65855],[107.31927,16.65908],[107.31864,16.66005],[107.31827,16.66131],[107.31822,16.66202],[107.31856,16.66245],[107.31958,16.66243],[107.32056,16.66283],[107.32146,16.66373],[107.32211,16.66484],[107.32266,16.66513],[107.3236,16.66536],[107.32525,16.66548],[107.32734,16.6653],[107.32856,16.66532],[107.32944,16.66556],[107.33025,16.66605],[107.33066,16.66656],[107.33141,16.66786],[107.33024,16.66842],[107.3284,16.66907],[107.32634,16.66835],[107.32462,16.66859],[107.32413,16.66897],[107.32393,16.66989],[107.32441,16.67033],[107.32523,16.67073],[107.32588,16.67145],[107.32836,16.67266],[107.32925,16.67299],[107.33,16.6731],[107.33118,16.67357],[107.33157,16.67412],[107.33357,16.67555],[107.33392,16.67632],[107.3339,16.67733],[107.33397,16.67833],[107.33392,16.67896],[107.33409,16.67948],[107.33441,16.67987],[107.33558,16.68078],[107.33584,16.68112],[107.33608,16.6825],[107.33648,16.68355],[107.33685,16.68406],[107.33725,16.68428],[107.33878,16.68486],[107.33925,16.68513],[107.34116,16.68681],[107.34176,16.68741],[107.34235,16.68826],[107.34309,16.69021],[107.3438,16.69103],[107.3446,16.69129],[107.34635,16.69162],[107.3476,16.69228],[107.3481,16.69311],[107.34837,16.69426],[107.34863,16.69478],[107.34763,16.6952],[107.3476,16.69544],[107.34614,16.699],[107.34539,16.70117],[107.34575,16.70138],[107.33568,16.69885],[107.33201,16.69758],[107.33194,16.69718],[107.32967,16.69454],[107.32922,16.69491],[107.32791,16.6953],[107.32757,16.6958],[107.32777,16.69699],[107.32772,16.69781],[107.32743,16.69861],[107.32708,16.69991],[107.32671,16.70059],[107.32614,16.70134],[107.32594,16.70211],[107.3214,16.69847],[107.31821,16.70077],[107.31436,16.70022],[107.3133,16.70012],[107.31117,16.69975],[107.31055,16.70023],[107.30715,16.70247],[107.30629,16.70129],[107.30874,16.69959],[107.3096,16.69919],[107.31123,16.69814],[107.31033,16.69624],[107.3114,16.6962],[107.31119,16.69504],[107.30911,16.69452],[107.30718,16.69485],[107.30246,16.69666],[107.30136,16.69722],[107.29966,16.69841],[107.29545,16.7006],[107.29541,16.69993],[107.29604,16.69855],[107.29602,16.69805],[107.29559,16.69707],[107.29436,16.69529],[107.29375,16.69432],[107.29287,16.69229],[107.29261,16.69151],[107.29247,16.69034],[107.29271,16.68895],[107.29348,16.68645],[107.29432,16.68471],[107.29509,16.68367],[107.29607,16.68269],[107.29766,16.68149],[107.29851,16.68109],[107.29968,16.68092],[107.30052,16.68071],[107.30116,16.68037],[107.30165,16.67995],[107.30199,16.67916],[107.30175,16.6773],[107.3008,16.67402],[107.30002,16.67287],[107.29954,16.67176],[107.29949,16.67004],[107.29973,16.66846],[107.30037,16.66651],[107.29759,16.66307],[107.29582,16.661],[107.29227,16.65624],[107.29592,16.65444],[107.29598,16.65325],[107.29526,16.65242],[107.29454,16.65224],[107.29401,16.65193],[107.29258,16.65059],[107.28937,16.64629],[107.28776,16.64531],[107.28329,16.64331],[107.27915,16.64103],[107.27749,16.63889],[107.27575,16.63716],[107.27472,16.63703],[107.27439,16.6376],[107.27365,16.63756],[107.27222,16.63715],[107.27124,16.63664],[107.26996,16.63614],[107.26882,16.63511],[107.26798,16.63488],[107.26651,16.63499],[107.26562,16.63439],[107.26468,16.63388],[107.26414,16.63384],[107.26336,16.63404],[107.26254,16.6348],[107.26146,16.63497],[107.2601,16.63459],[107.25683,16.63342],[107.25579,16.63301],[107.25484,16.63218],[107.254,16.63157],[107.25284,16.63032],[107.25274,16.63008],[107.25213,16.63027],[107.25152,16.63069],[107.24928,16.63166],[107.24834,16.63159],[107.24739,16.63183],[107.24721,16.63149],[107.24724,16.63078],[107.24711,16.6303],[107.24663,16.63005],[107.24547,16.62922],[107.2441,16.62888],[107.24383,16.62827],[107.24361,16.6271],[107.24338,16.62655],[107.24347,16.62597],[107.24334,16.62535],[107.24307,16.62513],[107.2426,16.62355],[107.24232,16.62201],[107.24196,16.62095],[107.24139,16.62036],[107.24043,16.61979],[107.24004,16.6194],[107.23991,16.61884],[107.23994,16.61788],[107.23935,16.61755],[107.23854,16.61807],[107.23704,16.61787],[107.23617,16.61736],[107.23548,16.61711],[107.23469,16.61704],[107.23417,16.61678],[107.23343,16.61576],[107.23318,16.61555],[107.23147,16.61508],[107.23057,16.61456],[107.22998,16.61465],[107.22887,16.61359],[107.2284,16.61326],[107.22673,16.6125],[107.2222,16.61014],[107.21963,16.60823],[107.21814,16.60682],[107.2175,16.60664],[107.2155,16.60747],[107.21501,16.60794],[107.21509,16.6104],[107.21412,16.61112],[107.21374,16.61174],[107.21415,16.61355],[107.21416,16.61438],[107.21387,16.61489],[107.21396,16.61554],[107.21384,16.61682],[107.2143,16.61767],[107.21472,16.61801],[107.21454,16.61831],[107.21549,16.61943],[107.21584,16.61994],[107.21545,16.62056],[107.21459,16.62222],[107.21377,16.62337],[107.21265,16.62371],[107.21181,16.62362],[107.21087,16.62311],[107.20877,16.62356],[107.20662,16.62429],[107.20598,16.62397],[107.20518,16.62247],[107.20449,16.62224],[107.204,16.62238],[107.20312,16.62287],[107.20249,16.62273],[107.20199,16.62236],[107.20155,16.62255],[107.20151,16.62312],[107.20118,16.62393],[107.2,16.62418],[107.19887,16.62386],[107.19862,16.62329],[107.19802,16.62254],[107.19724,16.62241],[107.19616,16.62237],[107.19459,16.6222],[107.19404,16.62188],[107.19374,16.62104],[107.1936,16.62032],[107.19326,16.62004],[107.19197,16.61999],[107.19108,16.62016],[107.19039,16.62063],[107.19017,16.62057],[107.18945,16.61953],[107.18929,16.61901],[107.18876,16.61866],[107.18853,16.61871],[107.18798,16.61939],[107.1875,16.61928],[107.18649,16.61845],[107.18601,16.61814],[107.18529,16.61826],[107.18486,16.61848],[107.18465,16.61903],[107.18374,16.62021],[107.18266,16.6208],[107.18188,16.62043]]]},"properties":{"name":"Nam Hải Lăng","nameEn":"Nam Hai Lang","fullName":"Xã Nam Hải Lăng","fullNameEn":"Nam Hai Lang Commune","codeName":"nam_hai_lang","areaKm2":114.84,"postalCode":"48928","code":"19735"}},{"type":"Feature","geometry":{"type":"MultiPolygon","coordinates":[[[[107.29094,16.7948],[107.29386,16.7938],[107.29726,16.79053],[107.30501,16.783],[107.30609,16.78171],[107.30743,16.78133],[107.30776,16.78148],[107.30848,16.7811],[107.30889,16.78136],[107.30899,16.7805],[107.30938,16.78011],[107.31025,16.77973],[107.31132,16.77863],[107.31163,16.77812],[107.31505,16.77183],[107.31662,16.7689],[107.31721,16.76787],[107.34072,16.75988],[107.34538,16.75628],[107.34555,16.75553],[107.34502,16.75396],[107.34388,16.75288],[107.34179,16.75167],[107.33646,16.7487],[107.33444,16.7474],[107.33217,16.74669],[107.32993,16.74619],[107.3257,16.74085],[107.32068,16.7344],[107.32,16.73376],[107.31657,16.72939],[107.31335,16.72517],[107.31261,16.72412],[107.31107,16.72214],[107.30887,16.7192],[107.3066,16.71606],[107.30594,16.71504],[107.30683,16.71418],[107.30768,16.71498],[107.30871,16.71479],[107.30916,16.71455],[107.30937,16.71374],[107.31023,16.71284],[107.31137,16.71233],[107.31214,16.71225],[107.31393,16.71226],[107.31433,16.71324],[107.3149,16.71433],[107.31609,16.7138],[107.31744,16.71577],[107.31937,16.71512],[107.3177,16.71265],[107.32,16.71116],[107.3184,16.70892],[107.31966,16.70829],[107.32083,16.70761],[107.32103,16.70726],[107.32092,16.70682],[107.32083,16.70554],[107.32116,16.70517],[107.322,16.70497],[107.32408,16.70505],[107.32444,16.70497],[107.32477,16.70448],[107.32498,16.70388],[107.32507,16.70298],[107.3253,16.70253],[107.32594,16.70211],[107.32614,16.70134],[107.32671,16.70059],[107.32708,16.69991],[107.32743,16.69861],[107.32772,16.69781],[107.32777,16.69699],[107.32757,16.6958],[107.32791,16.6953],[107.32922,16.69491],[107.32967,16.69454],[107.33194,16.69718],[107.33201,16.69758],[107.33568,16.69885],[107.34575,16.70138],[107.34539,16.70117],[107.34614,16.699],[107.3476,16.69544],[107.34763,16.6952],[107.34863,16.69478],[107.34919,16.69578],[107.35013,16.69676],[107.35147,16.69758],[107.35308,16.69836],[107.35348,16.6984],[107.35438,16.6982],[107.35505,16.69817],[107.35601,16.6983],[107.35729,16.69865],[107.35814,16.6986],[107.35798,16.69984],[107.35774,16.70018],[107.35795,16.7008],[107.35845,16.70156],[107.35864,16.70316],[107.35736,16.70377],[107.35658,16.70463],[107.35543,16.70515],[107.35488,16.70578],[107.35456,16.70584],[107.35342,16.70544],[107.35293,16.70582],[107.35153,16.70791],[107.35113,16.70832],[107.35156,16.70887],[107.35273,16.70791],[107.35449,16.71064],[107.35577,16.70978],[107.35708,16.71186],[107.35762,16.7131],[107.35817,16.71417],[107.36115,16.71837],[107.36103,16.71846],[107.36312,16.7216],[107.36516,16.72567],[107.36931,16.73325],[107.37682,16.73725],[107.37731,16.73748],[107.38332,16.74073],[107.38379,16.74033],[107.38412,16.74052],[107.38438,16.74003],[107.38488,16.74012],[107.38566,16.74046],[107.38641,16.74062],[107.38946,16.74292],[107.38878,16.74346],[107.38768,16.74405],[107.38615,16.74505],[107.38498,16.74601],[107.38426,16.74672],[107.38286,16.74749],[107.38086,16.74899],[107.37991,16.74981],[107.37853,16.75065],[107.37751,16.75119],[107.37589,16.75257],[107.37403,16.75386],[107.36971,16.75667],[107.3683,16.75768],[107.36775,16.75798],[107.36619,16.75899],[107.36354,16.7608],[107.36008,16.7634],[107.35713,16.76553],[107.35489,16.76735],[107.35318,16.76845],[107.35074,16.77037],[107.34994,16.77111],[107.34866,16.77197],[107.34692,16.77326],[107.34589,16.77413],[107.34577,16.77334],[107.34613,16.77308],[107.34627,16.77266],[107.34722,16.77185],[107.34779,16.77151],[107.34822,16.77146],[107.34894,16.77075],[107.34902,16.77006],[107.34921,16.76982],[107.34978,16.76988],[107.35014,16.7693],[107.35035,16.7682],[107.35082,16.76781],[107.35144,16.76803],[107.35099,16.7664],[107.35042,16.76676],[107.34995,16.76661],[107.34954,16.76705],[107.34961,16.76783],[107.34911,16.76835],[107.34917,16.76908],[107.34936,16.76942],[107.34892,16.76976],[107.34876,16.77028],[107.34803,16.77078],[107.34776,16.77117],[107.34691,16.77164],[107.34664,16.77214],[107.34593,16.77266],[107.34558,16.77333],[107.34564,16.77373],[107.34517,16.77465],[107.34156,16.77743],[107.34054,16.77795],[107.34022,16.77787],[107.34036,16.7774],[107.34112,16.77688],[107.34181,16.77617],[107.34297,16.77547],[107.34325,16.77487],[107.34305,16.77461],[107.34208,16.7749],[107.34226,16.77535],[107.341,16.77672],[107.3402,16.77721],[107.34004,16.77755],[107.33938,16.77788],[107.34025,16.77803],[107.34028,16.77826],[107.33797,16.77993],[107.33647,16.7811],[107.33561,16.78185],[107.33385,16.78309],[107.33308,16.78377],[107.33327,16.78307],[107.33259,16.78276],[107.33191,16.7834],[107.33267,16.78376],[107.33236,16.78437],[107.33085,16.78569],[107.32945,16.78656],[107.32669,16.78899],[107.3261,16.7893],[107.32517,16.79021],[107.32375,16.79105],[107.32332,16.79137],[107.3229,16.7912],[107.32249,16.7915],[107.322,16.79138],[107.32193,16.79078],[107.32151,16.7911],[107.32211,16.79173],[107.32275,16.79144],[107.32252,16.79205],[107.32065,16.79349],[107.31985,16.79429],[107.31897,16.79484],[107.31865,16.79518],[107.31749,16.79614],[107.3174,16.79485],[107.31682,16.79599],[107.31655,16.7962],[107.3156,16.79745],[107.3147,16.7982],[107.31324,16.79925],[107.31232,16.80005],[107.31178,16.80065],[107.311,16.80113],[107.30947,16.80239],[107.30929,16.80189],[107.30964,16.80165],[107.30903,16.80098],[107.30896,16.80141],[107.30849,16.80175],[107.30797,16.80155],[107.30729,16.80075],[107.30609,16.79989],[107.30528,16.79956],[107.30466,16.79899],[107.30447,16.7989],[107.3036,16.79836],[107.3027,16.79837],[107.30152,16.79803],[107.30102,16.79817],[107.30081,16.79799],[107.29812,16.79769],[107.29514,16.79782],[107.29378,16.79678],[107.29161,16.79529],[107.29094,16.7948]]],[[[107.35035,16.76732],[107.3498,16.76744],[107.34996,16.76682],[107.35049,16.76688],[107.35035,16.76732]]]]},"properties":{"name":"Mỹ Thuỷ","nameEn":"My Thuy","fullName":"Xã Mỹ Thuỷ","fullNameEn":"My Thuy Commune","codeName":"my_thuy","areaKm2":43.82,"postalCode":"48926","code":"19741"}},{"type":"Feature","geometry":{"type":"Polygon","coordinates":[[[107.34393,17.15295],[107.34494,17.15408],[107.34703,17.15544],[107.34805,17.1564],[107.34818,17.15678],[107.34789,17.1574],[107.34699,17.15973],[107.34593,17.16182],[107.34552,17.16224],[107.34457,17.16286],[107.34353,17.16385],[107.34283,17.16482],[107.34216,17.16547],[107.34121,17.16598],[107.34014,17.16617],[107.33741,17.1661],[107.3357,17.16599],[107.33521,17.16585],[107.33428,17.1651],[107.33292,17.16375],[107.33214,17.16282],[107.33184,17.1613],[107.33183,17.15879],[107.33196,17.15785],[107.33262,17.15635],[107.33324,17.15521],[107.33434,17.15409],[107.3356,17.1531],[107.33625,17.15238],[107.33668,17.15152],[107.33736,17.15136],[107.33813,17.15147],[107.33874,17.15192],[107.33947,17.15214],[107.34066,17.15209],[107.34103,17.15172],[107.34126,17.15084],[107.3416,17.1506],[107.34263,17.15053],[107.34309,17.15063],[107.34335,17.15106],[107.34352,17.15204],[107.34393,17.15295]]]},"properties":{"name":"Cồn Cỏ","nameEn":"Con Co","fullName":"Đặc khu Cồn Cỏ","fullNameEn":"Con Co Special administrative region","codeName":"con_co","areaKm2":2.3,"postalCode":"48956","code":"19742"}}]}