{"type":"FeatureCollection","features":[{"type":"Feature","geometry":{"type":"Polygon","coordinates":[[[106.70825,16.68344],[106.70846,16.68293],[106.70927,16.68304],[106.70986,16.68283],[106.71075,16.68208],[106.7113,16.68074],[106.71183,16.67985],[106.71236,16.6794],[106.71339,16.67944],[106.71439,16.67885],[106.71577,16.67833],[106.71768,16.67858],[106.71826,16.67823],[106.72041,16.67641],[106.72155,16.67567],[106.72199,16.67483],[106.72222,16.67358],[106.72316,16.67308],[106.72426,16.6728],[106.72439,16.67223],[106.72373,16.67191],[106.72319,16.67082],[106.72378,16.6705],[106.72441,16.66973],[106.72509,16.66973],[106.72538,16.66913],[106.72605,16.66898],[106.7285,16.66919],[106.72948,16.66911],[106.73047,16.66874],[106.73092,16.66795],[106.73132,16.66674],[106.73196,16.66598],[106.73245,16.6658],[106.73423,16.66604],[106.73482,16.66574],[106.73518,16.66377],[106.73547,16.66288],[106.73615,16.66171],[106.73732,16.6606],[106.73864,16.66046],[106.7401,16.66004],[106.74157,16.66017],[106.74235,16.65996],[106.7428,16.65898],[106.74268,16.65823],[106.74279,16.65699],[106.74249,16.65608],[106.74275,16.6546],[106.74303,16.65415],[106.74608,16.65238],[106.74657,16.65126],[106.74642,16.65015],[106.74587,16.64962],[106.74777,16.6478],[106.74862,16.64727],[106.74973,16.64711],[106.75099,16.64797],[106.7517,16.64812],[106.75252,16.64741],[106.75208,16.64593],[106.75246,16.64468],[106.75268,16.64764],[106.75213,16.64822],[106.75114,16.64832],[106.74941,16.64749],[106.74863,16.64754],[106.74707,16.64898],[106.74717,16.65084],[106.7465,16.65241],[106.7443,16.65399],[106.74329,16.65483],[106.74329,16.6573],[106.7431,16.65934],[106.74284,16.66004],[106.7419,16.66047],[106.74061,16.66031],[106.73942,16.66044],[106.73828,16.66084],[106.7376,16.66083],[106.73688,16.66138],[106.73566,16.66331],[106.73543,16.66388],[106.73523,16.66593],[106.73449,16.66633],[106.73351,16.66638],[106.73227,16.6662],[106.73144,16.6672],[106.731,16.66849],[106.73037,16.66913],[106.72946,16.66946],[106.72659,16.66939],[106.7257,16.66998],[106.72439,16.6701],[106.72349,16.67115],[106.7247,16.67126],[106.72498,16.67208],[106.72464,16.67286],[106.72379,16.67348],[106.72284,16.67378],[106.72233,16.67423],[106.72214,16.67511],[106.72172,16.67587],[106.71983,16.67717],[106.71922,16.67796],[106.71792,16.6788],[106.71581,16.67867],[106.71352,16.67965],[106.71201,16.68019],[106.71164,16.68141],[106.71114,16.68215],[106.70995,16.68308],[106.70954,16.68372],[106.70825,16.68344]]]},"properties":{"kind":"water","class":"water","name":"Sông Rào Quán"}},{"type":"Feature","geometry":{"type":"Polygon","coordinates":[[[107.12915,16.85231],[107.1305,16.8555],[107.133,16.857],[107.1345,16.85875],[107.1355,16.85875],[107.13905,16.86138],[107.14097,16.86259],[107.14284,16.86359],[107.14515,16.86434],[107.14715,16.86457],[107.14825,16.86425],[107.14788,16.86348],[107.14685,16.86312],[107.14678,16.86168],[107.14575,16.858],[107.14425,16.85625],[107.145,16.85575],[107.14633,16.85769],[107.14698,16.85946],[107.14779,16.86116],[107.1485,16.86225],[107.15075,16.86325],[107.15184,16.86348],[107.15053,16.86076],[107.15044,16.86037],[107.15097,16.85935],[107.15116,16.85761],[107.15114,16.8532],[107.15175,16.85125],[107.15263,16.84993],[107.15384,16.84881],[107.15124,16.84724],[107.15026,16.8461],[107.14873,16.84365],[107.14798,16.8419],[107.14775,16.841],[107.1485,16.8395],[107.14825,16.83875],[107.14911,16.83824],[107.14951,16.83765],[107.15016,16.83746],[107.15,16.8385],[107.151,16.84],[107.1515,16.84],[107.1524,16.84088],[107.15247,16.84188],[107.15389,16.84344],[107.15491,16.84499],[107.15595,16.84594],[107.15658,16.8453],[107.157,16.84425],[107.15725,16.8415],[107.15676,16.8408],[107.15766,16.84025],[107.15893,16.83837],[107.1609,16.83605],[107.1615,16.8355],[107.16375,16.8345],[107.1675,16.8355],[107.1675,16.83675],[107.167,16.83675],[107.16525,16.8355],[107.16525,16.83625],[107.16625,16.837],[107.16739,16.83764],[107.17023,16.83832],[107.17236,16.83849],[107.17393,16.8384],[107.17465,16.83894],[107.17637,16.8393],[107.17622,16.83972],[107.17498,16.83963],[107.174,16.83925],[107.1705,16.83925],[107.17,16.8395],[107.17,16.841],[107.16961,16.84118],[107.16925,16.83975],[107.16709,16.8385],[107.16519,16.83707],[107.16425,16.836],[107.16306,16.83567],[107.1625,16.83575],[107.161,16.837],[107.1595,16.839],[107.15975,16.842],[107.159,16.842],[107.159,16.8425],[107.1585,16.8445],[107.1575,16.84625],[107.15597,16.84761],[107.15532,16.84952],[107.15477,16.85064],[107.15255,16.85285],[107.15225,16.8535],[107.15226,16.8604],[107.15287,16.86256],[107.15357,16.86358],[107.15422,16.86417],[107.15596,16.86532],[107.15783,16.86539],[107.15819,16.86507],[107.1605,16.86575],[107.16252,16.8662],[107.16504,16.86652],[107.16606,16.86675],[107.16859,16.86676],[107.17303,16.86691],[107.17311,16.86664],[107.1795,16.8685],[107.18183,16.86658],[107.18255,16.86526],[107.18268,16.86303],[107.18326,16.86287],[107.18305,16.86195],[107.18214,16.8597],[107.1815,16.85778],[107.18119,16.85729],[107.18179,16.85689],[107.18146,16.85426],[107.18079,16.85351],[107.1799,16.85312],[107.17825,16.85325],[107.17691,16.85369],[107.17683,16.85331],[107.17533,16.85284],[107.17577,16.8517],[107.17665,16.85278],[107.17745,16.85261],[107.17793,16.85192],[107.18002,16.85225],[107.18191,16.85355],[107.18246,16.85478],[107.18257,16.85637],[107.18331,16.85968],[107.18406,16.86023],[107.18471,16.86287],[107.18566,16.86289],[107.18678,16.86218],[107.18712,16.86022],[107.18681,16.85972],[107.18657,16.85817],[107.1867,16.85752],[107.18615,16.85658],[107.18658,16.85627],[107.18793,16.8569],[107.18751,16.85752],[107.18752,16.85847],[107.18781,16.85928],[107.18741,16.86044],[107.18747,16.86114],[107.18675,16.863],[107.18559,16.86406],[107.18476,16.86524],[107.18412,16.86579],[107.1818,16.86879],[107.18161,16.86995],[107.18157,16.87203],[107.18235,16.87467],[107.18225,16.8765],[107.18175,16.8775],[107.17982,16.88182],[107.1785,16.8835],[107.17754,16.88559],[107.177,16.88775],[107.178,16.89125],[107.17861,16.89167],[107.18,16.8935],[107.18175,16.89475],[107.18254,16.8951],[107.1845,16.89375],[107.185,16.89325],[107.18792,16.89151],[107.18892,16.89121],[107.19039,16.88944],[107.19078,16.88822],[107.19024,16.88538],[107.1894,16.88443],[107.19055,16.8836],[107.19095,16.88486],[107.19137,16.88779],[107.1913,16.88885],[107.19041,16.89101],[107.18984,16.89177],[107.18656,16.89497],[107.18553,16.89574],[107.18489,16.89691],[107.18565,16.89772],[107.18569,16.89817],[107.18685,16.89878],[107.18841,16.89987],[107.18955,16.9005],[107.18946,16.90087],[107.19103,16.90228],[107.19145,16.90299],[107.18984,16.90492],[107.18909,16.90466],[107.187,16.90328],[107.18654,16.90396],[107.18613,16.90369],[107.18568,16.90423],[107.18484,16.90423],[107.18349,16.90358],[107.18243,16.90332],[107.18185,16.90291],[107.18052,16.90274],[107.17905,16.90209],[107.17779,16.90129],[107.17798,16.90024],[107.17719,16.89976],[107.17672,16.89977],[107.17583,16.89899],[107.17465,16.89834],[107.17285,16.89644],[107.17056,16.89484],[107.16852,16.89375],[107.16633,16.89149],[107.16415,16.88897],[107.16177,16.88704],[107.1599,16.88584],[107.15903,16.88606],[107.1573,16.88686],[107.15491,16.88477],[107.15653,16.88302],[107.15423,16.88102],[107.1542,16.88074],[107.15202,16.87908],[107.15102,16.87885],[107.14915,16.87743],[107.14863,16.8766],[107.14753,16.8757],[107.14795,16.87504],[107.14936,16.8757],[107.15088,16.87703],[107.15168,16.87799],[107.15119,16.87467],[107.15086,16.87382],[107.1496,16.87289],[107.14853,16.87266],[107.14774,16.87271],[107.14665,16.87327],[107.14506,16.87478],[107.14459,16.87581],[107.14484,16.87713],[107.14402,16.87815],[107.14304,16.8784],[107.14188,16.87795],[107.14081,16.87779],[107.14011,16.87802],[107.14013,16.87716],[107.13937,16.87653],[107.13944,16.87598],[107.13871,16.87456],[107.13796,16.87374],[107.13717,16.87326],[107.13588,16.87079],[107.13575,16.87025],[107.1325,16.86525],[107.12875,16.861],[107.1265,16.85475],[107.12915,16.85231]],[[107.17373,16.86976],[107.16844,16.86937],[107.164,16.86825],[107.16172,16.86815],[107.16,16.86825],[107.1582,16.86749],[107.15436,16.86719],[107.15111,16.86719],[107.15177,16.86984],[107.15287,16.87094],[107.1538,16.87276],[107.15388,16.87413],[107.1546,16.87643],[107.1553,16.87798],[107.15575,16.8785],[107.15763,16.87991],[107.15975,16.88125],[107.16135,16.88264],[107.16447,16.88514],[107.16495,16.88433],[107.16626,16.88529],[107.168,16.887],[107.17175,16.889],[107.1695,16.886],[107.16975,16.88575],[107.17125,16.88225],[107.172,16.88075],[107.17175,16.8805],[107.172,16.879],[107.1715,16.879],[107.17125,16.87825],[107.172,16.87725],[107.17275,16.87675],[107.17325,16.8775],[107.1735,16.879],[107.17425,16.879],[107.17475,16.878],[107.17375,16.87775],[107.17125,16.87475],[107.17275,16.87375],[107.17325,16.87325],[107.1745,16.87325],[107.17625,16.87475],[107.17775,16.87725],[107.17925,16.87675],[107.18025,16.8745],[107.18025,16.8735],[107.18,16.8725],[107.17936,16.87164],[107.1785,16.871],[107.17525,16.87],[107.17373,16.86976]],[[107.14675,16.868],[107.1435,16.867],[107.14325,16.86725],[107.14125,16.86725],[107.141,16.867],[107.1395,16.8665],[107.139,16.86675],[107.13725,16.866],[107.13575,16.86475],[107.1345,16.8645],[107.13075,16.86175],[107.13125,16.8625],[107.1335,16.865],[107.1335,16.866],[107.13475,16.867],[107.13525,16.86825],[107.1365,16.86997],[107.13797,16.87176],[107.1388,16.8726],[107.142,16.87675],[107.14295,16.87729],[107.144,16.87725],[107.14415,16.87687],[107.14394,16.87523],[107.14415,16.87444],[107.14525,16.873],[107.1475,16.87102],[107.1485,16.87125],[107.14925,16.871],[107.14675,16.868]]]},"properties":{"kind":"water","class":"river","name":null}},{"type":"Feature","geometry":{"type":"Polygon","coordinates":[[[106.28236,17.78832],[106.27983,17.78901],[106.27705,17.78905],[106.27404,17.78952],[106.27201,17.78928],[106.26999,17.78876],[106.26955,17.78831],[106.26737,17.78734],[106.26593,17.78571],[106.26404,17.78386],[106.26209,17.78244],[106.26044,17.78225],[106.25672,17.782],[106.25475,17.78248],[106.24973,17.78475],[106.24631,17.787],[106.242,17.78941],[106.24061,17.79028],[106.23907,17.79139],[106.23762,17.79272],[106.2362,17.79423],[106.23544,17.79554],[106.23434,17.79656],[106.23058,17.79914],[106.228,17.8007],[106.2252,17.80249],[106.22403,17.80264],[106.22298,17.80247],[106.22018,17.80258],[106.21811,17.80233],[106.21647,17.80269],[106.21536,17.80269],[106.21427,17.80307],[106.21143,17.80443],[106.20864,17.80692],[106.20592,17.80924],[106.20482,17.80963],[106.20297,17.81069],[106.19903,17.81227],[106.19713,17.81291],[106.194,17.81351],[106.19047,17.8144],[106.18845,17.81499],[106.18653,17.81576],[106.18244,17.81658],[106.18105,17.81663],[106.17807,17.81618],[106.1758,17.81608],[106.17465,17.81627],[106.173,17.81686],[106.17211,17.81789],[106.16951,17.82239],[106.16774,17.82596],[106.16742,17.82739],[106.16713,17.82953],[106.16713,17.83074],[106.16691,17.83111],[106.16715,17.83198],[106.16653,17.83389],[106.16575,17.83505],[106.16484,17.8358],[106.16129,17.83694],[106.16059,17.83702],[106.1592,17.83756],[106.15817,17.83836],[106.15707,17.83838],[106.15574,17.83803],[106.15371,17.83724],[106.15269,17.83644],[106.1515,17.83573],[106.1483,17.83254],[106.14738,17.83145],[106.14683,17.83027],[106.14568,17.82845],[106.14491,17.828],[106.14476,17.82753],[106.1439,17.8272],[106.1433,17.82734],[106.14141,17.82826],[106.14069,17.82938],[106.14023,17.83257],[106.14027,17.83377],[106.1405,17.83536],[106.14075,17.8359],[106.14097,17.83753],[106.14178,17.83812],[106.14318,17.83882],[106.14444,17.83889],[106.14501,17.83991],[106.14594,17.84068],[106.14649,17.84071],[106.1472,17.84119],[106.14723,17.84181],[106.14685,17.84257],[106.14593,17.8434],[106.14527,17.84443],[106.14461,17.84504],[106.14084,17.84794],[106.13792,17.84996],[106.13299,17.8532],[106.1302,17.85435],[106.12807,17.85455],[106.1269,17.85421],[106.12582,17.85368],[106.12469,17.8534],[106.12188,17.85302],[106.12084,17.85258],[106.11953,17.85175],[106.11805,17.85168],[106.11744,17.85195],[106.11632,17.85289],[106.11584,17.85352],[106.11552,17.85568],[106.11473,17.8585],[106.1153,17.85921],[106.11621,17.8593],[106.11631,17.85867],[106.11729,17.85807],[106.11762,17.85872],[106.11747,17.85987],[106.11798,17.86066],[106.11786,17.86155],[106.11676,17.86246],[106.11467,17.86331],[106.11235,17.86389],[106.1104,17.86346],[106.10751,17.86235],[106.10589,17.86236],[106.10503,17.86207],[106.10317,17.86106],[106.10194,17.86073],[106.10121,17.85974],[106.10037,17.85937],[106.09951,17.85949],[106.0971,17.86153],[106.09288,17.86611],[106.09134,17.86695],[106.08953,17.86764],[106.08904,17.86869],[106.08833,17.8693],[106.08804,17.86994],[106.08621,17.87168],[106.08528,17.87278],[106.08401,17.87372],[106.08316,17.87369],[106.08075,17.87461],[106.08044,17.87502],[106.07963,17.87503],[106.07867,17.87579],[106.07789,17.8768],[106.0773,17.8772],[106.07718,17.87812],[106.0773,17.87946],[106.07824,17.88099],[106.07783,17.88329],[106.07742,17.88433],[106.07622,17.88544],[106.07476,17.88547],[106.07357,17.8846],[106.07336,17.88378],[106.0736,17.88233],[106.07171,17.88125],[106.07068,17.88118],[106.06928,17.88204],[106.06849,17.88368],[106.06715,17.88464],[106.06519,17.88577],[106.06167,17.88689],[106.06073,17.88798],[106.05914,17.88865],[106.05771,17.88946],[106.05554,17.8913],[106.05387,17.89254],[106.05192,17.89383],[106.05141,17.89403],[106.04999,17.89408],[106.04929,17.89372],[106.0484,17.89444],[106.04856,17.89542],[106.04732,17.89599],[106.04623,17.89694],[106.04544,17.89719],[106.04411,17.89697],[106.043,17.89622],[106.04116,17.89313],[106.04089,17.89119],[106.04044,17.89027],[106.03919,17.89016],[106.03744,17.89141],[106.03614,17.89292],[106.03451,17.89464],[106.03307,17.89598],[106.03231,17.89721],[106.03159,17.89778],[106.03052,17.8982],[106.02961,17.89888],[106.02931,17.89976],[106.02989,17.90068],[106.03069,17.90153],[106.03186,17.90303],[106.03227,17.90391],[106.03265,17.90417],[106.03239,17.9061],[106.03192,17.90722],[106.03126,17.90827],[106.03034,17.9093],[106.02912,17.90978],[106.02737,17.90989],[106.0263,17.9098],[106.02567,17.90832],[106.02589,17.90608],[106.02637,17.90481],[106.02602,17.90326],[106.02458,17.90253],[106.02343,17.9026],[106.02234,17.90307],[106.02123,17.90383],[106.02012,17.90507],[106.0189,17.90593],[106.01726,17.90644],[106.01573,17.90721],[106.01245,17.90855],[106.01048,17.90862],[106.00988,17.90802],[106.00823,17.90769],[106.005,17.90753],[106.00314,17.90784],[106.00205,17.90848],[106.00142,17.90941],[106.00088,17.91092],[105.99874,17.9145],[105.99769,17.91517],[105.99574,17.9159],[105.99405,17.91637],[105.99269,17.91731],[105.99122,17.91862],[105.98809,17.92283],[105.98735,17.92355],[105.9855,17.92413],[105.98251,17.92407],[105.98026,17.92417],[105.97686,17.92422],[105.97522,17.92459],[105.97378,17.92581],[105.97164,17.92726],[105.97089,17.92757],[105.96884,17.9289],[105.96816,17.9295],[105.96624,17.93236],[105.96537,17.934],[105.96309,17.93724],[105.96181,17.93934],[105.96135,17.94086],[105.9608,17.94186],[105.95996,17.94378],[105.95675,17.94657],[105.95621,17.94716],[105.95564,17.94871],[105.95585,17.95107],[105.95552,17.95103],[105.95488,17.95221],[105.95477,17.95319],[105.95442,17.95344],[105.95302,17.95357],[105.95253,17.95344],[105.95226,17.95311],[105.95014,17.95233],[105.94923,17.95179],[105.94684,17.9512],[105.94557,17.95056],[105.94491,17.9504],[105.94417,17.95078],[105.94359,17.95142],[105.94288,17.95303],[105.94108,17.95464],[105.93924,17.95605],[105.93806,17.95763],[105.93705,17.95861],[105.93449,17.96033],[105.93337,17.96095],[105.93258,17.96231],[105.9322,17.96343],[105.93156,17.96472],[105.9296,17.96752],[105.92692,17.96892],[105.92429,17.96888],[105.9237,17.96905],[105.92299,17.97052],[105.92301,17.97131],[105.92399,17.97178],[105.92429,17.97247],[105.9241,17.97375],[105.92435,17.97483],[105.92414,17.97507],[105.92299,17.97612],[105.92143,17.97711],[105.92017,17.97768],[105.91737,17.97929],[105.91589,17.98043],[105.91532,17.98125],[105.91471,17.98395],[105.91492,17.98494],[105.91434,17.98524],[105.91383,17.98614],[105.91391,17.98668],[105.91127,17.98639],[105.9107,17.98612],[105.90846,17.98605],[105.90701,17.98615],[105.90539,17.98649],[105.90438,17.98637],[105.90366,17.98693],[105.90263,17.98722],[105.90191,17.98713],[105.90159,17.98632],[105.90152,17.98431],[105.90187,17.98321],[105.90276,17.98342],[105.90351,17.98182],[105.90356,17.98103],[105.9024,17.98021],[105.90084,17.98089],[105.89879,17.98159],[105.8976,17.98228],[105.89696,17.98356],[105.89694,17.98497],[105.899,17.98771],[105.89996,17.99375],[105.89958,17.99442],[105.89805,17.99488],[105.89651,17.99449],[105.89501,17.99354],[105.8924,17.99114],[105.89097,17.98838],[105.89018,17.98794],[105.8895,17.98804],[105.88844,17.98963],[105.88791,17.9912],[105.88788,17.99228],[105.88852,17.99363],[105.88854,17.99423],[105.88905,17.99474],[105.88996,17.99496],[105.89127,17.99588],[105.89237,17.99732],[105.89293,17.99839],[105.89339,17.99968],[105.89468,18.00161],[105.89532,18.00238],[105.8961,18.00409],[105.89599,18.00498],[105.89684,18.00589],[105.89776,18.00718],[105.89794,18.00774],[105.89767,18.00871],[105.89639,18.00949],[105.89478,18.01013],[105.89373,18.01074],[105.89336,18.01072],[105.89262,18.00983],[105.89078,18.00842],[105.89,18.00767],[105.88893,18.00706],[105.88713,18.00627],[105.88592,18.0062],[105.88436,18.00658],[105.88285,18.00673],[105.88275,18.00695],[105.88138,18.00729],[105.88045,18.00728],[105.87929,18.00695],[105.87781,18.00706],[105.87648,18.00803],[105.87538,18.00823],[105.87478,18.00808],[105.87418,18.0069],[105.87447,18.00599],[105.87441,18.00493],[105.87529,18.00453],[105.87564,18.00481],[105.87617,18.0039],[105.87509,18.00351],[105.874,18.00334],[105.87279,18.00353],[105.87157,18.00426],[105.86923,18.0049],[105.86768,18.00593],[105.86704,18.00584],[105.86674,18.00509],[105.86542,18.00438],[105.8648,18.0045],[105.86432,18.00385],[105.86333,18.00338],[105.86315,18.00241],[105.86383,18.0014],[105.86543,17.9997],[105.86742,17.99819],[105.86773,17.99776],[105.86778,17.99626],[105.86739,17.99484],[105.8674,17.99232],[105.86772,17.99163],[105.86751,17.99109],[105.86772,17.99001],[105.86678,17.98954],[105.86517,17.98994],[105.86206,17.98989],[105.86158,17.98959],[105.86087,17.98973],[105.86018,17.9914],[105.86107,17.99138],[105.86171,17.99193],[105.86062,17.99224],[105.85984,17.99224],[105.85708,17.99305],[105.85531,17.99291],[105.85529,17.99237],[105.85399,17.9916],[105.85142,17.99078],[105.85002,17.99024],[105.84806,17.98849],[105.84823,17.98961],[105.84765,17.98951],[105.84729,17.98822],[105.84775,17.98741],[105.84815,17.98525],[105.8483,17.98374],[105.84825,17.98001],[105.84867,17.97887],[105.84829,17.97794],[105.84711,17.97744],[105.84626,17.97689],[105.84419,17.97604],[105.84274,17.97582],[105.84043,17.97602],[105.8385,17.97645],[105.83757,17.97632],[105.83698,17.9759],[105.83686,17.97524],[105.83698,17.9735],[105.83751,17.97256],[105.83834,17.972],[105.83888,17.97101],[105.83646,17.9691],[105.83408,17.96698],[105.83265,17.96609],[105.83121,17.9656],[105.83003,17.96564],[105.82835,17.9665],[105.82702,17.96782],[105.8266,17.96846],[105.82528,17.9688],[105.82291,17.96835],[105.82106,17.96814],[105.81949,17.96774],[105.81912,17.96736],[105.81904,17.96598],[105.81996,17.96502],[105.82241,17.96339],[105.82241,17.96242],[105.82081,17.96108],[105.81927,17.96088],[105.81847,17.96125],[105.81788,17.96262],[105.81798,17.9638],[105.81748,17.96482],[105.81647,17.96525],[105.8155,17.96496],[105.8146,17.96377],[105.81394,17.96266],[105.81351,17.96153],[105.81289,17.9604],[105.81181,17.95978],[105.81017,17.95938],[105.80889,17.95888],[105.80692,17.95792],[105.80544,17.95792],[105.80459,17.95773],[105.80379,17.95693],[105.80374,17.95538],[105.80325,17.95427],[105.80272,17.9539],[105.80053,17.95364],[105.79928,17.95236],[105.79867,17.95153],[105.7984,17.94963],[105.79807,17.94895],[105.79802,17.94819],[105.79836,17.94695],[105.79825,17.94517],[105.79847,17.94347],[105.79913,17.94245],[105.7996,17.94217],[105.80124,17.94237],[105.80157,17.94183],[105.80124,17.94073],[105.80003,17.93869],[105.79966,17.9373],[105.79994,17.93627],[105.80108,17.9346],[105.8024,17.93428],[105.80398,17.93197],[105.80429,17.9311],[105.80399,17.93088],[105.80423,17.92861],[105.80524,17.92627],[105.8065,17.92492],[105.8079,17.92449],[105.80984,17.92484],[105.81074,17.92453],[105.81189,17.92307],[105.8115,17.92247],[105.80962,17.92153],[105.80825,17.91892],[105.8082,17.91733],[105.80846,17.91663],[105.80913,17.91599],[105.81052,17.91575],[105.81108,17.91621],[105.81182,17.91635],[105.81239,17.91543],[105.81346,17.91516],[105.81813,17.91324],[105.81961,17.91198],[105.82019,17.91194],[105.82018,17.91055],[105.81964,17.91014],[105.81806,17.90972],[105.81751,17.91003],[105.81665,17.91122],[105.81557,17.91121],[105.81463,17.9104],[105.81478,17.90993],[105.81411,17.90969],[105.81365,17.9091],[105.81106,17.90686],[105.81048,17.90593],[105.81036,17.90499],[105.81076,17.90409],[105.81078,17.9033],[105.81116,17.90307],[105.81143,17.90229],[105.81112,17.90165],[105.80958,17.90159],[105.80898,17.90085],[105.80848,17.89893],[105.80874,17.8978],[105.80971,17.89624],[105.80952,17.8954],[105.80784,17.89494],[105.80676,17.89504],[105.80475,17.89445],[105.80421,17.89402],[105.80415,17.89286],[105.80438,17.8918],[105.80516,17.89088],[105.80515,17.8904],[105.8044,17.88971],[105.80282,17.88923],[105.80157,17.88861],[105.80053,17.88772],[105.8003,17.88689],[105.80065,17.88564],[105.80183,17.88512],[105.8028,17.88526],[105.80337,17.885],[105.80368,17.88445],[105.80304,17.88425],[105.80203,17.88148],[105.80117,17.88092],[105.80009,17.8808],[105.79974,17.881],[105.79955,17.88186],[105.7997,17.88263],[105.80035,17.8837],[105.79991,17.88525],[105.79923,17.88587],[105.79833,17.88592],[105.79788,17.88544],[105.7975,17.88406],[105.79752,17.8826],[105.79721,17.88185],[105.79542,17.88016],[105.79499,17.8793],[105.79493,17.87836],[105.79609,17.87677],[105.79632,17.87612],[105.79611,17.87492],[105.79534,17.87372],[105.79463,17.87352],[105.79397,17.87284],[105.79318,17.87147],[105.7935,17.87047],[105.79501,17.86969],[105.79557,17.86963],[105.79901,17.87006],[105.7992,17.86955],[105.8013,17.86874],[105.80117,17.86796],[105.80018,17.86652],[105.79996,17.86552],[105.79917,17.86529],[105.79843,17.86551],[105.79798,17.866],[105.79721,17.86606],[105.79614,17.86506],[105.79563,17.86297],[105.79568,17.86197],[105.79525,17.86011],[105.79506,17.8572],[105.79544,17.8548],[105.79593,17.85412],[105.79636,17.85404],[105.79791,17.85586],[105.79857,17.85544],[105.79929,17.85428],[105.80038,17.85405],[105.80156,17.85421],[105.80216,17.85373],[105.80226,17.85263],[105.80129,17.85048],[105.80161,17.84988],[105.80167,17.84906],[105.80139,17.84842],[105.80078,17.8479],[105.79985,17.8478],[105.79844,17.84837],[105.79756,17.84902],[105.79688,17.84984],[105.79575,17.85156],[105.79484,17.85198],[105.79407,17.85193],[105.79303,17.85274],[105.79261,17.85284],[105.79192,17.85234],[105.79159,17.85145],[105.79076,17.85048],[105.78933,17.84951],[105.78944,17.8485],[105.79008,17.84759],[105.78974,17.84705],[105.78925,17.84715],[105.78776,17.84791],[105.78611,17.84911],[105.78546,17.85023],[105.78452,17.85061],[105.78355,17.85032],[105.78291,17.84979],[105.78249,17.84891],[105.78237,17.8481],[105.78288,17.8473],[105.78358,17.84685],[105.78547,17.84657],[105.7863,17.84632],[105.7869,17.84569],[105.78753,17.84393],[105.78666,17.84228],[105.78605,17.8417],[105.78357,17.8404],[105.78316,17.83965],[105.78266,17.83782],[105.78269,17.83687],[105.78226,17.83658],[105.78064,17.83653],[105.77831,17.83625],[105.77739,17.83598],[105.77564,17.83511],[105.77301,17.83466],[105.77106,17.83423],[105.77035,17.8342],[105.7698,17.83481],[105.77107,17.83574],[105.77196,17.83726],[105.7721,17.83821],[105.77177,17.83908],[105.77116,17.83973],[105.76928,17.84065],[105.7673,17.84235],[105.76607,17.84382],[105.76497,17.84599],[105.76397,17.84662],[105.76252,17.84674],[105.75997,17.84566],[105.75874,17.84484],[105.75704,17.84459],[105.7538,17.84529],[105.75327,17.84615],[105.75384,17.84698],[105.75389,17.84755],[105.75351,17.84913],[105.75384,17.84967],[105.75475,17.8504],[105.75665,17.85126],[105.75727,17.85172],[105.75757,17.85258],[105.75624,17.85163],[105.75474,17.85096],[105.75314,17.84941],[105.75312,17.84855],[105.75334,17.84711],[105.7528,17.84602],[105.75286,17.84544],[105.75431,17.84455],[105.75644,17.84426],[105.75818,17.8442],[105.7588,17.84434],[105.76217,17.84617],[105.76356,17.84642],[105.76462,17.84562],[105.76535,17.844],[105.76769,17.84116],[105.76849,17.84061],[105.77102,17.83927],[105.77159,17.83864],[105.77126,17.83661],[105.76915,17.83469],[105.76928,17.83399],[105.76992,17.83361],[105.77073,17.8336],[105.77199,17.83385],[105.77358,17.83436],[105.77512,17.8346],[105.77567,17.83454],[105.77569,17.83328],[105.77597,17.83264],[105.77653,17.83234],[105.77742,17.83227],[105.77802,17.83269],[105.77922,17.83314],[105.78005,17.83308],[105.78053,17.83224],[105.77573,17.82892],[105.775,17.82884],[105.7752,17.82826],[105.7758,17.82853],[105.78001,17.83115],[105.78105,17.83172],[105.78104,17.83249],[105.78064,17.83325],[105.77998,17.83384],[105.77903,17.83384],[105.77737,17.83288],[105.77648,17.833],[105.77618,17.83396],[105.77669,17.83483],[105.77893,17.83579],[105.77994,17.83598],[105.78284,17.83621],[105.78343,17.83758],[105.78343,17.83908],[105.78415,17.84032],[105.78578,17.841],[105.78687,17.84165],[105.78774,17.84285],[105.78797,17.84384],[105.78718,17.84608],[105.78673,17.84666],[105.78532,17.84719],[105.78385,17.84715],[105.78306,17.84777],[105.78317,17.84894],[105.78418,17.84992],[105.78486,17.85003],[105.78744,17.84726],[105.78948,17.84657],[105.79054,17.84725],[105.79034,17.84798],[105.78975,17.84903],[105.79015,17.84976],[105.79101,17.85018],[105.79221,17.85196],[105.79297,17.85228],[105.79399,17.85167],[105.79469,17.85174],[105.79553,17.85118],[105.79616,17.84995],[105.79729,17.84855],[105.7983,17.84783],[105.79996,17.84717],[105.80099,17.84741],[105.80201,17.84854],[105.8022,17.84982],[105.80169,17.85053],[105.8026,17.85274],[105.80271,17.85342],[105.80176,17.85454],[105.80095,17.85459],[105.80046,17.85429],[105.79928,17.85473],[105.79903,17.85575],[105.79868,17.85614],[105.79779,17.8562],[105.79718,17.85525],[105.79607,17.85498],[105.79562,17.85723],[105.79576,17.85921],[105.79626,17.86205],[105.79628,17.86294],[105.79699,17.86463],[105.79732,17.86508],[105.79805,17.86521],[105.79955,17.86508],[105.80021,17.86541],[105.80159,17.86778],[105.80197,17.86915],[105.80143,17.86981],[105.80106,17.86968],[105.79955,17.86987],[105.79924,17.87033],[105.79842,17.87039],[105.79771,17.87016],[105.79491,17.87018],[105.7941,17.87052],[105.79348,17.8715],[105.79421,17.8726],[105.79554,17.87366],[105.7964,17.87502],[105.79665,17.87586],[105.79658,17.87661],[105.79546,17.87817],[105.79522,17.87911],[105.79619,17.88044],[105.79731,17.88125],[105.79799,17.88258],[105.7984,17.88488],[105.79896,17.88512],[105.79947,17.88466],[105.79899,17.88311],[105.79882,17.88187],[105.79896,17.88104],[105.79976,17.88029],[105.80145,17.88075],[105.80236,17.88124],[105.80335,17.88402],[105.80395,17.88439],[105.80376,17.88495],[105.80263,17.88566],[105.80239,17.88543],[105.801,17.88576],[105.80064,17.88684],[105.80103,17.88764],[105.80157,17.88784],[105.80194,17.88862],[105.80446,17.88939],[105.80559,17.89014],[105.80554,17.8911],[105.80467,17.89255],[105.80447,17.89377],[105.80468,17.89408],[105.80641,17.89447],[105.80951,17.89483],[105.81031,17.8958],[105.81037,17.89644],[105.80989,17.89809],[105.80913,17.89999],[105.80998,17.90141],[105.81075,17.90129],[105.81144,17.90154],[105.81167,17.90247],[105.81108,17.90345],[105.81093,17.90489],[105.81115,17.90603],[105.81219,17.90728],[105.81357,17.90813],[105.81427,17.90886],[105.81568,17.91064],[105.81649,17.91052],[105.81689,17.90977],[105.81777,17.90907],[105.81819,17.90911],[105.81974,17.90982],[105.82029,17.90985],[105.82057,17.91081],[105.8202,17.91236],[105.81962,17.91252],[105.81788,17.91378],[105.81623,17.91459],[105.81572,17.91451],[105.814,17.91528],[105.81278,17.91553],[105.81188,17.91676],[105.8113,17.917],[105.81053,17.91644],[105.80895,17.91682],[105.8086,17.91731],[105.80857,17.91865],[105.80927,17.92008],[105.80991,17.92086],[105.81007,17.92147],[105.81094,17.92179],[105.81161,17.92177],[105.81254,17.92225],[105.81269,17.92282],[105.8117,17.92426],[105.8104,17.92518],[105.80932,17.9253],[105.80665,17.92533],[105.80547,17.9265],[105.80461,17.92942],[105.80446,17.93117],[105.80373,17.93326],[105.80315,17.93432],[105.80239,17.93479],[105.80181,17.93477],[105.80105,17.93538],[105.8003,17.93655],[105.80023,17.93786],[105.80096,17.939],[105.80218,17.94123],[105.80198,17.94285],[105.80103,17.94334],[105.80007,17.9429],[105.79921,17.94362],[105.79876,17.94553],[105.799,17.94614],[105.79901,17.94722],[105.79864,17.94848],[105.79905,17.94979],[105.79908,17.95117],[105.79978,17.95218],[105.8007,17.95256],[105.80214,17.95341],[105.80363,17.95368],[105.80398,17.9543],[105.80447,17.95643],[105.80508,17.9572],[105.80567,17.95753],[105.80677,17.95739],[105.80774,17.95748],[105.8086,17.95814],[105.81215,17.95938],[105.81295,17.95956],[105.81372,17.96042],[105.81423,17.96137],[105.8146,17.96281],[105.81568,17.96427],[105.81638,17.96444],[105.81718,17.96375],[105.81677,17.963],[105.81673,17.96213],[105.81698,17.9612],[105.81756,17.96055],[105.81836,17.96021],[105.81957,17.9601],[105.82041,17.96022],[105.82117,17.96063],[105.82315,17.96212],[105.82335,17.96298],[105.82311,17.96352],[105.82213,17.96455],[105.82031,17.96562],[105.81986,17.96667],[105.82017,17.96719],[105.8211,17.9673],[105.82282,17.96775],[105.82466,17.96793],[105.82562,17.96777],[105.82638,17.96739],[105.82757,17.96595],[105.82949,17.96511],[105.83136,17.9649],[105.83327,17.96573],[105.83619,17.96794],[105.8369,17.96833],[105.83774,17.96913],[105.83914,17.97013],[105.8396,17.97092],[105.83954,17.97152],[105.83853,17.97252],[105.83765,17.97369],[105.83764,17.97509],[105.83824,17.97561],[105.84058,17.97516],[105.84213,17.97498],[105.8454,17.97556],[105.84603,17.97606],[105.84756,17.97688],[105.84911,17.9774],[105.84943,17.97799],[105.849,17.97971],[105.84918,17.9819],[105.84923,17.98395],[105.84914,17.98604],[105.84842,17.98646],[105.84818,17.98782],[105.84844,17.98852],[105.85032,17.99013],[105.8544,17.99126],[105.85474,17.99158],[105.85576,17.99188],[105.85687,17.99252],[105.8592,17.99182],[105.85988,17.99134],[105.86057,17.98936],[105.8614,17.98899],[105.86232,17.98954],[105.8643,17.98959],[105.86648,17.98919],[105.86731,17.98928],[105.86813,17.99012],[105.86814,17.993],[105.86789,17.9936],[105.86786,17.99466],[105.86829,17.99699],[105.86816,17.99778],[105.86767,17.99859],[105.86709,17.99895],[105.86661,17.9998],[105.86602,17.99988],[105.86401,18.00171],[105.86353,18.00235],[105.86385,18.00322],[105.86432,18.00293],[105.86549,18.00401],[105.86762,18.00512],[105.86821,18.00518],[105.86908,18.00456],[105.86997,18.00434],[105.87323,18.00291],[105.874,18.00298],[105.87561,18.00343],[105.87648,18.00382],[105.87597,18.00493],[105.875,18.00507],[105.8746,18.00633],[105.87456,18.00718],[105.87507,18.00795],[105.87621,18.00771],[105.87822,18.00618],[105.88056,18.00673],[105.88088,18.00712],[105.8827,18.00663],[105.88304,18.00624],[105.88453,18.00609],[105.88491,18.00589],[105.8859,18.00607],[105.88673,18.00587],[105.88829,18.0062],[105.88876,18.00673],[105.89134,18.00836],[105.89202,18.0092],[105.89325,18.01011],[105.89494,18.00984],[105.89605,18.00925],[105.89727,18.00798],[105.89741,18.00718],[105.89615,18.00615],[105.89557,18.00483],[105.89581,18.00421],[105.89523,18.00357],[105.89519,18.00283],[105.89341,18.00091],[105.89292,18.0002],[105.89223,17.99864],[105.89259,17.99819],[105.89015,17.99588],[105.88959,17.99571],[105.88794,17.9938],[105.88725,17.99195],[105.88768,17.98995],[105.88887,17.98767],[105.88994,17.98724],[105.89114,17.98762],[105.89184,17.98885],[105.89288,17.99112],[105.89443,17.9923],[105.89528,17.99324],[105.89679,17.9942],[105.89799,17.99442],[105.89876,17.99421],[105.89929,17.99318],[105.89913,17.99168],[105.89887,17.99101],[105.8984,17.98786],[105.89815,17.98713],[105.89646,17.98557],[105.89617,17.98428],[105.89669,17.983],[105.89772,17.98186],[105.90132,17.98],[105.9027,17.97987],[105.9032,17.98005],[105.90406,17.98119],[105.90398,17.98232],[105.90284,17.98395],[105.90223,17.98374],[105.90185,17.98472],[105.9018,17.9855],[105.90212,17.9863],[105.90259,17.98656],[105.90355,17.98632],[105.90453,17.98555],[105.90596,17.98583],[105.90704,17.98567],[105.90875,17.98562],[105.90976,17.98536],[105.91056,17.98556],[105.91252,17.98568],[105.91329,17.98542],[105.91402,17.98444],[105.91445,17.98198],[105.91482,17.98093],[105.91595,17.97957],[105.91827,17.97795],[105.91967,17.9772],[105.92002,17.97685],[105.92165,17.97617],[105.92331,17.97493],[105.92356,17.97414],[105.92343,17.97362],[105.92363,17.97265],[105.92228,17.97179],[105.92205,17.97073],[105.92298,17.96936],[105.92329,17.96863],[105.924,17.96823],[105.92499,17.96822],[105.92541,17.96789],[105.92732,17.96766],[105.92949,17.96632],[105.93172,17.96256],[105.93276,17.96055],[105.93388,17.95996],[105.93516,17.95911],[105.93696,17.95752],[105.93843,17.9556],[105.94003,17.9544],[105.94013,17.95408],[105.94126,17.95352],[105.94328,17.95034],[105.94469,17.94954],[105.94617,17.94992],[105.947,17.94998],[105.94871,17.95041],[105.95014,17.95126],[105.95237,17.95221],[105.9538,17.95251],[105.95436,17.95107],[105.95492,17.95037],[105.95467,17.94876],[105.95489,17.94758],[105.95553,17.94674],[105.95849,17.94424],[105.95889,17.94352],[105.95979,17.94293],[105.96013,17.94113],[105.96085,17.94005],[105.96132,17.93883],[105.96227,17.93691],[105.96367,17.93482],[105.96454,17.93384],[105.9658,17.93157],[105.96641,17.93024],[105.96764,17.92873],[105.96837,17.92812],[105.97039,17.92683],[105.97302,17.9253],[105.97449,17.92429],[105.97519,17.92365],[105.97593,17.92388],[105.97695,17.92354],[105.97831,17.92341],[105.97963,17.92301],[105.98125,17.92296],[105.98592,17.92322],[105.98692,17.92288],[105.98853,17.92039],[105.99067,17.91727],[105.99262,17.91619],[105.99411,17.91516],[105.99707,17.91436],[105.99869,17.91325],[105.99914,17.91251],[105.99969,17.91051],[106.00052,17.90901],[106.00219,17.90741],[106.0036,17.90655],[106.00506,17.90634],[106.00687,17.90624],[106.01038,17.9074],[106.011,17.9081],[106.01186,17.90805],[106.01298,17.90723],[106.01426,17.90662],[106.01514,17.9066],[106.01575,17.9057],[106.01671,17.90534],[106.01833,17.90532],[106.02015,17.90386],[106.02102,17.90296],[106.02216,17.90219],[106.02363,17.90176],[106.02461,17.90166],[106.026,17.90232],[106.02682,17.90363],[106.02678,17.90457],[106.02718,17.90487],[106.02722,17.90557],[106.02638,17.90622],[106.02608,17.90822],[106.02649,17.90943],[106.02883,17.90941],[106.02796,17.90866],[106.02834,17.90834],[106.03013,17.90825],[106.03205,17.9058],[106.03236,17.90457],[106.03156,17.90336],[106.03116,17.90306],[106.03072,17.90214],[106.02946,17.90099],[106.02882,17.89964],[106.02972,17.89835],[106.03169,17.89712],[106.03175,17.89646],[106.03233,17.89563],[106.03388,17.89397],[106.03478,17.89279],[106.03588,17.89187],[106.03755,17.89021],[106.03906,17.88942],[106.04052,17.88955],[106.04138,17.89029],[106.04151,17.89094],[106.04213,17.89152],[106.04234,17.89242],[106.04141,17.89208],[106.04132,17.89262],[106.04325,17.89572],[106.0445,17.89664],[106.04581,17.89652],[106.04629,17.89619],[106.04631,17.89562],[106.04792,17.89461],[106.04873,17.89362],[106.04949,17.89329],[106.04996,17.89353],[106.05216,17.89254],[106.0538,17.89153],[106.05565,17.89008],[106.05746,17.88851],[106.06046,17.88706],[106.06158,17.88626],[106.06267,17.88584],[106.06522,17.88462],[106.06703,17.88364],[106.06797,17.88277],[106.06865,17.88124],[106.06902,17.88082],[106.07052,17.88026],[106.07167,17.88035],[106.07406,17.88171],[106.07434,17.88202],[106.0741,17.88311],[106.07486,17.88449],[106.07596,17.88462],[106.07674,17.88374],[106.07709,17.88282],[106.07721,17.88071],[106.07653,17.8787],[106.07641,17.87801],[106.07693,17.87628],[106.0777,17.87502],[106.07898,17.87429],[106.08008,17.874],[106.08266,17.87303],[106.08411,17.87261],[106.08597,17.87037],[106.08913,17.86697],[106.09061,17.86641],[106.09201,17.8653],[106.09307,17.86431],[106.09612,17.8608],[106.09764,17.85949],[106.09972,17.85826],[106.10318,17.85917],[106.10299,17.85963],[106.10226,17.85993],[106.10223,17.86035],[106.10372,17.86083],[106.10523,17.86153],[106.10689,17.86172],[106.10879,17.86156],[106.1104,17.86226],[106.11197,17.86264],[106.11297,17.86274],[106.11431,17.86248],[106.11633,17.86162],[106.11681,17.86107],[106.11674,17.8603],[106.11636,17.86002],[106.1149,17.85978],[106.11424,17.85881],[106.11466,17.8561],[106.11454,17.85471],[106.11483,17.85338],[106.11541,17.85246],[106.11686,17.85135],[106.11845,17.8508],[106.11919,17.85084],[106.12007,17.85138],[106.12228,17.85193],[106.12567,17.85248],[106.12721,17.85285],[106.12879,17.85308],[106.13017,17.85313],[106.13147,17.85275],[106.13459,17.85059],[106.1371,17.84869],[106.14092,17.846],[106.14238,17.84492],[106.14429,17.84326],[106.14489,17.84225],[106.14487,17.84126],[106.14395,17.84047],[106.14118,17.83876],[106.14052,17.83819],[106.13927,17.83524],[106.13914,17.83298],[106.13892,17.831],[106.13932,17.82986],[106.1405,17.82776],[106.141,17.82721],[106.14218,17.82645],[106.14512,17.82629],[106.14591,17.82757],[106.14674,17.82801],[106.14812,17.82953],[106.14968,17.83182],[106.15043,17.83311],[106.1517,17.83431],[106.15439,17.83623],[106.15575,17.83682],[106.15693,17.8371],[106.15813,17.83708],[106.15972,17.83617],[106.16369,17.83441],[106.16514,17.83345],[106.16614,17.83187],[106.16571,17.83081],[106.16577,17.83031],[106.16553,17.82751],[106.1657,17.82679],[106.16659,17.82593],[106.16728,17.82421],[106.16738,17.82345],[106.16903,17.81992],[106.1699,17.81824],[106.17086,17.8167],[106.17178,17.81599],[106.17339,17.81557],[106.17488,17.81477],[106.17678,17.81511],[106.17863,17.81489],[106.17948,17.81512],[106.18097,17.81517],[106.182,17.81504],[106.18415,17.81441],[106.18731,17.81309],[106.18944,17.81204],[106.19298,17.81129],[106.1945,17.81109],[106.19785,17.81033],[106.20056,17.80927],[106.20214,17.80843],[106.20505,17.80635],[106.20652,17.80518],[106.208,17.80369],[106.20918,17.80277],[106.20944,17.80221],[106.21031,17.80208],[106.21094,17.80169],[106.21296,17.80091],[106.21452,17.8006],[106.21877,17.80059],[106.22112,17.80066],[106.22357,17.80035],[106.22597,17.79968],[106.2284,17.79828],[106.23012,17.79707],[106.23134,17.79573],[106.23539,17.79066],[106.23673,17.78923],[106.24019,17.7866],[106.24143,17.78601],[106.24297,17.78489],[106.24456,17.78389],[106.24543,17.78369],[106.24724,17.78201],[106.25003,17.78028],[106.25204,17.77918],[106.24859,17.77873],[106.24761,17.77844],[106.24678,17.77856],[106.24554,17.77841],[106.24637,17.77786],[106.24745,17.77752],[106.24884,17.7778],[106.25178,17.77857],[106.25379,17.77954],[106.25507,17.77966],[106.25678,17.77941],[106.26066,17.77934],[106.26293,17.7797],[106.26494,17.78041],[106.26678,17.78202],[106.26726,17.78288],[106.26853,17.78428],[106.27073,17.7851],[106.27407,17.78561],[106.27568,17.78573],[106.27706,17.7855],[106.2782,17.78512],[106.28142,17.78452],[106.28259,17.78415],[106.28447,17.78316],[106.28553,17.78246],[106.28835,17.7804],[106.29013,17.77868],[106.29091,17.77759],[106.29196,17.77572],[106.29256,17.77368],[106.2929,17.77146],[106.29318,17.77062],[106.2932,17.76829],[106.29282,17.76739],[106.29321,17.76519],[106.29362,17.7639],[106.29454,17.76265],[106.29563,17.76149],[106.29672,17.76071],[106.29886,17.75966],[106.3009,17.7596],[106.30192,17.75974],[106.30268,17.76019],[106.30353,17.75978],[106.3075,17.75833],[106.3088,17.75812],[106.30968,17.75844],[106.3097,17.75888],[106.31182,17.75886],[106.31289,17.75924],[106.31419,17.76037],[106.3145,17.76117],[106.31436,17.76236],[106.31382,17.76276],[106.31402,17.76337],[106.3146,17.76351],[106.31779,17.76364],[106.31856,17.76378],[106.32062,17.76376],[106.32347,17.76344],[106.3261,17.76296],[106.32839,17.76221],[106.33094,17.76057],[106.33296,17.75941],[106.33519,17.75915],[106.338,17.75807],[106.34038,17.75754],[106.34184,17.75736],[106.34363,17.75735],[106.34519,17.75709],[106.34793,17.75634],[106.34953,17.75539],[106.35252,17.75429],[106.35376,17.75392],[106.35613,17.7534],[106.3574,17.75331],[106.36074,17.75259],[106.36286,17.75174],[106.36443,17.75097],[106.36881,17.74818],[106.36999,17.74788],[106.3705,17.74732],[106.37056,17.7467],[106.37182,17.74534],[106.37495,17.74381],[106.37628,17.74331],[106.37775,17.74292],[106.3807,17.74253],[106.38373,17.74265],[106.38746,17.74307],[106.39089,17.74396],[106.3946,17.74568],[106.39662,17.74626],[106.39974,17.74633],[106.40249,17.74573],[106.40509,17.74472],[106.40895,17.74233],[106.41179,17.74097],[106.41383,17.73999],[106.41774,17.73812],[106.42495,17.73525],[106.42854,17.73302],[106.42994,17.73185],[106.43094,17.73083],[106.4325,17.7279],[106.43286,17.72648],[106.43328,17.72111],[106.43382,17.71623],[106.43478,17.7138],[106.43431,17.71308],[106.43549,17.71258],[106.43646,17.71238],[106.44059,17.71008],[106.44128,17.71006],[106.44183,17.70967],[106.44298,17.70931],[106.44469,17.70968],[106.44583,17.70917],[106.45294,17.70748],[106.4609,17.70569],[106.46314,17.70535],[106.46588,17.70455],[106.47167,17.70324],[106.47268,17.70233],[106.47392,17.70212],[106.47467,17.70301],[106.47651,17.70254],[106.47846,17.70281],[106.47895,17.70306],[106.48208,17.70148],[106.48352,17.70172],[106.4849,17.70179],[106.48555,17.70146],[106.48643,17.70186],[106.4875,17.70189],[106.48788,17.70221],[106.48977,17.70244],[106.49008,17.70278],[106.48879,17.7049],[106.48811,17.70577],[106.48663,17.70664],[106.48524,17.70667],[106.48389,17.70715],[106.48082,17.70678],[106.47969,17.70715],[106.47877,17.7072],[106.47753,17.70784],[106.47598,17.70813],[106.47526,17.708],[106.47417,17.70899],[106.47286,17.70965],[106.47156,17.70983],[106.47117,17.7095],[106.47001,17.71018],[106.46904,17.7105],[106.4687,17.71095],[106.46536,17.71203],[106.46388,17.71269],[106.45752,17.715],[106.45392,17.71535],[106.45111,17.71619],[106.45042,17.71619],[106.4482,17.71471],[106.44737,17.71447],[106.44513,17.71489],[106.44327,17.71492],[106.44341,17.71551],[106.44248,17.7157],[106.4406,17.71685],[106.43985,17.71745],[106.43826,17.7193],[106.43692,17.72282],[106.43648,17.72422],[106.43616,17.72822],[106.43586,17.73053],[106.43572,17.73458],[106.4353,17.73631],[106.43411,17.73881],[106.4327,17.74108],[106.43245,17.74101],[106.4303,17.74331],[106.42873,17.74425],[106.42626,17.74524],[106.42511,17.74593],[106.42354,17.74589],[106.42323,17.74556],[106.4222,17.74522],[106.4215,17.74539],[106.42073,17.74625],[106.41907,17.74638],[106.41848,17.74582],[106.41752,17.74571],[106.41387,17.74676],[106.41293,17.74716],[106.41071,17.74782],[106.40665,17.74849],[106.40449,17.74908],[106.40169,17.74954],[106.39935,17.75032],[106.39767,17.75066],[106.39622,17.75116],[106.395,17.75196],[106.39241,17.75431],[106.39127,17.7552],[106.38986,17.75678],[106.38832,17.75817],[106.38759,17.75827],[106.3862,17.75886],[106.38586,17.75831],[106.38244,17.75821],[106.38001,17.75826],[106.37694,17.75865],[106.37464,17.75918],[106.3737,17.75958],[106.37103,17.76022],[106.36708,17.76155],[106.36432,17.7626],[106.36272,17.76338],[106.36134,17.7638],[106.35731,17.76426],[106.3542,17.76538],[106.35036,17.76786],[106.34749,17.76884],[106.34617,17.76863],[106.34647,17.76793],[106.34652,17.76669],[106.34596,17.76591],[106.34507,17.76547],[106.34292,17.7653],[106.34128,17.76566],[106.33724,17.76719],[106.33431,17.7679],[106.32767,17.77086],[106.32613,17.77143],[106.3249,17.77173],[106.32009,17.77192],[106.31918,17.77149],[106.31707,17.77029],[106.31564,17.76894],[106.31484,17.76774],[106.31358,17.76544],[106.31302,17.76483],[106.31034,17.76281],[106.30926,17.76235],[106.30721,17.76207],[106.30658,17.76191],[106.30555,17.76161],[106.30451,17.76159],[106.30118,17.76227],[106.29981,17.76292],[106.29882,17.76377],[106.29808,17.76479],[106.29692,17.76689],[106.29635,17.76923],[106.29622,17.76968],[106.29585,17.76998],[106.29524,17.77139],[106.29501,17.77299],[106.29527,17.77313],[106.29599,17.77527],[106.29602,17.77703],[106.29551,17.77836],[106.29361,17.78062],[106.29025,17.78331],[106.2898,17.78368],[106.28827,17.78465],[106.28638,17.78557],[106.28515,17.78659],[106.28267,17.78811],[106.28236,17.78832]],[[105.79978,17.88396],[105.8,17.88362],[105.79905,17.88116],[105.79908,17.88272],[105.79978,17.88396]],[[106.34642,17.76304],[106.34766,17.76487],[106.34795,17.7667],[106.34866,17.76704],[106.3494,17.7669],[106.35064,17.76618],[106.35329,17.76395],[106.35479,17.76328],[106.35689,17.76255],[106.36038,17.76154],[106.35938,17.76064],[106.3584,17.76018],[106.35814,17.76043],[106.35663,17.76],[106.35455,17.76003],[106.35175,17.76079],[106.35096,17.76119],[106.34966,17.76145],[106.34773,17.76213],[106.34737,17.76268],[106.34642,17.76304]],[[106.38456,17.74457],[106.38425,17.74384],[106.38296,17.74361],[106.38053,17.74346],[106.37692,17.74394],[106.37469,17.74467],[106.37387,17.74525],[106.37248,17.74671],[106.37201,17.74777],[106.37265,17.74831],[106.37632,17.74774],[106.37945,17.74692],[106.38279,17.74544],[106.38456,17.74457]],[[106.42781,17.74055],[106.42599,17.74234],[106.42527,17.7429],[106.42498,17.74392],[106.42605,17.74411],[106.4268,17.74392],[106.42915,17.74271],[106.43041,17.74176],[106.43141,17.74075],[106.43276,17.7389],[106.43322,17.7378],[106.43359,17.73635],[106.4333,17.73584],[106.43257,17.73586],[106.43155,17.737],[106.42781,17.74055]],[[106.33242,17.76616],[106.33265,17.76577],[106.33162,17.76505],[106.33035,17.76474],[106.32933,17.7647],[106.32595,17.76499],[106.3228,17.76599],[106.32045,17.76698],[106.32182,17.7687],[106.32282,17.76914],[106.32407,17.7694],[106.32563,17.7694],[106.32703,17.76913],[106.3285,17.76853],[106.33242,17.76616]],[[106.3332,17.76481],[106.33404,17.76501],[106.33498,17.76465],[106.33721,17.76302],[106.33863,17.76225],[106.34201,17.7609],[106.34487,17.76061],[106.34765,17.75936],[106.34854,17.75863],[106.34984,17.75804],[106.34963,17.7575],[106.34704,17.7583],[106.3403,17.75908],[106.33864,17.75946],[106.33718,17.75994],[106.33436,17.76133],[106.33357,17.76199],[106.33286,17.76226],[106.33081,17.76375],[106.3316,17.76376],[106.3332,17.76481]],[[106.39575,17.74852],[106.3953,17.74806],[106.39348,17.74744],[106.39241,17.74694],[106.39054,17.74628],[106.38922,17.74609],[106.388,17.74613],[106.38405,17.74755],[106.37872,17.75],[106.37543,17.75108],[106.37206,17.75175],[106.36865,17.75263],[106.36397,17.75404],[106.35805,17.75514],[106.35441,17.7563],[106.35364,17.75675],[106.35256,17.75777],[106.35202,17.75888],[106.35318,17.75896],[106.35612,17.75827],[106.35814,17.75841],[106.35946,17.75884],[106.36188,17.76075],[106.36248,17.76102],[106.36354,17.76088],[106.36584,17.75966],[106.36911,17.75816],[106.37238,17.75687],[106.37455,17.75631],[106.37762,17.75574],[106.3791,17.75555],[106.38448,17.7556],[106.38639,17.75556],[106.3881,17.7553],[106.38916,17.75491],[106.39022,17.75428],[106.39175,17.75267],[106.39557,17.74882],[106.39575,17.74852]]]},"properties":{"kind":"water","class":"river","name":null}},{"type":"Feature","geometry":{"type":"Polygon","coordinates":[[[106.43328,17.72111],[106.43127,17.72233],[106.42762,17.72429],[106.42497,17.72614],[106.42303,17.72727],[106.42039,17.7286],[106.41912,17.72886],[106.41565,17.73016],[106.41352,17.73068],[106.41248,17.73081],[106.41126,17.73176],[106.41087,17.73117],[106.40912,17.73065],[106.40651,17.73088],[106.40371,17.73048],[106.40184,17.73001],[106.39859,17.72797],[106.39472,17.72539],[106.39125,17.72372],[106.38957,17.7226],[106.38811,17.7211],[106.38738,17.71995],[106.38682,17.71866],[106.38576,17.71728],[106.38494,17.7166],[106.38329,17.71425],[106.38249,17.71345],[106.37995,17.71151],[106.37824,17.71002],[106.37694,17.70858],[106.37536,17.70833],[106.37394,17.70875],[106.37248,17.70968],[106.37083,17.71033],[106.36909,17.71071],[106.366,17.711],[106.3648,17.71163],[106.36348,17.7126],[106.36027,17.71639],[106.35819,17.71771],[106.35692,17.71807],[106.35394,17.71815],[106.35274,17.71784],[106.3516,17.71735],[106.34989,17.71613],[106.34866,17.71547],[106.3475,17.71531],[106.34643,17.71534],[106.34501,17.71563],[106.34387,17.71615],[106.34119,17.71759],[106.3396,17.7186],[106.33718,17.72065],[106.33221,17.72206],[106.33106,17.72257],[106.33002,17.72323],[106.32926,17.72392],[106.32739,17.72619],[106.32549,17.72698],[106.32408,17.72718],[106.32227,17.72719],[106.32026,17.72783],[106.31764,17.72817],[106.31629,17.72814],[106.31337,17.72785],[106.30858,17.72779],[106.30638,17.72834],[106.3055,17.72773],[106.30472,17.72691],[106.30501,17.7261],[106.30486,17.72467],[106.30459,17.72378],[106.30366,17.72287],[106.3023,17.72228],[106.29954,17.72145],[106.29759,17.72108],[106.29621,17.71971],[106.29475,17.71972],[106.29267,17.72055],[106.29136,17.72259],[106.29031,17.72321],[106.2898,17.7232],[106.28748,17.72191],[106.28632,17.7215],[106.28474,17.72145],[106.28359,17.72227],[106.2827,17.72257],[106.28168,17.72258],[106.28038,17.72208],[106.2793,17.72238],[106.27869,17.72447],[106.27745,17.72571],[106.27574,17.72687],[106.27532,17.72701],[106.2737,17.72654],[106.27195,17.72538],[106.27088,17.72597],[106.27069,17.72739],[106.27025,17.72828],[106.26991,17.72948],[106.26865,17.73047],[106.26863,17.7313],[106.26896,17.73192],[106.26946,17.73214],[106.26999,17.733],[106.26938,17.73376],[106.2669,17.73391],[106.26588,17.73352],[106.26519,17.73398],[106.26426,17.73425],[106.2629,17.73532],[106.26259,17.73481],[106.26475,17.73353],[106.26602,17.73332],[106.26657,17.73349],[106.26866,17.73332],[106.26917,17.73293],[106.26831,17.73169],[106.26833,17.73057],[106.26859,17.7301],[106.26972,17.72932],[106.27041,17.72715],[106.27071,17.72521],[106.27195,17.72469],[106.27234,17.72514],[106.27458,17.72633],[106.27538,17.72653],[106.27596,17.72634],[106.27719,17.7255],[106.27812,17.72439],[106.27861,17.72295],[106.2789,17.72152],[106.28016,17.72128],[106.2817,17.72188],[106.28348,17.72165],[106.28392,17.72105],[106.28481,17.72069],[106.28636,17.72088],[106.28818,17.72151],[106.2896,17.72237],[106.2903,17.7225],[106.29106,17.72195],[106.29173,17.72044],[106.29245,17.71968],[106.29348,17.71935],[106.29532,17.71899],[106.29663,17.71905],[106.29783,17.72039],[106.29849,17.72078],[106.30034,17.72099],[106.30262,17.7216],[106.30465,17.72274],[106.30509,17.72332],[106.30574,17.72519],[106.30573,17.72649],[106.30621,17.72724],[106.30777,17.72705],[106.30886,17.72708],[106.31033,17.72678],[106.31452,17.72688],[106.3187,17.72717],[106.32016,17.72688],[106.32146,17.72642],[106.32261,17.72625],[106.32499,17.72623],[106.32622,17.72585],[106.33016,17.72187],[106.33525,17.71999],[106.33635,17.71951],[106.33711,17.71877],[106.33916,17.718],[106.34133,17.71637],[106.34428,17.71445],[106.34705,17.71445],[106.34904,17.71455],[106.34987,17.71513],[106.35244,17.71647],[106.35363,17.71693],[106.35556,17.71726],[106.35663,17.71705],[106.35762,17.71665],[106.35875,17.71585],[106.35994,17.71478],[106.36257,17.71168],[106.36374,17.71075],[106.36509,17.7101],[106.36602,17.70987],[106.36812,17.70991],[106.3694,17.7096],[106.37382,17.70738],[106.37579,17.70688],[106.3763,17.70697],[106.37782,17.70772],[106.37862,17.70848],[106.37925,17.70936],[106.38079,17.71012],[106.38442,17.71169],[106.38514,17.71225],[106.38701,17.71413],[106.38715,17.71289],[106.3877,17.71109],[106.38762,17.71041],[106.38783,17.70902],[106.38919,17.7058],[106.39091,17.70308],[106.39131,17.70216],[106.39143,17.70123],[106.39112,17.69991],[106.39112,17.69921],[106.39237,17.6976],[106.39678,17.69473],[106.39776,17.69388],[106.3996,17.69263],[106.4004,17.69184],[106.40109,17.69087],[106.40244,17.68844],[106.40328,17.6863],[106.4034,17.6844],[106.40277,17.68325],[106.40179,17.68224],[106.39813,17.68073],[106.39604,17.68009],[106.39546,17.68005],[106.39349,17.67951],[106.39191,17.67948],[106.39113,17.67918],[106.39005,17.67828],[106.3885,17.67726],[106.38776,17.67591],[106.38861,17.67308],[106.3907,17.6694],[106.39172,17.66823],[106.39195,17.66667],[106.39118,17.66512],[106.39093,17.66326],[106.39112,17.66083],[106.39098,17.66017],[106.3897,17.65831],[106.38803,17.65708],[106.38564,17.65631],[106.384,17.6554],[106.38351,17.65475],[106.38336,17.65394],[106.38361,17.65223],[106.38465,17.65058],[106.38457,17.65025],[106.38365,17.64964],[106.38151,17.64958],[106.3797,17.64929],[106.37908,17.64871],[106.37793,17.64686],[106.378,17.64633],[106.377,17.64595],[106.37603,17.64533],[106.37607,17.64392],[106.37672,17.6426],[106.37729,17.64217],[106.37907,17.64036],[106.38046,17.63865],[106.38091,17.63748],[106.3807,17.63618],[106.37926,17.63375],[106.37797,17.63297],[106.37539,17.63252],[106.37383,17.63283],[106.37151,17.63283],[106.37079,17.63271],[106.3691,17.63287],[106.36859,17.63321],[106.36855,17.63374],[106.36725,17.63403],[106.36688,17.63366],[106.36562,17.63352],[106.36411,17.63286],[106.35961,17.62989],[106.35795,17.62983],[106.35701,17.6294],[106.35691,17.62905],[106.35536,17.62807],[106.35475,17.62791],[106.35327,17.62699],[106.34792,17.62279],[106.34648,17.62174],[106.34493,17.62097],[106.34311,17.62067],[106.33897,17.62098],[106.33523,17.62134],[106.33311,17.62124],[106.32906,17.62083],[106.32732,17.62046],[106.32089,17.61853],[106.31747,17.61732],[106.31569,17.61651],[106.3128,17.61484],[106.31111,17.61399],[106.31038,17.61379],[106.30687,17.61367],[106.30596,17.61357],[106.30507,17.61405],[106.30296,17.6132],[106.30246,17.61277],[106.30132,17.61125],[106.30009,17.60913],[106.29945,17.60824],[106.29782,17.6054],[106.29631,17.60383],[106.29402,17.60216],[106.29163,17.60102],[106.28908,17.60004],[106.28735,17.59904],[106.28529,17.59702],[106.28412,17.59606],[106.28312,17.59488],[106.2806,17.59296],[106.27971,17.59216],[106.27891,17.59089],[106.27841,17.58904],[106.27804,17.58683],[106.27792,17.5853],[106.27769,17.58479],[106.2769,17.58411],[106.27586,17.5835],[106.27467,17.58341],[106.27271,17.58416],[106.27022,17.58566],[106.26791,17.58831],[106.26773,17.58878],[106.26642,17.58984],[106.26474,17.59068],[106.26366,17.59059],[106.26392,17.59001],[106.26509,17.58986],[106.26606,17.589],[106.26773,17.58714],[106.26895,17.58597],[106.26997,17.58461],[106.27313,17.58279],[106.275,17.58246],[106.27628,17.5827],[106.27844,17.5842],[106.28087,17.58339],[106.28192,17.5828],[106.28248,17.58196],[106.28329,17.58205],[106.28271,17.58283],[106.28139,17.58358],[106.27886,17.5845],[106.27871,17.58481],[106.27931,17.5877],[106.27968,17.58868],[106.28078,17.59027],[106.28097,17.5909],[106.28172,17.59202],[106.28525,17.59517],[106.28802,17.59758],[106.28988,17.59876],[106.29414,17.60039],[106.29622,17.60146],[106.29749,17.60271],[106.29835,17.60386],[106.29909,17.60521],[106.30319,17.61129],[106.30435,17.61236],[106.30532,17.61285],[106.30752,17.61245],[106.31038,17.61241],[106.31138,17.61253],[106.31285,17.61306],[106.31356,17.61387],[106.31525,17.61468],[106.31804,17.61582],[106.32335,17.61751],[106.32504,17.61812],[106.33043,17.61939],[106.33176,17.61961],[106.335,17.61974],[106.33664,17.61968],[106.34068,17.61926],[106.34339,17.61911],[106.34469,17.61923],[106.34812,17.6215],[106.34955,17.62228],[106.35264,17.62442],[106.35485,17.62568],[106.35598,17.62671],[106.35731,17.62761],[106.35921,17.62873],[106.36132,17.62939],[106.36386,17.63068],[106.36463,17.63134],[106.3658,17.63201],[106.36701,17.63237],[106.36863,17.63216],[106.36908,17.63181],[106.37261,17.63096],[106.37728,17.63124],[106.37848,17.63142],[106.38069,17.63248],[106.38138,17.63338],[106.3822,17.63593],[106.38239,17.63729],[106.38226,17.63837],[106.38191,17.63946],[106.38131,17.64009],[106.38015,17.64063],[106.37882,17.643],[106.3781,17.64469],[106.37812,17.64533],[106.37869,17.64578],[106.37926,17.6468],[106.38017,17.64752],[106.38146,17.64809],[106.38278,17.64842],[106.38465,17.64857],[106.38547,17.6483],[106.38651,17.64879],[106.38702,17.64982],[106.38678,17.65066],[106.38573,17.65087],[106.38501,17.65209],[106.38515,17.65312],[106.38553,17.65417],[106.38673,17.65508],[106.3879,17.65559],[106.38888,17.6558],[106.39103,17.65695],[106.39163,17.65752],[106.3921,17.65852],[106.39215,17.65964],[106.39195,17.66055],[106.39223,17.6612],[106.39224,17.66218],[106.39403,17.66715],[106.39359,17.66862],[106.3928,17.66883],[106.39245,17.66931],[106.39196,17.67086],[106.39187,17.6721],[106.39201,17.67523],[106.39227,17.67646],[106.39269,17.67752],[106.3935,17.67818],[106.39438,17.6786],[106.39586,17.67869],[106.40001,17.67915],[106.40215,17.67951],[106.4037,17.68008],[106.4044,17.68087],[106.40481,17.68189],[106.40471,17.68312],[106.40493,17.68372],[106.40503,17.68577],[106.40518,17.68634],[106.40462,17.68765],[106.40449,17.68862],[106.4037,17.68958],[106.40272,17.6923],[106.40197,17.69355],[106.4008,17.69425],[106.3996,17.69472],[106.39868,17.6954],[106.39802,17.6963],[106.39563,17.69862],[106.39483,17.69958],[106.39406,17.70095],[106.39362,17.70252],[106.39211,17.70661],[106.39192,17.70763],[106.39201,17.70857],[106.39242,17.7098],[106.39407,17.71275],[106.39476,17.71357],[106.39587,17.71444],[106.39766,17.71627],[106.39803,17.7169],[106.40035,17.71836],[106.40307,17.71948],[106.40497,17.71993],[106.40569,17.71999],[106.40639,17.72056],[106.40905,17.72123],[106.41025,17.72183],[106.4124,17.72322],[106.41473,17.72403],[106.41578,17.72412],[106.41998,17.72301],[106.42276,17.72359],[106.42523,17.7235],[106.42615,17.72259],[106.42684,17.7222],[106.4296,17.72028],[106.43133,17.71892],[106.43257,17.71769],[106.43382,17.71623],[106.43328,17.72111]],[[106.28142,17.59254],[106.28045,17.59019],[106.27989,17.59039],[106.28037,17.59156],[106.28142,17.59254]],[[106.41389,17.72756],[106.41136,17.72492],[106.40973,17.72393],[106.40569,17.7228],[106.40042,17.72114],[106.39995,17.72058],[106.39727,17.71912],[106.39661,17.71906],[106.3959,17.71803],[106.39484,17.71696],[106.39413,17.71647],[106.3936,17.71657],[106.39288,17.71585],[106.39106,17.71369],[106.39057,17.71332],[106.38972,17.71498],[106.38915,17.71543],[106.3888,17.71648],[106.38915,17.71852],[106.38961,17.71979],[106.39115,17.72152],[106.39319,17.72257],[106.3931,17.7228],[106.39511,17.72369],[106.39671,17.7242],[106.39854,17.72445],[106.40005,17.72485],[106.40233,17.72485],[106.40257,17.72411],[106.4039,17.72463],[106.40487,17.72542],[106.40598,17.72592],[106.40696,17.72603],[106.40866,17.72649],[106.41139,17.72748],[106.41307,17.72784],[106.41389,17.72756]],[[106.38633,17.71712],[106.38661,17.71635],[106.38551,17.71559],[106.38523,17.7157],[106.38588,17.71684],[106.38633,17.71712]],[[106.29433,17.60169],[106.29502,17.60207],[106.29678,17.60356],[106.29655,17.60272],[106.29537,17.60181],[106.29433,17.60169]],[[106.39124,17.67842],[106.39128,17.67784],[106.39083,17.67673],[106.3902,17.67565],[106.39006,17.67498],[106.38942,17.67351],[106.38873,17.67537],[106.38919,17.677],[106.39124,17.67842]],[[106.38788,17.7135],[106.3882,17.71444],[106.38874,17.71283],[106.38877,17.71218],[106.38812,17.71215],[106.38788,17.7135]]]},"properties":{"kind":"water","class":"river","name":null}},{"type":"Feature","geometry":{"type":"Polygon","coordinates":[[[106.3735,17.87988],[106.37457,17.88025],[106.37522,17.88083],[106.37644,17.88118],[106.37536,17.88187],[106.37533,17.88219],[106.37626,17.88251],[106.37757,17.88235],[106.37756,17.883],[106.37548,17.88419],[106.37573,17.8849],[106.37618,17.88528],[106.37758,17.88498],[106.37766,17.88583],[106.37816,17.88705],[106.37714,17.88697],[106.37578,17.8878],[106.37494,17.88745],[106.37406,17.88852],[106.37264,17.88828],[106.37243,17.88742],[106.37167,17.8875],[106.37027,17.88827],[106.3692,17.88958],[106.3692,17.89009],[106.37037,17.89011],[106.37149,17.88991],[106.37195,17.88945],[106.37285,17.88979],[106.3734,17.89035],[106.37396,17.88988],[106.37423,17.88922],[106.37554,17.88894],[106.37578,17.89035],[106.37564,17.89092],[106.37619,17.89199],[106.37727,17.89248],[106.3785,17.89273],[106.37781,17.89318],[106.37569,17.89303],[106.37549,17.89364],[106.37443,17.89283],[106.37364,17.89333],[106.37376,17.89396],[106.37455,17.89468],[106.37536,17.89599],[106.37477,17.89731],[106.37459,17.89824],[106.37321,17.89912],[106.37285,17.89891],[106.37141,17.89886],[106.37041,17.89946],[106.36921,17.90055],[106.3692,17.90196],[106.36971,17.90235],[106.37144,17.90235],[106.37252,17.90206],[106.37329,17.90221],[106.37321,17.9032],[106.37278,17.90417],[106.37306,17.90556],[106.3725,17.90611],[106.37139,17.90556],[106.37053,17.90577],[106.3704,17.90647],[106.37092,17.90748],[106.3704,17.90754],[106.36967,17.90693],[106.36955,17.90628],[106.36865,17.90592],[106.36863,17.90533],[106.368,17.90475],[106.36694,17.90422],[106.36619,17.90454],[106.36535,17.9059],[106.36556,17.9075],[106.365,17.90833],[106.36377,17.90687],[106.36394,17.90659],[106.36278,17.90583],[106.36139,17.90722],[106.3602,17.90765],[106.35972,17.90833],[106.35917,17.90765],[106.35806,17.90851],[106.35861,17.90667],[106.35959,17.90673],[106.36083,17.90556],[106.36194,17.90389],[106.36194,17.90306],[106.36119,17.90279],[106.35982,17.90276],[106.35842,17.90219],[106.35771,17.90234],[106.3568,17.90214],[106.355,17.90139],[106.35417,17.90167],[106.35417,17.90222],[106.35472,17.90278],[106.3556,17.90284],[106.35472,17.90389],[106.35361,17.90417],[106.35306,17.90361],[106.35167,17.90361],[106.35,17.90417],[106.35,17.90611],[106.35063,17.90771],[106.35003,17.90879],[106.34922,17.90957],[106.34858,17.91078],[106.34736,17.91135],[106.34723,17.91202],[106.34757,17.91236],[106.3475,17.91333],[106.34778,17.91361],[106.34743,17.91696],[106.34722,17.91778],[106.34587,17.92],[106.34507,17.92092],[106.34417,17.92233],[106.34374,17.92171],[106.34353,17.92066],[106.34369,17.91979],[106.34456,17.91948],[106.34539,17.91969],[106.34559,17.91822],[106.34596,17.91801],[106.34641,17.91687],[106.34613,17.91484],[106.34521,17.9134],[106.34556,17.91304],[106.34544,17.91202],[106.34464,17.91158],[106.345,17.91],[106.34492,17.90916],[106.34567,17.90911],[106.34719,17.90842],[106.34672,17.90796],[106.34603,17.90608],[106.34559,17.90541],[106.34444,17.90722],[106.34361,17.90806],[106.34361,17.90944],[106.3425,17.90972],[106.3418,17.90944],[106.34151,17.91048],[106.34105,17.9109],[106.3411,17.91257],[106.34076,17.91323],[106.34001,17.91295],[106.33849,17.91384],[106.33875,17.9129],[106.33852,17.9123],[106.33928,17.91118],[106.33914,17.911],[106.33732,17.91101],[106.33677,17.91143],[106.33684,17.91189],[106.33602,17.91245],[106.33518,17.91201],[106.33266,17.91339],[106.33172,17.91327],[106.33001,17.91508],[106.32995,17.9157],[106.3294,17.91609],[106.32865,17.91599],[106.32732,17.91633],[106.32655,17.91631],[106.32612,17.91669],[106.32677,17.91719],[106.32656,17.91766],[106.32497,17.91641],[106.32416,17.91672],[106.32269,17.91794],[106.32209,17.91785],[106.32201,17.91892],[106.32171,17.91951],[106.32117,17.9179],[106.32133,17.9173],[106.32293,17.91724],[106.32321,17.91626],[106.32256,17.91571],[106.32274,17.91404],[106.32326,17.91362],[106.32577,17.91376],[106.32674,17.91359],[106.32806,17.91306],[106.32878,17.91239],[106.32862,17.9119],[106.32979,17.91165],[106.33165,17.91038],[106.33192,17.91139],[106.33323,17.91146],[106.33314,17.91084],[106.33367,17.91065],[106.33411,17.90907],[106.33528,17.90822],[106.33613,17.90893],[106.33747,17.90848],[106.33683,17.90742],[106.33864,17.90736],[106.33922,17.9078],[106.34009,17.9075],[106.34014,17.90675],[106.33949,17.90663],[106.33892,17.90532],[106.33987,17.90575],[106.34069,17.90527],[106.34097,17.90478],[106.34074,17.90423],[106.3413,17.90337],[106.34206,17.90288],[106.34291,17.90269],[106.34374,17.90213],[106.34435,17.90129],[106.34584,17.90063],[106.34704,17.89992],[106.34783,17.89915],[106.34883,17.89883],[106.34922,17.8981],[106.35019,17.89726],[106.35095,17.89692],[106.35141,17.89725],[106.35208,17.89667],[106.35293,17.89647],[106.35341,17.8967],[106.35419,17.89566],[106.35403,17.89486],[106.35426,17.89433],[106.35529,17.89415],[106.3555,17.89359],[106.35665,17.89328],[106.35726,17.89202],[106.35785,17.89183],[106.35909,17.89231],[106.35989,17.89198],[106.35979,17.89304],[106.3605,17.89326],[106.36172,17.8933],[106.36207,17.89371],[106.36337,17.89348],[106.36288,17.89246],[106.36354,17.89166],[106.36422,17.89169],[106.36509,17.89109],[106.36357,17.88959],[106.36339,17.8888],[106.36254,17.88873],[106.3624,17.88932],[106.36167,17.89015],[106.36088,17.88926],[106.35907,17.88943],[106.35964,17.88812],[106.35959,17.88744],[106.35892,17.88715],[106.35925,17.8863],[106.35863,17.8856],[106.35768,17.88607],[106.357,17.88711],[106.35545,17.88805],[106.35507,17.88813],[106.35407,17.88723],[106.35616,17.8869],[106.35611,17.88583],[106.35706,17.88406],[106.3583,17.88359],[106.35918,17.88354],[106.35933,17.88252],[106.35869,17.88247],[106.35789,17.88159],[106.35674,17.88218],[106.35556,17.88222],[106.35411,17.88273],[106.35388,17.88308],[106.35288,17.88336],[106.35284,17.88254],[106.35325,17.88184],[106.35255,17.88168],[106.35137,17.88174],[106.3506,17.88132],[106.35006,17.88189],[106.34939,17.88213],[106.34862,17.88186],[106.34882,17.88141],[106.35156,17.88076],[106.35192,17.88046],[106.35361,17.88094],[106.35537,17.88062],[106.35611,17.88081],[106.35667,17.88056],[106.35755,17.87895],[106.35727,17.87879],[106.35833,17.87778],[106.35971,17.87815],[106.35904,17.87882],[106.35889,17.87944],[106.35972,17.88056],[106.36077,17.8805],[106.36152,17.88068],[106.36111,17.88222],[106.36139,17.88278],[106.36197,17.88302],[106.36261,17.88283],[106.36305,17.88331],[106.36263,17.8838],[106.36303,17.88447],[106.36189,17.88474],[106.36151,17.88521],[106.36197,17.88583],[106.36318,17.88575],[106.36381,17.88509],[106.36334,17.88436],[106.36411,17.8833],[106.36514,17.88373],[106.36524,17.88453],[106.36573,17.88441],[106.36612,17.88502],[106.36743,17.88379],[106.36735,17.88323],[106.36686,17.88289],[106.36803,17.88209],[106.36875,17.88234],[106.37014,17.8824],[106.37109,17.88228],[106.37222,17.88168],[106.3735,17.87988]],[[106.36397,17.89914],[106.36473,17.89918],[106.36567,17.89979],[106.36602,17.89878],[106.36699,17.89683],[106.36676,17.89623],[106.36608,17.89671],[106.36564,17.89792],[106.36435,17.89831],[106.36397,17.89914]]]},"properties":{"kind":"water","class":"reservoir","name":"Hồ Vực Tròn"}},{"type":"Feature","geometry":{"type":"Polygon","coordinates":[[[106.6811,17.3466],[106.67968,17.34591],[106.68131,17.34442],[106.68343,17.34316],[106.68623,17.3424],[106.68688,17.34237],[106.69105,17.34262],[106.69175,17.343],[106.69272,17.34297],[106.69462,17.33916],[106.69515,17.33836],[106.69608,17.33635],[106.69674,17.33529],[106.69751,17.33352],[106.69815,17.33243],[106.69927,17.32771],[106.69929,17.32711],[106.69973,17.32561],[106.70132,17.32332],[106.70445,17.32065],[106.70516,17.31997],[106.70707,17.31861],[106.70841,17.31745],[106.70962,17.31684],[106.71025,17.31623],[106.71266,17.3148],[106.71308,17.31473],[106.71654,17.31245],[106.71757,17.31144],[106.72071,17.3066],[106.72159,17.30505],[106.72341,17.30231],[106.72485,17.30001],[106.7255,17.29831],[106.72605,17.29587],[106.72592,17.29326],[106.72759,17.29321],[106.72781,17.29507],[106.7276,17.29715],[106.72807,17.29735],[106.72798,17.29854],[106.72741,17.29854],[106.72622,17.30128],[106.72118,17.30946],[106.72061,17.31057],[106.71968,17.31182],[106.71866,17.31296],[106.71798,17.31432],[106.71721,17.31459],[106.71533,17.31718],[106.71467,17.31834],[106.71467,17.31903],[106.71369,17.32048],[106.7121,17.32162],[106.71087,17.32193],[106.71005,17.32151],[106.70953,17.32153],[106.70868,17.32204],[106.70781,17.32182],[106.70649,17.32182],[106.70386,17.32277],[106.7029,17.32356],[106.70148,17.32548],[106.70132,17.32643],[106.70051,17.32864],[106.70033,17.32939],[106.69987,17.33378],[106.69995,17.33461],[106.69925,17.33718],[106.69833,17.33955],[106.69721,17.33926],[106.69709,17.33884],[106.69616,17.33871],[106.69564,17.33976],[106.69609,17.34014],[106.69656,17.33963],[106.69785,17.34009],[106.69726,17.34132],[106.69599,17.34305],[106.69458,17.34427],[106.69256,17.34539],[106.69154,17.3457],[106.69021,17.34577],[106.68913,17.34561],[106.68716,17.34478],[106.68531,17.34415],[106.68461,17.34413],[106.68318,17.34457],[106.68247,17.34505],[106.6811,17.3466]],[[106.7129,17.31793],[106.71218,17.31846],[106.71083,17.31892],[106.71046,17.31983],[106.70961,17.32065],[106.70973,17.32098],[106.71074,17.32125],[106.712,17.32058],[106.71255,17.31992],[106.7134,17.31843],[106.7129,17.31793]],[[106.71312,17.31773],[106.71361,17.31801],[106.71418,17.31691],[106.71368,17.31692],[106.71312,17.31773]],[[106.70849,17.3199],[106.70911,17.31993],[106.70996,17.31895],[106.7107,17.31836],[106.7117,17.31788],[106.71209,17.31741],[106.71162,17.31697],[106.71086,17.3175],[106.70868,17.31945],[106.70849,17.3199]]]},"properties":{"kind":"water","class":"river","name":null}},{"type":"Feature","geometry":{"type":"Polygon","coordinates":[[[106.2632,17.59021],[106.26322,17.58997],[106.26138,17.58766],[106.26063,17.58623],[106.25981,17.58519],[106.25923,17.58472],[106.25884,17.58368],[106.25924,17.58183],[106.25913,17.58143],[106.2576,17.58088],[106.25728,17.58009],[106.25757,17.57956],[106.25835,17.57898],[106.25804,17.57798],[106.25741,17.57725],[106.25656,17.5778],[106.25529,17.57768],[106.25401,17.57517],[106.25305,17.57433],[106.25146,17.57386],[106.24966,17.57278],[106.24729,17.57101],[106.24621,17.5701],[106.2457,17.56907],[106.24581,17.56844],[106.24531,17.56772],[106.2432,17.56567],[106.24101,17.56296],[106.24066,17.56129],[106.23979,17.56041],[106.23893,17.55994],[106.23862,17.55929],[106.23838,17.55748],[106.23892,17.55783],[106.23917,17.55868],[106.24008,17.55953],[106.24012,17.56058],[106.24091,17.56115],[106.24121,17.56261],[106.2433,17.56559],[106.24591,17.56805],[106.24603,17.56929],[106.2466,17.57007],[106.24727,17.57048],[106.24873,17.57179],[106.25088,17.57325],[106.25373,17.57426],[106.25397,17.57412],[106.25481,17.57508],[106.25516,17.57642],[106.25561,17.57715],[106.25618,17.57713],[106.25757,17.57657],[106.25823,17.57694],[106.25878,17.57913],[106.25833,17.57976],[106.25774,17.57997],[106.25777,17.58053],[106.25907,17.58087],[106.25951,17.58121],[106.25977,17.58199],[106.25924,17.58349],[106.25948,17.58424],[106.26053,17.58539],[106.26194,17.58767],[106.26291,17.58845],[106.26392,17.59001],[106.2632,17.59021]],[[106.23885,17.55867],[106.23879,17.55942],[106.23932,17.56009],[106.23989,17.55961],[106.23885,17.55867]]]},"properties":{"kind":"water","class":"river","name":null}},{"type":"Feature","geometry":{"type":"Polygon","coordinates":[[[106.45774,17.2516],[106.45851,17.25305],[106.45868,17.25375],[106.46026,17.2546],[106.46087,17.25511],[106.46158,17.25649],[106.46197,17.25687],[106.46298,17.2596],[106.46344,17.2605],[106.46573,17.26209],[106.46749,17.26245],[106.46957,17.26334],[106.47077,17.26341],[106.47108,17.2632],[106.47232,17.2631],[106.47344,17.26243],[106.47595,17.26148],[106.4768,17.26098],[106.47752,17.2602],[106.47849,17.25999],[106.48126,17.25825],[106.48247,17.25805],[106.48395,17.25803],[106.48601,17.25754],[106.48843,17.25713],[106.48873,17.25692],[106.49011,17.25692],[106.49091,17.25662],[106.49187,17.25682],[106.49274,17.25835],[106.49204,17.25926],[106.49178,17.26051],[106.49187,17.26253],[106.49157,17.26363],[106.49219,17.26642],[106.49261,17.26785],[106.49247,17.26861],[106.49269,17.27033],[106.49333,17.27108],[106.49372,17.27213],[106.49568,17.27418],[106.49632,17.27517],[106.49766,17.27632],[106.49849,17.27728],[106.49927,17.27849],[106.49908,17.27902],[106.50022,17.28038],[106.50052,17.28027],[106.50199,17.28255],[106.50406,17.28383],[106.50441,17.2837],[106.50709,17.28508],[106.50846,17.28556],[106.51169,17.28624],[106.51232,17.2866],[106.51329,17.28757],[106.51532,17.28847],[106.51595,17.28827],[106.51606,17.28766],[106.51657,17.28693],[106.51687,17.28598],[106.51722,17.28371],[106.51707,17.28326],[106.51732,17.28243],[106.51802,17.28109],[106.51894,17.28021],[106.51958,17.27985],[106.52165,17.27942],[106.52281,17.27934],[106.52354,17.27978],[106.52381,17.28071],[106.52434,17.28104],[106.52446,17.28174],[106.525,17.28238],[106.52671,17.28605],[106.52756,17.28747],[106.52901,17.29063],[106.53011,17.29114],[106.532,17.29124],[106.53383,17.29089],[106.53542,17.29104],[106.53676,17.29187],[106.53995,17.29515],[106.53916,17.2947],[106.53914,17.29556],[106.53994,17.29665],[106.54066,17.29683],[106.54122,17.29782],[106.5438,17.29982],[106.54422,17.30049],[106.54407,17.30162],[106.54487,17.30324],[106.54574,17.30528],[106.54651,17.30922],[106.54692,17.31048],[106.54782,17.31125],[106.55075,17.31313],[106.55178,17.3152],[106.55219,17.31649],[106.5522,17.32081],[106.55357,17.32252],[106.55426,17.32363],[106.55497,17.32437],[106.55597,17.32509],[106.55839,17.3263],[106.55961,17.32666],[106.56219,17.32695],[106.56323,17.32649],[106.56461,17.32532],[106.56543,17.32505],[106.56746,17.32496],[106.56889,17.32456],[106.57049,17.32449],[106.57027,17.32412],[106.57066,17.32329],[106.57044,17.32272],[106.56883,17.32072],[106.56855,17.31928],[106.56869,17.31814],[106.56955,17.31691],[106.57035,17.31537],[106.57134,17.31387],[106.57229,17.31281],[106.57328,17.31229],[106.57413,17.31224],[106.57552,17.31261],[106.57623,17.31298],[106.57897,17.31542],[106.57969,17.31627],[106.58162,17.31753],[106.58298,17.31785],[106.58696,17.3181],[106.58951,17.31899],[106.58995,17.31902],[106.59158,17.31965],[106.59239,17.32035],[106.59325,17.32064],[106.59558,17.32193],[106.59672,17.32288],[106.59748,17.32329],[106.59787,17.32459],[106.59748,17.32537],[106.59612,17.32646],[106.59178,17.32772],[106.59091,17.32815],[106.59047,17.32865],[106.59015,17.33055],[106.59132,17.33106],[106.59283,17.3312],[106.59567,17.33076],[106.59745,17.33025],[106.59875,17.3297],[106.60112,17.32849],[106.60358,17.32699],[106.60596,17.32587],[106.6085,17.32491],[106.60986,17.32397],[106.61091,17.32292],[106.61182,17.32137],[106.61318,17.31762],[106.61361,17.31675],[106.6141,17.31392],[106.61407,17.31192],[106.61453,17.31036],[106.61488,17.30967],[106.61616,17.309],[106.61685,17.30912],[106.61767,17.30888],[106.61899,17.30928],[106.61952,17.30912],[106.62285,17.31063],[106.62488,17.31185],[106.62526,17.3127],[106.62548,17.31401],[106.62536,17.31533],[106.625,17.31568],[106.62455,17.31673],[106.62414,17.31708],[106.62323,17.31937],[106.62298,17.32139],[106.62305,17.32301],[106.62344,17.32392],[106.62461,17.32411],[106.62597,17.32382],[106.6277,17.32316],[106.62892,17.32172],[106.62947,17.32125],[106.63157,17.3208],[106.63327,17.32093],[106.63589,17.32097],[106.63727,17.32131],[106.63836,17.32175],[106.63937,17.32237],[106.64015,17.32375],[106.6399,17.32541],[106.64001,17.32632],[106.64061,17.32796],[106.64251,17.33068],[106.64301,17.33153],[106.64453,17.33483],[106.6449,17.33939],[106.64511,17.34073],[106.64475,17.34191],[106.64414,17.34264],[106.64385,17.34391],[106.64339,17.34445],[106.64286,17.34555],[106.64222,17.3473],[106.63314,17.35],[106.63404,17.34888],[106.63561,17.34654],[106.63629,17.34621],[106.6349,17.34844],[106.63771,17.34693],[106.63882,17.34586],[106.63974,17.3444],[106.64026,17.34333],[106.64106,17.34105],[106.64147,17.33919],[106.64161,17.33613],[106.6413,17.33424],[106.6406,17.3331],[106.6393,17.33149],[106.63763,17.32992],[106.63563,17.32877],[106.6317,17.32767],[106.6294,17.32745],[106.6285,17.32689],[106.62744,17.32655],[106.62588,17.32573],[106.625,17.32575],[106.62416,17.3253],[106.62252,17.32546],[106.62138,17.32435],[106.62103,17.32317],[106.6209,17.32134],[106.62108,17.3193],[106.62176,17.31807],[106.62391,17.3152],[106.62407,17.31463],[106.62295,17.31335],[106.62196,17.31263],[106.62057,17.31194],[106.61911,17.31081],[106.61777,17.31017],[106.61644,17.31032],[106.61559,17.31185],[106.61567,17.31343],[106.61534,17.31373],[106.61581,17.31523],[106.61534,17.317],[106.61401,17.31945],[106.61298,17.32195],[106.61293,17.32238],[106.61202,17.32382],[106.61124,17.32468],[106.60955,17.32626],[106.60884,17.32667],[106.60292,17.32919],[106.60181,17.32992],[106.60129,17.33048],[106.59959,17.33161],[106.5982,17.33198],[106.59613,17.33221],[106.59318,17.33213],[106.59196,17.33236],[106.59102,17.33223],[106.58965,17.33125],[106.58898,17.33041],[106.58938,17.32976],[106.5893,17.32893],[106.58982,17.3275],[106.59063,17.32674],[106.59243,17.32602],[106.59491,17.32574],[106.59558,17.32533],[106.59583,17.32478],[106.5955,17.32425],[106.59387,17.32302],[106.59198,17.32186],[106.5885,17.32016],[106.5864,17.31948],[106.58569,17.31947],[106.58422,17.31908],[106.58189,17.31885],[106.57974,17.31845],[106.57906,17.3178],[106.57782,17.31702],[106.5757,17.31467],[106.57489,17.31392],[106.57347,17.31348],[106.57231,17.31468],[106.57109,17.31652],[106.56989,17.31851],[106.56981,17.31948],[106.57019,17.32078],[106.57193,17.32298],[106.57228,17.32386],[106.57219,17.32431],[106.5714,17.32468],[106.57049,17.32546],[106.56911,17.32586],[106.56761,17.32602],[106.56583,17.32598],[106.56437,17.32631],[106.56341,17.32711],[106.56309,17.32772],[106.56152,17.32814],[106.55933,17.32776],[106.55821,17.32742],[106.55641,17.32669],[106.55419,17.3252],[106.55266,17.32309],[106.55242,17.32255],[106.55127,17.32123],[106.55105,17.31977],[106.5511,17.31759],[106.55094,17.31549],[106.55055,17.31468],[106.54977,17.31378],[106.54609,17.311],[106.54544,17.30963],[106.54487,17.306],[106.54427,17.30449],[106.54346,17.30292],[106.54289,17.30119],[106.54285,17.30035],[106.54206,17.29945],[106.54168,17.29968],[106.541,17.29872],[106.53889,17.29636],[106.53751,17.29426],[106.53702,17.29406],[106.53631,17.29317],[106.53589,17.29197],[106.53495,17.29154],[106.53355,17.29153],[106.53272,17.2922],[106.53122,17.29217],[106.53039,17.29173],[106.52954,17.29189],[106.52849,17.29141],[106.5273,17.28979],[106.5265,17.28821],[106.52649,17.28747],[106.52531,17.28391],[106.52473,17.28324],[106.5239,17.28145],[106.52266,17.27991],[106.52178,17.2805],[106.52095,17.28038],[106.52025,17.28054],[106.51914,17.28113],[106.51838,17.28203],[106.51791,17.28309],[106.51802,17.28363],[106.51734,17.28646],[106.51679,17.28789],[106.51673,17.28873],[106.51555,17.28929],[106.51412,17.28905],[106.51267,17.28814],[106.5115,17.28706],[106.51068,17.28692],[106.50708,17.28597],[106.50627,17.2854],[106.50395,17.28441],[106.50199,17.28309],[106.5012,17.28214],[106.50085,17.28222],[106.49974,17.2807],[106.49953,17.28009],[106.49899,17.27969],[106.49828,17.27853],[106.49813,17.27777],[106.4969,17.27681],[106.49525,17.27491],[106.49454,17.27424],[106.49365,17.27303],[106.49199,17.27015],[106.49181,17.26777],[106.49108,17.26462],[106.49115,17.26289],[106.49141,17.26187],[106.49138,17.2597],[106.49208,17.25819],[106.49075,17.25745],[106.48956,17.25748],[106.48358,17.2585],[106.48317,17.25842],[106.48155,17.25867],[106.4808,17.25896],[106.47948,17.25995],[106.47768,17.26075],[106.47642,17.26189],[106.47493,17.26261],[106.47428,17.26271],[106.4731,17.26326],[106.4698,17.26392],[106.4674,17.26264],[106.46651,17.26332],[106.46608,17.2632],[106.46398,17.26195],[106.46293,17.26099],[106.46199,17.25826],[106.46099,17.2563],[106.45965,17.25462],[106.45836,17.25396],[106.45791,17.25327],[106.45742,17.25165],[106.45774,17.2516]],[[106.63051,17.32131],[106.62978,17.32161],[106.6291,17.32228],[106.62829,17.32362],[106.6296,17.32372],[106.63098,17.32404],[106.63234,17.32464],[106.63353,17.32478],[106.63561,17.32574],[106.63898,17.32764],[106.63997,17.32834],[106.63943,17.32698],[106.63933,17.32592],[106.63982,17.32382],[106.63916,17.32276],[106.63717,17.32177],[106.63584,17.32151],[106.63281,17.32142],[106.6316,17.3212],[106.63051,17.32131]],[[106.63029,17.32569],[106.63054,17.32596],[106.63263,17.32663],[106.63364,17.32653],[106.63127,17.32569],[106.63029,17.32569]]]},"properties":{"kind":"water","class":"river","name":"Sông Long Đại"}},{"type":"Feature","geometry":{"type":"Polygon","coordinates":[[[106.64222,17.3473],[106.64269,17.34724],[106.64594,17.34584],[106.64781,17.34518],[106.65034,17.34469],[106.65317,17.34462],[106.65505,17.34486],[106.65806,17.34556],[106.65962,17.34624],[106.66093,17.34713],[106.66366,17.34851],[106.66662,17.34953],[106.66889,17.35092],[106.66891,17.35127],[106.67061,17.35198],[106.67156,17.35205],[106.67197,17.35357],[106.67042,17.35352],[106.66853,17.353],[106.66691,17.3521],[106.66476,17.35118],[106.66287,17.35059],[106.66126,17.34996],[106.65913,17.34937],[106.65783,17.34886],[106.65402,17.34699],[106.65311,17.34643],[106.65144,17.34623],[106.6482,17.34819],[106.64509,17.34988],[106.64369,17.35042],[106.64205,17.35072],[106.64035,17.35091],[106.64222,17.3473]],[[106.64664,17.34851],[106.64818,17.34737],[106.64746,17.34732],[106.64664,17.34851]],[[106.64488,17.34778],[106.64391,17.34843],[106.64237,17.34895],[106.64239,17.35017],[106.64367,17.34982],[106.64503,17.34923],[106.64588,17.34855],[106.64709,17.34689],[106.64488,17.34778]]]},"properties":{"kind":"water","class":"river","name":null}},{"type":"Feature","geometry":{"type":"Polygon","coordinates":[[[106.59821,17.42403],[106.60163,17.42473],[106.60321,17.42492],[106.6063,17.42483],[106.60726,17.42465],[106.60837,17.4239],[106.61044,17.42332],[106.61184,17.42258],[106.61331,17.42243],[106.61397,17.42278],[106.61441,17.42362],[106.61859,17.42483],[106.62018,17.42494],[106.62224,17.42533],[106.62366,17.42636],[106.62449,17.42716],[106.62487,17.42796],[106.62476,17.42905],[106.62395,17.43143],[106.62419,17.43259],[106.62493,17.43358],[106.62589,17.43371],[106.62655,17.43282],[106.62751,17.4336],[106.62791,17.43421],[106.62825,17.43561],[106.62819,17.43631],[106.62723,17.43843],[106.62717,17.44144],[106.62683,17.44311],[106.62681,17.4442],[106.62619,17.44455],[106.62581,17.44639],[106.62575,17.44862],[106.62548,17.45281],[106.62715,17.45863],[106.62839,17.46047],[106.62911,17.46089],[106.63037,17.46046],[106.6321,17.4581],[106.63392,17.45478],[106.63482,17.4527],[106.63537,17.44979],[106.63534,17.44607],[106.63503,17.44356],[106.63479,17.44018],[106.63478,17.4391],[106.63496,17.43702],[106.6352,17.43546],[106.63577,17.43329],[106.63729,17.42975],[106.63855,17.42709],[106.64095,17.42387],[106.64136,17.42349],[106.64259,17.42171],[106.64374,17.42051],[106.64501,17.41827],[106.6456,17.41682],[106.64605,17.41429],[106.6461,17.41249],[106.64602,17.41043],[106.64533,17.40841],[106.64448,17.40693],[106.64328,17.40411],[106.64335,17.40373],[106.64242,17.40291],[106.64242,17.40214],[106.63972,17.40021],[106.63957,17.39989],[106.63862,17.39952],[106.63552,17.39693],[106.63362,17.39441],[106.63114,17.39091],[106.62888,17.38849],[106.62728,17.38736],[106.62591,17.38693],[106.62475,17.38608],[106.62436,17.38508],[106.6242,17.38289],[106.62373,17.38169],[106.62343,17.37886],[106.62355,17.37705],[106.6234,17.37499],[106.62379,17.37345],[106.62378,17.3719],[106.62417,17.37087],[106.62436,17.36867],[106.62518,17.36572],[106.62539,17.36428],[106.62578,17.36312],[106.62671,17.36158],[106.62673,17.36067],[106.62712,17.36009],[106.62767,17.3577],[106.62909,17.35464],[106.62981,17.35345],[106.63314,17.35],[106.64222,17.3473],[106.64035,17.35091],[106.63825,17.35119],[106.63741,17.35157],[106.63416,17.35465],[106.63063,17.35897],[106.62951,17.361],[106.62897,17.36252],[106.62882,17.36344],[106.6288,17.36695],[106.6289,17.36916],[106.6291,17.36989],[106.62901,17.37381],[106.62939,17.37652],[106.6299,17.3793],[106.63035,17.38084],[106.63132,17.38284],[106.63209,17.384],[106.63329,17.38518],[106.63381,17.38512],[106.63398,17.38533],[106.63562,17.38765],[106.63693,17.38892],[106.6379,17.39009],[106.63829,17.39032],[106.63956,17.39272],[106.64007,17.39417],[106.64231,17.39712],[106.64325,17.39786],[106.64491,17.39865],[106.64682,17.39927],[106.64794,17.39976],[106.65117,17.40293],[106.6517,17.40489],[106.65222,17.40636],[106.65231,17.40979],[106.6521,17.41113],[106.65155,17.4134],[106.65149,17.41431],[106.65059,17.41623],[106.65037,17.41719],[106.64861,17.41934],[106.64755,17.42167],[106.64655,17.42312],[106.64631,17.42319],[106.64538,17.4243],[106.64487,17.42516],[106.64453,17.42574],[106.64372,17.42709],[106.64342,17.42811],[106.64195,17.43117],[106.64145,17.43142],[106.64059,17.43319],[106.63972,17.43574],[106.64044,17.43589],[106.64045,17.43692],[106.64018,17.43718],[106.64023,17.43848],[106.63972,17.4408],[106.63969,17.44182],[106.63942,17.44234],[106.63944,17.44388],[106.63917,17.44466],[106.63892,17.44672],[106.63894,17.44801],[106.63862,17.45012],[106.63853,17.45201],[106.63738,17.45446],[106.63729,17.45491],[106.63633,17.45678],[106.63581,17.45807],[106.63542,17.45947],[106.63437,17.46179],[106.63356,17.464],[106.63329,17.46499],[106.63267,17.4664],[106.63179,17.46786],[106.63127,17.46954],[106.62984,17.47324],[106.62926,17.47519],[106.62922,17.47676],[106.62955,17.47703],[106.62928,17.47796],[106.62986,17.48142],[106.63121,17.48477],[106.63083,17.48469],[106.6285,17.48534],[106.62813,17.48354],[106.62728,17.4833],[106.62595,17.48236],[106.62524,17.48102],[106.62541,17.47994],[106.62452,17.47879],[106.6245,17.4781],[106.62399,17.47608],[106.62402,17.47328],[106.62449,17.47163],[106.62479,17.46971],[106.62628,17.467],[106.62793,17.46453],[106.62774,17.46289],[106.62746,17.46267],[106.62709,17.46133],[106.62615,17.46015],[106.62629,17.45949],[106.6259,17.45886],[106.62478,17.45824],[106.62461,17.45794],[106.62364,17.45766],[106.62166,17.45827],[106.62155,17.45792],[106.62399,17.45704],[106.62479,17.45628],[106.62565,17.45621],[106.62457,17.45277],[106.62443,17.45032],[106.62482,17.44775],[106.62474,17.44703],[106.62511,17.44423],[106.62477,17.44361],[106.62531,17.44125],[106.6263,17.43856],[106.62736,17.43665],[106.62763,17.43545],[106.62731,17.435],[106.62434,17.43403],[106.62371,17.43331],[106.62331,17.43243],[106.62325,17.43145],[106.62435,17.42875],[106.62425,17.4281],[106.62324,17.42692],[106.62143,17.42593],[106.61993,17.4256],[106.61823,17.42576],[106.61616,17.42516],[106.61182,17.42417],[106.61012,17.42464],[106.60802,17.42619],[106.60703,17.42645],[106.60322,17.42666],[106.60302,17.42628],[106.59834,17.42536],[106.59757,17.42488],[106.59764,17.42435],[106.59821,17.42403]],[[106.63351,17.3526],[106.63493,17.3519],[106.63428,17.35163],[106.63351,17.3526]],[[106.6247,17.38399],[106.62481,17.38538],[106.6252,17.38594],[106.62604,17.38652],[106.62733,17.3868],[106.62576,17.38528],[106.6247,17.38399]],[[106.62627,17.37941],[106.62634,17.38064],[106.62716,17.38269],[106.62803,17.3838],[106.62932,17.38462],[106.62852,17.38178],[106.62789,17.38066],[106.62627,17.37941]],[[106.63777,17.39188],[106.63776,17.39157],[106.63669,17.3905],[106.63625,17.39083],[106.63777,17.39188]],[[106.64653,17.40662],[106.64781,17.40893],[106.64823,17.40877],[106.6482,17.40723],[106.64771,17.40515],[106.64726,17.40416],[106.64496,17.40163],[106.6443,17.40146],[106.64402,17.40187],[106.64653,17.40662]],[[106.63923,17.39438],[106.63881,17.3937],[106.63696,17.39175],[106.63675,17.39198],[106.63733,17.3933],[106.63809,17.39459],[106.63885,17.39545],[106.64005,17.39624],[106.63909,17.39456],[106.63923,17.39438]]]},"properties":{"kind":"water","class":"river","name":"Sông Nhật Lệ"}},{"type":"Feature","geometry":{"type":"Polygon","coordinates":[[[107.1235,16.84275],[107.1239,16.84095],[107.12328,16.83961],[107.12184,16.83791],[107.12016,16.83676],[107.11822,16.83608],[107.11705,16.83596],[107.11555,16.83609],[107.111,16.8375],[107.11009,16.8374],[107.109,16.837],[107.106,16.8345],[107.1055,16.83375],[107.10375,16.83],[107.10138,16.82726],[107.10042,16.82642],[107.09921,16.82615],[107.09303,16.82833],[107.09104,16.82915],[107.09,16.83066],[107.08943,16.83095],[107.08791,16.83089],[107.08655,16.83049],[107.08357,16.82862],[107.08163,16.82715],[107.07637,16.8226],[107.07215,16.81871],[107.06951,16.81739],[107.06606,16.81687],[107.06368,16.81698],[107.06171,16.81632],[107.05974,16.81405],[107.05778,16.81213],[107.05369,16.80852],[107.05193,16.80768],[107.04913,16.80691],[107.04933,16.8062],[107.05245,16.80694],[107.05416,16.80768],[107.0546,16.80852],[107.05523,16.80903],[107.05787,16.81074],[107.06026,16.81285],[107.06203,16.81513],[107.06289,16.81578],[107.06384,16.81615],[107.066,16.81599],[107.06842,16.81609],[107.06933,16.81633],[107.07159,16.81731],[107.07335,16.81853],[107.07367,16.81919],[107.08016,16.82414],[107.08228,16.82588],[107.08442,16.82753],[107.08714,16.82914],[107.08903,16.82956],[107.09002,16.82908],[107.09255,16.82685],[107.09366,16.82575],[107.09511,16.82483],[107.09601,16.82459],[107.09932,16.82487],[107.10026,16.82508],[107.10155,16.82597],[107.10225,16.82725],[107.10462,16.82943],[107.10625,16.83225],[107.10925,16.83525],[107.11025,16.8355],[107.11125,16.8355],[107.113,16.835],[107.11075,16.83425],[107.10925,16.83325],[107.10875,16.83325],[107.10825,16.83225],[107.10875,16.832],[107.10975,16.832],[107.113,16.83425],[107.1135,16.83425],[107.11742,16.8348],[107.12125,16.836],[107.12225,16.836],[107.12248,16.83399],[107.12286,16.83422],[107.12275,16.8365],[107.12489,16.83861],[107.1235,16.84275]],[[107.09587,16.82572],[107.09772,16.82553],[107.09666,16.82507],[107.09587,16.82572]]]},"properties":{"kind":"water","class":"river","name":null}},{"type":"Feature","geometry":{"type":"Polygon","coordinates":[[[106.61132,17.46935],[106.61111,17.47009],[106.61026,17.47078],[106.60968,17.47163],[106.60946,17.47322],[106.60964,17.4738],[106.61079,17.47536],[106.61087,17.47684],[106.61035,17.47772],[106.6095,17.47836],[106.60924,17.47946],[106.60955,17.48044],[106.6095,17.48157],[106.60886,17.48315],[106.6088,17.48393],[106.61682,17.48196],[106.61864,17.48148],[106.61898,17.48087],[106.62058,17.48007],[106.62421,17.47856],[106.62431,17.47885],[106.61902,17.481],[106.61867,17.48162],[106.60919,17.48397],[106.60831,17.48421],[106.60914,17.48156],[106.60911,17.48063],[106.60871,17.47932],[106.60894,17.47826],[106.6102,17.47732],[106.61058,17.4766],[106.61057,17.4758],[106.60941,17.47417],[106.60898,17.47319],[106.60894,17.4724],[106.60957,17.47099],[106.61107,17.46968],[106.61111,17.46934],[106.61132,17.46935]]]},"properties":{"kind":"water","class":"river","name":null}},{"type":"Feature","geometry":{"type":"Polygon","coordinates":[[[106.441,17.8796],[106.43999,17.87926],[106.43921,17.87867],[106.43751,17.87681],[106.43615,17.87611],[106.43485,17.87604],[106.43358,17.87641],[106.43305,17.87683],[106.43246,17.87787],[106.43228,17.87884],[106.43005,17.88099],[106.42929,17.88229],[106.42882,17.88352],[106.42772,17.88777],[106.42686,17.88964],[106.42578,17.89123],[106.42473,17.89395],[106.42329,17.89732],[106.42219,17.89944],[106.42306,17.90174],[106.42317,17.90367],[106.42252,17.90523],[106.42218,17.90561],[106.42217,17.90691],[106.42271,17.90907],[106.42285,17.91107],[106.42255,17.91264],[106.42107,17.91416],[106.42106,17.91362],[106.4223,17.91179],[106.42238,17.91058],[106.42182,17.90767],[106.42156,17.90703],[106.4218,17.90539],[106.42232,17.90454],[106.42247,17.90344],[106.42231,17.90184],[106.42177,17.9007],[106.42162,17.89987],[106.42177,17.89898],[106.42272,17.89658],[106.42359,17.89317],[106.42352,17.8925],[106.42166,17.89247],[106.42016,17.89201],[106.41919,17.89107],[106.41796,17.8903],[106.41564,17.89024],[106.41508,17.89041],[106.41345,17.89125],[106.41247,17.89301],[106.41172,17.89342],[106.41092,17.89341],[106.40998,17.89234],[106.40765,17.89086],[106.40865,17.89096],[106.40976,17.89167],[106.41091,17.89288],[106.4113,17.8931],[106.41214,17.89291],[106.41254,17.89232],[106.41295,17.89117],[106.41095,17.89091],[106.40785,17.88991],[106.40624,17.88919],[106.40484,17.88831],[106.40331,17.88689],[106.40118,17.88436],[106.40051,17.88278],[106.40033,17.88182],[106.40049,17.87967],[106.40082,17.87843],[106.40143,17.87721],[106.40163,17.87642],[106.40129,17.87536],[106.39947,17.87283],[106.39842,17.87198],[106.39603,17.87092],[106.39414,17.87048],[106.39151,17.87091],[106.39017,17.87127],[106.38682,17.87117],[106.38407,17.87086],[106.38124,17.87067],[106.37936,17.87069],[106.37763,17.87143],[106.37593,17.87171],[106.37355,17.87179],[106.3709,17.8715],[106.36979,17.87158],[106.3695,17.8722],[106.36969,17.87304],[106.37197,17.87493],[106.37221,17.87533],[106.37226,17.87695],[106.37189,17.87757],[106.37125,17.88051],[106.37105,17.88006],[106.37121,17.8786],[106.37201,17.877],[106.37196,17.87569],[106.37074,17.8745],[106.36979,17.8742],[106.36883,17.8732],[106.36866,17.87261],[106.36893,17.87123],[106.37013,17.87081],[106.37247,17.87062],[106.37629,17.87084],[106.37805,17.87041],[106.38092,17.86952],[106.38006,17.86739],[106.38039,17.86687],[106.38141,17.8696],[106.38463,17.86957],[106.38648,17.86975],[106.38978,17.86991],[106.3918,17.86939],[106.39391,17.86914],[106.39473,17.86925],[106.39543,17.86966],[106.39823,17.87046],[106.39832,17.87035],[106.40089,17.87112],[106.40251,17.87175],[106.40328,17.87229],[106.40373,17.87334],[106.40383,17.87464],[106.40179,17.87902],[106.40181,17.881],[106.40209,17.88221],[106.40306,17.88486],[106.40355,17.88556],[106.40569,17.88723],[106.40722,17.88783],[106.40967,17.88851],[106.41095,17.88873],[106.41254,17.88882],[106.41564,17.88858],[106.41602,17.88816],[106.41591,17.88671],[106.41395,17.885],[106.41356,17.88421],[106.41354,17.88361],[106.41383,17.88075],[106.41437,17.87959],[106.41505,17.87908],[106.41557,17.87912],[106.41646,17.88018],[106.41656,17.88117],[106.41716,17.88196],[106.41867,17.88237],[106.41946,17.8822],[106.42153,17.88098],[106.42258,17.88021],[106.42448,17.87907],[106.42551,17.87884],[106.42695,17.87879],[106.42805,17.87853],[106.42938,17.87799],[106.4298,17.87746],[106.43358,17.8754],[106.43532,17.87497],[106.43639,17.87507],[106.43745,17.8755],[106.43926,17.87686],[106.44038,17.87811],[106.44124,17.87835],[106.44272,17.87846],[106.44353,17.87816],[106.44442,17.87707],[106.44348,17.87668],[106.44262,17.87599],[106.44278,17.87482],[106.4423,17.87418],[106.44146,17.87383],[106.44161,17.87279],[106.44122,17.87158],[106.442,17.87111],[106.44274,17.87034],[106.44234,17.86917],[106.44188,17.86842],[106.44074,17.8671],[106.44052,17.86621],[106.44052,17.86464],[106.43958,17.86293],[106.43978,17.86191],[106.43967,17.8609],[106.43984,17.85852],[106.44009,17.85848],[106.44012,17.86173],[106.43984,17.86276],[106.44083,17.86385],[106.44083,17.86605],[106.4414,17.8674],[106.44214,17.86803],[106.44291,17.86939],[106.4432,17.87028],[106.4424,17.87101],[106.44189,17.87216],[106.44191,17.8736],[106.44262,17.87399],[106.44318,17.87504],[106.44303,17.87574],[106.44339,17.87621],[106.44445,17.87674],[106.445,17.87665],[106.44867,17.87504],[106.45156,17.87478],[106.45209,17.87489],[106.45258,17.87607],[106.453,17.87606],[106.45357,17.87483],[106.45526,17.87599],[106.45366,17.8777],[106.45386,17.87821],[106.45465,17.87787],[106.4557,17.87958],[106.45642,17.88009],[106.45776,17.87968],[106.45804,17.88006],[106.45668,17.88095],[106.45617,17.88097],[106.4529,17.87891],[106.45124,17.87981],[106.451,17.87941],[106.45183,17.87862],[106.45176,17.8781],[106.45026,17.87697],[106.44931,17.87652],[106.44778,17.87676],[106.44602,17.87784],[106.44422,17.87927],[106.44273,17.88065],[106.44168,17.87986],[106.441,17.8796]],[[106.40329,17.87493],[106.40348,17.87359],[106.40326,17.87292],[106.40236,17.87203],[106.40151,17.87173],[106.40098,17.87189],[106.40277,17.87437],[106.40329,17.87493]],[[106.42634,17.88766],[106.42674,17.88616],[106.42703,17.88368],[106.42822,17.8804],[106.42835,17.87971],[106.42675,17.87953],[106.4263,17.87975],[106.42445,17.87988],[106.42357,17.8802],[106.42193,17.88148],[106.42108,17.882],[106.41934,17.88273],[106.4182,17.88278],[106.41721,17.88256],[106.41613,17.88164],[106.41596,17.88034],[106.41562,17.87967],[106.41496,17.87968],[106.41459,17.88015],[106.41422,17.88132],[106.41407,17.88241],[106.41411,17.88412],[106.41503,17.88546],[106.41618,17.88643],[106.41655,17.88758],[106.41636,17.88856],[106.41705,17.88849],[106.41864,17.88899],[106.41976,17.89044],[106.42025,17.89087],[106.42154,17.89134],[106.42311,17.89127],[106.42372,17.89102],[106.42481,17.89],[106.42634,17.88766]]]},"properties":{"kind":"water","class":"river","name":null}},{"type":"Feature","geometry":{"type":"Polygon","coordinates":[[[106.37634,17.61525],[106.37719,17.61585],[106.37778,17.61586],[106.37813,17.61524],[106.37884,17.61611],[106.37971,17.6163],[106.38003,17.61555],[106.38062,17.61552],[106.38157,17.61504],[106.38248,17.61513],[106.38306,17.61386],[106.38365,17.61504],[106.3832,17.61572],[106.38237,17.6161],[106.38092,17.61642],[106.38023,17.61679],[106.38025,17.61734],[106.37968,17.61764],[106.37876,17.61764],[106.37763,17.61734],[106.3769,17.61805],[106.37631,17.61802],[106.37575,17.61734],[106.37585,17.61635],[106.37565,17.6157],[106.37427,17.61572],[106.37378,17.61508],[106.37372,17.61371],[106.3739,17.61261],[106.37353,17.6124],[106.37387,17.61161],[106.37431,17.6118],[106.37513,17.61327],[106.37564,17.61321],[106.37616,17.61229],[106.37625,17.61147],[106.37737,17.61115],[106.37835,17.60947],[106.37969,17.61026],[106.38051,17.6099],[106.38069,17.61057],[106.38,17.61145],[106.37821,17.61193],[106.37831,17.61242],[106.3776,17.61263],[106.37777,17.61336],[106.37623,17.61427],[106.37594,17.61489],[106.37634,17.61525]]]},"properties":{"kind":"water","class":"reservoir","name":"Hồ Đồng Suôn"}},{"type":"Feature","geometry":{"type":"Polygon","coordinates":[[[106.61208,17.27961],[106.61157,17.28014],[106.61199,17.28096],[106.61168,17.28212],[106.61201,17.2831],[106.61216,17.2847],[106.61092,17.28511],[106.61059,17.28594],[106.60962,17.28539],[106.61074,17.2847],[106.6113,17.28464],[106.61138,17.28407],[106.61076,17.28329],[106.6107,17.28267],[106.6099,17.28296],[106.60878,17.28373],[106.60913,17.2821],[106.60849,17.28141],[106.60911,17.28033],[106.6089,17.27992],[106.60964,17.27802],[106.60949,17.27736],[106.61017,17.27699],[106.6098,17.27635],[106.60919,17.27665],[106.60844,17.27511],[106.60901,17.27435],[106.60853,17.27316],[106.60856,17.27259],[106.60768,17.27248],[106.60788,17.27133],[106.60726,17.27078],[106.60651,17.27118],[106.6055,17.27131],[106.60631,17.26982],[106.60527,17.26996],[106.60469,17.27066],[106.60296,17.27052],[106.60285,17.27027],[106.60453,17.26991],[106.60512,17.26927],[106.6048,17.26866],[106.60633,17.26825],[106.60594,17.26777],[106.60538,17.26774],[106.60486,17.26719],[106.60347,17.26727],[106.60314,17.26808],[106.60323,17.2691],[106.60236,17.26925],[106.60214,17.26971],[106.60113,17.26986],[106.60196,17.26886],[106.60074,17.26827],[106.60074,17.26763],[106.59988,17.26775],[106.59974,17.26725],[106.60043,17.26631],[106.60011,17.26584],[106.59908,17.26567],[106.59859,17.26689],[106.59816,17.26575],[106.5977,17.26559],[106.5967,17.26578],[106.59602,17.26555],[106.59537,17.26495],[106.59431,17.26497],[106.59353,17.26586],[106.59322,17.26556],[106.59357,17.26425],[106.59281,17.26356],[106.59395,17.26335],[106.59407,17.26262],[106.59526,17.26234],[106.59533,17.26273],[106.59475,17.26334],[106.59608,17.26328],[106.59639,17.26271],[106.59692,17.26276],[106.59796,17.26361],[106.59916,17.26386],[106.60028,17.26336],[106.60029,17.26233],[106.59934,17.26164],[106.60067,17.26144],[106.60141,17.26087],[106.60207,17.26107],[106.60383,17.2606],[106.60287,17.25933],[106.6041,17.25974],[106.60465,17.25937],[106.60472,17.25846],[106.60547,17.25891],[106.60635,17.25824],[106.60633,17.25793],[106.60543,17.25719],[106.60435,17.25599],[106.6054,17.25603],[106.60661,17.2567],[106.60708,17.25654],[106.60788,17.25714],[106.60781,17.25802],[106.60842,17.25803],[106.61048,17.2575],[106.60978,17.25648],[106.60897,17.25641],[106.60944,17.25571],[106.61013,17.25548],[106.61008,17.25485],[106.6106,17.25364],[106.60926,17.25296],[106.60828,17.25267],[106.60716,17.25268],[106.60664,17.2518],[106.60635,17.25084],[106.60559,17.25105],[106.60408,17.25116],[106.60398,17.25053],[106.60472,17.25044],[106.60598,17.24971],[106.60445,17.24945],[106.6039,17.2488],[106.60349,17.2478],[106.60369,17.24743],[106.60331,17.2468],[106.60327,17.24534],[106.60475,17.24575],[106.60549,17.24508],[106.60545,17.24319],[106.60425,17.24215],[106.60396,17.24152],[106.60596,17.24208],[106.60591,17.24277],[106.60671,17.24439],[106.60774,17.24495],[106.60819,17.24693],[106.60786,17.2484],[106.60807,17.24879],[106.60905,17.2479],[106.61006,17.24799],[106.61048,17.24749],[106.61127,17.24759],[106.6121,17.2473],[106.61404,17.24699],[106.61446,17.24716],[106.61521,17.24685],[106.61605,17.24745],[106.61731,17.24705],[106.61774,17.24782],[106.61825,17.2478],[106.61874,17.24659],[106.61921,17.24688],[106.61888,17.24793],[106.61898,17.24832],[106.61846,17.24892],[106.6175,17.24838],[106.61717,17.2489],[106.61622,17.24969],[106.61567,17.2498],[106.61544,17.24915],[106.61407,17.24905],[106.6133,17.24968],[106.61322,17.25227],[106.61371,17.2523],[106.61444,17.25281],[106.61504,17.25276],[106.61507,17.25362],[106.61469,17.25403],[106.61432,17.255],[106.61354,17.2553],[106.61403,17.25583],[106.61468,17.25593],[106.61666,17.25542],[106.61732,17.25554],[106.61821,17.25478],[106.61931,17.25531],[106.62075,17.25453],[106.62255,17.25446],[106.62304,17.25408],[106.62305,17.25353],[106.62367,17.25326],[106.62515,17.25152],[106.62501,17.25243],[106.62414,17.25392],[106.62525,17.25404],[106.62579,17.25334],[106.62637,17.25367],[106.62523,17.25473],[106.62365,17.25487],[106.623,17.25527],[106.62254,17.25598],[106.62257,17.25666],[106.62323,17.25704],[106.62399,17.2571],[106.62356,17.25777],[106.62427,17.25846],[106.62498,17.25949],[106.62554,17.25837],[106.62627,17.2581],[106.62586,17.2603],[106.62598,17.26079],[106.62703,17.26047],[106.62734,17.25942],[106.62805,17.25922],[106.63024,17.26043],[106.62912,17.26099],[106.62993,17.26193],[106.63032,17.26199],[106.63108,17.26281],[106.63219,17.26192],[106.63226,17.26336],[106.63333,17.26371],[106.63397,17.26541],[106.6329,17.26517],[106.63226,17.26581],[106.63294,17.26631],[106.63299,17.26847],[106.63228,17.26839],[106.63132,17.26864],[106.63072,17.26909],[106.63094,17.26956],[106.63086,17.27077],[106.62975,17.2711],[106.62888,17.27102],[106.62787,17.27156],[106.62764,17.27304],[106.62703,17.27289],[106.62625,17.27356],[106.62603,17.27504],[106.62627,17.27543],[106.62345,17.27834],[106.62247,17.28085],[106.62206,17.28065],[106.62089,17.28127],[106.61988,17.28124],[106.61882,17.28254],[106.61785,17.28258],[106.61743,17.28229],[106.61691,17.28267],[106.61589,17.28237],[106.61519,17.28274],[106.61505,17.28369],[106.61405,17.28325],[106.614,17.28222],[106.61365,17.28162],[106.61281,17.28121],[106.61347,17.28078],[106.61249,17.2803],[106.61208,17.27961]],[[106.60962,17.259],[106.60934,17.25902],[106.60881,17.26101],[106.60955,17.26155],[106.61054,17.26104],[106.61042,17.26042],[106.60989,17.26004],[106.60962,17.259]],[[106.61844,17.27098],[106.61774,17.27199],[106.61843,17.27234],[106.6189,17.27177],[106.61844,17.27098]],[[106.60873,17.26931],[106.60844,17.27013],[106.60876,17.2704],[106.60971,17.27015],[106.61109,17.27006],[106.61069,17.26952],[106.60979,17.26925],[106.60929,17.26967],[106.60873,17.26931]],[[106.60635,17.26587],[106.60625,17.26674],[106.60677,17.26694],[106.60741,17.26648],[106.60635,17.26587]],[[106.61302,17.26482],[106.61311,17.26553],[106.61392,17.2658],[106.61424,17.26539],[106.61409,17.26471],[106.61302,17.26482]],[[106.61601,17.2597],[106.61602,17.26032],[106.61695,17.26019],[106.61695,17.25963],[106.61601,17.2597]],[[106.6155,17.25904],[106.61382,17.25854],[106.61421,17.25934],[106.6136,17.26075],[106.61404,17.26103],[106.61491,17.26081],[106.61478,17.26027],[106.61539,17.26002],[106.61502,17.25937],[106.6155,17.25904]],[[106.61923,17.25667],[106.61941,17.25737],[106.62048,17.25818],[106.62118,17.2579],[106.62124,17.25696],[106.61923,17.25667]],[[106.61806,17.25696],[106.6175,17.25761],[106.61646,17.2572],[106.61617,17.25769],[106.61641,17.25876],[106.6175,17.25893],[106.61874,17.25877],[106.61904,17.25764],[106.61899,17.25687],[106.61806,17.25696]],[[106.61649,17.2816],[106.61618,17.28017],[106.61533,17.28012],[106.61503,17.27917],[106.61538,17.27852],[106.61464,17.27833],[106.6139,17.27925],[106.61455,17.28021],[106.6143,17.28115],[106.61527,17.28159],[106.61621,17.28172],[106.6168,17.28238],[106.61738,17.28194],[106.61649,17.2816]],[[106.61151,17.27609],[106.61161,17.27736],[106.61213,17.27756],[106.61231,17.27594],[106.61151,17.27609]],[[106.61085,17.27423],[106.6108,17.27334],[106.61012,17.2721],[106.60959,17.27152],[106.60904,17.27147],[106.60875,17.27239],[106.60992,17.27324],[106.61006,17.27455],[106.61046,17.27512],[106.61124,17.27501],[106.61085,17.27423]],[[106.61101,17.27316],[106.61177,17.2731],[106.6121,17.2727],[106.61177,17.27195],[106.61099,17.27234],[106.61101,17.27316]],[[106.60281,17.26247],[106.60238,17.26276],[106.60255,17.26367],[106.60322,17.26371],[106.60355,17.26321],[106.60281,17.26247]],[[106.6026,17.26427],[106.60295,17.26463],[106.60431,17.265],[106.60547,17.26461],[106.60542,17.26425],[106.60407,17.26419],[106.60323,17.26384],[106.6026,17.26427]],[[106.60839,17.26061],[106.60779,17.2612],[106.60872,17.2614],[106.60839,17.26061]],[[106.61187,17.25039],[106.61111,17.25091],[106.61004,17.2509],[106.61034,17.25173],[106.61219,17.25225],[106.61257,17.25057],[106.61187,17.25039]],[[106.61297,17.2556],[106.6121,17.2564],[106.61207,17.25735],[106.61309,17.25712],[106.61369,17.25611],[106.61297,17.2556]],[[106.62316,17.25978],[106.62227,17.26053],[106.6225,17.26134],[106.6234,17.2614],[106.62437,17.26055],[106.62402,17.26],[106.62316,17.25978]],[[106.62314,17.26405],[106.62139,17.265],[106.62195,17.26604],[106.62282,17.26627],[106.6233,17.26694],[106.62399,17.26679],[106.62535,17.26466],[106.62486,17.26446],[106.62507,17.26338],[106.62557,17.26317],[106.6258,17.2624],[106.62513,17.26188],[106.62498,17.26259],[106.6245,17.26268],[106.62414,17.26329],[106.62314,17.26405]]]},"properties":{"kind":"water","class":"reservoir","name":"Hồ Rào Đá"}},{"type":"Feature","geometry":{"type":"Polygon","coordinates":[[[106.93894,17.03779],[106.93787,17.03775],[106.9371,17.03701],[106.93684,17.03611],[106.93701,17.03553],[106.9362,17.03442],[106.93512,17.03446],[106.93607,17.03315],[106.93607,17.03258],[106.93534,17.03155],[106.93388,17.03147],[106.93298,17.032],[106.93289,17.03274],[106.93225,17.03352],[106.93186,17.03323],[106.93169,17.03225],[106.93186,17.03135],[106.93229,17.03069],[106.93109,17.02954],[106.931,17.02839],[106.93066,17.02798],[106.9304,17.02659],[106.92972,17.02486],[106.9298,17.0233],[106.93066,17.02256],[106.93075,17.02322],[106.93032,17.02371],[106.93032,17.02462],[106.93113,17.02556],[106.93212,17.02453],[106.93255,17.02339],[106.93306,17.02347],[106.93298,17.02421],[106.93255,17.0247],[106.93242,17.0254],[106.93143,17.02634],[106.93161,17.02708],[106.93354,17.0295],[106.93431,17.02983],[106.935,17.02917],[106.93551,17.03007],[106.93607,17.02962],[106.93547,17.02864],[106.93633,17.02839],[106.93671,17.02679],[106.93718,17.02683],[106.9371,17.02839],[106.93791,17.02802],[106.93813,17.0288],[106.93787,17.02929],[106.93894,17.02991],[106.93933,17.02921],[106.93993,17.0288],[106.93976,17.02839],[106.9404,17.02737],[106.94092,17.02753],[106.94182,17.027],[106.94182,17.02642],[106.94075,17.02597],[106.94023,17.02654],[106.93937,17.0263],[106.93946,17.02572],[106.94109,17.02458],[106.9416,17.02482],[106.94246,17.02433],[106.94167,17.02334],[106.94097,17.02304],[106.94277,17.02237],[106.94294,17.02193],[106.94212,17.02172],[106.94143,17.02082],[106.94217,17.02065],[106.94465,17.02144],[106.9449,17.02036],[106.94304,17.02017],[106.94195,17.01957],[106.9413,17.01994],[106.94122,17.02051],[106.93985,17.02117],[106.93907,17.02207],[106.93796,17.02215],[106.93804,17.02265],[106.93761,17.02347],[106.93817,17.02384],[106.93731,17.02425],[106.9371,17.02297],[106.93667,17.02281],[106.93693,17.02125],[106.93766,17.02072],[106.93877,17.02154],[106.93856,17.01953],[106.93645,17.01949],[106.93491,17.02014],[106.93452,17.01977],[106.93521,17.01928],[106.93512,17.01846],[106.93435,17.01772],[106.9356,17.01776],[106.93482,17.01661],[106.93422,17.0167],[106.93401,17.01608],[106.93246,17.01583],[106.93306,17.01534],[106.93242,17.01473],[106.93173,17.01489],[106.93079,17.01415],[106.93036,17.01358],[106.92787,17.01358],[106.92749,17.01378],[106.92701,17.01317],[106.92959,17.01317],[106.92997,17.01296],[106.92985,17.01161],[106.9292,17.0114],[106.9289,17.0107],[106.92787,17.01062],[106.92723,17.00993],[106.92731,17.00919],[106.92697,17.00845],[106.92641,17.00808],[106.92603,17.00845],[106.92521,17.00849],[106.92478,17.00808],[106.92427,17.00668],[106.92465,17.00664],[106.92555,17.00767],[106.92607,17.00775],[106.92688,17.00713],[106.92766,17.00804],[106.92766,17.00878],[106.92839,17.01013],[106.92955,17.01017],[106.93006,17.00976],[106.93023,17.01083],[106.93092,17.01124],[106.93058,17.01206],[106.93143,17.01272],[106.93173,17.01325],[106.93233,17.01309],[106.93358,17.01198],[106.93341,17.01354],[106.93512,17.01452],[106.93547,17.01403],[106.93607,17.01444],[106.93581,17.01485],[106.9368,17.01571],[106.93753,17.01551],[106.93993,17.01674],[106.93993,17.01575],[106.93959,17.01485],[106.93894,17.01391],[106.93843,17.01391],[106.93791,17.01341],[106.93731,17.01382],[106.93718,17.0128],[106.93667,17.01231],[106.93551,17.01185],[106.93611,17.01144],[106.93706,17.01169],[106.93727,17.01116],[106.93684,17.01034],[106.9356,17.0089],[106.93358,17.00894],[106.93461,17.00812],[106.93663,17.00816],[106.93723,17.00865],[106.938,17.00759],[106.93731,17.00759],[106.93624,17.00697],[106.93693,17.00558],[106.93671,17.00521],[106.93551,17.00529],[106.93431,17.0048],[106.93238,17.00492],[106.93302,17.0043],[106.93405,17.00422],[106.93418,17.00369],[106.93379,17.00324],[106.93276,17.00291],[106.93199,17.00365],[106.93139,17.00356],[106.93169,17.00254],[106.93345,17.0025],[106.93367,17.00205],[106.93354,17.00102],[106.93405,17.0011],[106.93444,17.00057],[106.93452,16.99975],[106.93564,16.99893],[106.93538,16.9986],[106.93457,16.9988],[106.93405,16.9979],[106.93362,16.99839],[106.93294,16.99831],[106.93118,16.99893],[106.93015,16.99852],[106.93019,16.99806],[106.93199,16.99798],[106.9313,16.99692],[106.93161,16.99605],[106.92976,16.99601],[106.9295,16.99527],[106.9307,16.9956],[106.931,16.9949],[106.93015,16.99449],[106.93006,16.99392],[106.92907,16.99339],[106.92963,16.99269],[106.92972,16.98965],[106.93036,16.98904],[106.93066,16.99031],[106.93015,16.99096],[106.92997,16.99228],[106.93002,16.99355],[106.93066,16.99367],[106.93075,16.99425],[106.93152,16.99474],[106.93156,16.99544],[106.93229,16.99564],[106.93221,16.99622],[106.93336,16.99757],[106.93392,16.99704],[106.93367,16.99605],[106.93435,16.99622],[106.93439,16.99741],[106.93547,16.9972],[106.93667,16.99802],[106.93727,16.99901],[106.93624,16.99958],[106.93555,17.00131],[106.93598,17.00188],[106.93573,17.00295],[106.93637,17.00365],[106.9368,17.00356],[106.938,17.0043],[106.93839,17.00369],[106.93779,17.00295],[106.93736,17.00164],[106.9377,17.0009],[106.93843,17.00028],[106.93886,17.00028],[106.93993,16.99909],[106.9404,16.99946],[106.94088,16.99917],[106.94088,16.9986],[106.94156,16.99811],[106.94199,16.99852],[106.941,16.99995],[106.94023,17.00061],[106.93963,17.00061],[106.93847,17.00172],[106.93856,17.00237],[106.93929,17.00348],[106.93972,17.00348],[106.94126,17.00266],[106.94178,17.00307],[106.94186,17.00365],[106.94057,17.00389],[106.93985,17.00434],[106.94002,17.00631],[106.94062,17.00681],[106.93993,17.0073],[106.93993,17.00804],[106.94049,17.00857],[106.94092,17.00808],[106.94169,17.008],[106.94328,17.00713],[106.94418,17.00767],[106.94671,17.00705],[106.94658,17.0075],[106.94512,17.00808],[106.94427,17.00816],[106.94324,17.008],[106.94246,17.00841],[106.94221,17.00915],[106.94358,17.00947],[106.94371,17.00993],[106.94255,17.01005],[106.94182,17.0096],[106.94208,17.01107],[106.94324,17.01194],[106.94409,17.01169],[106.94504,17.01038],[106.94521,17.01095],[106.94448,17.01239],[106.94392,17.01284],[106.94281,17.01317],[106.94208,17.01403],[106.9426,17.0146],[106.94292,17.01386],[106.94403,17.01353],[106.94534,17.01465],[106.94446,17.01544],[106.94534,17.01719],[106.94621,17.01729],[106.94782,17.01784],[106.94795,17.01917],[106.94882,17.02013],[106.9494,17.02013],[106.95057,17.01969],[106.95263,17.02031],[106.95226,17.02121],[106.95251,17.02241],[106.95226,17.02324],[106.95273,17.02426],[106.95175,17.0273],[106.95139,17.02954],[106.95086,17.03079],[106.95003,17.03189],[106.94958,17.03205],[106.94811,17.0314],[106.94725,17.0305],[106.94694,17.03103],[106.94747,17.03166],[106.94747,17.03265],[106.948,17.03291],[106.94749,17.03363],[106.94521,17.03361],[106.94509,17.03248],[106.94459,17.03248],[106.94483,17.03363],[106.94389,17.03427],[106.94388,17.03525],[106.94333,17.03532],[106.94349,17.03675],[106.94294,17.03678],[106.94239,17.03625],[106.9425,17.03579],[106.94223,17.03419],[106.94166,17.03404],[106.94189,17.03336],[106.94152,17.03295],[106.94032,17.03336],[106.93963,17.03303],[106.93894,17.03368],[106.93813,17.03397],[106.93826,17.03451],[106.9389,17.03479],[106.93847,17.03578],[106.93856,17.03668],[106.93912,17.03738],[106.93894,17.03779]],[[106.94427,17.02712],[106.94506,17.02708],[106.94579,17.02653],[106.9466,17.02688],[106.94702,17.02638],[106.94772,17.02676],[106.94804,17.02592],[106.94729,17.02555],[106.9467,17.02484],[106.9456,17.02551],[106.94567,17.02625],[106.9452,17.02643],[106.9442,17.02591],[106.94411,17.0267],[106.94298,17.0263],[106.94255,17.02687],[106.94182,17.02732],[106.94156,17.02823],[106.94195,17.02901],[106.94315,17.02892],[106.94384,17.0295],[106.94388,17.02806],[106.94427,17.02712]],[[106.94062,17.00968],[106.93989,17.00972],[106.93933,17.01066],[106.9398,17.0112],[106.94049,17.01128],[106.94088,17.01091],[106.94062,17.00968]]]},"properties":{"kind":"water","class":"reservoir","name":"Hồ La Ngà"}},{"type":"Feature","geometry":{"type":"Polygon","coordinates":[[[106.89187,17.07287],[106.89165,17.07266],[106.88951,17.07266],[106.8883,17.07233],[106.88775,17.0727],[106.88749,17.07385],[106.88672,17.07344],[106.88693,17.07283],[106.88787,17.07192],[106.88856,17.07159],[106.88925,17.07209],[106.88976,17.07201],[106.89109,17.07123],[106.89302,17.07225],[106.89414,17.07258],[106.89474,17.07217],[106.89534,17.07217],[106.8959,17.07155],[106.89573,17.07114],[106.89616,17.06934],[106.89508,17.06856],[106.8944,17.06881],[106.89337,17.06815],[106.89268,17.06815],[106.89217,17.06872],[106.89174,17.06856],[106.89019,17.06848],[106.89075,17.06778],[106.89002,17.06741],[106.8883,17.06757],[106.88818,17.06827],[106.88551,17.06827],[106.88444,17.06872],[106.88427,17.06766],[106.88487,17.06782],[106.88564,17.06725],[106.88659,17.06782],[106.88766,17.06778],[106.88775,17.06655],[106.88736,17.06593],[106.88805,17.06577],[106.88946,17.06425],[106.88912,17.06565],[106.89062,17.06708],[106.89187,17.06721],[106.89169,17.06589],[106.89268,17.067],[106.89414,17.067],[106.89629,17.06651],[106.89637,17.06618],[106.89792,17.06618],[106.89809,17.06585],[106.89963,17.06561],[106.90023,17.06503],[106.90135,17.06478],[106.90187,17.06487],[106.90225,17.06417],[106.90195,17.0638],[106.90075,17.06405],[106.89998,17.06355],[106.89744,17.06368],[106.89839,17.06294],[106.89873,17.0622],[106.89835,17.06175],[106.8965,17.06179],[106.8962,17.0615],[106.89727,17.06015],[106.89517,17.06011],[106.89556,17.05925],[106.89496,17.05843],[106.89521,17.05769],[106.89444,17.05588],[106.8938,17.05518],[106.89285,17.05527],[106.89298,17.05613],[106.89255,17.05646],[106.89148,17.05584],[106.89199,17.05551],[106.89217,17.05494],[106.89337,17.05477],[106.89401,17.05441],[106.89405,17.05338],[106.89483,17.05387],[106.89478,17.0549],[106.89534,17.05502],[106.8959,17.0558],[106.89624,17.0567],[106.89633,17.05777],[106.89672,17.05847],[106.8974,17.0583],[106.89839,17.05916],[106.89865,17.06007],[106.89929,17.0606],[106.90011,17.06048],[106.89993,17.05826],[106.90109,17.05855],[106.90071,17.05933],[106.90079,17.06023],[106.90174,17.06113],[106.90156,17.06154],[106.90221,17.06232],[106.90272,17.06167],[106.9035,17.06216],[106.9047,17.06249],[106.90508,17.06195],[106.90508,17.06089],[106.9059,17.06093],[106.9056,17.06212],[106.90598,17.06273],[106.90676,17.06314],[106.90723,17.06294],[106.90706,17.06228],[106.90783,17.06122],[106.90757,17.06064],[106.90839,17.0606],[106.90938,17.06113],[106.90882,17.06191],[106.90817,17.0622],[106.90847,17.06298],[106.90925,17.06282],[106.90976,17.06241],[106.91156,17.06241],[106.91199,17.06093],[106.91062,17.06068],[106.91019,17.06109],[106.90929,17.06007],[106.90899,17.0588],[106.90787,17.05765],[106.90633,17.05765],[106.9065,17.05707],[106.90719,17.05683],[106.90865,17.05756],[106.9095,17.05724],[106.90938,17.05621],[106.90998,17.05588],[106.90968,17.05518],[106.90899,17.0551],[106.90822,17.05404],[106.90684,17.05354],[106.90706,17.05137],[106.90749,17.05162],[106.9074,17.05309],[106.90813,17.05363],[106.9089,17.05363],[106.90942,17.05453],[106.91006,17.05457],[106.91092,17.05564],[106.91079,17.05707],[106.91028,17.05797],[106.90955,17.05818],[106.91049,17.05908],[106.91062,17.05994],[106.91139,17.06003],[106.91251,17.05896],[106.91345,17.05945],[106.91435,17.05892],[106.91367,17.05711],[106.9141,17.05588],[106.91453,17.05613],[106.91453,17.05695],[106.91483,17.05781],[106.91581,17.05769],[106.91573,17.05662],[106.9165,17.05605],[106.91581,17.05498],[106.91616,17.05441],[106.91624,17.05293],[106.91676,17.05367],[106.91659,17.05506],[106.91714,17.05568],[106.91817,17.05609],[106.91903,17.05584],[106.91925,17.05514],[106.9177,17.05301],[106.91946,17.05371],[106.91972,17.0533],[106.92075,17.05322],[106.92028,17.05391],[106.9204,17.05494],[106.92161,17.05477],[106.92156,17.05588],[106.92255,17.0565],[106.92311,17.05596],[106.92294,17.05547],[106.92444,17.0542],[106.92491,17.05449],[106.92495,17.05535],[106.92581,17.05527],[106.92517,17.05662],[106.92474,17.05703],[106.92538,17.05756],[106.92598,17.05732],[106.92646,17.0581],[106.92692,17.05816],[106.92834,17.06368],[106.9277,17.0647],[106.92667,17.06446],[106.92607,17.0647],[106.92474,17.06606],[106.92465,17.06524],[106.92358,17.06528],[106.92337,17.06622],[106.92371,17.0668],[106.92294,17.06696],[106.92259,17.06622],[106.92204,17.06577],[106.92118,17.0661],[106.92105,17.06671],[106.92148,17.06712],[106.92156,17.06827],[106.92195,17.06864],[106.92384,17.06815],[106.92379,17.06926],[106.92307,17.06938],[106.92259,17.07008],[106.92143,17.06971],[106.92092,17.07004],[106.92062,17.06835],[106.91998,17.06807],[106.9189,17.06868],[106.91993,17.06934],[106.91967,17.07049],[106.92045,17.07172],[106.91826,17.07159],[106.91749,17.07143],[106.9177,17.07041],[106.91667,17.0695],[106.91693,17.06885],[106.91641,17.06852],[106.91474,17.0702],[106.91371,17.07028],[106.91307,17.07082],[106.91264,17.07196],[106.91272,17.07229],[106.91178,17.07303],[106.91247,17.07377],[106.91178,17.07393],[106.91036,17.07463],[106.90998,17.07525],[106.91049,17.07566],[106.91066,17.07722],[106.91135,17.07771],[106.91122,17.07832],[106.90998,17.07722],[106.91015,17.07648],[106.9092,17.07574],[106.90873,17.07496],[106.91066,17.07369],[106.91019,17.0734],[106.91135,17.07213],[106.91144,17.0709],[106.91126,17.07008],[106.91062,17.06971],[106.90968,17.06963],[106.90912,17.07016],[106.90822,17.07061],[106.90753,17.0702],[106.90689,17.07123],[106.90697,17.07172],[106.90568,17.07205],[106.90577,17.07319],[106.90543,17.07352],[106.90543,17.07492],[106.90568,17.07607],[106.90526,17.07639],[106.90491,17.0741],[106.90448,17.07328],[106.90461,17.07209],[106.90543,17.07114],[106.90461,17.07036],[106.9059,17.07036],[106.90646,17.06983],[106.908,17.06901],[106.90852,17.0677],[106.90993,17.0684],[106.91049,17.06819],[106.91053,17.06766],[106.91174,17.06864],[106.91302,17.06897],[106.91332,17.06811],[106.91289,17.06786],[106.91277,17.06626],[106.9138,17.06634],[106.91491,17.06593],[106.91573,17.06474],[106.91568,17.0638],[106.91508,17.06421],[106.91465,17.06388],[106.9138,17.06388],[106.91332,17.06433],[106.91328,17.06503],[106.91225,17.06487],[106.91156,17.06561],[106.91096,17.06561],[106.91053,17.0652],[106.90963,17.06556],[106.91023,17.06606],[106.91019,17.06692],[106.90813,17.06536],[106.90757,17.06556],[106.90757,17.06638],[106.90676,17.06626],[106.9065,17.06569],[106.90556,17.06552],[106.90461,17.06577],[106.90435,17.06667],[106.90332,17.06659],[106.90298,17.06626],[106.90229,17.06651],[106.90131,17.06786],[106.90041,17.06725],[106.89981,17.06741],[106.89925,17.06819],[106.89826,17.06757],[106.89702,17.06868],[106.89805,17.06934],[106.89805,17.07049],[106.89719,17.07098],[106.8977,17.07155],[106.89762,17.07221],[106.89882,17.07311],[106.89955,17.07348],[106.89929,17.07389],[106.89813,17.07344],[106.89646,17.07258],[106.89577,17.07307],[106.89521,17.07402],[106.89521,17.07475],[106.8959,17.07525],[106.89466,17.07619],[106.89453,17.07533],[106.8947,17.07426],[106.8944,17.07397],[106.8935,17.07426],[106.89285,17.07471],[106.89234,17.07422],[106.89169,17.07434],[106.89169,17.07484],[106.89101,17.075],[106.89109,17.07402],[106.89187,17.07287]],[[106.91405,17.06101],[106.91414,17.06158],[106.91525,17.06167],[106.91701,17.06105],[106.91611,17.06003],[106.91517,17.06019],[106.91405,17.06101]],[[106.92079,17.05843],[106.92096,17.05933],[106.92195,17.05921],[106.92195,17.0583],[106.92079,17.05843]],[[106.91749,17.06437],[106.91671,17.06487],[106.91689,17.06536],[106.91839,17.06548],[106.9189,17.06458],[106.91843,17.06421],[106.91749,17.06437]],[[106.91667,17.05908],[106.91689,17.05962],[106.91757,17.05978],[106.91826,17.0606],[106.91916,17.06031],[106.91925,17.05966],[106.91817,17.05855],[106.91731,17.05847],[106.91667,17.05908]]]},"properties":{"kind":"water","class":"reservoir","name":"Hồ Bảo Đài"}},{"type":"Feature","geometry":{"type":"Polygon","coordinates":[[[106.91247,17.01392],[106.91334,17.01406],[106.91426,17.01343],[106.91378,17.01224],[106.91434,17.01175],[106.91412,17.01117],[106.91356,17.01096],[106.91227,17.01106],[106.91204,17.01051],[106.91294,17.01037],[106.91422,17.01057],[106.91478,17.01026],[106.91573,17.01018],[106.91601,17.00932],[106.91667,17.00977],[106.91751,17.00983],[106.91522,17.01112],[106.91516,17.01204],[106.91546,17.01265],[106.91615,17.01306],[106.91502,17.01363],[106.91441,17.0144],[106.91435,17.015],[106.9124,17.01422],[106.91126,17.01412],[106.91144,17.01346],[106.91247,17.01392]]]},"properties":{"kind":"water","class":"water","name":null}},{"type":"Feature","geometry":{"type":"Polygon","coordinates":[[[107.11271,16.76552],[107.11395,16.76489],[107.11458,16.76492],[107.11509,16.76447],[107.11504,16.76346],[107.11543,16.76246],[107.11694,16.76284],[107.11676,16.76233],[107.11587,16.76132],[107.11506,16.76181],[107.1148,16.76136],[107.11394,16.76143],[107.11231,16.76195],[107.11137,16.76198],[107.11166,16.76093],[107.11124,16.7604],[107.11002,16.76025],[107.11017,16.76169],[107.10838,16.76154],[107.1076,16.76075],[107.10679,16.76111],[107.10552,16.76119],[107.10438,16.76151],[107.10449,16.761],[107.10623,16.7602],[107.10864,16.75992],[107.10904,16.75817],[107.11047,16.75881],[107.11127,16.75867],[107.11106,16.75799],[107.11062,16.75784],[107.11091,16.75706],[107.11049,16.75684],[107.10992,16.75745],[107.1086,16.75614],[107.10816,16.75522],[107.10882,16.75522],[107.1096,16.7548],[107.10994,16.75589],[107.11113,16.75573],[107.11242,16.756],[107.11309,16.75544],[107.11267,16.7547],[107.11343,16.75466],[107.11346,16.75408],[107.11258,16.75415],[107.11134,16.75332],[107.11155,16.75251],[107.10956,16.75133],[107.109,16.75067],[107.10816,16.75118],[107.10761,16.75078],[107.10672,16.75202],[107.10575,16.75172],[107.10555,16.75291],[107.10467,16.75329],[107.10383,16.75337],[107.10258,16.75413],[107.10069,16.75368],[107.1006,16.75249],[107.10247,16.75284],[107.10308,16.7523],[107.10324,16.7516],[107.10389,16.7521],[107.10473,16.75152],[107.10451,16.75078],[107.10495,16.75047],[107.10587,16.75098],[107.10691,16.75052],[107.10799,16.7498],[107.1084,16.74846],[107.10792,16.74787],[107.10726,16.74751],[107.10757,16.74659],[107.10825,16.74694],[107.10867,16.74791],[107.10922,16.74844],[107.11062,16.74912],[107.11128,16.74771],[107.11155,16.74833],[107.11113,16.74966],[107.11137,16.75047],[107.1128,16.75118],[107.11293,16.75229],[107.11393,16.75235],[107.11377,16.75112],[107.11442,16.7506],[107.11363,16.74972],[107.11371,16.74944],[107.11294,16.74858],[107.11361,16.74759],[107.11387,16.74911],[107.11476,16.74892],[107.11494,16.74977],[107.11581,16.75002],[107.11522,16.75181],[107.11561,16.75381],[107.11636,16.75372],[107.11613,16.75452],[107.11662,16.75552],[107.11557,16.756],[107.11533,16.75682],[107.11614,16.7567],[107.11631,16.75733],[107.11728,16.75778],[107.11812,16.75762],[107.11859,16.75837],[107.11875,16.75959],[107.11979,16.76002],[107.12058,16.76055],[107.12119,16.76034],[107.12199,16.76073],[107.12157,16.7615],[107.12188,16.76236],[107.12246,16.76233],[107.12302,16.76167],[107.12403,16.76159],[107.12485,16.7619],[107.12571,16.76154],[107.12499,16.76066],[107.12417,16.76069],[107.12388,16.75965],[107.12348,16.7593],[107.12277,16.75991],[107.12226,16.75986],[107.12175,16.75932],[107.12168,16.75874],[107.12122,16.75831],[107.12008,16.75794],[107.11949,16.75722],[107.11849,16.7566],[107.11743,16.75561],[107.11787,16.7552],[107.11898,16.75567],[107.11981,16.75526],[107.12069,16.75522],[107.12026,16.75455],[107.12045,16.7528],[107.12091,16.753],[107.121,16.75391],[107.12213,16.75391],[107.12346,16.75357],[107.12241,16.75474],[107.12194,16.75597],[107.12263,16.75676],[107.12325,16.75678],[107.1236,16.75734],[107.12458,16.75722],[107.12529,16.75638],[107.12581,16.75613],[107.12643,16.75665],[107.12595,16.75809],[107.12598,16.75873],[107.12643,16.75932],[107.12733,16.75961],[107.12783,16.75887],[107.12834,16.75882],[107.12902,16.7582],[107.12982,16.75857],[107.12992,16.76017],[107.12968,16.76068],[107.13003,16.76146],[107.13077,16.76181],[107.13152,16.76283],[107.13094,16.76393],[107.1276,16.76655],[107.12649,16.76608],[107.12572,16.76644],[107.12481,16.76627],[107.12453,16.76681],[107.12369,16.76715],[107.12378,16.76779],[107.12318,16.76857],[107.12223,16.76901],[107.12216,16.76821],[107.12132,16.76656],[107.12046,16.76627],[107.11999,16.76648],[107.11935,16.76789],[107.11867,16.76795],[107.11856,16.76709],[107.11812,16.76559],[107.11706,16.76459],[107.11544,16.76557],[107.11481,16.76568],[107.11412,16.7654],[107.11271,16.76552]],[[107.1127,16.75956],[107.1135,16.75975],[107.11363,16.76053],[107.11435,16.76023],[107.11515,16.75949],[107.11508,16.75881],[107.1138,16.75867],[107.11269,16.75896],[107.1127,16.75956]]]},"properties":{"kind":"water","class":"reservoir","name":"Hồ Triệu Ái"}},{"type":"Feature","geometry":{"type":"Polygon","coordinates":[[[106.72592,17.29326],[106.72591,17.29165],[106.72607,17.29022],[106.7267,17.28834],[106.72776,17.28683],[106.72924,17.28543],[106.73125,17.28434],[106.73364,17.28352],[106.73724,17.28261],[106.73846,17.28267],[106.73956,17.2823],[106.74553,17.27925],[106.7474,17.27711],[106.74884,17.27581],[106.75201,17.27211],[106.75302,17.27054],[106.75577,17.26512],[106.7565,17.26411],[106.75677,17.2629],[106.75525,17.26113],[106.75444,17.25955],[106.7544,17.25884],[106.75502,17.25778],[106.75495,17.25752],[106.75301,17.25605],[106.75188,17.25533],[106.74854,17.2534],[106.74762,17.25295],[106.74646,17.25195],[106.74499,17.25202],[106.74466,17.25156],[106.74407,17.24988],[106.74416,17.24845],[106.74489,17.24907],[106.74472,17.25068],[106.7452,17.25178],[106.74637,17.25161],[106.74745,17.25219],[106.74817,17.25297],[106.74893,17.25327],[106.7527,17.25548],[106.75326,17.25574],[106.75537,17.25734],[106.75533,17.2583],[106.75463,17.25911],[106.7548,17.2598],[106.75546,17.26093],[106.75614,17.26166],[106.75703,17.26257],[106.75718,17.26363],[106.75682,17.26472],[106.75652,17.26509],[106.75616,17.26552],[106.75567,17.26675],[106.75385,17.27048],[106.75285,17.27218],[106.74995,17.27577],[106.74828,17.27741],[106.74775,17.27757],[106.74743,17.27842],[106.74617,17.27982],[106.7449,17.28066],[106.74001,17.28312],[106.73896,17.2836],[106.73695,17.28417],[106.73446,17.28462],[106.73206,17.28516],[106.73081,17.28558],[106.72991,17.2861],[106.72855,17.28751],[106.72783,17.2886],[106.72742,17.28987],[106.72729,17.29106],[106.72759,17.29321],[106.72592,17.29326]]]},"properties":{"kind":"water","class":"river","name":null}},{"type":"Feature","geometry":{"type":"Polygon","coordinates":[[[106.78801,17.2227],[106.78734,17.22302],[106.78403,17.22345],[106.78105,17.22396],[106.77904,17.2247],[106.77731,17.22544],[106.77653,17.22595],[106.77506,17.22758],[106.77338,17.22915],[106.77163,17.23031],[106.7705,17.23091],[106.76876,17.23256],[106.76783,17.23318],[106.76663,17.23296],[106.76498,17.2312],[106.76401,17.23124],[106.76257,17.23265],[106.76083,17.23507],[106.75899,17.23677],[106.75809,17.23798],[106.75776,17.23891],[106.75764,17.24062],[106.75715,17.24157],[106.75624,17.24197],[106.75484,17.24209],[106.75154,17.24198],[106.7503,17.24244],[106.74858,17.24467],[106.74719,17.24599],[106.74545,17.24679],[106.74532,17.24647],[106.7471,17.24568],[106.7489,17.24386],[106.75017,17.2421],[106.75149,17.24168],[106.75501,17.24183],[106.75588,17.24176],[106.75693,17.24141],[106.75736,17.24022],[106.75748,17.23889],[106.75779,17.23782],[106.75861,17.2367],[106.76054,17.23486],[106.76259,17.23207],[106.76423,17.23071],[106.76509,17.23084],[106.76683,17.23274],[106.76795,17.23275],[106.76881,17.23209],[106.77045,17.23053],[106.77251,17.22926],[106.77425,17.22787],[106.77636,17.22555],[106.7774,17.22485],[106.77776,17.22483],[106.78058,17.22362],[106.78266,17.22312],[106.78639,17.22273],[106.78757,17.2223],[106.7896,17.22062],[106.79093,17.21934],[106.79292,17.21725],[106.79447,17.21531],[106.79525,17.21405],[106.79635,17.21289],[106.79895,17.21137],[106.801,17.21053],[106.80438,17.20948],[106.80675,17.20837],[106.8103,17.20705],[106.81182,17.20601],[106.81223,17.20516],[106.81217,17.20376],[106.81149,17.20293],[106.80936,17.20158],[106.80846,17.20113],[106.80543,17.20023],[106.80429,17.19956],[106.80248,17.19824],[106.80181,17.1973],[106.80175,17.19681],[106.79973,17.19298],[106.79858,17.1915],[106.79734,17.1905],[106.79655,17.18923],[106.79632,17.18772],[106.79783,17.18435],[106.79816,17.18327],[106.79836,17.18133],[106.79821,17.17887],[106.79782,17.17694],[106.79593,17.17048],[106.79609,17.16894],[106.7967,17.16804],[106.79941,17.16516],[106.80302,17.16174],[106.80407,17.16027],[106.80466,17.15905],[106.80472,17.15236],[106.80459,17.15018],[106.80428,17.14958],[106.80351,17.14943],[106.80232,17.14998],[106.80092,17.15121],[106.79829,17.15318],[106.79513,17.15513],[106.79289,17.15809],[106.79123,17.15948],[106.78982,17.15939],[106.78864,17.15984],[106.78754,17.15904],[106.78672,17.15774],[106.78621,17.15434],[106.78687,17.15282],[106.78679,17.15226],[106.78746,17.15206],[106.78811,17.15462],[106.78771,17.15606],[106.78747,17.15799],[106.78836,17.15877],[106.78914,17.15852],[106.79028,17.15849],[106.79172,17.15818],[106.79244,17.15709],[106.7934,17.15416],[106.79503,17.15357],[106.79893,17.15146],[106.80291,17.14838],[106.80407,17.14799],[106.80479,17.14794],[106.80513,17.14849],[106.80548,17.14984],[106.80623,17.1518],[106.80634,17.15249],[106.80618,17.15748],[106.80584,17.15904],[106.80519,17.16048],[106.80382,17.16234],[106.80052,17.16592],[106.79792,17.1686],[106.79714,17.16957],[106.79702,17.17054],[106.79883,17.17475],[106.7994,17.17639],[106.79965,17.18197],[106.7994,17.18331],[106.79802,17.1867],[106.7978,17.18806],[106.79832,17.18975],[106.80006,17.19135],[106.80354,17.19603],[106.80485,17.19734],[106.80645,17.19807],[106.8088,17.19981],[106.80967,17.2001],[106.8124,17.20183],[106.81311,17.20287],[106.81332,17.20445],[106.81291,17.20635],[106.8125,17.20684],[106.81103,17.20767],[106.80745,17.20929],[106.80552,17.21028],[106.80239,17.21128],[106.80006,17.21231],[106.79745,17.21383],[106.79616,17.2148],[106.79385,17.2176],[106.79298,17.2188],[106.7914,17.22062],[106.78965,17.22196],[106.78801,17.2227]],[[106.80545,17.19838],[106.80649,17.19952],[106.80796,17.19986],[106.80616,17.19854],[106.80545,17.19838]]]},"properties":{"kind":"water","class":"river","name":null}},{"type":"Feature","geometry":{"type":"Polygon","coordinates":[[[106.67892,16.72871],[106.6783,16.72922],[106.6777,16.72933],[106.67569,16.73036],[106.67533,16.73071],[106.67403,16.73101],[106.67368,16.73129],[106.67179,16.73201],[106.67124,16.73244],[106.66726,16.73401],[106.66655,16.73414],[106.66554,16.73357],[106.66701,16.73345],[106.66928,16.73238],[106.67,16.73224],[106.67163,16.73147],[106.6734,16.7303],[106.67584,16.72954],[106.67698,16.7288],[106.67761,16.72871],[106.67861,16.7282],[106.67885,16.72716],[106.67862,16.72646],[106.67888,16.72511],[106.67938,16.7252],[106.67973,16.72457],[106.67912,16.72385],[106.67965,16.72323],[106.68033,16.7218],[106.6803,16.72051],[106.67984,16.71897],[106.6794,16.71863],[106.68113,16.71546],[106.68014,16.71388],[106.67913,16.71413],[106.6787,16.71448],[106.6787,16.71561],[106.67909,16.71667],[106.67843,16.7176],[106.67821,16.71593],[106.6777,16.71579],[106.67735,16.71456],[106.67692,16.71439],[106.67581,16.71517],[106.67491,16.71548],[106.67365,16.71534],[106.67252,16.71629],[106.67007,16.71693],[106.66952,16.71733],[106.66822,16.71935],[106.66841,16.71828],[106.669,16.71752],[106.66922,16.71679],[106.66993,16.71612],[106.67094,16.71632],[106.67231,16.71482],[106.67377,16.71425],[106.67482,16.71351],[106.67637,16.71345],[106.67674,16.7127],[106.67613,16.71201],[106.67594,16.7111],[106.67767,16.71285],[106.67939,16.71205],[106.68003,16.71199],[106.68072,16.71154],[106.68145,16.71158],[106.68212,16.71121],[106.68248,16.71004],[106.683,16.70948],[106.68368,16.7094],[106.68452,16.70796],[106.68488,16.70681],[106.68484,16.70593],[106.6845,16.70554],[106.68255,16.70539],[106.68034,16.7057],[106.67943,16.70632],[106.67918,16.70558],[106.67808,16.70642],[106.67722,16.70588],[106.67476,16.70531],[106.67519,16.70471],[106.67669,16.70508],[106.67707,16.70488],[106.67712,16.70389],[106.67686,16.7029],[106.67546,16.70268],[106.67544,16.70196],[106.67649,16.70177],[106.67755,16.70204],[106.67804,16.70243],[106.67913,16.70249],[106.67928,16.70157],[106.67909,16.70023],[106.68001,16.7006],[106.68089,16.70027],[106.6819,16.69939],[106.679,16.69932],[106.67904,16.69882],[106.67976,16.69838],[106.68138,16.69839],[106.68212,16.69817],[106.68249,16.69769],[106.68187,16.69709],[106.68205,16.69618],[106.68176,16.69571],[106.67968,16.69605],[106.67912,16.6953],[106.67963,16.69479],[106.68026,16.69461],[106.68047,16.69516],[106.68122,16.69469],[106.68229,16.69347],[106.68311,16.69422],[106.68405,16.69412],[106.68485,16.69247],[106.6845,16.69127],[106.68551,16.69045],[106.68564,16.69158],[106.68631,16.69222],[106.68597,16.69367],[106.68641,16.69383],[106.68728,16.69351],[106.68803,16.69254],[106.68897,16.69279],[106.68932,16.69256],[106.68898,16.69156],[106.69007,16.69067],[106.69105,16.6904],[106.69158,16.68996],[106.6909,16.68914],[106.69145,16.68879],[106.6921,16.68881],[106.69185,16.6869],[106.69308,16.68696],[106.69361,16.68647],[106.69439,16.68653],[106.69585,16.6859],[106.69665,16.68498],[106.69803,16.68461],[106.69844,16.68369],[106.69906,16.68387],[106.69948,16.68284],[106.699,16.68232],[106.69969,16.68181],[106.6997,16.68108],[106.70036,16.68001],[106.70122,16.68047],[106.70221,16.67988],[106.70292,16.6799],[106.70444,16.68035],[106.70644,16.68163],[106.70647,16.68216],[106.70364,16.68071],[106.70216,16.68067],[106.70144,16.68144],[106.70013,16.6821],[106.70074,16.68389],[106.70039,16.68458],[106.70103,16.68476],[106.70069,16.68573],[106.69973,16.68574],[106.69981,16.68646],[106.69911,16.68795],[106.69948,16.68878],[106.70021,16.68944],[106.70194,16.68926],[106.70235,16.68885],[106.70326,16.68697],[106.70396,16.69032],[106.7031,16.69105],[106.70162,16.69181],[106.70104,16.69419],[106.70038,16.69479],[106.70005,16.69553],[106.70036,16.6968],[106.70134,16.69666],[106.70096,16.69766],[106.70205,16.69927],[106.70377,16.69935],[106.70547,16.69913],[106.70641,16.69941],[106.70814,16.69912],[106.71046,16.69788],[106.71087,16.69855],[106.71221,16.69781],[106.71368,16.6985],[106.71363,16.69926],[106.71487,16.69935],[106.71629,16.6997],[106.71696,16.70039],[106.71479,16.69984],[106.71434,16.70074],[106.71439,16.70131],[106.71548,16.70203],[106.71609,16.70275],[106.71714,16.70242],[106.71754,16.70307],[106.71832,16.70321],[106.71917,16.70293],[106.7194,16.70362],[106.71938,16.70456],[106.72022,16.70619],[106.72059,16.70553],[106.72184,16.70461],[106.7223,16.70494],[106.72322,16.70476],[106.72362,16.70528],[106.72508,16.70543],[106.72579,16.70495],[106.72685,16.70575],[106.7252,16.70589],[106.72454,16.70652],[106.72328,16.70591],[106.72267,16.70605],[106.72231,16.70569],[106.72117,16.70631],[106.72081,16.70681],[106.71996,16.70734],[106.7201,16.70807],[106.7197,16.70839],[106.71786,16.70871],[106.71758,16.70809],[106.71704,16.70804],[106.71634,16.70937],[106.71559,16.7088],[106.71595,16.70734],[106.7166,16.7066],[106.71693,16.70589],[106.71789,16.70601],[106.71819,16.70521],[106.717,16.70421],[106.71609,16.7037],[106.71477,16.70338],[106.71304,16.7019],[106.71299,16.70108],[106.71246,16.69953],[106.71186,16.69947],[106.7113,16.69994],[106.71108,16.70118],[106.7094,16.7004],[106.70705,16.70109],[106.70763,16.70199],[106.70766,16.70252],[106.70816,16.70344],[106.70663,16.70341],[106.70613,16.70432],[106.70559,16.70356],[106.70614,16.70303],[106.70503,16.70187],[106.70384,16.70165],[106.70375,16.70223],[106.70259,16.70186],[106.70201,16.70099],[106.70194,16.70011],[106.70089,16.6998],[106.69993,16.6991],[106.69892,16.70048],[106.69847,16.70056],[106.69898,16.69873],[106.69898,16.69807],[106.6981,16.69812],[106.69806,16.6989],[106.69731,16.69896],[106.69651,16.69985],[106.69665,16.70044],[106.69574,16.7006],[106.69485,16.70047],[106.69374,16.70126],[106.69413,16.70165],[106.69376,16.70235],[106.69274,16.70255],[106.69193,16.70322],[106.69251,16.70384],[106.6919,16.70411],[106.69184,16.70542],[106.69143,16.70575],[106.69101,16.70488],[106.68975,16.70634],[106.68907,16.70771],[106.68918,16.70864],[106.6903,16.70949],[106.69109,16.70936],[106.69031,16.71043],[106.69075,16.71069],[106.69054,16.71188],[106.69072,16.71248],[106.69132,16.7132],[106.69269,16.71358],[106.69362,16.71359],[106.69376,16.71455],[106.69482,16.71559],[106.69568,16.71606],[106.69578,16.71665],[106.69518,16.717],[106.69458,16.71674],[106.69349,16.71672],[106.69285,16.71702],[106.69252,16.71778],[106.69149,16.71811],[106.69188,16.71715],[106.69145,16.71632],[106.6922,16.7147],[106.69192,16.71425],[106.69087,16.71419],[106.68903,16.71158],[106.68795,16.71203],[106.68777,16.71336],[106.6884,16.71415],[106.68838,16.71493],[106.68737,16.71573],[106.68737,16.71639],[106.68797,16.71723],[106.68802,16.71832],[106.68767,16.71945],[106.68645,16.72083],[106.6863,16.72218],[106.68465,16.72218],[106.68426,16.72235],[106.68394,16.72146],[106.68274,16.72117],[106.68237,16.72235],[106.68257,16.72282],[106.68446,16.72307],[106.68514,16.72457],[106.68471,16.72481],[106.68439,16.72576],[106.68358,16.72596],[106.68315,16.72683],[106.68265,16.72718],[106.68086,16.72653],[106.68024,16.72666],[106.67962,16.72788],[106.68001,16.72999],[106.67952,16.73042],[106.67898,16.73032],[106.67838,16.73264],[106.67762,16.7328],[106.67699,16.73323],[106.6749,16.73346],[106.67162,16.73512],[106.67094,16.73532],[106.66976,16.73636],[106.66931,16.73758],[106.66826,16.73839],[106.66869,16.73645],[106.66945,16.73592],[106.67061,16.73479],[106.6719,16.73415],[106.67347,16.73355],[106.67442,16.73256],[106.67662,16.73225],[106.6777,16.73154],[106.67753,16.73085],[106.67802,16.72994],[106.67896,16.72938],[106.67892,16.72871]]]},"properties":{"kind":"water","class":"reservoir","name":"Hồ Rào Quán"}},{"type":"Feature","geometry":{"type":"Polygon","coordinates":[[[106.30677,17.79853],[106.30821,17.79821],[106.31007,17.79687],[106.31069,17.79655],[106.31059,17.795],[106.31079,17.79461],[106.31254,17.7941],[106.31349,17.79355],[106.31494,17.79322],[106.31629,17.79336],[106.31702,17.79417],[106.31753,17.79378],[106.3178,17.79307],[106.31876,17.79307],[106.31901,17.79368],[106.32003,17.7937],[106.32035,17.79435],[106.32101,17.79413],[106.32097,17.79296],[106.32112,17.79217],[106.32213,17.79197],[106.32224,17.79157],[106.32313,17.79094],[106.32374,17.7909],[106.32443,17.79206],[106.3241,17.79299],[106.32484,17.7932],[106.32593,17.79292],[106.32733,17.7928],[106.32776,17.79376],[106.32822,17.79392],[106.3293,17.79368],[106.32955,17.79409],[106.33027,17.79368],[106.33073,17.7929],[106.33146,17.79356],[106.33206,17.7937],[106.33274,17.79294],[106.33287,17.79209],[106.3344,17.79228],[106.33488,17.7928],[106.33558,17.79305],[106.33619,17.7939],[106.33648,17.79471],[106.33585,17.79484],[106.33513,17.79621],[106.33463,17.79638],[106.33388,17.79572],[106.33302,17.79612],[106.33183,17.79621],[106.33137,17.79541],[106.33085,17.79579],[106.33123,17.79653],[106.3309,17.79697],[106.32999,17.79705],[106.32996,17.79787],[106.32856,17.79892],[106.32872,17.80015],[106.32828,17.80002],[106.32763,17.79872],[106.32729,17.79863],[106.32736,17.79757],[106.32635,17.79768],[106.32587,17.79693],[106.32488,17.79723],[106.32407,17.79835],[106.32193,17.79802],[106.32118,17.79828],[106.32024,17.79903],[106.31972,17.79852],[106.3191,17.7989],[106.31831,17.79885],[106.31864,17.79801],[106.31812,17.7978],[106.31686,17.79787],[106.31562,17.79894],[106.31471,17.79842],[106.31402,17.79872],[106.31458,17.79945],[106.31507,17.8008],[106.31599,17.8009],[106.31656,17.80147],[106.31666,17.80286],[106.31704,17.80313],[106.31836,17.80242],[106.31854,17.80274],[106.31748,17.80328],[106.31643,17.80355],[106.31615,17.80316],[106.31596,17.80165],[106.31525,17.8014],[106.31272,17.79921],[106.31248,17.79998],[106.31128,17.80005],[106.31012,17.79948],[106.30978,17.79863],[106.30925,17.79834],[106.30844,17.79868],[106.30677,17.79853]],[[106.31307,17.79736],[106.31387,17.79804],[106.31524,17.79724],[106.31433,17.79648],[106.31339,17.79695],[106.31307,17.79736]]]},"properties":{"kind":"water","class":"reservoir","name":"Hồ Tiên Lang"}},{"type":"Feature","geometry":{"type":"Polygon","coordinates":[[[106.65752,16.55106],[106.65504,16.54738],[106.65417,16.5466],[106.65215,16.54512],[106.65031,16.54343],[106.6482,16.5413],[106.64753,16.5405],[106.64734,16.53973],[106.64803,16.53712],[106.64812,16.53593],[106.6478,16.53182],[106.64814,16.53092],[106.64834,16.53364],[106.64856,16.5352],[106.64848,16.537],[106.64792,16.53901],[106.64788,16.53981],[106.64812,16.54064],[106.6501,16.5428],[106.65245,16.54489],[106.65479,16.54667],[106.65645,16.54887],[106.65783,16.55094],[106.65752,16.55106]]]},"properties":{"kind":"water","class":"river","name":null}},{"type":"Feature","geometry":{"type":"Polygon","coordinates":[[[106.66368,16.57116],[106.66335,16.57087],[106.66549,16.56853],[106.66872,16.56558],[106.67035,16.5643],[106.67211,16.56259],[106.67256,16.56203],[106.67255,16.56093],[106.67227,16.55963],[106.67142,16.55901],[106.66942,16.55888],[106.66715,16.55841],[106.66509,16.55761],[106.66392,16.55702],[106.6624,16.55603],[106.66063,16.55472],[106.65891,16.55293],[106.65753,16.55107],[106.65784,16.55095],[106.65958,16.55319],[106.6608,16.55443],[106.66368,16.5565],[106.6652,16.55735],[106.6676,16.55816],[106.66942,16.55856],[106.67185,16.55883],[106.67257,16.55943],[106.67286,16.56195],[106.67238,16.56267],[106.6701,16.56523],[106.66903,16.56614],[106.66778,16.56686],[106.66501,16.56953],[106.66368,16.57116]]]},"properties":{"kind":"water","class":"river","name":null}},{"type":"Feature","geometry":{"type":"Polygon","coordinates":[[[106.63352,16.59177],[106.63355,16.59148],[106.63856,16.59172],[106.64011,16.59184],[106.64375,16.59359],[106.64466,16.59391],[106.64649,16.59412],[106.64792,16.59383],[106.64874,16.59337],[106.64928,16.59272],[106.651,16.58841],[106.65307,16.58466],[106.65382,16.58367],[106.6552,16.5824],[106.65606,16.58181],[106.65716,16.58136],[106.65782,16.58138],[106.66074,16.58326],[106.6631,16.58425],[106.66633,16.58421],[106.66722,16.58435],[106.66737,16.58398],[106.66712,16.58305],[106.66669,16.58256],[106.66444,16.58051],[106.66338,16.57916],[106.66282,16.57819],[106.66238,16.57698],[106.66209,16.57555],[106.66198,16.57414],[106.66222,16.57267],[106.66274,16.57158],[106.66334,16.57088],[106.66366,16.57117],[106.66293,16.57207],[106.66263,16.5729],[106.66242,16.57449],[106.66255,16.57594],[106.66321,16.57797],[106.66371,16.57881],[106.6652,16.58071],[106.66686,16.58218],[106.66769,16.58309],[106.66804,16.58394],[106.66782,16.5847],[106.66631,16.58557],[106.66541,16.58568],[106.66446,16.58548],[106.66352,16.5848],[106.66337,16.58445],[106.66095,16.58368],[106.65887,16.58258],[106.65775,16.5817],[106.6571,16.58163],[106.65634,16.582],[106.65386,16.58397],[106.65328,16.58479],[106.65253,16.58642],[106.65178,16.58766],[106.65097,16.58936],[106.6497,16.5927],[106.64876,16.59374],[106.64689,16.59439],[106.64451,16.59412],[106.64364,16.59366],[106.64282,16.59348],[106.64226,16.59299],[106.64024,16.5924],[106.63946,16.59186],[106.63817,16.59208],[106.63625,16.59187],[106.63352,16.59177]]]},"properties":{"kind":"water","class":"river","name":null}},{"type":"Feature","geometry":{"type":"Polygon","coordinates":[[[106.7147,16.47023],[106.71354,16.47017],[106.71324,16.46974],[106.71187,16.47],[106.7108,16.46907],[106.70959,16.4677],[106.7102,16.46592],[106.7106,16.46555],[106.71158,16.46607],[106.7135,16.46591],[106.7136,16.46551],[106.71249,16.46365],[106.71376,16.46349],[106.71424,16.46405],[106.71416,16.46491],[106.71437,16.46561],[106.71602,16.46429],[106.71613,16.46361],[106.71701,16.46416],[106.71833,16.46338],[106.71895,16.46376],[106.7178,16.46466],[106.71645,16.46484],[106.71599,16.46591],[106.71588,16.46733],[106.71729,16.46789],[106.71823,16.46667],[106.71759,16.46524],[106.71796,16.46484],[106.71871,16.46568],[106.71821,16.46602],[106.71858,16.46684],[106.71753,16.46814],[106.71706,16.4682],[106.71622,16.4677],[106.71442,16.468],[106.71373,16.46785],[106.71347,16.46828],[106.71416,16.46872],[106.71534,16.46983],[106.7147,16.47023]],[[106.71188,16.46901],[106.71249,16.46918],[106.71259,16.46823],[106.71225,16.46777],[106.71157,16.46787],[106.71148,16.46852],[106.71188,16.46901]]]},"properties":{"kind":"water","class":"reservoir","name":"Hồ Lìa"}},{"type":"Feature","geometry":{"type":"Polygon","coordinates":[[[107.15575,16.789],[107.15802,16.78848],[107.15821,16.78924],[107.15875,16.79],[107.16121,16.79253],[107.1635,16.79625],[107.16425,16.7985],[107.16425,16.80032],[107.16404,16.80466],[107.16355,16.80641],[107.16285,16.80753],[107.16183,16.80842],[107.16077,16.80907],[107.15939,16.80943],[107.15753,16.80939],[107.15598,16.80911],[107.15337,16.8081],[107.15056,16.80717],[107.14941,16.80703],[107.14773,16.80746],[107.146,16.80819],[107.14469,16.8098],[107.1435,16.8125],[107.1425,16.8165],[107.14235,16.81967],[107.14246,16.82062],[107.14338,16.8216],[107.14427,16.82149],[107.1452,16.82165],[107.14575,16.82236],[107.14568,16.82324],[107.1447,16.8238],[107.1449,16.82341],[107.14536,16.82271],[107.14514,16.82221],[107.14411,16.82189],[107.14354,16.822],[107.14205,16.82168],[107.14177,16.82121],[107.14077,16.82237],[107.13974,16.823],[107.13911,16.82286],[107.13647,16.82428],[107.13402,16.827],[107.1328,16.82799],[107.13184,16.82821],[107.13113,16.82872],[107.13011,16.8304],[107.12931,16.83208],[107.12893,16.83339],[107.12943,16.83367],[107.13052,16.83235],[107.13248,16.83121],[107.13271,16.83163],[107.1315,16.83225],[107.131,16.833],[107.13,16.834],[107.12962,16.83569],[107.12961,16.83724],[107.13007,16.83778],[107.12879,16.84065],[107.12818,16.84235],[107.12775,16.84425],[107.1275,16.84617],[107.12775,16.848],[107.1285,16.851],[107.1285,16.8515],[107.12915,16.85231],[107.1265,16.85475],[107.12357,16.85214],[107.12265,16.84971],[107.12275,16.849],[107.1225,16.84575],[107.12271,16.84573],[107.1235,16.84275],[107.12489,16.83861],[107.12506,16.83845],[107.12603,16.83537],[107.12675,16.8325],[107.12702,16.83175],[107.12875,16.8285],[107.12936,16.82772],[107.13064,16.82648],[107.13214,16.82459],[107.13396,16.82292],[107.13581,16.82138],[107.13611,16.82093],[107.13727,16.81834],[107.13831,16.81707],[107.14067,16.81452],[107.14222,16.81161],[107.14256,16.81072],[107.14284,16.8092],[107.14356,16.80801],[107.14444,16.80716],[107.14581,16.8063],[107.14666,16.80534],[107.14761,16.80496],[107.14825,16.804],[107.149,16.804],[107.14817,16.80544],[107.14925,16.80525],[107.15075,16.80425],[107.15125,16.8045],[107.154,16.80475],[107.1535,16.8055],[107.15105,16.805],[107.15016,16.80528],[107.15423,16.80646],[107.15725,16.80725],[107.1595,16.80675],[107.16075,16.806],[107.1615,16.80525],[107.1615,16.80475],[107.16215,16.80216],[107.16215,16.80013],[107.1615,16.79675],[107.159,16.79175],[107.158,16.79075],[107.15725,16.7905],[107.15625,16.78975],[107.15525,16.78975],[107.15575,16.789]]]},"properties":{"kind":"water","class":"river","name":"Sông Thạch Hãn"}},{"type":"Feature","geometry":{"type":"Polygon","coordinates":[[[106.88712,17.14263],[106.88804,17.14272],[106.88859,17.14216],[106.88964,17.14304],[106.89056,17.14296],[106.89087,17.14349],[106.8918,17.14319],[106.89188,17.14281],[106.89277,17.14257],[106.89323,17.14206],[106.89311,17.14151],[106.89418,17.14149],[106.89495,17.14098],[106.89478,17.14246],[106.89406,17.14347],[106.89473,17.14416],[106.8964,17.14369],[106.89715,17.14319],[106.89741,17.14373],[106.89745,17.14478],[106.89813,17.14478],[106.89891,17.14404],[106.8988,17.14264],[106.8997,17.14193],[106.90003,17.14222],[106.89983,17.14368],[106.90025,17.14445],[106.9002,17.14506],[106.89951,17.14489],[106.89965,17.14577],[106.90003,17.1464],[106.89898,17.14698],[106.89917,17.14789],[106.90013,17.14759],[106.90109,17.14792],[106.90109,17.14742],[106.90249,17.14717],[106.90287,17.14685],[106.90426,17.14725],[106.90515,17.147],[106.90581,17.14652],[106.90625,17.1473],[106.90665,17.14733],[106.90857,17.14608],[106.90953,17.14646],[106.91085,17.14602],[106.91076,17.1466],[106.90959,17.14729],[106.90854,17.14724],[106.90772,17.14802],[106.90757,17.14877],[106.908,17.14937],[106.90751,17.15013],[106.9069,17.14886],[106.90497,17.14825],[106.90426,17.14868],[106.9033,17.1488],[106.90247,17.15003],[106.90261,17.15059],[106.90424,17.15159],[106.9041,17.15236],[106.90297,17.15188],[106.90251,17.1523],[106.90263,17.15308],[106.90219,17.15393],[106.90312,17.15423],[106.90345,17.1558],[106.90268,17.15514],[106.90273,17.1546],[106.90208,17.15452],[106.90117,17.15374],[106.9007,17.15383],[106.90126,17.15197],[106.90079,17.15126],[106.9011,17.15052],[106.90025,17.14975],[106.89893,17.14996],[106.89806,17.14989],[106.89664,17.14899],[106.89581,17.14894],[106.8953,17.14845],[106.89456,17.14845],[106.89429,17.14887],[106.89451,17.15018],[106.89502,17.15147],[106.89384,17.15118],[106.89198,17.15245],[106.89211,17.15338],[106.89164,17.15419],[106.892,17.15559],[106.89346,17.15558],[106.89315,17.15617],[106.89169,17.1561],[106.89115,17.15474],[106.89034,17.15454],[106.88981,17.15384],[106.89038,17.15344],[106.89088,17.15264],[106.89078,17.15156],[106.89166,17.15089],[106.89123,17.15023],[106.89053,17.15043],[106.88999,17.15016],[106.89028,17.14916],[106.88966,17.1493],[106.88861,17.14868],[106.88823,17.14911],[106.88803,17.15016],[106.8872,17.15108],[106.88686,17.15212],[106.88646,17.15176],[106.8859,17.15056],[106.8858,17.14984],[106.88524,17.14939],[106.88525,17.14881],[106.88659,17.14679],[106.88754,17.14627],[106.88785,17.14566],[106.8873,17.14528],[106.88729,17.144],[106.88779,17.14385],[106.8881,17.14514],[106.88862,17.14522],[106.88919,17.14429],[106.88874,17.14345],[106.88788,17.1433],[106.88712,17.14263]]]},"properties":{"kind":"water","class":"reservoir","name":"Hồ Thanh Sơn"}},{"type":"Feature","geometry":{"type":"Polygon","coordinates":[[[106.83423,17.10573],[106.83472,17.10632],[106.83383,17.10658],[106.83382,17.10738],[106.83272,17.10757],[106.83254,17.10868],[106.83365,17.10834],[106.83409,17.10874],[106.83233,17.11043],[106.83199,17.1112],[106.83217,17.11267],[106.83004,17.11347],[106.83005,17.11426],[106.82911,17.11466],[106.8287,17.11508],[106.8273,17.11396],[106.82703,17.1134],[106.82703,17.11235],[106.82354,17.11266],[106.81861,17.10971],[106.81845,17.10874],[106.8181,17.10846],[106.81869,17.10734],[106.8185,17.1065],[106.81912,17.10625],[106.81907,17.10529],[106.81802,17.1062],[106.81747,17.10715],[106.81677,17.10691],[106.8169,17.10628],[106.81758,17.10547],[106.81731,17.10484],[106.81676,17.10502],[106.81609,17.1047],[106.81521,17.10478],[106.81543,17.10387],[106.81609,17.10391],[106.81689,17.10325],[106.81729,17.10114],[106.81606,17.10012],[106.81586,17.10067],[106.81521,17.10021],[106.81428,17.09991],[106.81472,17.099],[106.81437,17.09791],[106.81329,17.09784],[106.81387,17.09688],[106.81314,17.09514],[106.81229,17.09494],[106.81259,17.09435],[106.81215,17.09385],[106.813,17.09244],[106.81339,17.09307],[106.81324,17.09418],[106.81401,17.09479],[106.81421,17.09646],[106.81464,17.09683],[106.81574,17.09643],[106.81587,17.09694],[106.81672,17.0969],[106.81659,17.09813],[106.81689,17.0986],[106.8177,17.09748],[106.81772,17.09679],[106.81918,17.09567],[106.81925,17.09483],[106.81968,17.09474],[106.82077,17.09386],[106.82184,17.09368],[106.82227,17.0928],[106.82268,17.09332],[106.82234,17.09381],[106.82038,17.09495],[106.81996,17.0958],[106.8201,17.09662],[106.81939,17.09744],[106.81925,17.09805],[106.81812,17.09859],[106.8184,17.09907],[106.81925,17.09962],[106.82081,17.09955],[106.82251,17.09771],[106.82272,17.09853],[106.82208,17.09927],[106.82201,17.09975],[106.82343,17.10098],[106.82371,17.10152],[106.8247,17.102],[106.82484,17.10159],[106.82427,17.10064],[106.82427,17.09962],[106.82526,17.09975],[106.82555,17.09921],[106.82519,17.09812],[106.82526,17.09621],[106.82491,17.09492],[106.824,17.09388],[106.8248,17.09391],[106.82526,17.09226],[106.82607,17.0935],[106.82557,17.09396],[106.82603,17.09472],[106.82724,17.09503],[106.82774,17.09587],[106.82814,17.0947],[106.82866,17.09547],[106.82997,17.09598],[106.83057,17.09553],[106.83136,17.09537],[106.83161,17.09443],[106.83227,17.09609],[106.83284,17.09567],[106.83308,17.09399],[106.83235,17.09373],[106.8323,17.09326],[106.83299,17.09291],[106.83269,17.09247],[106.83163,17.09226],[106.83001,17.09294],[106.82989,17.09251],[106.83042,17.09175],[106.83031,17.09097],[106.8288,17.0909],[106.82741,17.09043],[106.82693,17.09096],[106.82556,17.0904],[106.82511,17.09095],[106.82454,17.09092],[106.82567,17.08967],[106.82655,17.09002],[106.82711,17.08958],[106.82741,17.08833],[106.82643,17.08737],[106.82836,17.08779],[106.82858,17.08847],[106.82951,17.0892],[106.83025,17.08844],[106.83053,17.08876],[106.83137,17.08804],[106.83135,17.0892],[106.83206,17.08947],[106.83319,17.0907],[106.83446,17.09158],[106.83545,17.09158],[106.83609,17.09049],[106.83609,17.08961],[106.83496,17.08777],[106.8339,17.08675],[106.83489,17.08607],[106.83517,17.08559],[106.83517,17.08416],[106.83453,17.08368],[106.83347,17.08368],[106.83185,17.08389],[106.82994,17.08436],[106.82682,17.08409],[106.82661,17.08471],[106.8257,17.0849],[106.825,17.08553],[106.82346,17.08548],[106.82393,17.08616],[106.82374,17.08673],[106.82282,17.08718],[106.82143,17.08716],[106.81996,17.08828],[106.82121,17.08645],[106.82216,17.08605],[106.82104,17.08548],[106.82239,17.08461],[106.82261,17.08378],[106.82512,17.08416],[106.82562,17.08361],[106.82548,17.08246],[106.82647,17.08198],[106.82647,17.08307],[106.82718,17.08341],[106.82894,17.0828],[106.83107,17.0811],[106.83298,17.08178],[106.83361,17.08123],[106.83464,17.08101],[106.83514,17.08],[106.83523,17.07891],[106.83625,17.07836],[106.8368,17.0789],[106.83574,17.08123],[106.83673,17.08164],[106.83821,17.08144],[106.83956,17.08069],[106.84062,17.08048],[106.84161,17.08069],[106.84267,17.0813],[106.84267,17.08028],[106.84112,17.0796],[106.84161,17.07892],[106.84345,17.07912],[106.84495,17.0784],[106.84656,17.07617],[106.8473,17.0726],[106.8489,17.07063],[106.85174,17.06961],[106.84913,17.07257],[106.84924,17.07351],[106.85007,17.07662],[106.8472,17.0765],[106.84713,17.07809],[106.84566,17.0786],[106.84482,17.07946],[106.8449,17.07998],[106.84444,17.08137],[106.84487,17.08184],[106.84557,17.08205],[106.84748,17.08212],[106.84805,17.08164],[106.84961,17.08164],[106.85131,17.0811],[106.85123,17.08178],[106.8506,17.08307],[106.85024,17.08334],[106.8489,17.08368],[106.84706,17.08361],[106.84649,17.0843],[106.84487,17.08423],[106.84444,17.08464],[106.84345,17.08443],[106.8426,17.08382],[106.84218,17.08321],[106.84147,17.08334],[106.84133,17.08395],[106.83991,17.08552],[106.83906,17.08532],[106.83765,17.08552],[106.83751,17.08586],[106.83829,17.08702],[106.83807,17.08899],[106.83857,17.08906],[106.83942,17.08858],[106.84005,17.08784],[106.84126,17.08804],[106.84196,17.08695],[106.8426,17.08756],[106.8438,17.0875],[106.84501,17.08654],[106.84579,17.08634],[106.846,17.08688],[106.84593,17.08838],[106.84651,17.08936],[106.84728,17.08969],[106.84793,17.08924],[106.84841,17.09064],[106.84886,17.09075],[106.84867,17.09162],[106.84699,17.09073],[106.84663,17.09024],[106.84583,17.08996],[106.84508,17.08804],[106.84458,17.08811],[106.84388,17.08913],[106.84182,17.09022],[106.84196,17.09063],[106.84357,17.09023],[106.8444,17.09089],[106.84484,17.0905],[106.84562,17.09183],[106.8448,17.09199],[106.84521,17.09258],[106.84545,17.09369],[106.84409,17.09328],[106.84302,17.09366],[106.84248,17.09456],[106.84219,17.09345],[106.84076,17.09315],[106.84047,17.09257],[106.83908,17.09249],[106.83863,17.09219],[106.83745,17.09246],[106.83795,17.09301],[106.83751,17.0939],[106.83847,17.09438],[106.83909,17.0939],[106.8394,17.09483],[106.83992,17.0952],[106.84093,17.09493],[106.84095,17.09578],[106.84196,17.09609],[106.84222,17.09643],[106.83984,17.09702],[106.83923,17.09684],[106.83863,17.09618],[106.83806,17.09705],[106.83815,17.09775],[106.83879,17.0978],[106.8399,17.09858],[106.84125,17.09803],[106.84304,17.09771],[106.84353,17.09824],[106.84257,17.09851],[106.84207,17.09907],[106.84189,17.0999],[106.84209,17.10039],[106.8414,17.10065],[106.84112,17.10135],[106.84,17.10252],[106.83934,17.10268],[106.83952,17.10363],[106.83861,17.10364],[106.83836,17.10288],[106.83735,17.10378],[106.83682,17.10398],[106.83636,17.10473],[106.8351,17.10555],[106.83423,17.10573]],[[106.8264,17.10002],[106.82597,17.1007],[106.82618,17.10159],[106.8271,17.10145],[106.8271,17.10043],[106.8264,17.10002]],[[106.82795,17.10656],[106.82739,17.10656],[106.82689,17.10724],[106.82774,17.10819],[106.82774,17.10881],[106.82859,17.10888],[106.82894,17.10772],[106.82795,17.10656]],[[106.82873,17.10622],[106.82909,17.10704],[106.82986,17.10738],[106.83086,17.10745],[106.831,17.1067],[106.83022,17.10574],[106.82916,17.10567],[106.82873,17.10622]],[[106.83379,17.10508],[106.83499,17.10462],[106.83539,17.10324],[106.83582,17.1023],[106.83503,17.10009],[106.83354,17.10009],[106.83298,17.10036],[106.83291,17.10118],[106.83411,17.10179],[106.83432,17.10329],[106.83354,17.10316],[106.83248,17.10329],[106.83192,17.10363],[106.83128,17.10445],[106.83114,17.10561],[106.83156,17.10581],[106.83277,17.10581],[106.83317,17.10509],[106.83379,17.10508]]]},"properties":{"kind":"water","class":"reservoir","name":"Hồ An Mã"}},{"type":"Feature","geometry":{"type":"Polygon","coordinates":[[[106.19855,17.87651],[106.19903,17.87621],[106.20114,17.87431],[106.20222,17.87381],[106.20329,17.87304],[106.20456,17.87302],[106.20504,17.87371],[106.20509,17.87544],[106.20562,17.87584],[106.20616,17.87814],[106.20665,17.87926],[106.20693,17.88043],[106.20791,17.88186],[106.20905,17.88225],[106.21032,17.882],[106.21086,17.88158],[106.21215,17.88115],[106.21442,17.88113],[106.2153,17.88051],[106.21607,17.88051],[106.21674,17.88162],[106.21639,17.88217],[106.21645,17.88326],[106.2174,17.88543],[106.2173,17.8866],[106.21637,17.88784],[106.21685,17.88882],[106.21965,17.8879],[106.22019,17.88794],[106.22077,17.88857],[106.22107,17.88954],[106.22092,17.89029],[106.21973,17.8912],[106.21963,17.89213],[106.21921,17.89279],[106.21999,17.89292],[106.2204,17.89389],[106.22103,17.89394],[106.22217,17.89468],[106.22304,17.89579],[106.22325,17.89647],[106.22457,17.89666],[106.22534,17.89618],[106.2255,17.89576],[106.22618,17.89553],[106.22709,17.89569],[106.22834,17.89645],[106.22978,17.89589],[106.23066,17.89594],[106.23074,17.89677],[106.23133,17.89739],[106.23055,17.89894],[106.22909,17.90051],[106.22727,17.9013],[106.22659,17.90292],[106.22545,17.90499],[106.22457,17.90562],[106.2244,17.90694],[106.22504,17.90759],[106.22506,17.90814],[106.22558,17.9087],[106.22827,17.90899],[106.22993,17.90852],[106.2305,17.90822],[106.2324,17.9086],[106.23334,17.90835],[106.23452,17.90858],[106.23595,17.90859],[106.23714,17.90912],[106.2378,17.90916],[106.238,17.90992],[106.23773,17.91093],[106.23635,17.91214],[106.23559,17.91239],[106.23403,17.91243],[106.23081,17.91203],[106.22952,17.91195],[106.22907,17.91226],[106.2292,17.91293],[106.22991,17.91364],[106.23137,17.91477],[106.23232,17.91508],[106.23308,17.91504],[106.23333,17.91625],[106.23249,17.9171],[106.23251,17.91786],[106.23112,17.91894],[106.22925,17.91906],[106.22829,17.9198],[106.22789,17.92114],[106.2269,17.92167],[106.22723,17.92229],[106.22808,17.92267],[106.22877,17.92333],[106.23034,17.92353],[106.23079,17.92413],[106.23088,17.92495],[106.23159,17.92505],[106.23177,17.92649],[106.23134,17.92803],[106.23032,17.92825],[106.23008,17.92758],[106.23084,17.92735],[106.23122,17.92591],[106.23008,17.92407],[106.22959,17.92367],[106.22843,17.92339],[106.22731,17.92287],[106.22625,17.9218],[106.22611,17.92115],[106.22715,17.92087],[106.22753,17.92054],[106.22788,17.91959],[106.22879,17.91861],[106.22977,17.91839],[106.23047,17.91853],[106.23131,17.91804],[106.23231,17.91691],[106.23259,17.91635],[106.23232,17.9153],[106.23075,17.91495],[106.23031,17.91439],[106.22884,17.91319],[106.22861,17.91203],[106.22978,17.91158],[106.23359,17.912],[106.23597,17.91194],[106.23721,17.91119],[106.23739,17.90955],[106.23613,17.90894],[106.23232,17.9091],[106.23086,17.90878],[106.22881,17.9093],[106.22635,17.9093],[106.22539,17.90908],[106.22481,17.90849],[106.22418,17.90744],[106.22371,17.90626],[106.22392,17.90532],[106.22495,17.90485],[106.22626,17.90266],[106.2268,17.9012],[106.22745,17.90064],[106.22852,17.90038],[106.22963,17.89938],[106.23025,17.8985],[106.23062,17.89754],[106.23055,17.89662],[106.23021,17.8963],[106.22894,17.89679],[106.22795,17.89697],[106.22739,17.89645],[106.22616,17.89604],[106.22545,17.8968],[106.22402,17.89732],[106.22335,17.8971],[106.22243,17.89617],[106.22276,17.89575],[106.22184,17.89467],[106.22009,17.89415],[106.21925,17.89358],[106.21883,17.89287],[106.21922,17.89101],[106.22005,17.89047],[106.22053,17.88925],[106.22009,17.88882],[106.21927,17.88875],[106.21716,17.88929],[106.21639,17.8888],[106.21585,17.88764],[106.21685,17.88632],[106.21687,17.88465],[106.21612,17.88346],[106.21583,17.88186],[106.21551,17.88103],[106.2146,17.88147],[106.21111,17.88194],[106.20955,17.88276],[106.20812,17.88262],[106.20739,17.88193],[106.2065,17.88041],[106.20507,17.87597],[106.20484,17.87573],[106.20462,17.87437],[106.20419,17.87365],[106.20334,17.87354],[106.20102,17.8749],[106.19963,17.87666],[106.19893,17.87684],[106.19721,17.87719],[106.19515,17.87676],[106.19439,17.87585],[106.19581,17.87494],[106.19583,17.87337],[106.19527,17.87198],[106.19437,17.87018],[106.19436,17.8694],[106.19517,17.86821],[106.19527,17.86667],[106.19454,17.86547],[106.19441,17.86461],[106.19456,17.86379],[106.19524,17.86304],[106.1958,17.86185],[106.19643,17.8613],[106.1965,17.86022],[106.19585,17.85775],[106.19511,17.85662],[106.19488,17.85523],[106.19428,17.85357],[106.1934,17.85031],[106.19169,17.84769],[106.19078,17.84701],[106.18947,17.84691],[106.18918,17.84754],[106.18738,17.84812],[106.18672,17.84799],[106.18546,17.84828],[106.18402,17.848],[106.18216,17.84781],[106.18122,17.84707],[106.18106,17.84587],[106.18152,17.84527],[106.18482,17.8427],[106.18519,17.83912],[106.18438,17.83782],[106.18394,17.83624],[106.18313,17.83447],[106.18374,17.83291],[106.18334,17.83096],[106.18279,17.83043],[106.1813,17.83035],[106.18032,17.82999],[106.17859,17.82845],[106.17591,17.82647],[106.17537,17.82519],[106.17552,17.82415],[106.17605,17.82267],[106.17712,17.82162],[106.17862,17.82074],[106.17996,17.81936],[106.18244,17.81658],[106.18653,17.81576],[106.18374,17.81747],[106.18095,17.82012],[106.17893,17.82218],[106.17705,17.82378],[106.17651,17.82473],[106.17693,17.82597],[106.17899,17.82739],[106.18081,17.82933],[106.18168,17.82966],[106.18365,17.8299],[106.1842,17.83102],[106.18428,17.83241],[106.18417,17.83413],[106.18475,17.83682],[106.18583,17.83901],[106.18571,17.84127],[106.18532,17.84308],[106.18409,17.84428],[106.18262,17.84521],[106.18227,17.84586],[106.18161,17.84582],[106.18172,17.8468],[106.18256,17.84734],[106.18439,17.84761],[106.18551,17.84752],[106.18751,17.84773],[106.1888,17.84735],[106.18795,17.84676],[106.18913,17.84622],[106.19049,17.84598],[106.19218,17.84708],[106.1935,17.8484],[106.19407,17.84997],[106.19456,17.85216],[106.19458,17.85323],[106.19554,17.85611],[106.1963,17.85739],[106.19709,17.85996],[106.19705,17.86122],[106.1952,17.86431],[106.19595,17.86719],[106.19583,17.8684],[106.195,17.8696],[106.19542,17.87076],[106.19597,17.87152],[106.19648,17.87264],[106.19648,17.87495],[106.19578,17.87553],[106.19589,17.87635],[106.19703,17.87688],[106.19802,17.87691],[106.19855,17.87651]]]},"properties":{"kind":"water","class":"river","name":"Sông Rào Trổ"}},{"type":"Feature","geometry":{"type":"Polygon","coordinates":[[[106.19893,17.87684],[106.19855,17.87651],[106.19903,17.87621],[106.20114,17.87431],[106.20222,17.87381],[106.20329,17.87304],[106.20456,17.87302],[106.20504,17.87371],[106.20509,17.87544],[106.20562,17.87584],[106.20616,17.87814],[106.20665,17.87926],[106.20693,17.88043],[106.20791,17.88186],[106.20905,17.88225],[106.21032,17.882],[106.21086,17.88158],[106.21215,17.88115],[106.21442,17.88113],[106.2153,17.88051],[106.21607,17.88051],[106.21674,17.88162],[106.21639,17.88217],[106.21645,17.88326],[106.2174,17.88543],[106.2173,17.8866],[106.21637,17.88784],[106.21685,17.88882],[106.21965,17.8879],[106.22019,17.88794],[106.22077,17.88857],[106.22107,17.88954],[106.22092,17.89029],[106.21973,17.8912],[106.21963,17.89213],[106.21921,17.89279],[106.21999,17.89292],[106.2204,17.89389],[106.22103,17.89394],[106.22217,17.89468],[106.22304,17.89579],[106.22325,17.89647],[106.22457,17.89666],[106.22534,17.89618],[106.2255,17.89576],[106.22618,17.89553],[106.22709,17.89569],[106.22834,17.89645],[106.22978,17.89589],[106.23066,17.89594],[106.23074,17.89677],[106.23133,17.89739],[106.23055,17.89894],[106.22909,17.90051],[106.22727,17.9013],[106.22659,17.90292],[106.22545,17.90499],[106.22457,17.90562],[106.2244,17.90694],[106.22504,17.90759],[106.22506,17.90814],[106.22558,17.9087],[106.22827,17.90899],[106.22993,17.90852],[106.2305,17.90822],[106.2324,17.9086],[106.23334,17.90835],[106.23452,17.90858],[106.23595,17.90859],[106.23714,17.90912],[106.2378,17.90916],[106.238,17.90992],[106.23773,17.91093],[106.23635,17.91214],[106.23559,17.91239],[106.23403,17.91243],[106.23081,17.91203],[106.22952,17.91195],[106.22907,17.91226],[106.2292,17.91293],[106.22991,17.91364],[106.23137,17.91477],[106.23232,17.91508],[106.23308,17.91504],[106.23333,17.91625],[106.23249,17.9171],[106.23251,17.91786],[106.23112,17.91894],[106.22925,17.91906],[106.22829,17.9198],[106.22789,17.92114],[106.2269,17.92167],[106.22723,17.92229],[106.22808,17.92267],[106.22877,17.92333],[106.23034,17.92353],[106.23079,17.92413],[106.23088,17.92495],[106.23159,17.92505],[106.23177,17.92649],[106.23134,17.92803],[106.23032,17.92825],[106.23008,17.92758],[106.23084,17.92735],[106.23122,17.92591],[106.23008,17.92407],[106.22959,17.92367],[106.22843,17.92339],[106.22731,17.92287],[106.22625,17.9218],[106.22611,17.92115],[106.22715,17.92087],[106.22753,17.92054],[106.22788,17.91959],[106.22879,17.91861],[106.22977,17.91839],[106.23047,17.91853],[106.23131,17.91804],[106.23231,17.91691],[106.23259,17.91635],[106.23232,17.9153],[106.23075,17.91495],[106.23031,17.91439],[106.22884,17.91319],[106.22861,17.91203],[106.22978,17.91158],[106.23359,17.912],[106.23597,17.91194],[106.23721,17.91119],[106.23739,17.90955],[106.23613,17.90894],[106.23232,17.9091],[106.23086,17.90878],[106.22881,17.9093],[106.22635,17.9093],[106.22539,17.90908],[106.22481,17.90849],[106.22418,17.90744],[106.22371,17.90626],[106.22392,17.90532],[106.22495,17.90485],[106.22626,17.90266],[106.2268,17.9012],[106.22745,17.90064],[106.22852,17.90038],[106.22963,17.89938],[106.23025,17.8985],[106.23062,17.89754],[106.23055,17.89662],[106.23021,17.8963],[106.22894,17.89679],[106.22795,17.89697],[106.22739,17.89645],[106.22616,17.89604],[106.22545,17.8968],[106.22402,17.89732],[106.22335,17.8971],[106.22243,17.89617],[106.22276,17.89575],[106.22184,17.89467],[106.22009,17.89415],[106.21925,17.89358],[106.21883,17.89287],[106.21922,17.89101],[106.22005,17.89047],[106.22053,17.88925],[106.22009,17.88882],[106.21927,17.88875],[106.21716,17.88929],[106.21639,17.8888],[106.21585,17.88764],[106.21685,17.88632],[106.21687,17.88465],[106.21612,17.88346],[106.21583,17.88186],[106.21551,17.88103],[106.2146,17.88147],[106.21111,17.88194],[106.20955,17.88276],[106.20812,17.88262],[106.20739,17.88193],[106.2065,17.88041],[106.20507,17.87597],[106.20484,17.87573],[106.20462,17.87437],[106.20419,17.87365],[106.20334,17.87354],[106.20102,17.8749],[106.19963,17.87666],[106.19893,17.87684]]]},"properties":{"kind":"water","class":"river","name":null}},{"type":"Feature","geometry":{"type":"Polygon","coordinates":[[[106.19893,17.87684],[106.19855,17.87651],[106.19903,17.87621],[106.20114,17.87431],[106.20222,17.87381],[106.20329,17.87304],[106.20456,17.87302],[106.20504,17.87371],[106.20509,17.87544],[106.20562,17.87584],[106.20616,17.87814],[106.20665,17.87926],[106.20693,17.88043],[106.20791,17.88186],[106.20905,17.88225],[106.21032,17.882],[106.21086,17.88158],[106.21215,17.88115],[106.21442,17.88113],[106.2153,17.88051],[106.21607,17.88051],[106.21674,17.88162],[106.21639,17.88217],[106.21645,17.88326],[106.2174,17.88543],[106.2173,17.8866],[106.21637,17.88784],[106.21685,17.88882],[106.21965,17.8879],[106.22019,17.88794],[106.22077,17.88857],[106.22107,17.88954],[106.22092,17.89029],[106.21973,17.8912],[106.21963,17.89213],[106.21921,17.89279],[106.21999,17.89292],[106.2204,17.89389],[106.22103,17.89394],[106.22217,17.89468],[106.22304,17.89579],[106.22325,17.89647],[106.22457,17.89666],[106.22534,17.89618],[106.2255,17.89576],[106.22618,17.89553],[106.22709,17.89569],[106.22834,17.89645],[106.22978,17.89589],[106.23066,17.89594],[106.23074,17.89677],[106.23133,17.89739],[106.23055,17.89894],[106.22909,17.90051],[106.22727,17.9013],[106.22659,17.90292],[106.22545,17.90499],[106.22457,17.90562],[106.2244,17.90694],[106.22504,17.90759],[106.22506,17.90814],[106.22558,17.9087],[106.22827,17.90899],[106.22993,17.90852],[106.2305,17.90822],[106.2324,17.9086],[106.23334,17.90835],[106.23452,17.90858],[106.23595,17.90859],[106.23714,17.90912],[106.2378,17.90916],[106.238,17.90992],[106.23773,17.91093],[106.23635,17.91214],[106.23559,17.91239],[106.23403,17.91243],[106.23081,17.91203],[106.22952,17.91195],[106.22907,17.91226],[106.2292,17.91293],[106.22991,17.91364],[106.23137,17.91477],[106.23232,17.91508],[106.23308,17.91504],[106.23333,17.91625],[106.23249,17.9171],[106.23251,17.91786],[106.23112,17.91894],[106.22925,17.91906],[106.22829,17.9198],[106.22789,17.92114],[106.2269,17.92167],[106.22723,17.92229],[106.22808,17.92267],[106.22877,17.92333],[106.23034,17.92353],[106.23079,17.92413],[106.23088,17.92495],[106.23159,17.92505],[106.23177,17.92649],[106.23134,17.92803],[106.23032,17.92825],[106.23008,17.92758],[106.23084,17.92735],[106.23122,17.92591],[106.23008,17.92407],[106.22959,17.92367],[106.22843,17.92339],[106.22731,17.92287],[106.22625,17.9218],[106.22611,17.92115],[106.22715,17.92087],[106.22753,17.92054],[106.22788,17.91959],[106.22879,17.91861],[106.22977,17.91839],[106.23047,17.91853],[106.23131,17.91804],[106.23231,17.91691],[106.23259,17.91635],[106.23232,17.9153],[106.23075,17.91495],[106.23031,17.91439],[106.22884,17.91319],[106.22861,17.91203],[106.22978,17.91158],[106.23359,17.912],[106.23597,17.91194],[106.23721,17.91119],[106.23739,17.90955],[106.23613,17.90894],[106.23232,17.9091],[106.23086,17.90878],[106.22881,17.9093],[106.22635,17.9093],[106.22539,17.90908],[106.22481,17.90849],[106.22418,17.90744],[106.22371,17.90626],[106.22392,17.90532],[106.22495,17.90485],[106.22626,17.90266],[106.2268,17.9012],[106.22745,17.90064],[106.22852,17.90038],[106.22963,17.89938],[106.23025,17.8985],[106.23062,17.89754],[106.23055,17.89662],[106.23021,17.8963],[106.22894,17.89679],[106.22795,17.89697],[106.22739,17.89645],[106.22616,17.89604],[106.22545,17.8968],[106.22402,17.89732],[106.22335,17.8971],[106.22243,17.89617],[106.22276,17.89575],[106.22184,17.89467],[106.22009,17.89415],[106.21925,17.89358],[106.21883,17.89287],[106.21922,17.89101],[106.22005,17.89047],[106.22053,17.88925],[106.22009,17.88882],[106.21927,17.88875],[106.21716,17.88929],[106.21639,17.8888],[106.21585,17.88764],[106.21685,17.88632],[106.21687,17.88465],[106.21612,17.88346],[106.21583,17.88186],[106.21551,17.88103],[106.2146,17.88147],[106.21111,17.88194],[106.20955,17.88276],[106.20812,17.88262],[106.20739,17.88193],[106.2065,17.88041],[106.20507,17.87597],[106.20484,17.87573],[106.20462,17.87437],[106.20419,17.87365],[106.20334,17.87354],[106.20102,17.8749],[106.19963,17.87666],[106.19893,17.87684]]]},"properties":{"kind":"water","class":"river","name":"Sông Rào Trổ"}},{"type":"Feature","geometry":{"type":"Polygon","coordinates":[[[105.82964,18.05317],[105.82878,18.053],[105.82767,18.05312],[105.82747,18.05379],[105.82653,18.0551],[105.82926,18.05497],[105.8299,18.05516],[105.83161,18.05654],[105.83203,18.05773],[105.83172,18.05793],[105.83066,18.05614],[105.82991,18.05554],[105.82924,18.05532],[105.82806,18.05541],[105.82767,18.05521],[105.82633,18.05534],[105.82557,18.05575],[105.82661,18.05469],[105.82758,18.05299],[105.82848,18.05286],[105.82993,18.05304],[105.83096,18.0526],[105.83315,18.05066],[105.83412,18.04825],[105.83353,18.04678],[105.83407,18.04653],[105.83485,18.0477],[105.83428,18.04922],[105.83348,18.05087],[105.8311,18.05284],[105.82964,18.05317]]]},"properties":{"kind":"water","class":"river","name":null}},{"type":"Feature","geometry":{"type":"Polygon","coordinates":[[[105.82633,18.05534],[105.82573,18.05631],[105.82516,18.05664],[105.8221,18.0588],[105.8224,18.0581],[105.82374,18.05709],[105.82508,18.05624],[105.82557,18.05575],[105.82661,18.05469],[105.82758,18.05299],[105.82848,18.05286],[105.82993,18.05304],[105.82964,18.05317],[105.82878,18.053],[105.82767,18.05312],[105.82747,18.05379],[105.82653,18.0551],[105.82926,18.05497],[105.8299,18.05516],[105.83161,18.05654],[105.83203,18.05773],[105.83172,18.05793],[105.83066,18.05614],[105.82991,18.05554],[105.82924,18.05532],[105.82806,18.05541],[105.82767,18.05521],[105.82633,18.05534]]]},"properties":{"kind":"water","class":"river","name":null}},{"type":"Feature","geometry":{"type":"Polygon","coordinates":[[[107.01779,16.6393],[107.01961,16.6392],[107.02137,16.63949],[107.02528,16.64129],[107.02678,16.64148],[107.02882,16.64142],[107.03095,16.64097],[107.03269,16.64075],[107.03478,16.64028],[107.03801,16.63941],[107.04107,16.63827],[107.04395,16.63711],[107.04657,16.6365],[107.04761,16.63605],[107.04748,16.63564],[107.04615,16.63533],[107.0459,16.63493],[107.04766,16.63448],[107.04913,16.6343],[107.0507,16.63448],[107.05331,16.63397],[107.05377,16.6342],[107.05475,16.6342],[107.05502,16.63457],[107.05471,16.63535],[107.05409,16.63526],[107.05175,16.63611],[107.04699,16.63773],[107.04488,16.6384],[107.03961,16.64021],[107.03467,16.64202],[107.02991,16.64236],[107.02824,16.64236],[107.02657,16.64264],[107.02564,16.64296],[107.02471,16.64289],[107.02328,16.64209],[107.02046,16.64108],[107.01748,16.64022],[107.01779,16.6393]],[[107.04907,16.63554],[107.04992,16.63488],[107.04774,16.63487],[107.04775,16.6353],[107.04907,16.63554]]]},"properties":{"kind":"water","class":"river","name":null}},{"type":"Feature","geometry":{"type":"Polygon","coordinates":[[[106.61993,17.4256],[106.61907,17.42613],[106.61884,17.42715],[106.61833,17.42773],[106.61769,17.42796],[106.61657,17.42782],[106.61567,17.42727],[106.6144,17.4272],[106.61331,17.42681],[106.61302,17.42708],[106.61091,17.42999],[106.60994,17.43077],[106.6088,17.4313],[106.607,17.4319],[106.60686,17.43261],[106.60814,17.43313],[106.60864,17.43417],[106.60849,17.43522],[106.60864,17.4361],[106.6084,17.43688],[106.6066,17.43756],[106.60591,17.43889],[106.60511,17.44106],[106.60345,17.44223],[106.60325,17.4426],[106.6034,17.44421],[106.60308,17.44527],[106.60267,17.44565],[106.60151,17.44546],[106.60104,17.44639],[106.60079,17.44757],[106.59905,17.44806],[106.59828,17.44849],[106.59746,17.44973],[106.59702,17.44998],[106.5954,17.44959],[106.59461,17.4498],[106.59345,17.44965],[106.59263,17.45003],[106.59194,17.44983],[106.59142,17.44919],[106.59055,17.44877],[106.59124,17.44838],[106.5924,17.44973],[106.59315,17.44942],[106.59457,17.44948],[106.59531,17.44935],[106.59721,17.44962],[106.59793,17.44845],[106.59921,17.44761],[106.60054,17.44731],[106.60112,17.44526],[106.60157,17.44505],[106.60277,17.44515],[106.6031,17.4442],[106.60302,17.44262],[106.6032,17.4421],[106.60464,17.44111],[106.60513,17.44052],[106.60628,17.43764],[106.60684,17.43722],[106.60828,17.43662],[106.60837,17.43399],[106.60792,17.43326],[106.60699,17.43307],[106.60659,17.43243],[106.60697,17.43169],[106.60918,17.4308],[106.61032,17.43021],[106.61108,17.42937],[106.61237,17.42732],[106.61333,17.4266],[106.61455,17.42704],[106.61528,17.42699],[106.61732,17.42766],[106.61803,17.42766],[106.61853,17.4271],[106.61867,17.42591],[106.61823,17.42576],[106.61993,17.4256]]]},"properties":{"kind":"water","class":"river","name":null}},{"type":"Feature","geometry":{"type":"Polygon","coordinates":[[[106.84289,16.63591],[106.84336,16.63679],[106.84396,16.63726],[106.8446,16.63705],[106.84574,16.63714],[106.84692,16.63698],[106.84856,16.63725],[106.84924,16.63713],[106.85097,16.63628],[106.85121,16.63632],[106.85534,16.63426],[106.85655,16.63341],[106.85698,16.63213],[106.85657,16.63101],[106.85548,16.6301],[106.85579,16.62841],[106.85609,16.62807],[106.85647,16.62664],[106.85711,16.62678],[106.85709,16.62751],[106.85749,16.62872],[106.85742,16.62925],[106.85848,16.63023],[106.85833,16.63207],[106.85798,16.63281],[106.8572,16.63384],[106.85602,16.63464],[106.85171,16.6369],[106.85092,16.63723],[106.84989,16.63804],[106.84937,16.63788],[106.84812,16.63812],[106.8454,16.63803],[106.84289,16.63823],[106.84015,16.63773],[106.83847,16.63797],[106.8378,16.63835],[106.83757,16.63911],[106.83586,16.63909],[106.83448,16.63855],[106.83386,16.63865],[106.83314,16.63922],[106.83238,16.63901],[106.83085,16.63916],[106.82912,16.63975],[106.82624,16.64129],[106.82576,16.64282],[106.82584,16.64404],[106.82513,16.64598],[106.82458,16.64641],[106.82388,16.64766],[106.82238,16.64889],[106.82147,16.65001],[106.82071,16.65056],[106.81857,16.65153],[106.81744,16.65102],[106.81608,16.64951],[106.81589,16.64839],[106.81661,16.6486],[106.81771,16.64855],[106.81887,16.64945],[106.81969,16.64944],[106.82081,16.64888],[106.82125,16.64826],[106.82278,16.64703],[106.82371,16.64643],[106.82476,16.64508],[106.82499,16.64262],[106.82483,16.64201],[106.82532,16.64101],[106.82624,16.64005],[106.82744,16.6393],[106.82975,16.63843],[106.83168,16.63828],[106.83459,16.63772],[106.83572,16.63799],[106.83737,16.63744],[106.83854,16.63625],[106.84073,16.6365],[106.8418,16.63632],[106.84263,16.63658],[106.84289,16.63591]]]},"properties":{"kind":"water","class":"lake","name":"Hồ thủy điện Đakrông 2"}},{"type":"Feature","geometry":{"type":"Polygon","coordinates":[[[105.92865,17.97873],[105.92887,17.98032],[105.92865,17.98082],[105.92855,17.98242],[105.92868,17.98354],[105.92975,17.98352],[105.9304,17.98438],[105.93336,17.98753],[105.93408,17.98881],[105.93488,17.98933],[105.93642,17.98975],[105.93801,17.98989],[105.9386,17.99042],[105.93918,17.99174],[105.93833,17.99246],[105.93723,17.99289],[105.93501,17.99269],[105.93492,17.99161],[105.93417,17.9911],[105.93266,17.99103],[105.93268,17.99073],[105.93465,17.99103],[105.93497,17.99164],[105.93517,17.99267],[105.93765,17.99263],[105.93861,17.99213],[105.93877,17.9912],[105.93839,17.9904],[105.93762,17.9899],[105.93645,17.98997],[105.93473,17.98956],[105.9339,17.9891],[105.93356,17.9883],[105.93102,17.98542],[105.92985,17.98431],[105.92974,17.98381],[105.92853,17.98365],[105.92826,17.98289],[105.92826,17.98166],[105.92849,17.98112],[105.9286,17.97911],[105.92776,17.97691],[105.92688,17.9762],[105.92709,17.97524],[105.92775,17.9745],[105.92846,17.97439],[105.92944,17.97314],[105.92855,17.97227],[105.92765,17.97305],[105.92725,17.97411],[105.92651,17.97478],[105.92527,17.97549],[105.92414,17.97507],[105.92435,17.97483],[105.9252,17.9752],[105.92708,17.97392],[105.92793,17.97235],[105.92857,17.97204],[105.92911,17.97231],[105.92967,17.97328],[105.92866,17.97441],[105.92744,17.97498],[105.92701,17.97611],[105.92769,17.97652],[105.92843,17.97799],[105.92865,17.97873]]]},"properties":{"kind":"water","class":"river","name":null}},{"type":"Feature","geometry":{"type":"Polygon","coordinates":[[[107.1545,16.74575],[107.15325,16.7445],[107.15125,16.7445],[107.1505,16.745],[107.15,16.745],[107.1485,16.74675],[107.1475,16.74675],[107.14825,16.74575],[107.14925,16.74375],[107.14725,16.74325],[107.1465,16.74375],[107.14625,16.74325],[107.1465,16.74275],[107.145,16.7415],[107.14575,16.74125],[107.1475,16.7425],[107.148,16.7425],[107.14925,16.74125],[107.1505,16.74225],[107.1525,16.74175],[107.15225,16.74075],[107.1515,16.73925],[107.14875,16.739],[107.14775,16.73875],[107.1475,16.73825],[107.1485,16.738],[107.149,16.73825],[107.1495,16.73775],[107.1495,16.73725],[107.1485,16.73675],[107.14925,16.73625],[107.1495,16.73575],[107.14925,16.735],[107.14975,16.73475],[107.15,16.73625],[107.14975,16.7365],[107.151,16.738],[107.152,16.738],[107.153,16.7385],[107.15375,16.73725],[107.155,16.7415],[107.15525,16.74175],[107.15675,16.742],[107.15925,16.74425],[107.15825,16.7455],[107.15725,16.74475],[107.157,16.745],[107.157,16.746],[107.1555,16.74775],[107.156,16.74825],[107.1585,16.74925],[107.15975,16.74775],[107.1605,16.74775],[107.16025,16.75],[107.159,16.7515],[107.15725,16.75125],[107.156,16.7505],[107.15575,16.75075],[107.154,16.74825],[107.1515,16.748],[107.15175,16.74725],[107.15425,16.7465],[107.1545,16.74575]]]},"properties":{"kind":"water","class":"water","name":null}},{"type":"Feature","geometry":{"type":"Polygon","coordinates":[[[107.1505,16.72475],[107.14825,16.72425],[107.14775,16.72425],[107.14725,16.72375],[107.148,16.723],[107.14675,16.72075],[107.14675,16.72],[107.146,16.71825],[107.14625,16.7175],[107.14475,16.715],[107.14375,16.715],[107.14225,16.7135],[107.14275,16.713],[107.1435,16.71375],[107.14375,16.713],[107.147,16.71575],[107.14875,16.719],[107.15025,16.71925],[107.1505,16.719],[107.1505,16.718],[107.151,16.718],[107.152,16.7195],[107.1515,16.72075],[107.15175,16.721],[107.15275,16.721],[107.153,16.7215],[107.15175,16.7225],[107.152,16.724],[107.153,16.72425],[107.15375,16.72375],[107.154,16.72425],[107.1535,16.72475],[107.1525,16.7275],[107.14925,16.73025],[107.149,16.73],[107.14875,16.72825],[107.14667,16.72803],[107.14775,16.7265],[107.14925,16.727],[107.14975,16.7265],[107.1495,16.72525],[107.1505,16.72525],[107.1505,16.72475]]]},"properties":{"kind":"water","class":"water","name":null}},{"type":"Feature","geometry":{"type":"Polygon","coordinates":[[[107.149,16.804],[107.14825,16.804],[107.14725,16.80357],[107.14526,16.80358],[107.14323,16.80308],[107.14286,16.80284],[107.14021,16.8003],[107.13847,16.79932],[107.13774,16.79912],[107.13537,16.79895],[107.13349,16.79849],[107.1332,16.79826],[107.13263,16.79645],[107.13203,16.79559],[107.13133,16.79497],[107.13001,16.79419],[107.12912,16.79345],[107.12939,16.79315],[107.1325,16.79525],[107.13425,16.79825],[107.13475,16.79825],[107.13856,16.79878],[107.13992,16.79944],[107.14176,16.80088],[107.14375,16.80275],[107.146,16.803],[107.14722,16.80289],[107.1481,16.803],[107.14869,16.80334],[107.14958,16.8031],[107.1515,16.8015],[107.15175,16.802],[107.151,16.803],[107.149,16.804]]]},"properties":{"kind":"water","class":"river","name":null}},{"type":"Feature","geometry":{"type":"Polygon","coordinates":[[[107.15575,16.789],[107.15625,16.78675],[107.15799,16.78474],[107.16138,16.78257],[107.16244,16.78172],[107.164,16.78],[107.1655,16.778],[107.17009,16.77301],[107.17055,16.77276],[107.1721,16.77274],[107.17421,16.7733],[107.17675,16.775],[107.17922,16.7754],[107.1815,16.775],[107.18262,16.77444],[107.18425,16.77275],[107.1855,16.77],[107.1855,16.767],[107.1835,16.7575],[107.1825,16.75325],[107.182,16.7525],[107.182,16.752],[107.1815,16.74975],[107.18025,16.74725],[107.18,16.73975],[107.18016,16.73601],[107.17985,16.73452],[107.17813,16.73247],[107.17683,16.73143],[107.1725,16.7295],[107.17031,16.72792],[107.1685,16.7255],[107.16751,16.72288],[107.16743,16.7192],[107.1672,16.71796],[107.16549,16.71284],[107.16453,16.71137],[107.16429,16.71061],[107.163,16.7094],[107.16156,16.70841],[107.15877,16.70748],[107.15678,16.70715],[107.1535,16.706],[107.1495,16.70575],[107.14725,16.70436],[107.14676,16.70383],[107.14686,16.70301],[107.146,16.7021],[107.14613,16.7016],[107.14491,16.70114],[107.14367,16.70088],[107.14031,16.70176],[107.13983,16.70204],[107.13821,16.70233],[107.13526,16.70095],[107.13364,16.69971],[107.1327,16.69869],[107.12835,16.69514],[107.12709,16.69473],[107.12689,16.69443],[107.12526,16.6934],[107.1247,16.69322],[107.12245,16.69155],[107.12078,16.69046],[107.11778,16.68778],[107.11833,16.68694],[107.11889,16.6875],[107.12316,16.68998],[107.12377,16.69014],[107.125,16.69111],[107.12667,16.69194],[107.1275,16.69222],[107.12917,16.69306],[107.12993,16.69357],[107.13106,16.69508],[107.13232,16.69639],[107.13281,16.69656],[107.13449,16.69667],[107.13526,16.69613],[107.13668,16.69363],[107.13761,16.69063],[107.13822,16.69029],[107.13854,16.68953],[107.14039,16.68723],[107.14078,16.68692],[107.1416,16.68696],[107.1421,16.6871],[107.14333,16.68898],[107.14365,16.68812],[107.14373,16.68719],[107.14388,16.69012],[107.14658,16.69052],[107.14536,16.69096],[107.14528,16.69167],[107.14472,16.69306],[107.14482,16.69354],[107.14445,16.69451],[107.14226,16.69496],[107.14163,16.69443],[107.14174,16.69321],[107.14278,16.6925],[107.14269,16.69128],[107.14194,16.69028],[107.14111,16.69028],[107.14083,16.69083],[107.13951,16.69242],[107.13877,16.6938],[107.13835,16.69417],[107.13798,16.69524],[107.13708,16.69702],[107.13561,16.6972],[107.13496,16.69753],[107.1348,16.69865],[107.13611,16.7],[107.13697,16.70052],[107.13862,16.70087],[107.14117,16.70024],[107.14169,16.69977],[107.14356,16.69945],[107.14538,16.69957],[107.1469,16.69992],[107.14783,16.70058],[107.14925,16.70201],[107.15062,16.7029],[107.15087,16.70375],[107.15206,16.70448],[107.15433,16.70484],[107.15578,16.70526],[107.15765,16.70557],[107.15864,16.70559],[107.1593,16.7059],[107.162,16.7068],[107.16373,16.70754],[107.16512,16.70848],[107.16582,16.7092],[107.16588,16.7109],[107.16792,16.71384],[107.16853,16.71517],[107.16901,16.71703],[107.16951,16.72014],[107.16965,16.72311],[107.17002,16.7245],[107.17105,16.72641],[107.17211,16.7274],[107.175,16.729],[107.17732,16.72981],[107.17873,16.72994],[107.1795,16.7305],[107.1807,16.73176],[107.18176,16.73339],[107.1821,16.73441],[107.18181,16.73632],[107.18181,16.73999],[107.18191,16.74143],[107.18211,16.74184],[107.1825,16.74525],[107.18325,16.7465],[107.18263,16.74734],[107.18318,16.74914],[107.18362,16.74955],[107.18392,16.75099],[107.1853,16.75591],[107.18547,16.75619],[107.18568,16.75836],[107.18641,16.76052],[107.18671,16.76177],[107.18693,16.76382],[107.18691,16.7652],[107.18711,16.7661],[107.18689,16.76912],[107.18677,16.76947],[107.18601,16.77203],[107.185,16.77425],[107.18075,16.777],[107.17657,16.77689],[107.17508,16.77618],[107.17327,16.77449],[107.17212,16.77444],[107.16981,16.77527],[107.16744,16.77876],[107.16405,16.78284],[107.1625,16.784],[107.1585,16.78725],[107.15802,16.78848],[107.15575,16.789]]]},"properties":{"kind":"water","class":"river","name":"Sông Thạch Hãn"}},{"type":"Feature","geometry":{"type":"Polygon","coordinates":[[[107.045,16.8815],[107.046,16.8825],[107.0465,16.88175],[107.04575,16.878],[107.04675,16.87875],[107.04825,16.8805],[107.049,16.88],[107.05025,16.8805],[107.05175,16.8795],[107.0525,16.88],[107.05275,16.881],[107.05525,16.88],[107.05475,16.8795],[107.05325,16.8775],[107.05225,16.87775],[107.052,16.87725],[107.04925,16.8765],[107.04925,16.87575],[107.04775,16.8745],[107.04675,16.87425],[107.0455,16.87475],[107.045,16.87425],[107.04725,16.87325],[107.04475,16.87125],[107.04425,16.8715],[107.0435,16.87275],[107.04275,16.87275],[107.04325,16.87125],[107.04275,16.8705],[107.0405,16.87],[107.0415,16.86925],[107.04021,16.86771],[107.04013,16.86691],[107.04125,16.868],[107.04425,16.87025],[107.04525,16.87],[107.04575,16.869],[107.04475,16.8675],[107.0455,16.867],[107.046,16.86475],[107.0455,16.864],[107.04325,16.86275],[107.04225,16.863],[107.04125,16.86175],[107.04,16.8615],[107.04025,16.86075],[107.042,16.86175],[107.04275,16.862],[107.0435,16.8615],[107.0445,16.86225],[107.045,16.86225],[107.045,16.8615],[107.046,16.86125],[107.046,16.86375],[107.04625,16.864],[107.04725,16.86375],[107.04725,16.8645],[107.0465,16.867],[107.047,16.86825],[107.04775,16.868],[107.048,16.867],[107.04775,16.86625],[107.04825,16.8655],[107.04875,16.86675],[107.049,16.86825],[107.05,16.86875],[107.0495,16.86925],[107.05,16.872],[107.05125,16.872],[107.0515,16.87125],[107.05075,16.8705],[107.052,16.869],[107.0525,16.86975],[107.052,16.8705],[107.053,16.8715],[107.05375,16.8715],[107.05475,16.873],[107.0555,16.87125],[107.05525,16.8695],[107.05625,16.86875],[107.05706,16.86893],[107.05696,16.87028],[107.05775,16.8705],[107.05865,16.86919],[107.05887,16.86759],[107.05801,16.86757],[107.0575,16.86625],[107.05675,16.867],[107.0565,16.86675],[107.0565,16.86575],[107.056,16.8655],[107.05525,16.86575],[107.054,16.86675],[107.05275,16.866],[107.05475,16.8645],[107.05525,16.863],[107.05475,16.8625],[107.05535,16.8609],[107.05671,16.86172],[107.05646,16.86223],[107.05692,16.8629],[107.05794,16.86332],[107.05848,16.86204],[107.05902,16.86198],[107.05969,16.86314],[107.06039,16.86323],[107.06062,16.86229],[107.06226,16.86343],[107.06268,16.86449],[107.06227,16.86514],[107.06246,16.86604],[107.06364,16.86754],[107.06241,16.87089],[107.06227,16.8717],[107.06421,16.87841],[107.06416,16.87885],[107.061,16.883],[107.06069,16.88319],[107.05633,16.8835],[107.05551,16.88388],[107.05125,16.88625],[107.0497,16.88602],[107.04868,16.88612],[107.04754,16.88754],[107.04757,16.88885],[107.04634,16.88934],[107.04387,16.88884],[107.04367,16.88723],[107.04441,16.88676],[107.04369,16.88626],[107.04315,16.88634],[107.04225,16.88575],[107.04175,16.8865],[107.04125,16.88675],[107.0405,16.886],[107.03925,16.88525],[107.037,16.887],[107.03675,16.88675],[107.03725,16.88525],[107.03525,16.8845],[107.034,16.886],[107.0335,16.8855],[107.03475,16.88375],[107.035,16.88225],[107.036,16.88125],[107.0365,16.87975],[107.03575,16.87925],[107.03525,16.87925],[107.035,16.87825],[107.03425,16.87775],[107.03425,16.87675],[107.0345,16.87525],[107.0355,16.876],[107.03475,16.87725],[107.03575,16.87775],[107.03675,16.878],[107.0375,16.87775],[107.03775,16.87825],[107.037,16.88125],[107.03775,16.8815],[107.03575,16.883],[107.0375,16.8835],[107.038,16.88325],[107.03875,16.88375],[107.039,16.8815],[107.04,16.882],[107.04025,16.8825],[107.04,16.884],[107.0405,16.88425],[107.042,16.883],[107.04175,16.8825],[107.04225,16.882],[107.04225,16.8815],[107.0415,16.87975],[107.04175,16.879],[107.043,16.88],[107.04275,16.881],[107.04375,16.882],[107.043,16.883],[107.0445,16.884],[107.04475,16.8825],[107.0445,16.88225],[107.045,16.8815]]]},"properties":{"kind":"water","class":"reservoir","name":"Hồ Trúc Kinh"}},{"type":"Feature","geometry":{"type":"Polygon","coordinates":[[[107.01,16.944],[107.01025,16.94375],[107.011,16.942],[107.0125,16.941],[107.01275,16.94175],[107.0115,16.9445],[107.01275,16.94425],[107.014,16.945],[107.01425,16.944],[107.01525,16.9435],[107.016,16.94375],[107.0175,16.94475],[107.018,16.946],[107.01875,16.946],[107.0195,16.9475],[107.01925,16.94875],[107.021,16.95075],[107.021,16.95175],[107.02025,16.95375],[107.02175,16.955],[107.0215,16.9565],[107.02075,16.9575],[107.018,16.95875],[107.01626,16.9598],[107.01594,16.95923],[107.015,16.959],[107.0145,16.9585],[107.01275,16.958],[107.0125,16.95875],[107.01175,16.95875],[107.01025,16.96],[107.01025,16.95925],[107.008,16.95725],[107.00925,16.95775],[107.01025,16.9585],[107.0125,16.9565],[107.013,16.95675],[107.01425,16.95625],[107.01325,16.95575],[107.01225,16.95575],[107.0115,16.9555],[107.0115,16.9565],[107.01075,16.957],[107.01,16.956],[107.0105,16.9555],[107.0105,16.955],[107.01225,16.9535],[107.01175,16.95325],[107.00925,16.95325],[107.01075,16.95225],[107.011,16.9515],[107.01175,16.95225],[107.0125,16.951],[107.01275,16.9515],[107.0125,16.95225],[107.01375,16.95325],[107.01425,16.95325],[107.0145,16.95175],[107.01625,16.9515],[107.017,16.95275],[107.0175,16.95075],[107.0165,16.95025],[107.0165,16.94975],[107.0175,16.94925],[107.01675,16.948],[107.015,16.9505],[107.0145,16.9505],[107.014,16.94975],[107.01425,16.949],[107.0155,16.948],[107.0155,16.9475],[107.0145,16.9475],[107.01425,16.947],[107.016,16.94675],[107.01625,16.9455],[107.01575,16.945],[107.015,16.94625],[107.01275,16.94625],[107.01225,16.94725],[107.0135,16.94825],[107.0125,16.94875],[107.01225,16.94825],[107.00975,16.94725],[107.009,16.9475],[107.0085,16.9495],[107.0075,16.9495],[107.0065,16.94975],[107.005,16.94975],[107.00625,16.949],[107.007,16.948],[107.00775,16.94775],[107.00875,16.94625],[107.0075,16.9455],[107.007,16.94625],[107.00475,16.94475],[107.0045,16.94525],[107.0035,16.94625],[107.00175,16.946],[107.001,16.9475],[107.00125,16.94925],[107,16.95],[107.00075,16.9515],[106.99975,16.9525],[106.99925,16.952],[106.99925,16.95025],[106.99875,16.95025],[106.9975,16.9485],[106.99575,16.948],[106.99475,16.94825],[106.99425,16.95],[106.99375,16.949],[106.993,16.94825],[106.99425,16.9475],[106.99325,16.94625],[106.992,16.94775],[106.99125,16.94725],[106.9925,16.94625],[106.99175,16.946],[106.9905,16.9465],[106.98925,16.94575],[106.98875,16.94625],[106.98675,16.9455],[106.98875,16.9445],[106.99075,16.94575],[106.99175,16.945],[106.99225,16.945],[106.99275,16.94425],[106.99425,16.9445],[106.99475,16.94325],[106.99575,16.94375],[106.99575,16.94475],[106.998,16.9455],[106.999,16.94475],[106.99875,16.944],[106.99525,16.94175],[106.9935,16.9415],[106.994,16.94075],[106.99775,16.94125],[106.998,16.94175],[106.999,16.9425],[107.00175,16.944],[107.002,16.94275],[107.001,16.94275],[107.0005,16.94225],[107.0005,16.94175],[107.0015,16.941],[107.0025,16.94125],[107.003,16.94175],[107.0035,16.94375],[107.0045,16.94325],[107.0055,16.94325],[107.00625,16.944],[107.00775,16.94425],[107.00875,16.943],[107.01,16.944]]]},"properties":{"kind":"water","class":"reservoir","name":"Hồ Kinh Môn"}},{"type":"Feature","geometry":{"type":"Polygon","coordinates":[[[106.52,17.49909],[106.52046,17.499],[106.52331,17.49946],[106.52475,17.49949],[106.52564,17.50144],[106.52579,17.50369],[106.52613,17.50377],[106.52609,17.50482],[106.52542,17.50573],[106.52515,17.50695],[106.52437,17.50918],[106.52436,17.51019],[106.5252,17.51123],[106.52583,17.51155],[106.52669,17.51132],[106.52781,17.51128],[106.52879,17.51146],[106.52958,17.51237],[106.52958,17.51441],[106.52809,17.51629],[106.52612,17.51835],[106.52491,17.51943],[106.52453,17.52075],[106.52515,17.5214],[106.52582,17.52248],[106.52722,17.52342],[106.52876,17.52412],[106.53092,17.52464],[106.53242,17.52565],[106.53307,17.52631],[106.5335,17.52721],[106.53355,17.52816],[106.53328,17.53005],[106.53294,17.53055],[106.53178,17.53089],[106.5306,17.53053],[106.5292,17.52983],[106.52732,17.52968],[106.52624,17.53041],[106.52649,17.53146],[106.52834,17.53154],[106.52965,17.53217],[106.53005,17.53276],[106.53114,17.53363],[106.53187,17.53514],[106.53301,17.5363],[106.53324,17.53677],[106.53455,17.53779],[106.53486,17.5386],[106.53567,17.53852],[106.5366,17.53902],[106.5379,17.53896],[106.53946,17.53981],[106.53989,17.54095],[106.54066,17.54137],[106.54204,17.54251],[106.54318,17.54313],[106.54438,17.54404],[106.54549,17.54524],[106.54613,17.54635],[106.54743,17.54744],[106.5474,17.54806],[106.54654,17.54751],[106.54523,17.54615],[106.54398,17.54465],[106.5414,17.54289],[106.54061,17.54216],[106.53881,17.54],[106.53768,17.53945],[106.53637,17.53932],[106.5347,17.53882],[106.53385,17.53843],[106.53267,17.5372],[106.53096,17.53496],[106.5303,17.53378],[106.52943,17.53309],[106.52889,17.53301],[106.52688,17.53214],[106.52593,17.5319],[106.52525,17.53133],[106.52529,17.53055],[106.52561,17.53008],[106.52678,17.52915],[106.52794,17.52903],[106.52911,17.52918],[106.53015,17.52961],[106.53093,17.52971],[106.53183,17.53024],[106.53259,17.52987],[106.53313,17.52886],[106.53307,17.52784],[106.53249,17.5264],[106.53015,17.52483],[106.52831,17.52439],[106.52647,17.52371],[106.52503,17.52266],[106.52441,17.52167],[106.52406,17.5202],[106.5246,17.51884],[106.52754,17.51645],[106.52919,17.51407],[106.52912,17.5125],[106.52896,17.51196],[106.52759,17.51177],[106.52621,17.51207],[106.52528,17.51197],[106.5246,17.51142],[106.52402,17.51008],[106.52407,17.50951],[106.52465,17.50744],[106.52508,17.50656],[106.52515,17.50581],[106.52601,17.50445],[106.52563,17.50374],[106.52534,17.50149],[106.52471,17.50001],[106.52421,17.4997],[106.52007,17.49956],[106.52,17.49909]]]},"properties":{"kind":"water","class":"river","name":null}},{"type":"Feature","geometry":{"type":"Polygon","coordinates":[[[106.55424,17.54892],[106.55365,17.54681],[106.55337,17.54501],[106.55361,17.54375],[106.55467,17.54289],[106.55485,17.54223],[106.55577,17.54204],[106.55723,17.54228],[106.55776,17.54273],[106.55827,17.54401],[106.55831,17.54458],[106.55885,17.54494],[106.56104,17.54513],[106.56199,17.54475],[106.56342,17.54339],[106.56367,17.54401],[106.56333,17.54422],[106.56213,17.54566],[106.56156,17.54572],[106.55941,17.54548],[106.55887,17.54561],[106.55794,17.54506],[106.55697,17.54318],[106.5559,17.54306],[106.5551,17.54332],[106.55456,17.54384],[106.55424,17.54474],[106.55415,17.54572],[106.55489,17.54885],[106.55424,17.54892]]]},"properties":{"kind":"water","class":"river","name":null}},{"type":"Feature","geometry":{"type":"Polygon","coordinates":[[[106.42073,17.74625],[106.4209,17.74926],[106.42078,17.75063],[106.41857,17.75193],[106.41776,17.75282],[106.41679,17.75498],[106.41697,17.75658],[106.41619,17.75593],[106.41568,17.75427],[106.41598,17.75307],[106.41646,17.75226],[106.41778,17.7511],[106.41939,17.75011],[106.4199,17.74953],[106.42002,17.7484],[106.41968,17.74732],[106.41907,17.74638],[106.42073,17.74625]]]},"properties":{"kind":"water","class":"water","name":null}},{"type":"Feature","geometry":{"type":"Polygon","coordinates":[[[106.56342,17.54339],[106.56477,17.54283],[106.56614,17.54188],[106.56796,17.54103],[106.56935,17.54082],[106.56995,17.54095],[106.57092,17.54178],[106.57146,17.54286],[106.57128,17.54363],[106.57065,17.54372],[106.57063,17.54328],[106.57004,17.54218],[106.56842,17.54205],[106.56717,17.54245],[106.5645,17.54376],[106.56367,17.54401],[106.56342,17.54339]]]},"properties":{"kind":"water","class":"river","name":null}},{"type":"Feature","geometry":{"type":"Polygon","coordinates":[[[106.47637,17.69838],[106.4761,17.69742],[106.47567,17.69681],[106.47557,17.69582],[106.47439,17.69414],[106.47201,17.69307],[106.4696,17.69254],[106.46725,17.69129],[106.46662,17.69142],[106.46538,17.6922],[106.465,17.69168],[106.46518,17.69082],[106.46752,17.69049],[106.46899,17.6916],[106.47029,17.69216],[106.47242,17.69261],[106.47251,17.69225],[106.47406,17.69283],[106.47427,17.69325],[106.47529,17.69425],[106.47584,17.69512],[106.47701,17.69846],[106.47723,17.69983],[106.47846,17.70281],[106.47651,17.70254],[106.47715,17.7011],[106.47703,17.70066],[106.47683,17.69997],[106.47653,17.69892],[106.47637,17.69838]]]},"properties":{"kind":"water","class":"river","name":null}},{"type":"Feature","geometry":{"type":"Polygon","coordinates":[[[106.57128,17.54363],[106.57159,17.54455],[106.57244,17.54603],[106.57285,17.54806],[106.57344,17.54921],[106.57403,17.54991],[106.57636,17.55024],[106.57798,17.55061],[106.57916,17.55069],[106.58134,17.55148],[106.58246,17.55246],[106.5827,17.55348],[106.58213,17.55445],[106.5805,17.55322],[106.57875,17.55248],[106.57695,17.55218],[106.57408,17.55133],[106.57271,17.55035],[106.57193,17.54914],[106.57103,17.54731],[106.57068,17.54539],[106.57065,17.54372],[106.57128,17.54363]]]},"properties":{"kind":"water","class":"river","name":null}},{"type":"Feature","geometry":{"type":"Polygon","coordinates":[[[107.08677,16.99091],[107.08638,16.98989],[107.08815,16.98935],[107.09054,16.98931],[107.09213,16.98963],[107.09368,16.99039],[107.09501,16.99147],[107.09629,16.9932],[107.09697,16.99478],[107.09735,16.99641],[107.09823,16.99749],[107.09924,16.99793],[107.10235,16.99836],[107.10386,16.99846],[107.10374,16.99923],[107.10562,16.99985],[107.10669,17.00061],[107.10777,17.00073],[107.10764,17.00125],[107.10766,17.00357],[107.10878,17.00767],[107.10943,17.00914],[107.10846,17.00997],[107.10962,17.01105],[107.1093,17.01198],[107.11018,17.01251],[107.10665,17.0138],[107.10493,17.01416],[107.10431,17.01332],[107.10416,17.01016],[107.1045,17.00823],[107.10464,17.00569],[107.10426,17.00383],[107.10376,17.00279],[107.10215,17.00118],[107.10108,17.00067],[107.10053,17.00016],[107.09919,16.99992],[107.09678,16.99916],[107.09484,16.99831],[107.09474,16.99675],[107.09446,16.99545],[107.09472,16.99469],[107.0939,16.99315],[107.09322,16.99251],[107.09215,16.99201],[107.09134,16.99125],[107.08946,16.99075],[107.08732,16.99077],[107.08677,16.99091]]]},"properties":{"kind":"water","class":"river","name":null}},{"type":"Feature","geometry":{"type":"Polygon","coordinates":[[[107.04668,16.97603],[107.04731,16.97485],[107.04862,16.97546],[107.05266,16.97825],[107.05396,16.97936],[107.05497,16.98093],[107.05539,16.98233],[107.05553,16.98401],[107.05544,16.98586],[107.05505,16.9884],[107.05441,16.98937],[107.05277,16.99086],[107.05141,16.99177],[107.05007,16.99357],[107.04976,16.99463],[107.04977,16.9968],[107.05008,16.99952],[107.05074,17.00158],[107.0516,17.00308],[107.05102,17.00461],[107.05014,17.00415],[107.04859,17.00425],[107.04841,17.00336],[107.04945,17.00313],[107.0493,17.00133],[107.04884,16.9981],[107.04864,16.99564],[107.04895,16.99367],[107.04999,16.99199],[107.05104,16.99095],[107.05292,16.98945],[107.05371,16.98841],[107.05449,16.98557],[107.05465,16.98438],[107.05459,16.98314],[107.05433,16.9822],[107.05324,16.98068],[107.05108,16.97906],[107.04937,16.97797],[107.0495,16.97766],[107.04668,16.97603]]]},"properties":{"kind":"water","class":"river","name":null}},{"type":"Feature","geometry":{"type":"Polygon","coordinates":[[[107.08638,16.98989],[107.08677,16.99091],[107.08533,16.99247],[107.08534,16.9935],[107.08509,16.9953],[107.08444,16.99634],[107.08377,16.9966],[107.08378,16.99712],[107.08311,16.99777],[107.08258,16.9979],[107.08232,16.99855],[107.08152,16.99887],[107.07992,16.99909],[107.07885,16.99909],[107.07858,16.99936],[107.07645,17.0004],[107.07606,17.0008],[107.07475,17.00391],[107.07353,17.00558],[107.07232,17.00616],[107.07104,17.00635],[107.06849,17.00616],[107.06666,17.00736],[107.06531,17.00876],[107.06502,17.00926],[107.06333,17.01015],[107.06103,17.01105],[107.05941,17.01122],[107.05837,17.01115],[107.05632,17.01044],[107.05503,17.00964],[107.05379,17.00849],[107.05153,17.00513],[107.05102,17.00461],[107.0516,17.00308],[107.05287,17.00462],[107.05309,17.00515],[107.05465,17.00668],[107.0559,17.00761],[107.0582,17.00878],[107.05854,17.0091],[107.06005,17.00937],[107.06111,17.00926],[107.06289,17.00879],[107.06453,17.0077],[107.06574,17.00664],[107.06674,17.00553],[107.06788,17.00467],[107.07221,17.0047],[107.07221,17.0042],[107.07302,17.00418],[107.07341,17.00366],[107.07483,17.00007],[107.07585,16.9988],[107.07786,16.9977],[107.07902,16.99728],[107.08115,16.99668],[107.08284,16.99561],[107.08358,16.99438],[107.08429,16.99221],[107.08516,16.99078],[107.08638,16.98989]]]},"properties":{"kind":"water","class":"river","name":null}},{"type":"Feature","geometry":{"type":"Polygon","coordinates":[[[107.04731,16.97485],[107.04668,16.97603],[107.0429,16.97473],[107.04224,16.97469],[107.03769,16.97362],[107.03589,16.97315],[107.03436,16.97287],[107.03229,16.97287],[107.03036,16.9731],[107.02853,16.9736],[107.02534,16.97466],[107.02426,16.9751],[107.02186,16.97573],[107.01759,16.97767],[107.01549,16.97852],[107.01272,16.97999],[107.0113,16.98029],[107.01103,16.97951],[107.01208,16.97939],[107.01488,16.97805],[107.01599,16.97733],[107.01759,16.97654],[107.02036,16.97539],[107.02452,16.9739],[107.02858,16.97237],[107.03129,16.97179],[107.03262,16.97177],[107.03334,16.97194],[107.03598,16.97205],[107.03762,16.97248],[107.04083,16.97296],[107.04296,16.97337],[107.04635,16.97442],[107.04731,16.97485]]]},"properties":{"kind":"water","class":"river","name":null}},{"type":"Feature","geometry":{"type":"Polygon","coordinates":[[[107.04711,17.01455],[107.04801,17.01558],[107.04786,17.01679],[107.04694,17.01796],[107.04534,17.01876],[107.0438,17.01924],[107.04244,17.01983],[107.04108,17.02059],[107.03938,17.0223],[107.03808,17.02311],[107.03602,17.02397],[107.03373,17.02528],[107.03253,17.02643],[107.03113,17.02855],[107.02903,17.03243],[107.02719,17.03528],[107.02593,17.03665],[107.0252,17.03723],[107.02374,17.03789],[107.02253,17.0382],[107.02031,17.03924],[107.01881,17.04013],[107.01674,17.04151],[107.01365,17.04374],[107.01156,17.04492],[107.01076,17.04472],[107.01214,17.04404],[107.01588,17.04145],[107.01694,17.04041],[107.0187,17.03923],[107.02177,17.03779],[107.02534,17.03628],[107.02718,17.03425],[107.0304,17.02794],[107.03164,17.02604],[107.0331,17.02479],[107.0364,17.0228],[107.0383,17.02206],[107.03908,17.02153],[107.04129,17.01934],[107.04189,17.01895],[107.04424,17.01829],[107.04574,17.01766],[107.04658,17.01716],[107.0474,17.01633],[107.04756,17.01572],[107.04686,17.01492],[107.04711,17.01455]]]},"properties":{"kind":"water","class":"river","name":null}},{"type":"Feature","geometry":{"type":"Polygon","coordinates":[[[107.04841,17.00336],[107.04859,17.00425],[107.04523,17.00505],[107.04404,17.00582],[107.04321,17.00668],[107.04294,17.00732],[107.04285,17.00841],[107.04297,17.00938],[107.04372,17.01103],[107.04565,17.01338],[107.04711,17.01455],[107.04686,17.01492],[107.04558,17.0141],[107.04529,17.01423],[107.04518,17.01588],[107.04458,17.01365],[107.04277,17.01138],[107.0422,17.01027],[107.04189,17.00829],[107.04228,17.00687],[107.04266,17.00614],[107.04358,17.00514],[107.04498,17.00431],[107.04622,17.00388],[107.04841,17.00336]]]},"properties":{"kind":"water","class":"river","name":null}},{"type":"Feature","geometry":{"type":"Polygon","coordinates":[[[106.64686,17.19483],[106.64795,17.19546],[106.65035,17.19588],[106.65162,17.1965],[106.65195,17.19684],[106.65293,17.1966],[106.6534,17.19705],[106.65438,17.19678],[106.6554,17.1974],[106.65863,17.1974],[106.65947,17.19712],[106.66059,17.19625],[106.66179,17.19653],[106.66252,17.19691],[106.66518,17.1965],[106.66516,17.19713],[106.66301,17.19827],[106.66246,17.19896],[106.66168,17.19941],[106.6607,17.20049],[106.66067,17.20128],[106.65943,17.20288],[106.65888,17.20461],[106.65873,17.20679],[106.65797,17.20797],[106.6567,17.20942],[106.65652,17.21019],[106.65681,17.21102],[106.6559,17.21184],[106.65536,17.21118],[106.6547,17.21171],[106.65155,17.21266],[106.64904,17.21277],[106.64726,17.2125],[106.64606,17.21285],[106.64565,17.21186],[106.6446,17.21207],[106.64372,17.21147],[106.64325,17.2131],[106.64337,17.21375],[106.64228,17.21413],[106.64187,17.21335],[106.6406,17.21321],[106.64063,17.21172],[106.64125,17.21026],[106.64063,17.20946],[106.63997,17.20974],[106.63976,17.21088],[106.63857,17.21021],[106.63914,17.20942],[106.64097,17.20733],[106.64147,17.20636],[106.6407,17.20584],[106.6396,17.20645],[106.63866,17.20801],[106.63811,17.20864],[106.63734,17.20899],[106.63667,17.209],[106.63638,17.20845],[106.63613,17.20678],[106.63559,17.20598],[106.63494,17.20542],[106.63415,17.20538],[106.63573,17.20355],[106.63606,17.20295],[106.63824,17.20157],[106.63794,17.20111],[106.63902,17.2007],[106.63966,17.20091],[106.64289,17.19965],[106.6429,17.19882],[106.64398,17.19837],[106.64446,17.19639],[106.64485,17.19552],[106.64483,17.19459],[106.64551,17.19322],[106.64668,17.19319],[106.64586,17.19394],[106.64588,17.19431],[106.64686,17.19483]]]},"properties":{"kind":"water","class":"reservoir","name":"Hồ Cẩm Ly"}},{"type":"Feature","geometry":{"type":"Polygon","coordinates":[[[106.41179,17.74097],[106.41132,17.74007],[106.40919,17.73947],[106.40802,17.7389],[106.40699,17.73905],[106.40662,17.73887],[106.40594,17.73926],[106.4014,17.7407],[106.39922,17.74049],[106.39748,17.73996],[106.39612,17.73939],[106.39439,17.73825],[106.38871,17.73531],[106.38618,17.73384],[106.3845,17.73327],[106.38287,17.73238],[106.38213,17.73229],[106.37986,17.73384],[106.37735,17.73464],[106.37633,17.73512],[106.37529,17.73528],[106.37427,17.73507],[106.37289,17.73444],[106.37179,17.73418],[106.37117,17.73423],[106.36844,17.73507],[106.36766,17.73557],[106.36684,17.73647],[106.36626,17.73748],[106.36624,17.73897],[106.36693,17.74],[106.36699,17.74076],[106.36593,17.74181],[106.36601,17.74291],[106.36795,17.74486],[106.36779,17.7452],[106.36571,17.74287],[106.36568,17.74165],[106.36664,17.74083],[106.36672,17.74021],[106.36604,17.73918],[106.36578,17.73809],[106.36617,17.73668],[106.36666,17.7359],[106.36766,17.73506],[106.36948,17.73424],[106.37221,17.73379],[106.37435,17.73474],[106.37627,17.73487],[106.3772,17.73453],[106.3804,17.73304],[106.38197,17.73198],[106.38269,17.73206],[106.38378,17.73259],[106.38517,17.73297],[106.38673,17.73356],[106.38739,17.73406],[106.38944,17.73526],[106.39162,17.73636],[106.3922,17.73649],[106.39401,17.73732],[106.39498,17.73819],[106.39709,17.73928],[106.40076,17.74015],[106.40265,17.73978],[106.40476,17.73877],[106.40659,17.73839],[106.40694,17.73878],[106.40803,17.73822],[106.40841,17.73848],[106.41229,17.73971],[106.41383,17.73999],[106.41179,17.74097]]]},"properties":{"kind":"water","class":"river","name":"Song River"}},{"type":"Feature","geometry":{"type":"Polygon","coordinates":[[[106.32009,17.77192],[106.31963,17.77199],[106.31618,17.77394],[106.31478,17.77436],[106.30933,17.77783],[106.30858,17.77815],[106.3068,17.77842],[106.30519,17.7784],[106.30396,17.77887],[106.30332,17.77951],[106.30205,17.7814],[106.30081,17.7817],[106.29982,17.78128],[106.29877,17.78123],[106.29778,17.78149],[106.29704,17.78219],[106.29656,17.78314],[106.29648,17.78474],[106.29625,17.78619],[106.29639,17.78711],[106.29628,17.78792],[106.29483,17.78867],[106.29278,17.78882],[106.29129,17.78926],[106.29104,17.78896],[106.29289,17.78861],[106.29452,17.78844],[106.29589,17.78792],[106.29613,17.78732],[106.29594,17.78567],[106.29622,17.784],[106.29625,17.78296],[106.29649,17.78234],[106.29737,17.78144],[106.29832,17.78101],[106.29974,17.78096],[106.30133,17.7813],[106.30203,17.78082],[106.3022,17.78025],[106.30344,17.77848],[106.30337,17.77775],[106.30425,17.77733],[106.30502,17.77807],[106.30666,17.77805],[106.30888,17.77754],[106.31304,17.77471],[106.31779,17.77241],[106.31918,17.77149],[106.32009,17.77192]]]},"properties":{"kind":"water","class":"river","name":"Song River"}},{"type":"Feature","geometry":{"type":"Polygon","coordinates":[[[106.26366,17.59059],[106.26249,17.59079],[106.26106,17.59127],[106.26023,17.59187],[106.26044,17.59266],[106.26117,17.594],[106.26116,17.59536],[106.25917,17.59684],[106.25894,17.59772],[106.25948,17.59845],[106.26062,17.59852],[106.26355,17.59986],[106.26504,17.60097],[106.26594,17.60199],[106.26636,17.60325],[106.26646,17.60415],[106.26642,17.60613],[106.26572,17.60921],[106.26725,17.61173],[106.26783,17.61305],[106.26986,17.61356],[106.26997,17.61416],[106.26976,17.61623],[106.27014,17.61782],[106.27147,17.61929],[106.27156,17.62014],[106.27105,17.62062],[106.2696,17.62147],[106.26862,17.62164],[106.26789,17.6215],[106.26578,17.62079],[106.26453,17.62066],[106.26354,17.62077],[106.26265,17.62135],[106.26248,17.62279],[106.2635,17.62427],[106.26377,17.62526],[106.26335,17.6262],[106.26272,17.62695],[106.26156,17.62743],[106.2604,17.62761],[106.26006,17.62824],[106.26016,17.62902],[106.26133,17.63074],[106.26273,17.63053],[106.26355,17.63152],[106.26393,17.63357],[106.26463,17.63646],[106.26386,17.63571],[106.26393,17.63467],[106.26334,17.6316],[106.26302,17.63096],[106.26247,17.63081],[106.26119,17.63086],[106.25985,17.62906],[106.25979,17.62844],[106.26024,17.62741],[106.26199,17.62707],[106.26266,17.6267],[106.26343,17.62563],[106.26348,17.62515],[106.2631,17.6241],[106.26228,17.62298],[106.26234,17.62132],[106.26295,17.62071],[106.26427,17.62042],[106.26533,17.6204],[106.26696,17.62078],[106.26862,17.62132],[106.26949,17.62121],[106.27117,17.62016],[106.27112,17.61935],[106.26991,17.61811],[106.26956,17.61731],[106.26938,17.61564],[106.26953,17.61389],[106.26748,17.61344],[106.26685,17.61187],[106.26558,17.60988],[106.26536,17.60893],[106.26597,17.60623],[106.26605,17.6039],[106.2657,17.60223],[106.26458,17.60096],[106.26372,17.60034],[106.26185,17.5994],[106.26061,17.599],[106.25957,17.59897],[106.25898,17.59859],[106.25853,17.59782],[106.25866,17.59688],[106.25917,17.59626],[106.2604,17.59543],[106.26089,17.59483],[106.26071,17.59414],[106.25982,17.59206],[106.25999,17.59147],[106.26161,17.59058],[106.2632,17.59021],[106.26392,17.59001],[106.26366,17.59059]]]},"properties":{"kind":"water","class":"river","name":"Song River"}},{"type":"Feature","geometry":{"type":"Polygon","coordinates":[[[107.105,16.98806],[107.105,16.98861],[107.10417,16.98889],[107.10306,16.98778],[107.10139,16.98556],[107.10056,16.985],[107.1,16.985],[107.09944,16.98444],[107.09861,16.98417],[107.0975,16.98417],[107.09722,16.98444],[107.09611,16.98444],[107.09556,16.98472],[107.09194,16.98833],[107.09,16.98833],[107.08889,16.98806],[107.08722,16.98694],[107.08611,16.98722],[107.085,16.98611],[107.085,16.98528],[107.08417,16.98417],[107.08417,16.97861],[107.08472,16.97778],[107.08472,16.97528],[107.085,16.97472],[107.08472,16.97389],[107.085,16.97306],[107.08556,16.9725],[107.08639,16.97278],[107.08694,16.97333],[107.08639,16.97472],[107.08639,16.97667],[107.08583,16.9775],[107.08583,16.97806],[107.08528,16.97889],[107.085,16.98],[107.085,16.98194],[107.08556,16.98278],[107.08556,16.98361],[107.08861,16.98667],[107.08944,16.98694],[107.09139,16.98694],[107.0925,16.98556],[107.0925,16.985],[107.09111,16.98389],[107.09194,16.98306],[107.09361,16.98389],[107.09472,16.98306],[107.09639,16.98306],[107.09777,16.98274],[107.09899,16.98302],[107.10177,16.984],[107.10213,16.98481],[107.1036,16.98548],[107.10472,16.98667],[107.105,16.98806]]]},"properties":{"kind":"water","class":"river","name":null}},{"type":"Feature","geometry":{"type":"Polygon","coordinates":[[[107.05243,16.90846],[107.05455,16.91003],[107.05387,16.91039],[107.05394,16.91148],[107.05359,16.91339],[107.05333,16.91389],[107.05341,16.9147],[107.05405,16.91524],[107.05426,16.91586],[107.05277,16.91724],[107.05175,16.91667],[107.05166,16.91581],[107.05052,16.91602],[107.04999,16.91584],[107.0497,16.9164],[107.04999,16.9169],[107.04952,16.91842],[107.04866,16.91937],[107.04896,16.92003],[107.04981,16.92042],[107.04836,16.92073],[107.04733,16.91994],[107.0475,16.91778],[107.04694,16.91722],[107.04639,16.91722],[107.04556,16.91806],[107.04472,16.91861],[107.04535,16.91993],[107.04537,16.92045],[107.04602,16.92084],[107.04642,16.92159],[107.04621,16.92329],[107.04556,16.92375],[107.04493,16.92222],[107.04397,16.92175],[107.0434,16.92199],[107.04261,16.92327],[107.04218,16.92365],[107.04167,16.92222],[107.04229,16.92111],[107.04202,16.9202],[107.04154,16.92014],[107.04083,16.92056],[107.04028,16.92028],[107.0379,16.92],[107.03639,16.92143],[107.03505,16.92068],[107.03611,16.92028],[107.03694,16.91944],[107.03806,16.91889],[107.03972,16.91889],[107.04147,16.91849],[107.04213,16.91822],[107.04056,16.9175],[107.03904,16.91715],[107.03878,16.91765],[107.03816,16.91778],[107.03813,16.9164],[107.03677,16.91627],[107.03588,16.91641],[107.03583,16.91713],[107.035,16.91722],[107.03389,16.91778],[107.03278,16.91778],[107.03167,16.91694],[107.03139,16.91639],[107.0316,16.91472],[107.03133,16.91423],[107.03,16.91417],[107.02944,16.91444],[107.02861,16.91556],[107.0275,16.91556],[107.02667,16.91583],[107.02498,16.91564],[107.02445,16.91639],[107.02472,16.91778],[107.02417,16.91833],[107.02369,16.91715],[107.02271,16.91611],[107.02333,16.91556],[107.025,16.91472],[107.02667,16.91472],[107.0275,16.91417],[107.02833,16.91389],[107.02903,16.91396],[107.02924,16.91298],[107.02868,16.9125],[107.02917,16.91167],[107.03076,16.91336],[107.03127,16.91322],[107.03194,16.91361],[107.0325,16.91444],[107.03278,16.91583],[107.03333,16.91639],[107.03417,16.91639],[107.03493,16.9155],[107.03556,16.91528],[107.03701,16.91417],[107.03718,16.91328],[107.03806,16.91409],[107.03916,16.91403],[107.04043,16.91506],[107.04162,16.91507],[107.0422,16.91548],[107.04275,16.91507],[107.04266,16.91446],[107.04146,16.91401],[107.04131,16.91357],[107.04216,16.91304],[107.04205,16.91244],[107.04108,16.91195],[107.04056,16.91194],[107.03954,16.91273],[107.03886,16.91228],[107.03762,16.91222],[107.03757,16.91186],[107.03857,16.911],[107.03922,16.91096],[107.03943,16.91007],[107.04011,16.90967],[107.04112,16.90985],[107.04111,16.90833],[107.04027,16.90811],[107.03922,16.9087],[107.03888,16.90744],[107.03812,16.90712],[107.03744,16.90716],[107.03581,16.90814],[107.03509,16.90739],[107.03422,16.90895],[107.03418,16.90765],[107.03471,16.90634],[107.03528,16.90611],[107.03612,16.90676],[107.03709,16.90624],[107.0386,16.90606],[107.03938,16.90632],[107.04,16.90694],[107.04188,16.90722],[107.04276,16.90796],[107.04382,16.90816],[107.04445,16.90789],[107.04502,16.90707],[107.04572,16.907],[107.04657,16.90778],[107.04692,16.90778],[107.04791,16.90648],[107.04855,16.90662],[107.04954,16.9073],[107.0501,16.90853],[107.05111,16.90889],[107.05243,16.90846]]]},"properties":{"kind":"water","class":"reservoir","name":"Hồ Hà Thượng"}},{"type":"Feature","geometry":{"type":"Polygon","coordinates":[[[107.10348,16.96886],[107.10361,16.97111],[107.10389,16.97139],[107.10417,16.9725],[107.10422,16.97351],[107.10478,16.97599],[107.10513,16.98112],[107.10468,16.98242],[107.10378,16.98225],[107.10422,16.98094],[107.10411,16.97888],[107.10369,16.97723],[107.10292,16.97512],[107.10208,16.9725],[107.10222,16.97222],[107.1016,16.97019],[107.10186,16.96852],[107.10348,16.96886]]]},"properties":{"kind":"water","class":"water","name":null}},{"type":"Feature","geometry":{"type":"Polygon","coordinates":[[[107.08645,16.84842],[107.08722,16.84778],[107.08833,16.84806],[107.08917,16.84861],[107.09083,16.84889],[107.09139,16.84917],[107.09157,16.84984],[107.08862,16.84952],[107.08801,16.84856],[107.0873,16.84856],[107.08695,16.84917],[107.08554,16.84965],[107.08469,16.84938],[107.0825,16.84917],[107.08229,16.84835],[107.08356,16.84773],[107.08462,16.84814],[107.08645,16.84842]]]},"properties":{"kind":"water","class":"water","name":null}},{"type":"Feature","geometry":{"type":"Polygon","coordinates":[[[107.07924,16.80555],[107.07916,16.8066],[107.07886,16.80731],[107.07967,16.80742],[107.07947,16.80834],[107.08067,16.80817],[107.08077,16.80882],[107.08201,16.80882],[107.08202,16.80812],[107.08278,16.80764],[107.08334,16.80846],[107.08368,16.80955],[107.08323,16.8111],[107.08361,16.81212],[107.08333,16.81278],[107.08266,16.81327],[107.08014,16.81289],[107.08038,16.81209],[107.07956,16.81162],[107.07855,16.8117],[107.07874,16.81097],[107.07858,16.81019],[107.07918,16.80926],[107.07891,16.80895],[107.07792,16.80916],[107.07535,16.80917],[107.07382,16.81027],[107.07273,16.80969],[107.07288,16.80878],[107.07225,16.80844],[107.07124,16.80752],[107.07306,16.80806],[107.07375,16.80854],[107.07472,16.80861],[107.075,16.80806],[107.07472,16.8075],[107.07583,16.80722],[107.07625,16.8077],[107.07722,16.8075],[107.07806,16.80611],[107.07924,16.80555]]]},"properties":{"kind":"water","class":"reservoir","name":"Hồ Khe Mây"}},{"type":"Feature","geometry":{"type":"Polygon","coordinates":[[[107.09111,16.79139],[107.09194,16.79111],[107.09286,16.79236],[107.09389,16.79278],[107.095,16.79389],[107.09625,16.79306],[107.09778,16.7925],[107.0984,16.7925],[107.09849,16.79339],[107.09976,16.79482],[107.10056,16.795],[107.10173,16.79494],[107.10311,16.79642],[107.10392,16.79861],[107.10301,16.79892],[107.10213,16.79891],[107.10139,16.79944],[107.10029,16.79965],[107.09889,16.79944],[107.09778,16.79944],[107.09789,16.79837],[107.09861,16.79833],[107.09895,16.79757],[107.09825,16.79688],[107.09694,16.7966],[107.09687,16.79583],[107.09584,16.79547],[107.0938,16.79583],[107.09326,16.79653],[107.0923,16.79562],[107.09306,16.79528],[107.09306,16.79444],[107.09278,16.79361],[107.09194,16.79278],[107.09139,16.7925],[107.09167,16.79167],[107.09111,16.79139]]]},"properties":{"kind":"water","class":"water","name":null}},{"type":"Feature","geometry":{"type":"Polygon","coordinates":[[[107.19167,16.67778],[107.19222,16.6775],[107.19262,16.67786],[107.19332,16.67762],[107.1934,16.67714],[107.19436,16.67722],[107.19381,16.67799],[107.19373,16.67858],[107.19412,16.67891],[107.1936,16.68],[107.19291,16.68016],[107.19246,16.68059],[107.19059,16.68135],[107.18972,16.68111],[107.18944,16.68056],[107.19,16.68],[107.18966,16.6791],[107.18833,16.67889],[107.18833,16.67833],[107.18944,16.67806],[107.19028,16.67861],[107.19107,16.67862],[107.19136,16.67957],[107.19168,16.67966],[107.19221,16.67885],[107.19171,16.67837],[107.19167,16.67778]]]},"properties":{"kind":"water","class":"water","name":null}},{"type":"Feature","geometry":{"type":"Polygon","coordinates":[[[107.21965,16.66188],[107.22,16.66111],[107.22111,16.66125],[107.22111,16.66167],[107.21986,16.6627],[107.22,16.66444],[107.22056,16.66528],[107.22194,16.66611],[107.22111,16.66639],[107.2196,16.66643],[107.21858,16.6654],[107.21833,16.66472],[107.2175,16.66444],[107.2175,16.66278],[107.21694,16.6625],[107.2175,16.66194],[107.21909,16.66222],[107.21965,16.66188]]]},"properties":{"kind":"water","class":"water","name":null}},{"type":"Feature","geometry":{"type":"Polygon","coordinates":[[[107.29409,16.58308],[107.29341,16.58227],[107.29155,16.58283],[107.29112,16.58174],[107.29238,16.58204],[107.29368,16.58161],[107.29396,16.58098],[107.29579,16.58161],[107.29564,16.58232],[107.29632,16.58273],[107.29639,16.58333],[107.297,16.58359],[107.29746,16.58335],[107.29818,16.58404],[107.29825,16.58523],[107.29868,16.58547],[107.29717,16.58686],[107.29619,16.58606],[107.29461,16.58637],[107.29409,16.58622],[107.29439,16.58538],[107.29448,16.5838],[107.29378,16.58364],[107.29409,16.58308]]]},"properties":{"kind":"water","class":"reservoir","name":"Hồ Khe Chanh"}},{"type":"Feature","geometry":{"type":"Polygon","coordinates":[[[106.95491,17.15846],[106.95575,17.15916],[106.95575,17.1597],[106.95532,17.16066],[106.95483,17.16093],[106.95421,17.16045],[106.95313,17.16108],[106.95229,17.16126],[106.95163,17.16096],[106.95017,17.16094],[106.95016,17.1599],[106.94892,17.15945],[106.94789,17.15865],[106.94671,17.15809],[106.94465,17.15769],[106.94291,17.15699],[106.94233,17.15694],[106.94106,17.15736],[106.94022,17.15677],[106.94108,17.15564],[106.9409,17.15469],[106.94048,17.15374],[106.94184,17.15409],[106.94411,17.15412],[106.94467,17.15389],[106.9458,17.15398],[106.94637,17.1536],[106.94614,17.1525],[106.94634,17.15125],[106.946,17.15053],[106.94518,17.14967],[106.94504,17.14872],[106.94554,17.14831],[106.94661,17.148],[106.94741,17.14687],[106.94836,17.14517],[106.94902,17.14428],[106.94918,17.14371],[106.95017,17.14187],[106.95086,17.14213],[106.95132,17.14288],[106.95098,17.14315],[106.95054,17.14422],[106.95052,17.14575],[106.94981,17.14626],[106.95024,17.14732],[106.94967,17.1482],[106.9496,17.14909],[106.95017,17.15023],[106.95017,17.15132],[106.95045,17.15281],[106.95102,17.15472],[106.9518,17.15554],[106.95321,17.15622],[106.95491,17.15846]]]},"properties":{"kind":"water","class":"lake","name":null}},{"type":"Feature","geometry":{"type":"Polygon","coordinates":[[[106.41901,17.62122],[106.41868,17.6202],[106.41928,17.61965],[106.41843,17.61904],[106.41885,17.61836],[106.41928,17.61836],[106.4202,17.61781],[106.42062,17.617],[106.42176,17.61693],[106.42126,17.61815],[106.42076,17.61822],[106.41992,17.61911],[106.4202,17.61938],[106.42126,17.61958],[106.42283,17.61954],[106.42422,17.61917],[106.42479,17.61877],[106.42585,17.61754],[106.42804,17.61686],[106.42847,17.61652],[106.42939,17.61652],[106.42854,17.61849],[106.42733,17.61822],[106.42578,17.61945],[106.42535,17.62006],[106.42592,17.62129],[106.42684,17.62217],[106.4279,17.62231],[106.42705,17.62326],[106.42549,17.62278],[106.42528,17.6219],[106.42479,17.62149],[106.42358,17.62163],[106.42412,17.62299],[106.42324,17.62349],[106.42316,17.62292],[106.42231,17.62156],[106.42106,17.62188],[106.41954,17.62162],[106.41901,17.62122]]]},"properties":{"kind":"water","class":"reservoir","name":"Hồ Bàu Trạng"}},{"type":"Feature","geometry":{"type":"Polygon","coordinates":[[[106.92782,17.18093],[106.92706,17.18155],[106.92534,17.1822],[106.92364,17.18223],[106.92219,17.18095],[106.92146,17.18114],[106.92099,17.18086],[106.92056,17.17929],[106.91973,17.18101],[106.91743,17.18382],[106.91554,17.18532],[106.91452,17.18673],[106.91357,17.18957],[106.9124,17.19188],[106.91205,17.19222],[106.91113,17.19209],[106.91056,17.19175],[106.91,17.19039],[106.90986,17.18957],[106.90922,17.18848],[106.90858,17.18807],[106.90745,17.18848],[106.90805,17.1871],[106.90879,17.18671],[106.9099,17.18581],[106.91026,17.18464],[106.91029,17.18074],[106.91052,17.17886],[106.91051,17.17697],[106.90987,17.17559],[106.90946,17.17545],[106.90902,17.1746],[106.91061,17.17326],[106.9101,17.1727],[106.91112,17.17209],[106.9126,17.17154],[106.91308,17.17168],[106.91636,17.17134],[106.91748,17.17138],[106.9185,17.17111],[106.91973,17.17037],[106.91981,17.16968],[106.9208,17.16852],[106.92151,17.16873],[106.92108,17.17009],[106.92144,17.17104],[106.92192,17.17165],[106.92205,17.17249],[106.92244,17.17304],[106.92437,17.1749],[106.9269,17.17612],[106.93151,17.17866],[106.93101,17.17985],[106.93025,17.18026],[106.92949,17.17994],[106.92782,17.18093]]]},"properties":{"kind":"water","class":"lake","name":"Bàu Sen"}},{"type":"Feature","geometry":{"type":"Polygon","coordinates":[[[106.82169,17.14318],[106.82188,17.1412],[106.82285,17.14108],[106.82345,17.14021],[106.82419,17.14077],[106.82467,17.14046],[106.82525,17.14085],[106.82646,17.14087],[106.82722,17.14056],[106.82786,17.14075],[106.82825,17.13983],[106.82866,17.14141],[106.82752,17.14142],[106.82659,17.14185],[106.82653,17.14301],[106.82534,17.14244],[106.82444,17.14306],[106.82287,17.14326],[106.82263,17.14386],[106.82169,17.14318]]]},"properties":{"kind":"water","class":"reservoir","name":null}},{"type":"Feature","geometry":{"type":"Polygon","coordinates":[[[106.46052,17.60186],[106.46041,17.60255],[106.4609,17.60312],[106.46179,17.6037],[106.46194,17.60313],[106.46137,17.60258],[106.46186,17.60124],[106.46129,17.59928],[106.46195,17.5979],[106.46244,17.59743],[106.46407,17.5964],[106.46442,17.59661],[106.46365,17.59763],[106.46287,17.59817],[106.46273,17.59892],[106.464,17.59926],[106.4657,17.59886],[106.46556,17.59994],[106.46577,17.60042],[106.46648,17.60069],[106.46718,17.60056],[106.46789,17.59981],[106.46775,17.59865],[106.4686,17.59913],[106.46874,17.60035],[106.46846,17.60097],[106.46853,17.60192],[106.46825,17.60246],[106.46625,17.60243],[106.4652,17.60269],[106.46471,17.60378],[106.46629,17.60469],[106.46654,17.60543],[106.46468,17.60573],[106.46391,17.60719],[106.46491,17.60787],[106.4659,17.60793],[106.46653,17.60834],[106.4654,17.60882],[106.46517,17.60975],[106.46542,17.61021],[106.46517,17.61086],[106.46632,17.61084],[106.46578,17.61188],[106.46477,17.61235],[106.45946,17.61196],[106.45877,17.61186],[106.45912,17.61103],[106.4597,17.61053],[106.45967,17.60981],[106.45923,17.6096],[106.45827,17.61008],[106.4586,17.61064],[106.45811,17.61123],[106.45727,17.61072],[106.45734,17.60971],[106.45704,17.6095],[106.45516,17.6107],[106.4542,17.61056],[106.45165,17.61185],[106.45095,17.61242],[106.45038,17.61229],[106.45154,17.61056],[106.45135,17.60988],[106.45229,17.61001],[106.45229,17.60885],[106.45264,17.60769],[106.4532,17.60781],[106.45356,17.60844],[106.45464,17.60858],[106.45522,17.60837],[106.4561,17.60749],[106.45663,17.60626],[106.4566,17.60491],[106.45577,17.60401],[106.45492,17.60391],[106.45389,17.6032],[106.4531,17.60316],[106.45261,17.60342],[106.45138,17.60291],[106.45037,17.60275],[106.44929,17.60357],[106.44828,17.60378],[106.44831,17.60471],[106.44786,17.60467],[106.44711,17.60223],[106.44558,17.60205],[106.4469,17.60124],[106.44624,17.59985],[106.4453,17.59967],[106.4441,17.59988],[106.44403,17.59906],[106.44488,17.59858],[106.44615,17.59858],[106.44846,17.59897],[106.44924,17.60044],[106.44968,17.6004],[106.44902,17.59928],[106.44873,17.59815],[106.44814,17.59741],[106.44714,17.59678],[106.44467,17.59671],[106.44368,17.5963],[106.44332,17.59575],[106.44332,17.59494],[106.44453,17.59582],[106.44488,17.5963],[106.44601,17.59569],[106.44729,17.59582],[106.4477,17.59546],[106.44774,17.59478],[106.44733,17.59386],[106.44528,17.59189],[106.44514,17.59141],[106.44556,17.58964],[106.4462,17.58944],[106.44599,17.59087],[106.44663,17.59168],[106.44712,17.59189],[106.44791,17.59269],[106.44875,17.59114],[106.44896,17.59175],[106.44903,17.59318],[106.44938,17.59352],[106.44953,17.59488],[106.45023,17.5955],[106.45045,17.59625],[106.45045,17.59733],[106.45002,17.59849],[106.45115,17.59883],[106.45236,17.59945],[106.45257,17.60128],[106.45349,17.60162],[106.45476,17.60149],[106.45455,17.6006],[106.45366,17.59902],[106.45373,17.59698],[106.45472,17.59589],[106.45386,17.59392],[106.4535,17.59365],[106.45272,17.59106],[106.45393,17.59106],[106.45471,17.59052],[106.45556,17.5895],[106.45676,17.58956],[106.4569,17.59004],[106.45619,17.59059],[106.45464,17.59133],[106.45435,17.59188],[106.45449,17.59331],[106.45548,17.59399],[106.45584,17.59358],[106.45775,17.59488],[106.45861,17.59472],[106.45903,17.59332],[106.46016,17.59319],[106.46172,17.59271],[106.46215,17.59217],[106.46314,17.59339],[106.46193,17.59407],[106.46111,17.595],[106.46108,17.59578],[106.45972,17.59604],[106.45856,17.59668],[106.45699,17.59809],[106.458,17.59895],[106.45878,17.59902],[106.45878,17.5999],[106.45954,17.60077],[106.46067,17.60084],[106.46052,17.60186]]]},"properties":{"kind":"water","class":"reservoir","name":"Hồ Vực Nồi"}},{"type":"Feature","geometry":{"type":"Polygon","coordinates":[[[107.01876,17.11476],[107.01905,17.11593],[107.01969,17.11715],[107.01891,17.11797],[107.01728,17.1179],[107.01502,17.11572],[107.01374,17.11538],[107.0124,17.11532],[107.01204,17.1147],[107.01282,17.11436],[107.01318,17.11389],[107.01443,17.11315],[107.0164,17.11134],[107.01755,17.11076],[107.01884,17.10978],[107.01978,17.10937],[107.02106,17.10783],[107.02233,17.10647],[107.02297,17.10552],[107.02332,17.10436],[107.02375,17.10422],[107.02502,17.10225],[107.02672,17.10157],[107.02813,17.1017],[107.02799,17.10232],[107.0275,17.10245],[107.02622,17.10354],[107.02481,17.10504],[107.02361,17.10613],[107.02269,17.10763],[107.02184,17.10858],[107.02092,17.11008],[107.02042,17.11035],[107.01971,17.11185],[107.01893,17.11315],[107.01876,17.11476]]]},"properties":{"kind":"water","class":"water","name":null}},{"type":"Feature","geometry":{"type":"Polygon","coordinates":[[[106.53586,17.44208],[106.53662,17.44175],[106.53736,17.44246],[106.5377,17.44061],[106.53802,17.44276],[106.53945,17.44545],[106.53928,17.446],[106.53847,17.44635],[106.53865,17.44768],[106.53933,17.44814],[106.54006,17.44816],[106.54178,17.44928],[106.54231,17.44923],[106.54195,17.45049],[106.54216,17.45083],[106.5421,17.45222],[106.54266,17.45191],[106.54346,17.45033],[106.5443,17.45055],[106.54502,17.44963],[106.5457,17.44976],[106.54631,17.44934],[106.5457,17.44852],[106.54567,17.4477],[106.54477,17.44628],[106.54364,17.44612],[106.54254,17.44636],[106.54127,17.44572],[106.54117,17.44517],[106.54259,17.44599],[106.54477,17.44532],[106.54537,17.44601],[106.54594,17.44614],[106.54606,17.4468],[106.54675,17.44668],[106.54715,17.44728],[106.54648,17.44834],[106.547,17.44852],[106.54776,17.44826],[106.5479,17.44718],[106.54828,17.44673],[106.54913,17.44682],[106.55064,17.44596],[106.5513,17.44602],[106.55233,17.44532],[106.55307,17.44517],[106.55273,17.44679],[106.55269,17.44827],[106.55319,17.44894],[106.55299,17.44953],[106.55314,17.4504],[106.55271,17.45094],[106.55324,17.45236],[106.55333,17.45306],[106.55608,17.45673],[106.55611,17.45693],[106.55239,17.46414],[106.55137,17.46504],[106.55138,17.46584],[106.55061,17.46583],[106.54999,17.46653],[106.5491,17.46672],[106.54896,17.46782],[106.54936,17.46827],[106.54902,17.4694],[106.54832,17.46954],[106.54768,17.4692],[106.54747,17.46838],[106.54656,17.46768],[106.54569,17.46786],[106.54544,17.46932],[106.54459,17.46961],[106.54247,17.46811],[106.54209,17.46655],[106.54181,17.466],[106.54108,17.46556],[106.54066,17.46441],[106.54117,17.46375],[106.54126,17.46313],[106.54065,17.46291],[106.54005,17.46344],[106.53875,17.46374],[106.53772,17.46421],[106.53657,17.46432],[106.53582,17.46496],[106.53504,17.46484],[106.53451,17.46539],[106.53334,17.46602],[106.53174,17.466],[106.53133,17.46674],[106.5308,17.46705],[106.53024,17.46687],[106.52957,17.46735],[106.52867,17.46701],[106.52851,17.46609],[106.52769,17.46513],[106.52957,17.46572],[106.53002,17.46651],[106.53094,17.46638],[106.53121,17.4655],[106.5323,17.46528],[106.53303,17.4649],[106.53263,17.46427],[106.53386,17.46411],[106.53431,17.46324],[106.53404,17.46277],[106.53476,17.46227],[106.53504,17.46171],[106.53396,17.46072],[106.53341,17.45894],[106.53457,17.45895],[106.53447,17.45827],[106.53477,17.45677],[106.53538,17.45849],[106.53654,17.46],[106.53673,17.46076],[106.53734,17.4614],[106.53775,17.46113],[106.53827,17.46184],[106.53921,17.46223],[106.53936,17.4616],[106.54014,17.46167],[106.54016,17.46042],[106.54062,17.45972],[106.54108,17.46114],[106.54179,17.46087],[106.54244,17.46118],[106.54348,17.46067],[106.54392,17.46093],[106.54381,17.46232],[106.54449,17.46264],[106.54478,17.46338],[106.54536,17.46209],[106.54613,17.461],[106.54556,17.46051],[106.54452,17.46049],[106.54415,17.46075],[106.54325,17.46027],[106.54299,17.45969],[106.54241,17.45977],[106.54081,17.45885],[106.54126,17.45818],[106.54115,17.45713],[106.53968,17.45618],[106.53899,17.45657],[106.53894,17.45573],[106.53787,17.4557],[106.53853,17.45418],[106.53798,17.45344],[106.5364,17.45408],[106.53592,17.45343],[106.53475,17.45335],[106.53427,17.45398],[106.53376,17.45284],[106.53415,17.45178],[106.53555,17.45124],[106.53603,17.45133],[106.53638,17.45204],[106.53726,17.45219],[106.53735,17.45066],[106.53763,17.45067],[106.53779,17.45217],[106.53912,17.45043],[106.53914,17.45162],[106.53876,17.45228],[106.5394,17.45279],[106.54039,17.45238],[106.54117,17.45231],[106.54117,17.45123],[106.54057,17.45002],[106.54077,17.44912],[106.54009,17.44883],[106.53928,17.44884],[106.53831,17.44804],[106.53783,17.44724],[106.53769,17.44629],[106.5381,17.44548],[106.53793,17.44506],[106.53664,17.44354],[106.5357,17.44368],[106.53445,17.44309],[106.53575,17.44259],[106.53586,17.44208]]]},"properties":{"kind":"water","class":"reservoir","name":"Hồ Phú Vinh"}},{"type":"Feature","geometry":{"type":"Polygon","coordinates":[[[106.62419,17.49073],[106.62312,17.49227],[106.62276,17.49247],[106.62206,17.49414],[106.62169,17.49428],[106.62049,17.49725],[106.61979,17.49767],[106.61899,17.49746],[106.61864,17.49707],[106.61909,17.49549],[106.62036,17.49422],[106.62023,17.49382],[106.62099,17.49151],[106.62221,17.48922],[106.62389,17.48889],[106.62476,17.48956],[106.62419,17.49073]]]},"properties":{"kind":"water","class":"lake","name":"Hồ Bàu Tró"}},{"type":"Feature","geometry":{"type":"Polygon","coordinates":[[[106.49633,17.45441],[106.49664,17.45545],[106.49652,17.45792],[106.4959,17.46012],[106.49489,17.46163],[106.49485,17.4629],[106.49739,17.4671],[106.50007,17.46853],[106.50165,17.46928],[106.50229,17.47103],[106.50335,17.47269],[106.50614,17.47477],[106.50659,17.47551],[106.5069,17.47806],[106.50681,17.47957],[106.50709,17.48182],[106.50702,17.48264],[106.50604,17.48719],[106.50542,17.48947],[106.50503,17.49161],[106.50378,17.49256],[106.50183,17.4947],[106.50161,17.49599],[106.50289,17.49671],[106.50242,17.49733],[106.50169,17.49681],[106.49928,17.49597],[106.49917,17.49575],[106.49942,17.49501],[106.5006,17.49302],[106.50213,17.49258],[106.50293,17.49204],[106.50399,17.49075],[106.50408,17.4893],[106.50457,17.4889],[106.50472,17.48791],[106.5053,17.48587],[106.50538,17.48347],[106.50561,17.48225],[106.5056,17.4813],[106.50526,17.48025],[106.50525,17.47953],[106.50611,17.47812],[106.50624,17.47633],[106.50611,17.47572],[106.50529,17.47487],[106.50294,17.47323],[106.50222,17.47224],[106.5013,17.46972],[106.4977,17.46797],[106.497,17.46756],[106.49605,17.46624],[106.49506,17.46437],[106.49431,17.4626],[106.49444,17.46154],[106.49581,17.45926],[106.49611,17.45804],[106.49615,17.45602],[106.49579,17.45461],[106.49633,17.45441]]]},"properties":{"kind":"water","class":"river","name":null}},{"type":"Feature","geometry":{"type":"Polygon","coordinates":[[[106.59139,17.52003],[106.59217,17.52031],[106.59336,17.52027],[106.59364,17.52065],[106.59278,17.52109],[106.59203,17.52202],[106.59172,17.52427],[106.59123,17.52492],[106.59111,17.5267],[106.59012,17.52731],[106.58884,17.52766],[106.58853,17.52809],[106.58758,17.52842],[106.58468,17.52617],[106.58415,17.52623],[106.58356,17.52567],[106.58439,17.52421],[106.58567,17.52492],[106.58629,17.52485],[106.58718,17.5265],[106.5884,17.52737],[106.58904,17.52698],[106.58893,17.52651],[106.58937,17.52494],[106.58827,17.52405],[106.5876,17.52373],[106.58737,17.52268],[106.58696,17.52228],[106.58725,17.52157],[106.58848,17.52197],[106.58946,17.52176],[106.58991,17.52045],[106.58933,17.51797],[106.59064,17.51898],[106.59139,17.52003]]]},"properties":{"kind":"water","class":"lake","name":"Hồ Bàu Bàng"}},{"type":"Feature","geometry":{"type":"Polygon","coordinates":[[[106.57756,17.50686],[106.57795,17.50484],[106.57665,17.50354],[106.57685,17.503],[106.57809,17.50268],[106.5785,17.50152],[106.58038,17.50268],[106.57921,17.50363],[106.57892,17.50433],[106.57913,17.50543],[106.57887,17.5062],[106.5788,17.50765],[106.57852,17.50783],[106.57768,17.50722],[106.57756,17.50686]]]},"properties":{"kind":"water","class":"reservoir","name":"Hồ Bàu Vèng"}},{"type":"Feature","geometry":{"type":"Polygon","coordinates":[[[107.18689,16.76912],[107.18772,16.7688],[107.18877,16.76873],[107.18997,16.76839],[107.1919,16.76741],[107.19231,16.76695],[107.19143,16.76613],[107.19264,16.76627],[107.19369,16.76619],[107.19476,16.76534],[107.195,16.76421],[107.19726,16.76183],[107.19835,16.76159],[107.19956,16.76172],[107.19975,16.76235],[107.19895,16.76296],[107.1983,16.76258],[107.19717,16.76314],[107.19574,16.76488],[107.1955,16.76546],[107.19432,16.76667],[107.19225,16.76735],[107.19047,16.76832],[107.18896,16.76883],[107.18762,16.76899],[107.18677,16.76947],[107.18689,16.76912]]]},"properties":{"kind":"water","class":"water","name":null}},{"type":"Feature","geometry":{"type":"Polygon","coordinates":[[[106.5829,17.43154],[106.5819,17.43188],[106.58154,17.43265],[106.58166,17.43312],[106.57965,17.43524],[106.57984,17.43368],[106.58046,17.43278],[106.58011,17.43142],[106.57933,17.43148],[106.57931,17.43205],[106.57877,17.4335],[106.57788,17.43365],[106.57666,17.4356],[106.5761,17.43504],[106.57683,17.43412],[106.57747,17.43262],[106.57776,17.43287],[106.57867,17.43269],[106.57885,17.43237],[106.57851,17.43134],[106.57783,17.43096],[106.57796,17.43028],[106.57949,17.43073],[106.58026,17.43071],[106.58091,17.43013],[106.5814,17.43016],[106.58249,17.43116],[106.5829,17.43154]]]},"properties":{"kind":"water","class":"reservoir","name":"Hồ Rậy Họ"}},{"type":"Feature","geometry":{"type":"Polygon","coordinates":[[[106.72765,16.64199],[106.72672,16.6428],[106.72612,16.64216],[106.72656,16.64145],[106.72755,16.64129],[106.72847,16.64083],[106.72885,16.64026],[106.72943,16.64021],[106.72933,16.6393],[106.72843,16.63941],[106.72799,16.63985],[106.72739,16.63988],[106.72765,16.63894],[106.72818,16.63883],[106.72883,16.63811],[106.72954,16.63792],[106.73034,16.63904],[106.73069,16.63913],[106.73057,16.64043],[106.73016,16.64062],[106.7295,16.64159],[106.72901,16.64192],[106.72765,16.64199]]]},"properties":{"kind":"water","class":"lake","name":null}},{"type":"Feature","geometry":{"type":"Polygon","coordinates":[[[106.34525,17.63269],[106.34505,17.63179],[106.34361,17.63193],[106.3425,17.63134],[106.34199,17.63186],[106.34203,17.63262],[106.34141,17.63291],[106.33975,17.63201],[106.34151,17.63156],[106.34236,17.63083],[106.34301,17.62977],[106.34246,17.62931],[106.34289,17.62892],[106.34424,17.62903],[106.34455,17.62853],[106.34525,17.62848],[106.34678,17.6287],[106.34795,17.62927],[106.34769,17.62985],[106.34791,17.63088],[106.34763,17.63144],[106.34525,17.63269]]]},"properties":{"kind":"water","class":"reservoir","name":null}},{"type":"Feature","geometry":{"type":"Polygon","coordinates":[[[106.32922,17.60228],[106.32943,17.60144],[106.32885,17.60116],[106.32916,17.60034],[106.32857,17.59977],[106.32854,17.59931],[106.32783,17.5985],[106.32862,17.59833],[106.32892,17.59887],[106.32969,17.59884],[106.32959,17.59948],[106.33044,17.59957],[106.33069,17.60053],[106.33103,17.60093],[106.33196,17.60066],[106.33197,17.59892],[106.33242,17.59893],[106.33325,17.60054],[106.3339,17.60084],[106.33401,17.60168],[106.33219,17.6032],[106.33013,17.6024],[106.32963,17.60272],[106.32922,17.60228]]]},"properties":{"kind":"water","class":"reservoir","name":null}},{"type":"Feature","geometry":{"type":"Polygon","coordinates":[[[106.42769,17.68125],[106.42805,17.68111],[106.42853,17.68182],[106.42849,17.68236],[106.4295,17.68366],[106.42999,17.68374],[106.43042,17.68313],[106.43094,17.68308],[106.43203,17.68353],[106.43274,17.68315],[106.43345,17.6821],[106.43381,17.68232],[106.43345,17.68303],[106.43336,17.68451],[106.43431,17.68489],[106.43485,17.68483],[106.43534,17.68575],[106.4331,17.68738],[106.43181,17.68749],[106.43064,17.68712],[106.43015,17.68613],[106.42802,17.68556],[106.42713,17.68549],[106.42508,17.68382],[106.42577,17.68305],[106.42659,17.68319],[106.42758,17.68294],[106.42793,17.6823],[106.42769,17.68125]]]},"properties":{"kind":"water","class":"reservoir","name":"Hồ Vực Sanh"}},{"type":"Feature","geometry":{"type":"Polygon","coordinates":[[[106.39648,17.61284],[106.3954,17.61288],[106.3945,17.61349],[106.39362,17.61177],[106.3925,17.6114],[106.39299,17.61073],[106.39292,17.6097],[106.39416,17.61066],[106.39463,17.61183],[106.39525,17.61211],[106.39568,17.61171],[106.39595,17.61062],[106.39504,17.60978],[106.39482,17.60903],[106.3951,17.60837],[106.39567,17.60809],[106.39603,17.60851],[106.39573,17.60905],[106.39597,17.60966],[106.3965,17.60992],[106.39712,17.60969],[106.39776,17.61043],[106.39744,17.61225],[106.39648,17.61284]]]},"properties":{"kind":"water","class":"reservoir","name":"Hồ Cây Khế"}},{"type":"Feature","geometry":{"type":"Polygon","coordinates":[[[106.44751,17.6172],[106.44829,17.61638],[106.44794,17.61474],[106.44749,17.61419],[106.44669,17.6138],[106.44579,17.61385],[106.44553,17.61326],[106.44788,17.61293],[106.44858,17.6143],[106.44893,17.61578],[106.44935,17.61612],[106.4506,17.61652],[106.45108,17.6172],[106.45107,17.61772],[106.44945,17.6176],[106.44751,17.6172]]]},"properties":{"kind":"water","class":"reservoir","name":"Hồ Khe Cạn"}},{"type":"Feature","geometry":{"type":"Polygon","coordinates":[[[106.3943,17.61927],[106.39345,17.61929],[106.39183,17.61997],[106.3905,17.62037],[106.38973,17.62134],[106.38911,17.62138],[106.38827,17.62093],[106.38763,17.61977],[106.38648,17.61942],[106.38652,17.61877],[106.38693,17.6181],[106.38667,17.61734],[106.38595,17.61645],[106.38637,17.61608],[106.38683,17.61704],[106.38725,17.61715],[106.38724,17.6179],[106.3882,17.61883],[106.38916,17.61903],[106.38965,17.61863],[106.39201,17.61897],[106.39236,17.6188],[106.39406,17.61883],[106.3943,17.61927]]]},"properties":{"kind":"water","class":"reservoir","name":"Hồ Đê Hoang"}},{"type":"Feature","geometry":{"type":"Polygon","coordinates":[[[106.41991,17.69236],[106.42,17.69267],[106.4188,17.69288],[106.41576,17.69277],[106.41664,17.69213],[106.4168,17.69164],[106.41566,17.69134],[106.41518,17.69088],[106.41533,17.68989],[106.41674,17.69081],[106.41762,17.69057],[106.41938,17.6908],[106.42059,17.68987],[106.42106,17.69034],[106.42162,17.6902],[106.42233,17.69132],[106.42151,17.69181],[106.41991,17.69236]]]},"properties":{"kind":"water","class":"reservoir","name":null}},{"type":"Feature","geometry":{"type":"Polygon","coordinates":[[[106.60444,17.29517],[106.60386,17.2954],[106.60377,17.2945],[106.60295,17.29311],[106.60097,17.29296],[106.6001,17.29327],[106.59982,17.29258],[106.60037,17.29158],[106.60008,17.29078],[106.59993,17.28905],[106.60056,17.28924],[106.60215,17.29153],[106.60333,17.29105],[106.6038,17.29169],[106.60429,17.29312],[106.6047,17.29353],[106.60441,17.29422],[106.60444,17.29517]]]},"properties":{"kind":"water","class":"water","name":null}},{"type":"Feature","geometry":{"type":"Polygon","coordinates":[[[107.21263,16.66425],[107.21195,16.66388],[107.21156,16.66289],[107.21002,16.66171],[107.21107,16.66162],[107.2121,16.66011],[107.21144,16.65936],[107.21034,16.65913],[107.21085,16.65852],[107.21011,16.65776],[107.2094,16.65788],[107.20833,16.6572],[107.20911,16.65703],[107.20958,16.65733],[107.21063,16.65702],[107.21099,16.6579],[107.21259,16.65922],[107.21327,16.66024],[107.21312,16.66119],[107.2138,16.66092],[107.21394,16.66155],[107.21339,16.66202],[107.21333,16.66282],[107.21442,16.66415],[107.21444,16.66463],[107.21263,16.66425]]]},"properties":{"kind":"water","class":"water","name":null}},{"type":"Feature","geometry":{"type":"Polygon","coordinates":[[[106.93856,17.04465],[106.94013,17.0445],[106.9414,17.04474],[106.94211,17.04455],[106.94334,17.04468],[106.94343,17.044],[106.94242,17.04406],[106.9423,17.04334],[106.94114,17.04218],[106.94198,17.04216],[106.94271,17.04335],[106.94351,17.0438],[106.9439,17.04431],[106.94359,17.04476],[106.94447,17.04532],[106.94544,17.04563],[106.9464,17.04564],[106.94739,17.04518],[106.94808,17.04437],[106.94778,17.04371],[106.94846,17.04243],[106.94877,17.04306],[106.94843,17.0436],[106.94863,17.04436],[106.9492,17.04494],[106.94884,17.04573],[106.94937,17.04613],[106.94903,17.04811],[106.94823,17.04739],[106.94767,17.04781],[106.94753,17.04848],[106.94677,17.04879],[106.94691,17.04929],[106.94588,17.04954],[106.94628,17.05061],[106.94547,17.05067],[106.94483,17.05109],[106.94348,17.05052],[106.94173,17.05094],[106.94272,17.04995],[106.94319,17.05024],[106.94428,17.04974],[106.94507,17.04996],[106.94541,17.04929],[106.94599,17.04919],[106.94575,17.04837],[106.94595,17.04802],[106.94525,17.04733],[106.94621,17.04715],[106.94562,17.04632],[106.94351,17.04555],[106.94204,17.04528],[106.93917,17.04521],[106.93883,17.0455],[106.93874,17.04698],[106.9376,17.04703],[106.9353,17.04659],[106.93408,17.04595],[106.93295,17.04434],[106.93173,17.04335],[106.93072,17.04292],[106.92847,17.04093],[106.92776,17.04003],[106.92677,17.03799],[106.92592,17.0373],[106.92606,17.03677],[106.92675,17.03693],[106.9273,17.03781],[106.92814,17.03954],[106.92886,17.04046],[106.9313,17.04266],[106.93141,17.04195],[106.93222,17.04213],[106.93445,17.04552],[106.93543,17.04604],[106.93744,17.04622],[106.93807,17.04608],[106.93797,17.0455],[106.93856,17.04465]]]},"properties":{"kind":"water","class":"reservoir","name":null}},{"type":"Feature","geometry":{"type":"Polygon","coordinates":[[[107.25196,16.69063],[107.2516,16.69102],[107.25037,16.69167],[107.24984,16.69217],[107.2494,16.69371],[107.24886,16.69352],[107.2481,16.69371],[107.24711,16.69363],[107.24624,16.69255],[107.25057,16.68925],[107.25196,16.69063]]]},"properties":{"kind":"water","class":"lake","name":"Hồ Khe Chè"}},{"type":"Feature","geometry":{"type":"Polygon","coordinates":[[[106.92825,16.89777],[106.93119,16.89812],[106.93226,16.89867],[106.93375,16.89814],[106.93599,16.89797],[106.93636,16.89966],[106.93531,16.8997],[106.93449,16.90025],[106.93683,16.90251],[106.93548,16.90263],[106.93387,16.90185],[106.93299,16.90163],[106.93269,16.90284],[106.93232,16.90298],[106.93179,16.90169],[106.9314,16.90128],[106.93155,16.89951],[106.92825,16.89806],[106.92825,16.89777]]]},"properties":{"kind":"water","class":"lake","name":null}},{"type":"Feature","geometry":{"type":"Polygon","coordinates":[[[106.98958,16.64866],[106.98622,16.64996],[106.98431,16.65058],[106.98335,16.65068],[106.98037,16.65178],[106.97826,16.65121],[106.97706,16.65117],[106.97566,16.65134],[106.97463,16.65119],[106.97198,16.65144],[106.97075,16.65169],[106.96963,16.65228],[106.96893,16.65173],[106.9689,16.65113],[106.971,16.65033],[106.97194,16.65011],[106.974,16.64988],[106.97566,16.65021],[106.97842,16.65035],[106.97921,16.65052],[106.98083,16.65052],[106.98222,16.64986],[106.98926,16.6474],[106.98958,16.64866]]]},"properties":{"kind":"water","class":"river","name":null}},{"type":"Feature","geometry":{"type":"Polygon","coordinates":[[[106.98119,16.78407],[106.97887,16.78417],[106.97834,16.7839],[106.97662,16.78398],[106.97618,16.78327],[106.97768,16.78237],[106.97871,16.78205],[106.97893,16.78127],[106.97994,16.78109],[106.98113,16.78112],[106.98134,16.7814],[106.98119,16.78407]]]},"properties":{"kind":"water","class":"reservoir","name":null}},{"type":"Feature","geometry":{"type":"Polygon","coordinates":[[[107.00531,16.8961],[107.00431,16.89658],[107.00365,16.89596],[107.00308,16.89605],[107.00254,16.89692],[107.00184,16.89637],[107.00211,16.89512],[107.00308,16.89395],[107.00251,16.89351],[107.00156,16.89324],[107.00126,16.89256],[107.00172,16.89197],[107.00229,16.8918],[107.00341,16.89189],[107.00428,16.89254],[107.00531,16.8961]]]},"properties":{"kind":"water","class":"pond","name":null}},{"type":"Feature","geometry":{"type":"Polygon","coordinates":[[[106.5426,17.61287],[106.5418,17.61262],[106.54099,17.61152],[106.54062,17.60939],[106.54148,17.60914],[106.54294,17.60898],[106.54356,17.60935],[106.54382,17.61092],[106.54365,17.61229],[106.5426,17.61287]]]},"properties":{"kind":"water","class":"lake","name":null}},{"type":"Feature","geometry":{"type":"Polygon","coordinates":[[[107.12078,16.69046],[107.11921,16.68965],[107.11817,16.68851],[107.11713,16.68783],[107.117,16.68738],[107.11624,16.68662],[107.11631,16.68486],[107.11728,16.68363],[107.11775,16.6826],[107.11848,16.67823],[107.11848,16.67642],[107.11812,16.67461],[107.11763,16.67295],[107.11708,16.67149],[107.11566,16.66926],[107.11474,16.66821],[107.11288,16.66507],[107.1125,16.66468],[107.11335,16.66361],[107.11372,16.6639],[107.11494,16.66579],[107.11544,16.66681],[107.11785,16.66942],[107.11872,16.67111],[107.11847,16.67173],[107.11925,16.6733],[107.11982,16.67479],[107.11995,16.67601],[107.11974,16.67688],[107.11991,16.67953],[107.11968,16.68194],[107.11893,16.68329],[107.11791,16.68477],[107.11791,16.68621],[107.11833,16.68694],[107.11778,16.68778],[107.12078,16.69046]]]},"properties":{"kind":"water","class":"river","name":null}},{"type":"Feature","geometry":{"type":"Polygon","coordinates":[[[106.98926,16.6474],[106.99205,16.64629],[106.99488,16.64524],[106.99652,16.64534],[106.99818,16.64376],[107.00005,16.64216],[107.00061,16.64187],[107.00185,16.64181],[107.00348,16.64148],[107.00395,16.64177],[107.00704,16.64117],[107.00938,16.64092],[107.01003,16.6414],[107.0114,16.64094],[107.01327,16.63992],[107.01398,16.63921],[107.01455,16.64058],[107.01275,16.6415],[107.01009,16.64226],[107.00771,16.64263],[107.00509,16.64263],[107.00361,16.64251],[107.00207,16.643],[106.99842,16.64483],[106.99683,16.64602],[106.99462,16.6468],[106.9937,16.64701],[106.9925,16.64761],[106.98958,16.64866],[106.98926,16.6474]]]},"properties":{"kind":"water","class":"river","name":null}},{"type":"Feature","geometry":{"type":"Polygon","coordinates":[[[106.6811,17.3466],[106.68065,17.34736],[106.67887,17.34991],[106.67775,17.3512],[106.67675,17.35208],[106.67577,17.35264],[106.67398,17.35326],[106.67197,17.35357],[106.67156,17.35205],[106.67242,17.35206],[106.67401,17.35173],[106.67532,17.35102],[106.67622,17.3501],[106.67772,17.34808],[106.67968,17.34591],[106.6811,17.3466]]]},"properties":{"kind":"water","class":"river","name":null}},{"type":"Feature","geometry":{"type":"Polygon","coordinates":[[[106.47637,17.69838],[106.47653,17.69892],[106.47683,17.69997],[106.47703,17.70066],[106.47702,17.7011],[106.47641,17.70243],[106.4747,17.70288],[106.47417,17.70239],[106.47302,17.69829],[106.47603,17.69759],[106.47637,17.69838]]]},"properties":{"kind":"water","class":"water","name":null}},{"type":"Feature","geometry":{"type":"Polygon","coordinates":[[[106.47316,17.94749],[106.47582,17.94935],[106.47574,17.94992],[106.47485,17.95055],[106.47365,17.95095],[106.47238,17.95108],[106.47191,17.95148],[106.47135,17.95116],[106.47111,17.9505],[106.47023,17.9508],[106.46996,17.95002],[106.47075,17.94934],[106.4708,17.9487],[106.47138,17.94802],[106.47316,17.94749]]]},"properties":{"kind":"water","class":"reservoir","name":"Hồ Đá Cờ"}},{"type":"Feature","geometry":{"type":"Polygon","coordinates":[[[106.78965,17.22196],[106.78901,17.22257],[106.78854,17.22355],[106.7887,17.22433],[106.78971,17.2252],[106.79098,17.22597],[106.79169,17.22666],[106.79173,17.22761],[106.79134,17.22832],[106.79133,17.22908],[106.79188,17.22999],[106.79351,17.23113],[106.79395,17.23168],[106.79465,17.23336],[106.79618,17.23575],[106.79718,17.23651],[106.79832,17.23707],[106.79917,17.23709],[106.80045,17.23738],[106.80162,17.23827],[106.80209,17.23979],[106.80355,17.24257],[106.80365,17.24339],[106.80336,17.24322],[106.80105,17.23835],[106.79989,17.23767],[106.79852,17.2378],[106.79693,17.23697],[106.79569,17.23607],[106.79515,17.23547],[106.79421,17.23379],[106.79305,17.23143],[106.79199,17.23071],[106.79087,17.22964],[106.79067,17.22902],[106.7912,17.22715],[106.7904,17.22617],[106.78842,17.22479],[106.78793,17.22379],[106.78801,17.2227],[106.78965,17.22196]]]},"properties":{"kind":"water","class":"river","name":null}},{"type":"Feature","geometry":{"type":"Polygon","coordinates":[[[106.76331,16.42512],[106.76426,16.42572],[106.76565,16.42707],[106.76768,16.42876],[106.76911,16.42949],[106.77077,16.43056],[106.77178,16.43148],[106.77224,16.43302],[106.77212,16.43599],[106.77231,16.43696],[106.77284,16.43851],[106.77431,16.44073],[106.77526,16.44281],[106.77511,16.44433],[106.77431,16.44527],[106.77313,16.44745],[106.77284,16.44902],[106.77263,16.45133],[106.77283,16.45334],[106.77461,16.45766],[106.7754,16.45904],[106.77523,16.45957],[106.7743,16.45827],[106.77394,16.45752],[106.77388,16.45672],[106.77282,16.45477],[106.77241,16.45369],[106.77222,16.45268],[106.77211,16.45092],[106.77217,16.4492],[106.77241,16.4477],[106.77301,16.44611],[106.77453,16.44408],[106.77473,16.4434],[106.77456,16.4427],[106.7736,16.44049],[106.77263,16.43957],[106.77153,16.43678],[106.77152,16.43569],[106.77172,16.43357],[106.77146,16.43209],[106.77006,16.43101],[106.76774,16.42972],[106.7667,16.42874],[106.76325,16.42606],[106.76331,16.42512]]]},"properties":{"kind":"water","class":"river","name":null}},{"type":"Feature","geometry":{"type":"Polygon","coordinates":[[[106.64487,17.42516],[106.6464,17.42323],[106.64727,17.42363],[106.6463,17.42527],[106.64638,17.4258],[106.6471,17.42621],[106.64588,17.42839],[106.6451,17.42882],[106.6436,17.42803],[106.64382,17.42712],[106.64453,17.42574],[106.64487,17.42516]]]},"properties":{"kind":"water","class":"water","name":null}},{"type":"Feature","geometry":{"type":"Polygon","coordinates":[[[105.97423,17.78466],[105.97427,17.78428],[105.97509,17.78402],[105.97576,17.78349],[105.97614,17.78273],[105.97681,17.78261],[105.97798,17.78165],[105.97804,17.78126],[105.97886,17.78115],[105.98057,17.77978],[105.98084,17.77928],[105.98157,17.77928],[105.98197,17.77795],[105.98239,17.77807],[105.98201,17.77939],[105.98102,17.77957],[105.98038,17.78112],[105.98114,17.78183],[105.98205,17.7818],[105.98253,17.78229],[105.98366,17.78223],[105.98341,17.78321],[105.98271,17.78371],[105.98218,17.78357],[105.98231,17.78293],[105.98202,17.78234],[105.98074,17.78201],[105.98027,17.78255],[105.97985,17.78204],[105.97843,17.78235],[105.9775,17.78273],[105.97574,17.78396],[105.97423,17.78466]]]},"properties":{"kind":"water","class":"reservoir","name":null}},{"type":"Feature","geometry":{"type":"Polygon","coordinates":[[[105.95135,17.79558],[105.95133,17.79539],[105.95269,17.79387],[105.95409,17.79342],[105.95526,17.79396],[105.95657,17.7938],[105.95724,17.79309],[105.95792,17.7931],[105.95786,17.79142],[105.95822,17.79106],[105.95792,17.79048],[105.95901,17.78983],[105.95959,17.78974],[105.96028,17.78916],[105.95997,17.78876],[105.9605,17.78762],[105.96201,17.78713],[105.96247,17.78677],[105.96238,17.78561],[105.9629,17.78477],[105.96345,17.78598],[105.96264,17.78743],[105.96143,17.78819],[105.96147,17.78938],[105.96048,17.7901],[105.95986,17.79137],[105.95965,17.79275],[105.96006,17.7946],[105.95928,17.79502],[105.95909,17.79418],[105.95847,17.79382],[105.95785,17.79387],[105.9563,17.79467],[105.95553,17.79477],[105.95476,17.79458],[105.95427,17.79401],[105.95373,17.79386],[105.95135,17.79558]]]},"properties":{"kind":"water","class":"reservoir","name":null}},{"type":"Feature","geometry":{"type":"Polygon","coordinates":[[[106.7686,16.64623],[106.76829,16.64561],[106.76776,16.64549],[106.76508,16.64584],[106.76328,16.64625],[106.76165,16.64624],[106.76057,16.64571],[106.75949,16.64564],[106.75975,16.64479],[106.75924,16.6444],[106.75897,16.64367],[106.7579,16.64267],[106.756,16.64188],[106.75475,16.64099],[106.75331,16.64137],[106.75293,16.64228],[106.75226,16.64465],[106.75192,16.64388],[106.75191,16.64236],[106.75244,16.6412],[106.75252,16.64035],[106.75355,16.63982],[106.7545,16.63994],[106.75674,16.64056],[106.7597,16.64267],[106.76102,16.64325],[106.76116,16.6438],[106.76178,16.64457],[106.76349,16.64505],[106.76531,16.64487],[106.76587,16.64463],[106.76856,16.64422],[106.7699,16.64485],[106.77041,16.64615],[106.76943,16.64711],[106.7691,16.64697],[106.76818,16.64738],[106.76814,16.64662],[106.7686,16.64623]]]},"properties":{"kind":"water","class":"reservoir","name":null}},{"type":"Feature","geometry":{"type":"Polygon","coordinates":[[[105.71987,17.88476],[105.71976,17.88522],[105.71794,17.88495],[105.71732,17.88509],[105.71742,17.88619],[105.71822,17.88659],[105.71848,17.88809],[105.71714,17.88871],[105.71648,17.88928],[105.71496,17.88976],[105.71367,17.88986],[105.7111,17.88988],[105.70951,17.89043],[105.7089,17.89162],[105.70846,17.89188],[105.70663,17.89215],[105.70612,17.89193],[105.7047,17.89083],[105.70419,17.89078],[105.70267,17.8892],[105.70179,17.88954],[105.70086,17.88936],[105.70018,17.88988],[105.70083,17.89315],[105.70093,17.89462],[105.70083,17.8958],[105.70007,17.89628],[105.69873,17.8958],[105.69725,17.89842],[105.69681,17.89987],[105.69599,17.90197],[105.69609,17.90261],[105.69672,17.90434],[105.69631,17.90532],[105.69527,17.90544],[105.69409,17.90457],[105.69311,17.90248],[105.69297,17.90143],[105.69111,17.90102],[105.69015,17.90066],[105.68955,17.90105],[105.68834,17.90039],[105.68742,17.90138],[105.68714,17.90124],[105.68802,17.89999],[105.68878,17.90001],[105.6897,17.90081],[105.69026,17.90039],[105.69149,17.90086],[105.693,17.90101],[105.69326,17.90139],[105.69329,17.90248],[105.6941,17.90423],[105.69525,17.90518],[105.69612,17.90503],[105.69633,17.90455],[105.69624,17.90342],[105.69587,17.90268],[105.69578,17.90174],[105.69612,17.90119],[105.69712,17.89794],[105.6984,17.89589],[105.699,17.89553],[105.70006,17.89601],[105.70053,17.89553],[105.70062,17.89442],[105.70005,17.89059],[105.69971,17.88964],[105.69996,17.88908],[105.70157,17.8894],[105.7024,17.88875],[105.70313,17.88917],[105.70431,17.89038],[105.70477,17.8905],[105.70679,17.8918],[105.70854,17.89151],[105.70906,17.89051],[105.70985,17.88992],[105.71134,17.88962],[105.71294,17.88961],[105.71509,17.88939],[105.71622,17.88904],[105.71658,17.88859],[105.71776,17.88821],[105.71811,17.8878],[105.71805,17.88667],[105.71733,17.88651],[105.71699,17.88509],[105.7173,17.88432],[105.71987,17.88476]]]},"properties":{"kind":"water","class":"river","name":null}},{"type":"Feature","geometry":{"type":"Polygon","coordinates":[[[105.71987,17.88476],[105.72141,17.88506],[105.72401,17.88352],[105.72441,17.88317],[105.72517,17.88315],[105.72598,17.88355],[105.72684,17.88324],[105.72691,17.88209],[105.72728,17.88195],[105.72814,17.88261],[105.7285,17.88218],[105.72842,17.88087],[105.72904,17.87939],[105.72901,17.87834],[105.72971,17.87766],[105.73086,17.87739],[105.73112,17.87767],[105.73329,17.87853],[105.73423,17.87849],[105.73549,17.87745],[105.73585,17.87683],[105.73688,17.87589],[105.73773,17.87489],[105.73799,17.87431],[105.73799,17.87194],[105.73739,17.87135],[105.73784,17.87093],[105.73703,17.87027],[105.73775,17.86994],[105.73847,17.86914],[105.73935,17.86902],[105.74227,17.86795],[105.74323,17.86785],[105.7436,17.86747],[105.74386,17.86639],[105.74441,17.86571],[105.74653,17.8651],[105.74762,17.86538],[105.74831,17.86577],[105.74973,17.86563],[105.7503,17.86468],[105.75059,17.86321],[105.7509,17.86267],[105.75028,17.86225],[105.74974,17.8612],[105.74902,17.8607],[105.74796,17.86126],[105.74662,17.86037],[105.74517,17.86105],[105.74316,17.86031],[105.74449,17.86013],[105.74529,17.86049],[105.74646,17.85994],[105.74764,17.86015],[105.74806,17.85975],[105.74903,17.86003],[105.74985,17.85994],[105.75105,17.86142],[105.75197,17.86049],[105.75243,17.85935],[105.75232,17.85831],[105.7518,17.85767],[105.75106,17.85731],[105.75047,17.85538],[105.75062,17.85478],[105.75155,17.85417],[105.75175,17.85373],[105.75277,17.85282],[105.75446,17.85274],[105.75592,17.85354],[105.75786,17.85379],[105.75772,17.85424],[105.7568,17.85521],[105.75732,17.85537],[105.75765,17.85653],[105.75836,17.85657],[105.75932,17.85723],[105.76056,17.85883],[105.76088,17.85943],[105.76095,17.8609],[105.76138,17.8611],[105.76182,17.86263],[105.76382,17.86312],[105.76435,17.86375],[105.76419,17.86416],[105.76553,17.86473],[105.76612,17.8652],[105.76665,17.86514],[105.76759,17.8656],[105.76835,17.86554],[105.7685,17.86594],[105.7694,17.86565],[105.76963,17.86654],[105.76857,17.86691],[105.76726,17.86783],[105.76832,17.86837],[105.76806,17.86905],[105.76669,17.86952],[105.76824,17.87049],[105.76823,17.87151],[105.76734,17.87065],[105.76637,17.87065],[105.76605,17.87016],[105.76624,17.86959],[105.76716,17.86881],[105.76668,17.86773],[105.76796,17.86636],[105.76739,17.86613],[105.76429,17.86541],[105.76328,17.86531],[105.76246,17.86479],[105.76203,17.86369],[105.76134,17.86436],[105.75969,17.8639],[105.76033,17.86226],[105.76018,17.86171],[105.75935,17.86133],[105.75973,17.86083],[105.7595,17.86013],[105.75954,17.85894],[105.75875,17.85854],[105.75864,17.85806],[105.75764,17.85723],[105.75711,17.85733],[105.75619,17.85643],[105.75618,17.85577],[105.75563,17.85549],[105.7554,17.85489],[105.75372,17.85406],[105.75317,17.85449],[105.75215,17.85592],[105.7535,17.85691],[105.75421,17.85891],[105.75473,17.85987],[105.75454,17.86173],[105.75269,17.86272],[105.75226,17.86336],[105.75319,17.86486],[105.75248,17.86553],[105.75172,17.86681],[105.75052,17.86747],[105.75002,17.86797],[105.74905,17.8679],[105.74817,17.86732],[105.74762,17.86851],[105.74723,17.86707],[105.74579,17.86649],[105.74501,17.86684],[105.74512,17.86749],[105.74473,17.86818],[105.74298,17.86931],[105.74232,17.86913],[105.74045,17.86959],[105.73903,17.8704],[105.73856,17.87115],[105.739,17.87258],[105.73886,17.87456],[105.73781,17.87602],[105.73728,17.87649],[105.7356,17.87847],[105.73484,17.87922],[105.73397,17.87948],[105.73295,17.87921],[105.73025,17.87817],[105.72978,17.87888],[105.72984,17.88011],[105.72969,17.88111],[105.72931,17.88216],[105.72867,17.88313],[105.72842,17.88391],[105.72789,17.88368],[105.72612,17.88419],[105.72501,17.88373],[105.72449,17.88376],[105.7224,17.88514],[105.72089,17.8855],[105.71976,17.88522],[105.71987,17.88476]]]},"properties":{"kind":"water","class":"reservoir","name":null}},{"type":"Feature","geometry":{"type":"Polygon","coordinates":[[[106.6248,16.59065],[106.62485,16.59297],[106.6246,16.59467],[106.62456,16.5968],[106.6254,16.59858],[106.62668,16.59936],[106.6273,16.60023],[106.62701,16.6013],[106.62568,16.60211],[106.62157,16.60383],[106.62051,16.60458],[106.61655,16.60624],[106.61254,16.60701],[106.61003,16.60733],[106.60749,16.60754],[106.60439,16.60734],[106.60242,16.60691],[106.59751,16.60656],[106.59462,16.60488],[106.59478,16.60464],[106.59671,16.6058],[106.59773,16.6063],[106.60023,16.60635],[106.6025,16.60659],[106.60605,16.60713],[106.60863,16.60711],[106.6116,16.60678],[106.61465,16.60632],[106.61686,16.60575],[106.61866,16.60501],[106.62151,16.60365],[106.62579,16.60191],[106.62676,16.6011],[106.62674,16.60053],[106.62627,16.59964],[106.62503,16.59866],[106.62428,16.59666],[106.62419,16.59493],[106.62456,16.59364],[106.62456,16.59065],[106.6248,16.59065]]]},"properties":{"kind":"water","class":"river","name":null}},{"type":"Feature","geometry":{"type":"Polygon","coordinates":[[[105.93953,17.74711],[105.93873,17.74555],[105.94008,17.74318],[105.94145,17.74367],[105.9422,17.74228],[105.94366,17.74152],[105.94424,17.74181],[105.94371,17.74246],[105.94304,17.74281],[105.94238,17.745],[105.94182,17.746],[105.94006,17.74757],[105.93953,17.74711]]]},"properties":{"kind":"water","class":"reservoir","name":null}},{"type":"Feature","geometry":{"type":"Polygon","coordinates":[[[106.00794,17.773],[106.00736,17.77232],[106.00781,17.77161],[106.00653,17.77132],[106.00642,17.77067],[106.007,17.77015],[106.00766,17.76995],[106.00777,17.76932],[106.00878,17.76916],[106.00895,17.76841],[106.01016,17.76867],[106.0116,17.76832],[106.01348,17.7685],[106.01345,17.76928],[106.01219,17.76925],[106.01153,17.76964],[106.01136,17.77044],[106.01032,17.77035],[106.00954,17.77107],[106.00953,17.77189],[106.00904,17.77216],[106.00867,17.77292],[106.00794,17.773]]]},"properties":{"kind":"water","class":"reservoir","name":null}},{"type":"Feature","geometry":{"type":"Polygon","coordinates":[[[106.35769,17.65785],[106.3585,17.6576],[106.35984,17.65857],[106.36172,17.65855],[106.36295,17.65951],[106.36398,17.65974],[106.36491,17.65973],[106.36585,17.66095],[106.36568,17.6616],[106.36468,17.66166],[106.36425,17.66289],[106.36347,17.66224],[106.36246,17.66249],[106.362,17.66221],[106.36248,17.66111],[106.3621,17.66054],[106.36208,17.65986],[106.36109,17.65979],[106.36035,17.66053],[106.3596,17.66023],[106.3594,17.65912],[106.35895,17.65841],[106.35795,17.65818],[106.35769,17.65785]]]},"properties":{"kind":"water","class":"reservoir","name":"Hồ Trục Vực"}},{"type":"Feature","geometry":{"type":"Polygon","coordinates":[[[106.36078,17.58721],[106.36123,17.58699],[106.36092,17.58635],[106.36163,17.58429],[106.36301,17.58371],[106.36313,17.58306],[106.36388,17.58305],[106.36374,17.58432],[106.36316,17.58577],[106.36236,17.58659],[106.36268,17.58688],[106.36305,17.58793],[106.36121,17.58836],[106.36155,17.58782],[106.36078,17.58721]]]},"properties":{"kind":"water","class":"reservoir","name":null}},{"type":"Feature","geometry":{"type":"Polygon","coordinates":[[[106.42664,17.46443],[106.427,17.46413],[106.42796,17.46559],[106.42854,17.46589],[106.42911,17.46495],[106.42849,17.46433],[106.42857,17.46333],[106.42932,17.46269],[106.42976,17.46134],[106.43023,17.46137],[106.43109,17.46065],[106.42946,17.46077],[106.42841,17.4615],[106.42812,17.46092],[106.42902,17.46052],[106.42827,17.45949],[106.42852,17.45906],[106.42946,17.45987],[106.43006,17.45988],[106.43129,17.46034],[106.43168,17.45972],[106.43243,17.45944],[106.43219,17.45892],[106.43391,17.45625],[106.43285,17.45576],[106.43189,17.4563],[106.43085,17.45633],[106.43119,17.45576],[106.42976,17.45488],[106.42973,17.45408],[106.43265,17.45431],[106.43503,17.4557],[106.43542,17.45553],[106.43879,17.45629],[106.44018,17.4532],[106.43924,17.45144],[106.43903,17.45201],[106.43815,17.45193],[106.43731,17.45222],[106.43733,17.45287],[106.43611,17.454],[106.43606,17.45293],[106.43557,17.45171],[106.43667,17.4521],[106.43709,17.45142],[106.43701,17.45009],[106.43815,17.45023],[106.43845,17.4506],[106.43888,17.449],[106.43815,17.44857],[106.43669,17.44855],[106.43488,17.44559],[106.43658,17.44671],[106.43624,17.44507],[106.43574,17.44462],[106.43598,17.44342],[106.43684,17.4446],[106.43742,17.44442],[106.43692,17.4429],[106.43752,17.4429],[106.43718,17.44202],[106.43789,17.44123],[106.43843,17.4429],[106.43804,17.44329],[106.4401,17.44663],[106.44001,17.44765],[106.44061,17.449],[106.44205,17.44608],[106.44102,17.44516],[106.44218,17.4418],[106.44295,17.44129],[106.44317,17.43979],[106.44375,17.44114],[106.44523,17.44043],[106.44531,17.43934],[106.44379,17.43908],[106.44527,17.43723],[106.44579,17.43717],[106.44594,17.43789],[106.44676,17.43746],[106.44779,17.43726],[106.44878,17.4356],[106.44955,17.43541],[106.44955,17.43482],[106.44998,17.43437],[106.44987,17.43388],[106.44867,17.43163],[106.44875,17.43054],[106.44865,17.42862],[106.44938,17.42937],[106.44908,17.43025],[106.44903,17.4313],[106.45073,17.434],[106.45242,17.43535],[106.45347,17.43547],[106.45414,17.43576],[106.45476,17.43547],[106.45513,17.43457],[106.45463,17.43261],[106.45435,17.43261],[106.45448,17.43056],[106.4541,17.42851],[106.45375,17.42827],[106.45384,17.42704],[106.45189,17.42249],[106.45086,17.42108],[106.45034,17.42108],[106.44923,17.42004],[106.45062,17.4201],[106.45047,17.41856],[106.44981,17.41799],[106.44942,17.41672],[106.45064,17.41668],[106.45171,17.41629],[106.4521,17.41678],[106.45191,17.41856],[106.45274,17.4203],[106.45365,17.42006],[106.45244,17.42163],[106.45356,17.42317],[106.45401,17.42454],[106.45508,17.42573],[106.45573,17.42428],[106.45659,17.42372],[106.45676,17.42442],[106.45603,17.4246],[106.45598,17.42571],[106.45556,17.42675],[106.45545,17.42845],[106.45611,17.42954],[106.45689,17.43146],[106.45749,17.43199],[106.45877,17.43136],[106.46015,17.43028],[106.46129,17.43076],[106.46208,17.43148],[106.46264,17.43072],[106.46315,17.4314],[106.46324,17.43279],[106.46459,17.43394],[106.46315,17.43531],[106.46178,17.43599],[106.46075,17.43547],[106.45985,17.43527],[106.46071,17.43437],[106.45985,17.43388],[106.45927,17.43601],[106.45929,17.43685],[106.4598,17.43748],[106.4588,17.43809],[106.45905,17.43889],[106.45869,17.43994],[106.45764,17.43949],[106.45695,17.4394],[106.45706,17.44203],[106.45652,17.44141],[106.45534,17.44139],[106.45455,17.44198],[106.45442,17.44133],[106.45373,17.44131],[106.45367,17.44194],[106.45311,17.44235],[106.45317,17.44303],[106.45296,17.44417],[106.45221,17.44462],[106.45251,17.44334],[106.45174,17.44315],[106.45141,17.44248],[106.45146,17.44004],[106.45002,17.43965],[106.44996,17.44071],[106.44908,17.44186],[106.4489,17.44127],[106.44787,17.44203],[106.44783,17.44102],[106.44727,17.4409],[106.44626,17.44213],[106.44601,17.4442],[106.44648,17.4445],[106.44603,17.44508],[106.44474,17.44489],[106.44487,17.44372],[106.44459,17.44323],[106.4438,17.44323],[106.44328,17.44368],[106.44337,17.44426],[106.44442,17.44512],[106.4439,17.44628],[106.44553,17.44663],[106.44549,17.447],[106.44373,17.44671],[106.44328,17.44901],[106.44223,17.44907],[106.44212,17.45011],[106.44242,17.45052],[106.44429,17.4521],[106.44382,17.453],[106.44395,17.45443],[106.44369,17.45511],[106.44418,17.45551],[106.44431,17.45629],[106.44523,17.45558],[106.44665,17.45496],[106.44641,17.45605],[106.4475,17.45746],[106.44586,17.45773],[106.44635,17.45962],[106.44507,17.45791],[106.44535,17.45717],[106.44496,17.45633],[106.44428,17.4567],[106.44349,17.4561],[106.44295,17.45644],[106.44289,17.45757],[106.44335,17.45878],[106.44406,17.45896],[106.44401,17.46034],[106.44488,17.46192],[106.44486,17.46319],[106.44387,17.46427],[106.44318,17.46357],[106.44325,17.45946],[106.4427,17.45863],[106.44191,17.45875],[106.44149,17.45843],[106.44226,17.45763],[106.44174,17.45621],[106.44093,17.45671],[106.44121,17.45562],[106.44033,17.45531],[106.43973,17.45744],[106.43816,17.45837],[106.4374,17.45948],[106.43749,17.45762],[106.43665,17.45727],[106.43557,17.45807],[106.4354,17.45938],[106.4363,17.46263],[106.43506,17.4608],[106.43466,17.45863],[106.43362,17.45873],[106.43206,17.46156],[106.4305,17.46195],[106.43008,17.4639],[106.42945,17.46577],[106.42861,17.46643],[106.4279,17.46642],[106.42664,17.46443]]]},"properties":{"kind":"water","class":"reservoir","name":"Hồ Thác Chuối"}},{"type":"Feature","geometry":{"type":"Polygon","coordinates":[[[106.31263,17.74831],[106.3128,17.7478],[106.31375,17.74728],[106.3138,17.74688],[106.3155,17.74602],[106.31777,17.74626],[106.32021,17.74484],[106.32081,17.74548],[106.32186,17.74799],[106.3214,17.74913],[106.31718,17.75028],[106.31685,17.74992],[106.31478,17.74888],[106.31309,17.74904],[106.31263,17.74831]]]},"properties":{"kind":"water","class":"reservoir","name":null}},{"type":"Feature","geometry":{"type":"Polygon","coordinates":[[[106.19258,17.82828],[106.19298,17.82763],[106.19283,17.82723],[106.19365,17.82644],[106.19318,17.82474],[106.19325,17.82446],[106.1951,17.82379],[106.19651,17.82411],[106.19696,17.82575],[106.19755,17.82505],[106.19823,17.82518],[106.19896,17.82456],[106.19944,17.82482],[106.20062,17.82456],[106.20189,17.82404],[106.20213,17.82433],[106.20344,17.82408],[106.20613,17.82283],[106.20903,17.82166],[106.20935,17.82175],[106.21143,17.82138],[106.2117,17.82184],[106.20926,17.82254],[106.20867,17.82261],[106.20835,17.82328],[106.20871,17.82354],[106.20963,17.82316],[106.21077,17.82371],[106.21058,17.82439],[106.2099,17.82506],[106.20809,17.82455],[106.20743,17.82542],[106.20375,17.82755],[106.20246,17.82803],[106.20213,17.82901],[106.20286,17.83],[106.20211,17.83028],[106.20089,17.82977],[106.20026,17.82846],[106.19943,17.82822],[106.19833,17.82931],[106.19848,17.8303],[106.1981,17.83093],[106.19692,17.83109],[106.19536,17.83095],[106.19451,17.83113],[106.19329,17.83105],[106.19258,17.82828]]]},"properties":{"kind":"water","class":"reservoir","name":"Hồ Đập Bẹ"}},{"type":"Feature","geometry":{"type":"Polygon","coordinates":[[[106.3011,17.78611],[106.30275,17.78402],[106.30373,17.78403],[106.3047,17.78504],[106.30448,17.78584],[106.30385,17.78646],[106.30351,17.78738],[106.30347,17.78834],[106.30281,17.78921],[106.30253,17.78879],[106.30277,17.78762],[106.30251,17.78725],[106.30119,17.7866],[106.3011,17.78611]]]},"properties":{"kind":"water","class":"reservoir","name":null}},{"type":"Feature","geometry":{"type":"Polygon","coordinates":[[[106.40521,17.79294],[106.40716,17.79364],[106.4063,17.79531],[106.4078,17.79684],[106.40913,17.79681],[106.40967,17.79741],[106.41327,17.79805],[106.41255,17.79821],[106.41265,17.79978],[106.41222,17.80018],[106.41222,17.80108],[106.41118,17.8023],[106.41183,17.79961],[106.41158,17.79957],[106.41101,17.8019],[106.41068,17.80147],[106.41102,17.80063],[106.41097,17.79953],[106.41056,17.79888],[106.40953,17.79886],[106.40877,17.79843],[106.40736,17.79905],[106.40676,17.7979],[106.40546,17.79827],[106.40533,17.79934],[106.40481,17.8007],[106.40401,17.80026],[106.40417,17.79917],[106.40397,17.79852],[106.40324,17.79841],[106.40366,17.7971],[106.40424,17.79672],[106.40434,17.79601],[106.40481,17.7958],[106.40452,17.79505],[106.40448,17.79339],[106.40521,17.79294]]]},"properties":{"kind":"water","class":"reservoir","name":null}},{"type":"Feature","geometry":{"type":"Polygon","coordinates":[[[106.47012,17.58633],[106.47031,17.58506],[106.47167,17.58426],[106.47295,17.58144],[106.47295,17.58087],[106.47216,17.58089],[106.47094,17.58209],[106.47201,17.57972],[106.47167,17.57907],[106.47034,17.57817],[106.47094,17.57759],[106.46787,17.57743],[106.46774,17.57678],[106.46924,17.57649],[106.47008,17.57573],[106.46991,17.575],[106.46864,17.57503],[106.46843,17.57424],[106.46881,17.57347],[106.46998,17.57421],[106.47086,17.5742],[106.47119,17.57302],[106.47182,17.57315],[106.47174,17.57478],[106.47115,17.57584],[106.47122,17.5764],[106.47181,17.57713],[106.47264,17.57732],[106.47365,17.57913],[106.47488,17.57947],[106.47519,17.57935],[106.47689,17.58077],[106.47703,17.58106],[106.47615,17.58162],[106.4741,17.58195],[106.47312,17.5833],[106.4721,17.58538],[106.47164,17.58521],[106.47075,17.58559],[106.47012,17.58633]]]},"properties":{"kind":"water","class":"reservoir","name":"Hồ Trọt Hóp"}},{"type":"Feature","geometry":{"type":"Polygon","coordinates":[[[106.47127,17.59289],[106.472,17.5915],[106.47363,17.5905],[106.47463,17.59058],[106.47575,17.59019],[106.47614,17.58946],[106.47672,17.5897],[106.47708,17.59036],[106.47875,17.59101],[106.47888,17.59142],[106.4773,17.59259],[106.47629,17.59181],[106.47519,17.59232],[106.47457,17.59367],[106.4741,17.59418],[106.47395,17.59248],[106.47294,17.59234],[106.47174,17.59323],[106.47127,17.59289]]]},"properties":{"kind":"water","class":"reservoir","name":"Hồ Đồng Sen"}},{"type":"Feature","geometry":{"type":"Polygon","coordinates":[[[106.46034,17.557],[106.46096,17.55592],[106.46151,17.55621],[106.46221,17.55613],[106.46261,17.55558],[106.46228,17.55458],[106.46267,17.55217],[106.46299,17.55223],[106.4629,17.55466],[106.46343,17.55554],[106.46282,17.55695],[106.46207,17.55776],[106.46247,17.55825],[106.46369,17.55779],[106.4641,17.55838],[106.46283,17.55938],[106.46359,17.5595],[106.4642,17.55891],[106.46495,17.56153],[106.46362,17.56219],[106.46336,17.5628],[106.46224,17.56251],[106.46198,17.56318],[106.4612,17.56329],[106.46113,17.56214],[106.4597,17.56264],[106.4598,17.56402],[106.45915,17.56473],[106.45879,17.56375],[106.458,17.56371],[106.4571,17.56539],[106.45576,17.56597],[106.45453,17.5646],[106.45361,17.56406],[106.45368,17.56377],[106.45175,17.56227],[106.45264,17.56225],[106.45418,17.56319],[106.45477,17.56336],[106.45581,17.56404],[106.45658,17.56372],[106.45742,17.56274],[106.45821,17.56239],[106.45844,17.56164],[106.45799,17.56106],[106.45717,17.56114],[106.45635,17.56081],[106.45504,17.56062],[106.45519,17.56027],[106.45407,17.5593],[106.45421,17.55869],[106.4547,17.55864],[106.45505,17.55947],[106.45583,17.55998],[106.45672,17.55987],[106.45741,17.56016],[106.45864,17.55969],[106.46005,17.56021],[106.46034,17.557]]]},"properties":{"kind":"water","class":"reservoir","name":"Hồ Đồng Ngọn"}},{"type":"Feature","geometry":{"type":"Polygon","coordinates":[[[106.41529,17.58099],[106.41674,17.58089],[106.41686,17.58131],[106.41589,17.58208],[106.41545,17.58296],[106.41553,17.58439],[106.41537,17.58608],[106.41636,17.58557],[106.41668,17.58495],[106.41766,17.5849],[106.41948,17.58445],[106.4199,17.58529],[106.41945,17.58561],[106.41938,17.5863],[106.41832,17.58583],[106.41765,17.58611],[106.4179,17.58691],[106.41884,17.58729],[106.41851,17.58792],[106.41732,17.58785],[106.41648,17.58734],[106.41627,17.5881],[106.41652,17.58887],[106.41554,17.58917],[106.41475,17.58854],[106.4141,17.58869],[106.41374,17.58954],[106.41254,17.59056],[106.41176,17.59085],[106.41153,17.59042],[106.41281,17.58981],[106.41323,17.58826],[106.41415,17.5875],[106.41457,17.58625],[106.4143,17.58558],[106.41379,17.58558],[106.41327,17.58608],[106.41252,17.58602],[106.41221,17.58514],[106.41331,17.58523],[106.41443,17.58418],[106.41436,17.58302],[106.41529,17.58099]]]},"properties":{"kind":"water","class":"reservoir","name":null}},{"type":"Feature","geometry":{"type":"Polygon","coordinates":[[[106.31618,17.64806],[106.31624,17.64771],[106.31825,17.64673],[106.31895,17.64737],[106.3198,17.64758],[106.32057,17.64713],[106.32184,17.64788],[106.32459,17.64806],[106.32574,17.64754],[106.32602,17.64703],[106.32702,17.64635],[106.32795,17.64661],[106.32924,17.64776],[106.32894,17.64813],[106.32752,17.64842],[106.32687,17.649],[106.32698,17.6495],[106.32623,17.65014],[106.32519,17.64985],[106.32311,17.65004],[106.32248,17.65078],[106.32271,17.65148],[106.32161,17.65174],[106.32099,17.65142],[106.32079,17.65074],[106.32027,17.6509],[106.32039,17.65173],[106.31992,17.65186],[106.31833,17.65048],[106.3174,17.65039],[106.31684,17.65067],[106.31634,17.6503],[106.3147,17.65038],[106.31476,17.6498],[106.31426,17.64889],[106.31553,17.64806],[106.31618,17.64806]]]},"properties":{"kind":"water","class":"reservoir","name":"Hồ Khe Ngang"}},{"type":"Feature","geometry":{"type":"Polygon","coordinates":[[[106.34464,17.81855],[106.34575,17.82233],[106.34543,17.8227],[106.34381,17.82382],[106.34452,17.82438],[106.34362,17.82573],[106.34306,17.82687],[106.3433,17.82772],[106.34268,17.82824],[106.34404,17.83028],[106.3452,17.83114],[106.34473,17.83131],[106.34344,17.83054],[106.34276,17.82965],[106.34227,17.82967],[106.34124,17.82826],[106.34086,17.82708],[106.34197,17.82477],[106.34187,17.82428],[106.34056,17.82435],[106.33917,17.82494],[106.33876,17.82704],[106.33907,17.82755],[106.33876,17.82814],[106.33826,17.82655],[106.33803,17.8246],[106.33684,17.82481],[106.33634,17.8257],[106.33457,17.82613],[106.33333,17.82605],[106.33179,17.82755],[106.33146,17.82757],[106.33176,17.82618],[106.33218,17.82525],[106.33381,17.82427],[106.33429,17.82425],[106.33582,17.82326],[106.33699,17.82288],[106.34035,17.82207],[106.34107,17.82146],[106.34211,17.8209],[106.34217,17.82038],[106.34334,17.81944],[106.34402,17.81917],[106.34464,17.81855]]]},"properties":{"kind":"water","class":"reservoir","name":null}},{"type":"Feature","geometry":{"type":"Polygon","coordinates":[[[106.43455,17.62551],[106.43343,17.62489],[106.43377,17.6236],[106.43487,17.62347],[106.43528,17.62235],[106.43608,17.62204],[106.43604,17.62029],[106.4358,17.6192],[106.43517,17.6182],[106.4351,17.61767],[106.43584,17.61585],[106.4362,17.61706],[106.43592,17.61798],[106.43752,17.62027],[106.43724,17.62102],[106.43759,17.62195],[106.43742,17.62335],[106.43671,17.62525],[106.43566,17.62522],[106.43455,17.62551]]]},"properties":{"kind":"water","class":"reservoir","name":"Hồ Khe Cầy"}},{"type":"Feature","geometry":{"type":"Polygon","coordinates":[[[106.53586,17.44208],[106.5352,17.4414],[106.53201,17.44035],[106.53351,17.44047],[106.53377,17.44005],[106.53347,17.43786],[106.53385,17.43722],[106.5346,17.43696],[106.53519,17.43463],[106.53622,17.43352],[106.53708,17.43409],[106.53595,17.43427],[106.53536,17.43513],[106.5356,17.43624],[106.53456,17.43751],[106.53673,17.43777],[106.53531,17.43837],[106.53408,17.43763],[106.53374,17.43803],[106.53444,17.4406],[106.53569,17.44086],[106.53662,17.44175],[106.53586,17.44208]]]},"properties":{"kind":"water","class":"river","name":null}},{"type":"Feature","geometry":{"type":"Polygon","coordinates":[[[106.807,17.16479],[106.80828,17.16368],[106.80995,17.16278],[106.80956,17.16409],[106.81069,17.16411],[106.81119,17.16373],[106.81079,17.1628],[106.81213,17.16253],[106.81238,17.16342],[106.81297,17.16336],[106.81297,17.16275],[106.81374,17.16255],[106.8135,17.16152],[106.81295,17.16097],[106.81357,17.16065],[106.815,17.16202],[106.81564,17.16177],[106.81617,17.16302],[106.8167,17.16327],[106.81786,17.16307],[106.81803,17.16222],[106.81899,17.16266],[106.81928,17.16133],[106.82024,17.16186],[106.82019,17.1626],[106.81945,17.16367],[106.81776,17.16481],[106.81706,17.16514],[106.81513,17.1645],[106.81443,17.16593],[106.81319,17.16613],[106.81276,17.16517],[106.81177,17.16597],[106.81122,17.16581],[106.81094,17.16631],[106.81128,17.16715],[106.8123,17.16724],[106.81158,17.16818],[106.80825,17.16832],[106.80789,17.16774],[106.80685,17.16803],[106.8059,17.16724],[106.80535,17.16722],[106.80594,17.16554],[106.80645,17.16543],[106.80709,17.1665],[106.80779,17.16621],[106.80796,17.16568],[106.8076,17.16485],[106.807,17.16479]]]},"properties":{"kind":"water","class":"reservoir","name":null}},{"type":"Feature","geometry":{"type":"Polygon","coordinates":[[[106.83267,17.14888],[106.83377,17.14967],[106.83409,17.15032],[106.83354,17.15147],[106.83391,17.15226],[106.83571,17.15138],[106.83593,17.1525],[106.83526,17.1535],[106.83593,17.15426],[106.83606,17.15579],[106.83551,17.15547],[106.83509,17.15683],[106.83531,17.15699],[106.83663,17.16006],[106.83558,17.16032],[106.83518,17.1599],[106.83369,17.15966],[106.83245,17.16052],[106.8316,17.16016],[106.82979,17.16147],[106.83014,17.16043],[106.83125,17.1596],[106.83268,17.1594],[106.83384,17.15816],[106.83362,17.15678],[106.83439,17.15593],[106.83442,17.15485],[106.83416,17.15336],[106.83327,17.15176],[106.83257,17.15163],[106.83365,17.15019],[106.83267,17.14888]]]},"properties":{"kind":"water","class":"reservoir","name":null}},{"type":"Feature","geometry":{"type":"Polygon","coordinates":[[[106.86735,17.16675],[106.86872,17.16509],[106.86981,17.16446],[106.87039,17.1645],[106.87011,17.16555],[106.87152,17.1661],[106.87187,17.16586],[106.87309,17.16651],[106.87382,17.16641],[106.87504,17.1651],[106.87541,17.16524],[106.87556,17.16668],[106.87655,17.16658],[106.87824,17.16467],[106.87865,17.16338],[106.8788,17.16619],[106.87921,17.16699],[106.88064,17.16742],[106.88075,17.16781],[106.87942,17.16799],[106.87925,17.17039],[106.87976,17.17043],[106.88124,17.17008],[106.88157,17.17039],[106.87989,17.17074],[106.87927,17.17236],[106.87897,17.17127],[106.87846,17.17059],[106.87865,17.16922],[106.878,17.16725],[106.87749,17.16703],[106.87672,17.16817],[106.87444,17.16774],[106.8723,17.16879],[106.87086,17.16973],[106.8712,17.16992],[106.8694,17.171],[106.87022,17.16967],[106.87019,17.16895],[106.87088,17.16873],[106.87097,17.16776],[106.87019,17.16746],[106.86904,17.1683],[106.86914,17.16746],[106.86841,17.16731],[106.86698,17.16844],[106.86768,17.16705],[106.86735,17.16675]]]},"properties":{"kind":"water","class":"reservoir","name":null}},{"type":"Feature","geometry":{"type":"Polygon","coordinates":[[[106.58566,17.39949],[106.58636,17.40061],[106.58684,17.40311],[106.58537,17.40362],[106.58561,17.40297],[106.58504,17.40236],[106.58504,17.40104],[106.58326,17.40179],[106.58223,17.40046],[106.58142,17.40123],[106.57985,17.40102],[106.57967,17.40065],[106.57838,17.40126],[106.57754,17.3997],[106.57665,17.39942],[106.57603,17.39986],[106.575,17.39973],[106.57428,17.40089],[106.57018,17.40224],[106.57146,17.40069],[106.57145,17.40006],[106.57043,17.39992],[106.57014,17.39933],[106.56914,17.40013],[106.56845,17.40014],[106.56852,17.39941],[106.56946,17.39903],[106.56979,17.39823],[106.57167,17.39907],[106.57233,17.39859],[106.57381,17.39885],[106.57511,17.39867],[106.57583,17.39912],[106.57684,17.39863],[106.57762,17.3985],[106.57926,17.39946],[106.58065,17.39981],[106.58087,17.39909],[106.58065,17.39796],[106.57856,17.39641],[106.57843,17.3959],[106.57622,17.39567],[106.57627,17.39524],[106.57516,17.39441],[106.57389,17.39481],[106.57398,17.39326],[106.57493,17.39337],[106.57525,17.39305],[106.57592,17.39423],[106.57694,17.39446],[106.57774,17.39507],[106.57809,17.39476],[106.57779,17.39323],[106.57968,17.39277],[106.58008,17.39278],[106.5802,17.39392],[106.57982,17.39431],[106.5801,17.39502],[106.58082,17.39441],[106.58181,17.39454],[106.58092,17.39519],[106.58074,17.39661],[106.5831,17.39859],[106.58423,17.39935],[106.58566,17.39949]]]},"properties":{"kind":"water","class":"reservoir","name":"Hồ Troóc Trâu"}},{"type":"Feature","geometry":{"type":"Polygon","coordinates":[[[106.59573,17.39028],[106.59547,17.39167],[106.59708,17.38969],[106.59897,17.38936],[106.59993,17.38993],[106.60077,17.38959],[106.60141,17.38969],[106.60184,17.3906],[106.60272,17.38985],[106.60335,17.39008],[106.60394,17.38937],[106.60211,17.38838],[106.60295,17.38785],[106.60357,17.38684],[106.60224,17.3871],[106.60177,17.38671],[106.60035,17.38694],[106.59995,17.38663],[106.60227,17.38627],[106.60377,17.38422],[106.60425,17.38446],[106.60342,17.38597],[106.60439,17.38617],[106.6048,17.38686],[106.60442,17.38765],[106.6046,17.38818],[106.60594,17.38886],[106.60664,17.38904],[106.60722,17.38855],[106.60899,17.38973],[106.60925,17.39042],[106.60805,17.39116],[106.60769,17.39197],[106.60769,17.39274],[106.60718,17.39307],[106.60645,17.39261],[106.60548,17.39301],[106.60612,17.39178],[106.60547,17.39135],[106.60584,17.39042],[106.6037,17.39103],[106.60277,17.39213],[106.60313,17.39309],[106.60245,17.39311],[106.60197,17.39277],[106.60222,17.39221],[106.60093,17.39151],[106.59978,17.3912],[106.59914,17.39061],[106.59809,17.39016],[106.59697,17.39085],[106.59631,17.39167],[106.59532,17.39206],[106.59493,17.39175],[106.59573,17.39028]]]},"properties":{"kind":"water","class":"reservoir","name":"Hồ Điều Gà"}},{"type":"Feature","geometry":{"type":"Polygon","coordinates":[[[106.45336,17.907],[106.45423,17.90609],[106.45416,17.90521],[106.45466,17.90475],[106.45607,17.90597],[106.45828,17.90721],[106.45833,17.90748],[106.45758,17.90838],[106.45759,17.90884],[106.45679,17.90915],[106.45549,17.909],[106.4551,17.90862],[106.45539,17.90722],[106.45517,17.90628],[106.45428,17.90624],[106.45336,17.907]]]},"properties":{"kind":"water","class":"reservoir","name":null}},{"type":"Feature","geometry":{"type":"Polygon","coordinates":[[[106.56231,17.51673],[106.56009,17.5186],[106.55943,17.51816],[106.55999,17.51734],[106.55934,17.51619],[106.55957,17.51549],[106.5582,17.51477],[106.55774,17.51396],[106.55849,17.51336],[106.55971,17.51204],[106.55992,17.51086],[106.56054,17.5103],[106.55975,17.5098],[106.55896,17.50779],[106.55897,17.50707],[106.5605,17.50886],[106.56106,17.5085],[106.56272,17.5066],[106.56324,17.50679],[106.56261,17.50816],[106.56163,17.5091],[106.56204,17.51005],[106.56141,17.51082],[106.56124,17.51211],[106.56144,17.5129],[106.56061,17.5136],[106.56056,17.5141],[106.56112,17.51495],[106.56091,17.51537],[106.56132,17.51615],[106.56231,17.51673]]]},"properties":{"kind":"water","class":"reservoir","name":"Hồ Khe Chè"}},{"type":"Feature","geometry":{"type":"Polygon","coordinates":[[[106.57324,17.4974],[106.57326,17.49703],[106.57429,17.49681],[106.57509,17.49623],[106.57744,17.49654],[106.5771,17.4956],[106.57808,17.49559],[106.57758,17.49709],[106.57652,17.49967],[106.57555,17.49888],[106.57452,17.4992],[106.57339,17.50039],[106.57366,17.49878],[106.57437,17.49797],[106.57324,17.4974]]]},"properties":{"kind":"water","class":"reservoir","name":"Hồ Bàu Luồng"}},{"type":"Feature","geometry":{"type":"Polygon","coordinates":[[[106.57281,17.49262],[106.57347,17.49262],[106.5752,17.4915],[106.57539,17.4911],[106.5746,17.48958],[106.57355,17.48829],[106.57417,17.48801],[106.57541,17.4891],[106.57569,17.4896],[106.57676,17.49072],[106.57743,17.49096],[106.57842,17.49087],[106.57838,17.49142],[106.57744,17.49322],[106.57678,17.49344],[106.57603,17.49278],[106.5748,17.49273],[106.57424,17.4931],[106.57355,17.49307],[106.57281,17.49262]]]},"properties":{"kind":"water","class":"reservoir","name":"Hồ Bàu Cúi"}},{"type":"Feature","geometry":{"type":"Polygon","coordinates":[[[106.46212,17.6681],[106.46057,17.66964],[106.45997,17.67156],[106.45834,17.67328],[106.45716,17.67401],[106.45587,17.67438],[106.45537,17.67498],[106.45545,17.67539],[106.4533,17.676],[106.4525,17.67567],[106.45321,17.67489],[106.45192,17.67438],[106.45117,17.67387],[106.45132,17.67332],[106.451,17.67277],[106.44965,17.67199],[106.44828,17.67185],[106.44858,17.67137],[106.45117,17.67178],[106.45214,17.6715],[106.45201,17.6705],[106.45098,17.66902],[106.44911,17.66861],[106.45053,17.66786],[106.45079,17.66727],[106.45164,17.66804],[106.45244,17.66772],[106.45227,17.66706],[106.45265,17.66682],[106.4533,17.66749],[106.45323,17.66796],[106.45486,17.66849],[106.45637,17.66722],[106.45679,17.66712],[106.4572,17.66827],[106.45821,17.66804],[106.45855,17.66647],[106.46098,17.66639],[106.46184,17.66555],[106.46214,17.6663],[106.46048,17.66772],[106.46212,17.6681]]]},"properties":{"kind":"water","class":"reservoir","name":"Hồ Đồng Ran"}},{"type":"Feature","geometry":{"type":"Polygon","coordinates":[[[106.46443,17.66884],[106.46516,17.66845],[106.46583,17.66864],[106.46761,17.6688],[106.46806,17.66855],[106.4696,17.66857],[106.47016,17.66778],[106.46943,17.66675],[106.4701,17.666],[106.47055,17.66694],[106.47141,17.66682],[106.47184,17.66708],[106.47109,17.66806],[106.47124,17.66896],[106.47166,17.66962],[106.47207,17.66904],[106.47261,17.66937],[106.47332,17.66915],[106.47433,17.66929],[106.47623,17.66872],[106.47658,17.66821],[106.47643,17.66735],[106.47716,17.66749],[106.47724,17.66864],[106.47673,17.66964],[106.47587,17.66982],[106.47553,17.67062],[106.47486,17.6706],[106.47345,17.67193],[106.47441,17.67252],[106.47352,17.67278],[106.47227,17.6736],[106.47196,17.67428],[106.47091,17.67397],[106.47046,17.67305],[106.4692,17.67287],[106.46718,17.67232],[106.46673,17.67193],[106.4669,17.6714],[106.46793,17.67127],[106.46759,17.6707],[106.4669,17.67066],[106.46576,17.66982],[106.46531,17.66923],[106.46443,17.66884]]]},"properties":{"kind":"water","class":"reservoir","name":"Hồ Mù U"}},{"type":"Feature","geometry":{"type":"Polygon","coordinates":[[[107.04763,16.38157],[107.04581,16.38092],[107.04516,16.38047],[107.0445,16.37939],[107.04426,16.37821],[107.04349,16.37642],[107.0426,16.37528],[107.041,16.37394],[107.03989,16.37215],[107.0399,16.37136],[107.03948,16.37017],[107.03865,16.37001],[107.03768,16.37111],[107.03636,16.37175],[107.03512,16.3717],[107.03397,16.37121],[107.03383,16.37083],[107.03281,16.37021],[107.03236,16.37017],[107.031,16.37058],[107.02992,16.37037],[107.02942,16.36988],[107.02914,16.369],[107.02819,16.36834],[107.02836,16.36787],[107.02958,16.36895],[107.02989,16.36978],[107.03078,16.37019],[107.03235,16.36978],[107.03306,16.36976],[107.03461,16.37118],[107.0363,16.37127],[107.03688,16.37106],[107.03908,16.3694],[107.03992,16.37021],[107.04005,16.37194],[107.04043,16.37286],[107.04143,16.37399],[107.04273,16.37516],[107.04347,16.37608],[107.04399,16.37708],[107.04496,16.37982],[107.04573,16.38066],[107.04752,16.3813],[107.04763,16.38157]]]},"properties":{"kind":"water","class":"river","name":null}},{"type":"Feature","geometry":{"type":"Polygon","coordinates":[[[106.48997,17.64143],[106.49054,17.64051],[106.49089,17.6391],[106.49251,17.6384],[106.49244,17.6378],[106.49608,17.63757],[106.49596,17.63827],[106.49683,17.64011],[106.49628,17.64059],[106.49572,17.64006],[106.49532,17.64076],[106.49437,17.64116],[106.49372,17.64046],[106.49259,17.64043],[106.49259,17.64102],[106.49132,17.64135],[106.48997,17.64143]]]},"properties":{"kind":"water","class":"pond","name":null}},{"type":"Feature","geometry":{"type":"Polygon","coordinates":[[[106.41151,17.67338],[106.41219,17.67158],[106.41199,17.6705],[106.41233,17.66934],[106.41277,17.66983],[106.41352,17.66997],[106.41366,17.67085],[106.41344,17.67135],[106.4139,17.67199],[106.41464,17.6724],[106.41473,17.6729],[106.41535,17.67309],[106.41633,17.67266],[106.41627,17.67403],[106.41588,17.67449],[106.41483,17.67501],[106.4141,17.67464],[106.41361,17.67571],[106.41224,17.67545],[106.41182,17.67516],[106.41151,17.67338]]]},"properties":{"kind":"water","class":"reservoir","name":null}},{"type":"Feature","geometry":{"type":"Polygon","coordinates":[[[106.73248,17.16226],[106.73207,17.16358],[106.73055,17.16578],[106.73104,17.16633],[106.73105,17.16748],[106.73023,17.16819],[106.73023,17.16909],[106.73121,17.16884],[106.73145,17.16966],[106.72789,17.17222],[106.72722,17.17263],[106.72605,17.17277],[106.72568,17.1721],[106.72359,17.17218],[106.7239,17.17107],[106.7247,17.17051],[106.72629,17.16988],[106.72604,17.16941],[106.72634,17.1687],[106.72714,17.16871],[106.72747,17.16771],[106.72665,17.16751],[106.72619,17.16847],[106.72554,17.16837],[106.72462,17.16856],[106.72272,17.16945],[106.72133,17.16965],[106.71927,17.17047],[106.71798,17.17],[106.71652,17.1697],[106.7154,17.16988],[106.71514,17.16877],[106.71346,17.16742],[106.71516,17.16808],[106.71624,17.16786],[106.71647,17.16702],[106.71827,17.16827],[106.71886,17.16753],[106.71959,17.16787],[106.72117,17.16776],[106.72156,17.16547],[106.72207,17.16593],[106.72228,17.16658],[106.72332,17.16683],[106.72463,17.16642],[106.72528,17.16647],[106.72621,17.16616],[106.72703,17.16542],[106.72783,17.1644],[106.72942,17.16381],[106.7298,17.16287],[106.73045,17.16313],[106.73039,17.16372],[106.73191,17.1623],[106.73248,17.16226]]]},"properties":{"kind":"water","class":"reservoir","name":null}},{"type":"Feature","geometry":{"type":"Polygon","coordinates":[[[106.75527,17.16813],[106.75631,17.16788],[106.75604,17.16674],[106.75731,17.16722],[106.75803,17.16777],[106.75861,17.16777],[106.75939,17.16709],[106.76024,17.16764],[106.75949,17.1684],[106.75976,17.16917],[106.75981,17.17019],[106.76075,17.17008],[106.76116,17.16853],[106.76196,17.16856],[106.76252,17.16931],[106.76252,17.17],[106.76201,17.17039],[106.76264,17.17182],[106.76255,17.17237],[106.76349,17.17448],[106.76039,17.17626],[106.75932,17.17616],[106.75934,17.17531],[106.75889,17.17339],[106.75742,17.1723],[106.75759,17.17143],[106.75668,17.17034],[106.75716,17.17008],[106.75655,17.16943],[106.75641,17.16891],[106.75527,17.16813]]]},"properties":{"kind":"water","class":"reservoir","name":null}},{"type":"Feature","geometry":{"type":"Polygon","coordinates":[[[106.41363,17.92818],[106.41565,17.92658],[106.41982,17.92517],[106.42094,17.92574],[106.42126,17.92701],[106.42171,17.92731],[106.42194,17.928],[106.42602,17.92961],[106.4266,17.92937],[106.43033,17.92933],[106.43124,17.92938],[106.43203,17.93031],[106.43134,17.93221],[106.43069,17.93198],[106.4298,17.93343],[106.42839,17.93342],[106.42783,17.93372],[106.42723,17.93445],[106.42552,17.93687],[106.42528,17.93663],[106.42605,17.9351],[106.42664,17.93341],[106.42542,17.9326],[106.42319,17.93282],[106.42252,17.93242],[106.42074,17.93293],[106.42065,17.93355],[106.41995,17.93369],[106.41928,17.93282],[106.41629,17.93296],[106.41518,17.93219],[106.41466,17.93094],[106.41379,17.9306],[106.41424,17.93005],[106.41327,17.92862],[106.41363,17.92818]]]},"properties":{"kind":"water","class":"reservoir","name":"Hồ Sông Thai"}},{"type":"Feature","geometry":{"type":"Polygon","coordinates":[[[106.35288,17.92964],[106.35261,17.92783],[106.35339,17.92661],[106.3549,17.92583],[106.35654,17.92813],[106.35404,17.92978],[106.35288,17.92964]]]},"properties":{"kind":"water","class":"reservoir","name":null}},{"type":"Feature","geometry":{"type":"Polygon","coordinates":[[[106.29727,17.94088],[106.29994,17.94006],[106.30051,17.94007],[106.30122,17.94108],[106.30118,17.94307],[106.30198,17.94432],[106.301,17.94448],[106.30082,17.94617],[106.30125,17.94726],[106.30293,17.94903],[106.30105,17.9479],[106.30009,17.94699],[106.29934,17.9467],[106.29958,17.94627],[106.29887,17.94586],[106.29817,17.94251],[106.29789,17.94278],[106.29718,17.94104],[106.29727,17.94088]]]},"properties":{"kind":"water","class":"reservoir","name":null}},{"type":"Feature","geometry":{"type":"Polygon","coordinates":[[[106.51944,17.63971],[106.51958,17.63905],[106.51871,17.63824],[106.51855,17.63744],[106.51669,17.63478],[106.51683,17.63438],[106.51681,17.63264],[106.5164,17.63132],[106.51534,17.62932],[106.51506,17.62833],[106.5151,17.62763],[106.51474,17.62665],[106.51362,17.62514],[106.51255,17.62251],[106.51246,17.6211],[106.51206,17.62039],[106.51253,17.62014],[106.51382,17.62094],[106.51328,17.62233],[106.51407,17.62467],[106.51525,17.62639],[106.51627,17.62821],[106.51719,17.6267],[106.51744,17.62688],[106.5165,17.62837],[106.51646,17.62923],[106.51716,17.631],[106.51754,17.63103],[106.51829,17.63455],[106.51865,17.63463],[106.5194,17.63613],[106.51919,17.63637],[106.51991,17.6376],[106.52174,17.6391],[106.52291,17.63974],[106.52413,17.63988],[106.52453,17.63968],[106.52588,17.63758],[106.52669,17.63606],[106.52711,17.63493],[106.52927,17.63224],[106.53,17.63193],[106.53069,17.63122],[106.53148,17.63089],[106.53249,17.62958],[106.53339,17.62895],[106.5343,17.6278],[106.53512,17.62743],[106.53627,17.62611],[106.53743,17.6257],[106.53458,17.62871],[106.53398,17.62909],[106.53384,17.62992],[106.53342,17.63053],[106.5311,17.63248],[106.53001,17.63434],[106.52906,17.63548],[106.52893,17.63621],[106.52818,17.63713],[106.52824,17.63754],[106.52693,17.6395],[106.52629,17.64001],[106.52477,17.6418],[106.52374,17.64217],[106.52244,17.64219],[106.52148,17.64193],[106.51944,17.63971]]]},"properties":{"kind":"water","class":"river","name":null}},{"type":"Feature","geometry":{"type":"Polygon","coordinates":[[[106.56138,17.56478],[106.56032,17.56426],[106.55973,17.5633],[106.55979,17.56278],[106.55867,17.56267],[106.55825,17.56118],[106.55766,17.56043],[106.55752,17.55945],[106.55911,17.55788],[106.55862,17.5563],[106.55928,17.55655],[106.55939,17.55478],[106.56004,17.55545],[106.56071,17.55505],[106.56087,17.55564],[106.56035,17.55632],[106.55998,17.55864],[106.55913,17.55954],[106.55921,17.56005],[106.55999,17.56051],[106.56289,17.55941],[106.56241,17.5613],[106.56179,17.56155],[106.5619,17.5625],[106.56138,17.56478]]]},"properties":{"kind":"water","class":"lake","name":null}},{"type":"Feature","geometry":{"type":"Polygon","coordinates":[[[106.63381,17.38512],[106.6344,17.38351],[106.63464,17.38221],[106.63529,17.38148],[106.63644,17.38106],[106.63812,17.38077],[106.63915,17.38092],[106.6396,17.3812],[106.64066,17.38275],[106.64051,17.38343],[106.64106,17.38389],[106.64152,17.38374],[106.64228,17.38421],[106.64406,17.38576],[106.64658,17.38727],[106.64751,17.38794],[106.64914,17.38767],[106.64969,17.38685],[106.65011,17.38696],[106.65078,17.38522],[106.65128,17.38331],[106.65181,17.38226],[106.65172,17.38183],[106.65258,17.37904],[106.65334,17.37792],[106.65545,17.37643],[106.65661,17.37589],[106.65788,17.376],[106.66059,17.37649],[106.66095,17.37769],[106.65957,17.3779],[106.65789,17.37766],[106.6577,17.37717],[106.65655,17.3771],[106.6549,17.37802],[106.65393,17.37949],[106.65354,17.38138],[106.65304,17.38315],[106.65293,17.38469],[106.65362,17.38529],[106.65272,17.38633],[106.65263,17.38674],[106.65177,17.38709],[106.65131,17.38778],[106.65007,17.38846],[106.64843,17.38895],[106.647,17.38919],[106.64451,17.38816],[106.64262,17.38684],[106.64183,17.3866],[106.6419,17.38609],[106.64064,17.38528],[106.64084,17.38497],[106.63992,17.38433],[106.64018,17.38299],[106.64001,17.38219],[106.63944,17.38149],[106.63887,17.38122],[106.63783,17.38122],[106.63568,17.38164],[106.63489,17.38239],[106.63452,17.3841],[106.63398,17.38533],[106.63381,17.38512]]]},"properties":{"kind":"water","class":"water","name":null}},{"type":"Feature","geometry":{"type":"Polygon","coordinates":[[[106.67511,17.36188],[106.67678,17.36241],[106.6778,17.35921],[106.67755,17.35711],[106.67804,17.35674],[106.67819,17.35844],[106.67913,17.359],[106.67943,17.35882],[106.67946,17.35748],[106.68058,17.35587],[106.68241,17.35415],[106.68245,17.35367],[106.68175,17.35217],[106.6819,17.3515],[106.68287,17.35001],[106.6858,17.34809],[106.68763,17.34745],[106.68775,17.34768],[106.68443,17.35036],[106.68346,17.35121],[106.68298,17.35197],[106.68278,17.35278],[106.68318,17.35423],[106.68271,17.35513],[106.68198,17.35551],[106.68114,17.35673],[106.68064,17.35684],[106.68051,17.3579],[106.68006,17.35919],[106.67847,17.36092],[106.67779,17.36256],[106.67701,17.363],[106.67646,17.36252],[106.67511,17.36188]]]},"properties":{"kind":"water","class":"water","name":null}},{"type":"Feature","geometry":{"type":"Polygon","coordinates":[[[106.42597,17.81199],[106.42626,17.81217],[106.42711,17.8141],[106.4272,17.81522],[106.42559,17.81534],[106.42599,17.81427],[106.42447,17.81278],[106.42312,17.81243],[106.42265,17.81317],[106.42159,17.81381],[106.42116,17.8143],[106.42031,17.81383],[106.41934,17.81442],[106.41886,17.8139],[106.41927,17.81342],[106.42132,17.81326],[106.42167,17.81283],[106.42087,17.81163],[106.42153,17.81113],[106.42597,17.81199]]]},"properties":{"kind":"water","class":"pond","name":null}},{"type":"Feature","geometry":{"type":"Polygon","coordinates":[[[106.39209,17.82972],[106.39297,17.82949],[106.39326,17.82866],[106.39542,17.82928],[106.396,17.83046],[106.39483,17.82984],[106.39357,17.83099],[106.39418,17.83172],[106.39519,17.83222],[106.39505,17.83265],[106.39358,17.83236],[106.39319,17.83397],[106.39224,17.83464],[106.39194,17.83274],[106.39168,17.83248],[106.3902,17.8322],[106.39145,17.83131],[106.3924,17.83093],[106.39209,17.82972]]]},"properties":{"kind":"water","class":"reservoir","name":null}},{"type":"Feature","geometry":{"type":"Polygon","coordinates":[[[106.36164,17.82465],[106.36244,17.82407],[106.36277,17.82354],[106.36461,17.82289],[106.36487,17.82192],[106.36573,17.82109],[106.36654,17.82069],[106.36707,17.81985],[106.36732,17.81874],[106.36817,17.81713],[106.37143,17.8183],[106.37131,17.81894],[106.37174,17.81947],[106.37202,17.82055],[106.37061,17.8196],[106.36986,17.82023],[106.36888,17.82074],[106.36785,17.82215],[106.36802,17.82395],[106.36687,17.82268],[106.36601,17.82343],[106.36278,17.82457],[106.36164,17.82465]]]},"properties":{"kind":"water","class":"reservoir","name":null}},{"type":"Feature","geometry":{"type":"Polygon","coordinates":[[[106.59669,17.51698],[106.5994,17.51586],[106.59985,17.51586],[106.60099,17.51466],[106.60114,17.51334],[106.60209,17.51263],[106.60284,17.51244],[106.60338,17.51188],[106.60432,17.51229],[106.60429,17.51272],[106.60286,17.51286],[106.60328,17.51375],[106.60362,17.5159],[106.60343,17.51654],[106.60265,17.51789],[106.60228,17.5157],[106.60196,17.51521],[106.60099,17.51482],[106.60007,17.51583],[106.59988,17.51666],[106.59994,17.51753],[106.60029,17.51857],[106.60082,17.51888],[106.6004,17.51964],[106.59934,17.51919],[106.59893,17.51875],[106.59759,17.51838],[106.59731,17.5172],[106.59669,17.51698]]]},"properties":{"kind":"water","class":"lake","name":null}},{"type":"Feature","geometry":{"type":"Polygon","coordinates":[[[106.48416,17.51686],[106.4851,17.51706],[106.48553,17.51451],[106.48691,17.5152],[106.48761,17.51502],[106.48782,17.51401],[106.487,17.51285],[106.48714,17.5124],[106.48873,17.51304],[106.48973,17.51252],[106.49066,17.51175],[106.49098,17.51229],[106.49004,17.51365],[106.48978,17.51463],[106.48878,17.51524],[106.48803,17.5163],[106.48793,17.51704],[106.48686,17.51711],[106.48596,17.51645],[106.48524,17.5177],[106.48401,17.51732],[106.48416,17.51686]]]},"properties":{"kind":"water","class":"reservoir","name":null}},{"type":"Feature","geometry":{"type":"Polygon","coordinates":[[[106.78749,17.1179],[106.78687,17.11616],[106.78669,17.11512],[106.78609,17.11514],[106.78567,17.11433],[106.78634,17.11402],[106.78598,17.11343],[106.78644,17.11224],[106.78734,17.11358],[106.78708,17.11416],[106.78727,17.11529],[106.78757,17.11529],[106.78825,17.11441],[106.78915,17.11475],[106.78893,17.11558],[106.78916,17.11646],[106.78865,17.11718],[106.78749,17.1179]]]},"properties":{"kind":"water","class":"reservoir","name":null}},{"type":"Feature","geometry":{"type":"Polygon","coordinates":[[[106.99461,16.98029],[106.99448,16.98189],[106.99369,16.98189],[106.99315,16.98125],[106.99257,16.98005],[106.99118,16.97976],[106.99186,16.97936],[106.99111,16.9776],[106.99129,16.97662],[106.98991,16.97499],[106.98788,16.97616],[106.98922,16.97481],[106.98989,16.97453],[106.99038,16.97472],[106.99188,16.97669],[106.992,16.97832],[106.99299,16.9784],[106.99424,16.98022],[106.99461,16.98029]]]},"properties":{"kind":"water","class":"reservoir","name":null}},{"type":"Feature","geometry":{"type":"Polygon","coordinates":[[[106.57226,17.44228],[106.57262,17.4426],[106.57212,17.44326],[106.57191,17.44437],[106.57083,17.44457],[106.57029,17.44516],[106.57032,17.4466],[106.56945,17.44674],[106.56845,17.44751],[106.56741,17.4476],[106.56711,17.44729],[106.56557,17.44759],[106.56458,17.44749],[106.56398,17.44707],[106.56336,17.44751],[106.56277,17.44741],[106.56193,17.44795],[106.56069,17.44763],[106.55991,17.44706],[106.55985,17.44817],[106.55877,17.44749],[106.55853,17.44659],[106.5602,17.44648],[106.561,17.44687],[106.56136,17.44644],[106.56019,17.44617],[106.55958,17.44535],[106.55924,17.44389],[106.55839,17.44309],[106.55822,17.44264],[106.55745,17.44234],[106.55687,17.44263],[106.55647,17.44229],[106.55441,17.44177],[106.55362,17.44073],[106.55383,17.44018],[106.5536,17.43892],[106.55437,17.43956],[106.5546,17.44138],[106.55566,17.44133],[106.55676,17.44204],[106.5578,17.44169],[106.55874,17.44212],[106.55886,17.44246],[106.56009,17.44304],[106.56023,17.44383],[106.56014,17.44489],[106.56281,17.44525],[106.56386,17.44516],[106.56529,17.4438],[106.56672,17.44374],[106.56656,17.44122],[106.56727,17.44078],[106.56856,17.4405],[106.56818,17.44176],[106.56923,17.44263],[106.57007,17.44205],[106.57114,17.44244],[106.57226,17.44228]]]},"properties":{"kind":"water","class":"reservoir","name":"Hồ Đồng Sơn"}},{"type":"Feature","geometry":{"type":"Polygon","coordinates":[[[107.05502,16.63457],[107.05522,16.63495],[107.05678,16.63483],[107.05872,16.63497],[107.06008,16.63533],[107.06201,16.63718],[107.06256,16.63802],[107.06259,16.63867],[107.06191,16.64019],[107.06275,16.6418],[107.06371,16.64238],[107.06486,16.64267],[107.06628,16.64258],[107.06708,16.64226],[107.07029,16.64253],[107.07123,16.64332],[107.07169,16.64428],[107.07186,16.64536],[107.07157,16.64629],[107.0709,16.64687],[107.06988,16.64703],[107.06926,16.64681],[107.0681,16.64747],[107.06771,16.64813],[107.06779,16.64899],[107.06875,16.65062],[107.06973,16.65165],[107.07082,16.65197],[107.07313,16.65175],[107.07909,16.65173],[107.08173,16.65478],[107.08293,16.65561],[107.08381,16.65535],[107.08474,16.65482],[107.08632,16.65363],[107.08722,16.65365],[107.08877,16.65396],[107.08962,16.65495],[107.09077,16.65699],[107.09149,16.65967],[107.09162,16.65986],[107.09222,16.66265],[107.09327,16.66397],[107.09427,16.6639],[107.09553,16.66269],[107.09904,16.65994],[107.09953,16.66134],[107.09615,16.66368],[107.09502,16.66494],[107.09424,16.66512],[107.09242,16.66492],[107.09172,16.66449],[107.09115,16.66357],[107.09003,16.65891],[107.08925,16.65661],[107.08842,16.65521],[107.08733,16.65498],[107.08618,16.65537],[107.08443,16.65639],[107.08301,16.65677],[107.08238,16.65677],[107.08149,16.65628],[107.07924,16.65325],[107.07778,16.65272],[107.0763,16.65293],[107.07254,16.65258],[107.07024,16.65294],[107.06902,16.6526],[107.06835,16.65208],[107.06729,16.65058],[107.06666,16.64928],[107.06657,16.64772],[107.06708,16.64684],[107.06795,16.64621],[107.06985,16.64572],[107.07045,16.64572],[107.07074,16.64481],[107.07002,16.64389],[107.0692,16.64362],[107.06774,16.64344],[107.0668,16.64373],[107.06547,16.64378],[107.06324,16.64336],[107.06243,16.6427],[107.06107,16.64059],[107.06105,16.63996],[107.0615,16.63896],[107.06139,16.63836],[107.06037,16.6367],[107.05873,16.63596],[107.05723,16.6359],[107.05591,16.63617],[107.05482,16.63584],[107.05471,16.63535],[107.05502,16.63457]]]},"properties":{"kind":"water","class":"river","name":null}},{"type":"Feature","geometry":{"type":"Polygon","coordinates":[[[107.09904,16.65994],[107.10046,16.659],[107.10115,16.65883],[107.10263,16.65919],[107.10323,16.65959],[107.10348,16.6603],[107.10407,16.66345],[107.10451,16.66467],[107.10509,16.66504],[107.10618,16.66488],[107.10671,16.6641],[107.10862,16.66321],[107.11018,16.6628],[107.11251,16.66285],[107.11335,16.66361],[107.1125,16.66468],[107.11152,16.66421],[107.11039,16.66417],[107.10803,16.66492],[107.10654,16.66577],[107.10599,16.66636],[107.10462,16.66658],[107.10377,16.66623],[107.10323,16.66566],[107.10279,16.66478],[107.10247,16.66117],[107.10189,16.66033],[107.10105,16.66038],[107.09953,16.66134],[107.09904,16.65994]]]},"properties":{"kind":"water","class":"river","name":null}},{"type":"Feature","geometry":{"type":"Polygon","coordinates":[[[106.59462,16.60488],[106.59225,16.60355],[106.59042,16.6024],[106.58811,16.6014],[106.58636,16.60136],[106.58579,16.60162],[106.58419,16.60349],[106.58313,16.60505],[106.58255,16.60663],[106.58226,16.60796],[106.5822,16.60919],[106.58253,16.6108],[106.58305,16.61184],[106.58413,16.6133],[106.58486,16.61387],[106.58703,16.61462],[106.59055,16.61608],[106.58939,16.61592],[106.58495,16.61421],[106.58372,16.6134],[106.58296,16.61243],[106.58197,16.61017],[106.5818,16.60849],[106.58193,16.60734],[106.58234,16.60602],[106.58292,16.6047],[106.58491,16.60209],[106.58649,16.60091],[106.58736,16.60083],[106.59062,16.6019],[106.59366,16.60396],[106.59478,16.60464],[106.59462,16.60488]]]},"properties":{"kind":"water","class":"river","name":null}},{"type":"Feature","geometry":{"type":"Polygon","coordinates":[[[106.51858,17.46899],[106.51922,17.4695],[106.51862,17.4702],[106.51845,17.47118],[106.51748,17.47263],[106.51747,17.47312],[106.51582,17.47291],[106.51645,17.47233],[106.51643,17.47133],[106.51689,17.47091],[106.51686,17.47015],[106.51613,17.46929],[106.51501,17.46841],[106.51504,17.46789],[106.5166,17.46816],[106.51772,17.46927],[106.51858,17.46899]]]},"properties":{"kind":"water","class":"reservoir","name":"Hồ Thắng Lợi"}},{"type":"Feature","geometry":{"type":"Polygon","coordinates":[[[106.78207,17.24731],[106.78006,17.24804],[106.77825,17.24779],[106.77735,17.24806],[106.77615,17.24901],[106.76855,17.25229],[106.76101,17.25995],[106.75836,17.26164],[106.75791,17.26079],[106.76145,17.25913],[106.7673,17.25308],[106.7689,17.25161],[106.77087,17.25076],[106.77619,17.24858],[106.77693,17.2478],[106.77788,17.24764],[106.7798,17.24791],[106.78147,17.24726],[106.78173,17.247],[106.78207,17.24731]]]},"properties":{"kind":"water","class":"river","name":null}},{"type":"Feature","geometry":{"type":"Polygon","coordinates":[[[106.75652,17.26509],[106.75682,17.26472],[106.75772,17.26507],[106.75972,17.26458],[106.77078,17.25955],[106.77696,17.25697],[106.77771,17.25663],[106.78042,17.25492],[106.78764,17.2505],[106.78821,17.25019],[106.79064,17.24871],[106.79533,17.24819],[106.79815,17.24661],[106.80302,17.24352],[106.80336,17.24322],[106.80365,17.24339],[106.80352,17.24364],[106.79855,17.24673],[106.79546,17.2485],[106.79112,17.24892],[106.79044,17.24915],[106.78826,17.25053],[106.78303,17.25364],[106.77775,17.25687],[106.77576,17.25793],[106.77301,17.25904],[106.76699,17.26174],[106.76351,17.26335],[106.76164,17.26415],[106.75814,17.26535],[106.75652,17.26509]]]},"properties":{"kind":"water","class":"river","name":null}},{"type":"Feature","geometry":{"type":"Polygon","coordinates":[[[106.50242,17.49733],[106.50289,17.49671],[106.50418,17.49778],[106.50455,17.49847],[106.50478,17.49971],[106.50524,17.50022],[106.5057,17.50013],[106.50642,17.50079],[106.50831,17.50139],[106.50999,17.50061],[106.5103,17.49877],[106.51077,17.49821],[106.51181,17.49765],[106.51425,17.49819],[106.51609,17.49907],[106.51718,17.49935],[106.51817,17.49937],[106.52,17.49909],[106.52007,17.49956],[106.51819,17.49973],[106.51662,17.49971],[106.51221,17.49799],[106.51144,17.49827],[106.50993,17.50094],[106.50823,17.50174],[106.50728,17.50162],[106.50656,17.50131],[106.50561,17.50048],[106.50474,17.50084],[106.50449,17.49988],[106.50381,17.49821],[106.50242,17.49733]]]},"properties":{"kind":"water","class":"river","name":null}},{"type":"Feature","geometry":{"type":"Polygon","coordinates":[[[106.70825,16.68344],[106.70846,16.68293],[106.70927,16.68304],[106.70986,16.68283],[106.71075,16.68208],[106.7113,16.68074],[106.71183,16.67985],[106.71236,16.6794],[106.71339,16.67944],[106.71439,16.67885],[106.71577,16.67833],[106.71768,16.67858],[106.71826,16.67823],[106.72041,16.67641],[106.72155,16.67567],[106.72199,16.67483],[106.72222,16.67358],[106.72316,16.67308],[106.72426,16.6728],[106.72439,16.67223],[106.72373,16.67191],[106.72319,16.67082],[106.72378,16.6705],[106.72441,16.66973],[106.72509,16.66973],[106.72538,16.66913],[106.72605,16.66898],[106.7285,16.66919],[106.72948,16.66911],[106.73047,16.66874],[106.73092,16.66795],[106.73132,16.66674],[106.73196,16.66598],[106.73245,16.6658],[106.73423,16.66604],[106.73482,16.66574],[106.73518,16.66377],[106.73547,16.66288],[106.73615,16.66171],[106.73732,16.6606],[106.73864,16.66046],[106.7401,16.66004],[106.74157,16.66017],[106.74235,16.65996],[106.7428,16.65898],[106.74268,16.65823],[106.74279,16.65699],[106.74249,16.65608],[106.74275,16.6546],[106.74303,16.65415],[106.74608,16.65238],[106.74657,16.65126],[106.74642,16.65015],[106.74587,16.64962],[106.74777,16.6478],[106.74862,16.64727],[106.74973,16.64711],[106.75099,16.64797],[106.7517,16.64812],[106.75252,16.64741],[106.75208,16.64593],[106.75246,16.64468],[106.75268,16.64764],[106.75213,16.64822],[106.75114,16.64832],[106.74941,16.64749],[106.74863,16.64754],[106.74707,16.64898],[106.74717,16.65084],[106.7465,16.65241],[106.7443,16.65399],[106.74329,16.65483],[106.74329,16.6573],[106.7431,16.65934],[106.74284,16.66004],[106.7419,16.66047],[106.74061,16.66031],[106.73942,16.66044],[106.73828,16.66084],[106.7376,16.66083],[106.73688,16.66138],[106.73566,16.66331],[106.73543,16.66388],[106.73523,16.66593],[106.73449,16.66633],[106.73351,16.66638],[106.73227,16.6662],[106.73144,16.6672],[106.731,16.66849],[106.73037,16.66913],[106.72946,16.66946],[106.72659,16.66939],[106.7257,16.66998],[106.72439,16.6701],[106.72349,16.67115],[106.7247,16.67126],[106.72498,16.67208],[106.72464,16.67286],[106.72379,16.67348],[106.72284,16.67378],[106.72233,16.67423],[106.72214,16.67511],[106.72172,16.67587],[106.71983,16.67717],[106.71922,16.67796],[106.71792,16.6788],[106.71581,16.67867],[106.71352,16.67965],[106.71201,16.68019],[106.71164,16.68141],[106.71114,16.68215],[106.70995,16.68308],[106.70954,16.68372],[106.70825,16.68344]]]},"properties":{"kind":"water","class":"water","name":"Sông Rào Quán"}},{"type":"Feature","geometry":{"type":"Polygon","coordinates":[[[106.26259,17.73481],[106.2629,17.73532],[106.26264,17.73552],[106.25875,17.73732],[106.25708,17.73758],[106.25463,17.73885],[106.25268,17.74061],[106.25166,17.7411],[106.25052,17.74203],[106.25004,17.74267],[106.24648,17.74439],[106.24554,17.74583],[106.24472,17.74628],[106.24194,17.74731],[106.2403,17.74821],[106.23724,17.74857],[106.23518,17.749],[106.23399,17.74953],[106.23381,17.75001],[106.234,17.75187],[106.2332,17.75271],[106.23125,17.75337],[106.22913,17.75474],[106.22821,17.7565],[106.22719,17.7573],[106.22666,17.7575],[106.22558,17.75749],[106.2216,17.75571],[106.22045,17.75553],[106.21945,17.75605],[106.21771,17.75784],[106.21622,17.75893],[106.21528,17.75909],[106.21225,17.75913],[106.21151,17.75976],[106.21163,17.76072],[106.21216,17.76253],[106.21216,17.76343],[106.21181,17.7642],[106.21089,17.7648],[106.20991,17.76514],[106.20836,17.76651],[106.20782,17.76716],[106.20641,17.7679],[106.20496,17.76812],[106.20232,17.76802],[106.19938,17.76748],[106.19711,17.76685],[106.19602,17.76553],[106.1955,17.76421],[106.19523,17.76259],[106.19496,17.76193],[106.19415,17.76149],[106.19309,17.76147],[106.19222,17.7617],[106.19177,17.76217],[106.19148,17.76347],[106.19182,17.76391],[106.19384,17.76427],[106.19447,17.76569],[106.19456,17.76665],[106.1944,17.76758],[106.19357,17.7686],[106.18901,17.76958],[106.18659,17.77003],[106.18555,17.76971],[106.18469,17.76693],[106.1823,17.7671],[106.18115,17.76764],[106.18101,17.76816],[106.18201,17.76947],[106.18229,17.7704],[106.18457,17.77084],[106.18441,17.77125],[106.18213,17.77079],[106.18167,17.7703],[106.181,17.76912],[106.17975,17.7684],[106.17878,17.76811],[106.17709,17.76681],[106.17626,17.76559],[106.17541,17.76533],[106.17463,17.76627],[106.17532,17.76721],[106.17191,17.76573],[106.17083,17.76493],[106.16884,17.76402],[106.16701,17.76297],[106.16584,17.76139],[106.16449,17.76041],[106.16378,17.76028],[106.1624,17.76038],[106.16133,17.76105],[106.16028,17.76267],[106.15952,17.76329],[106.15875,17.7636],[106.15649,17.76305],[106.15568,17.76367],[106.15538,17.76435],[106.15448,17.76486],[106.15359,17.76479],[106.15326,17.76443],[106.15263,17.76458],[106.15145,17.76552],[106.15056,17.76763],[106.15011,17.76958],[106.14999,17.77174],[106.14929,17.77281],[106.14733,17.77314],[106.14532,17.77296],[106.14416,17.77348],[106.1435,17.77454],[106.14202,17.77519],[106.14162,17.77482],[106.14096,17.77285],[106.14042,17.77251],[106.1384,17.7724],[106.1379,17.77262],[106.13615,17.77273],[106.13595,17.77173],[106.13536,17.77125],[106.13357,17.77063],[106.13171,17.77039],[106.13119,17.77076],[106.13065,17.77033],[106.13068,17.76977],[106.12806,17.76931],[106.12721,17.76947],[106.12688,17.76899],[106.12844,17.76893],[106.13005,17.76907],[106.13082,17.76929],[106.13098,17.76984],[106.1316,17.77002],[106.13399,17.77034],[106.13516,17.7707],[106.13628,17.77131],[106.1379,17.77197],[106.13991,17.77192],[106.14092,17.77235],[106.14156,17.77309],[106.14185,17.77416],[106.14283,17.77436],[106.14314,17.77351],[106.14391,17.77284],[106.14503,17.77256],[106.14646,17.77239],[106.14685,17.77269],[106.14886,17.7725],[106.14946,17.77181],[106.14957,17.77009],[106.14981,17.76934],[106.15037,17.76512],[106.15096,17.76387],[106.15106,17.76329],[106.15192,17.76324],[106.15247,17.76348],[106.15524,17.76255],[106.15676,17.76243],[106.15832,17.7629],[106.15925,17.76272],[106.15998,17.76156],[106.16149,17.76018],[106.16227,17.75987],[106.16436,17.75993],[106.16619,17.7609],[106.1679,17.76272],[106.17248,17.76535],[106.17409,17.76611],[106.17545,17.7651],[106.17628,17.7653],[106.1769,17.76619],[106.17819,17.76732],[106.17943,17.76794],[106.1804,17.76814],[106.18112,17.76737],[106.18304,17.76678],[106.18422,17.76669],[106.18493,17.76693],[106.18554,17.76869],[106.18549,17.76916],[106.18609,17.76976],[106.19079,17.76869],[106.19277,17.76835],[106.19378,17.76765],[106.19413,17.76651],[106.1936,17.76457],[106.19182,17.7643],[106.19107,17.76373],[106.19108,17.76274],[106.19164,17.76157],[106.19275,17.76102],[106.1939,17.76102],[106.19497,17.76147],[106.19548,17.76216],[106.19581,17.7637],[106.19656,17.76553],[106.1971,17.76625],[106.19819,17.76664],[106.20101,17.76733],[106.20391,17.76766],[106.20617,17.76746],[106.20692,17.76708],[106.20902,17.76522],[106.20982,17.76469],[106.21084,17.76433],[106.21144,17.7639],[106.21164,17.7625],[106.2109,17.76069],[106.2109,17.76001],[106.21145,17.7588],[106.21187,17.75868],[106.21486,17.75856],[106.21638,17.75818],[106.21791,17.75669],[106.2194,17.7554],[106.22046,17.75488],[106.22152,17.75507],[106.22425,17.75632],[106.22595,17.7569],[106.22683,17.75692],[106.22748,17.75632],[106.22845,17.75444],[106.23078,17.75296],[106.23314,17.75194],[106.23346,17.75119],[106.23312,17.74967],[106.23384,17.74889],[106.23477,17.74856],[106.23638,17.74835],[106.23757,17.74802],[106.23838,17.74813],[106.23998,17.74786],[106.24272,17.74657],[106.24441,17.746],[106.24524,17.74538],[106.24625,17.74406],[106.2482,17.74316],[106.24985,17.7421],[106.25143,17.74081],[106.25255,17.74035],[106.25455,17.7382],[106.25483,17.73801],[106.25595,17.73754],[106.25804,17.73695],[106.26167,17.73551],[106.26259,17.73481]]]},"properties":{"kind":"water","class":"river","name":null}},{"type":"Feature","geometry":{"type":"Polygon","coordinates":[[[106.88115,16.59625],[106.88321,16.59654],[106.88341,16.5971],[106.88319,16.59786],[106.8839,16.59818],[106.88418,16.59898],[106.885,16.59933],[106.88554,16.59917],[106.88654,16.59999],[106.88728,16.60113],[106.88753,16.60182],[106.88851,16.60324],[106.88918,16.60315],[106.89057,16.60232],[106.89105,16.60164],[106.89149,16.60244],[106.89264,16.60304],[106.89386,16.60298],[106.895,16.60212],[106.89513,16.60153],[106.89611,16.60092],[106.89806,16.60005],[106.89943,16.59989],[106.8997,16.59967],[106.9021,16.59941],[106.90373,16.59944],[106.90449,16.5982],[106.90498,16.59857],[106.90511,16.59929],[106.90727,16.59894],[106.90794,16.59862],[106.90991,16.59921],[106.91043,16.59904],[106.91272,16.59777],[106.91511,16.59686],[106.91649,16.59602],[106.91741,16.59575],[106.9187,16.59345],[106.9187,16.59274],[106.91924,16.59227],[106.91842,16.59099],[106.91905,16.59048],[106.91955,16.59174],[106.92045,16.59306],[106.9212,16.5928],[106.92137,16.5933],[106.92027,16.59358],[106.92039,16.59443],[106.91906,16.59478],[106.91817,16.59567],[106.91969,16.59532],[106.92226,16.59416],[106.92504,16.59199],[106.92536,16.5909],[106.92608,16.59034],[106.92541,16.58874],[106.92488,16.5888],[106.92425,16.58831],[106.92554,16.5876],[106.92554,16.58835],[106.92643,16.59001],[106.92757,16.59009],[106.92819,16.58923],[106.92955,16.58819],[106.93038,16.58788],[106.93104,16.58794],[106.93229,16.58715],[106.93366,16.58704],[106.93456,16.58676],[106.9347,16.58753],[106.93334,16.58807],[106.93145,16.59024],[106.93079,16.59064],[106.9287,16.59099],[106.92561,16.59288],[106.9254,16.59358],[106.92448,16.59396],[106.92289,16.5952],[106.92193,16.59553],[106.9199,16.59645],[106.91796,16.59716],[106.91648,16.59754],[106.91603,16.59796],[106.9147,16.59836],[106.91469,16.59878],[106.91312,16.59941],[106.91126,16.59996],[106.91059,16.60041],[106.90928,16.6005],[106.90843,16.60091],[106.90776,16.60026],[106.90661,16.60016],[106.90554,16.60039],[106.90588,16.60086],[106.90479,16.60177],[106.90429,16.60155],[106.90175,16.60197],[106.90113,16.60117],[106.89952,16.60152],[106.89864,16.60191],[106.898,16.60252],[106.89785,16.6032],[106.89677,16.60395],[106.89628,16.6032],[106.89566,16.60363],[106.89551,16.60452],[106.89454,16.60478],[106.89345,16.60479],[106.8927,16.60518],[106.89204,16.60518],[106.89083,16.60573],[106.8883,16.60583],[106.88747,16.60632],[106.88669,16.60633],[106.88652,16.60566],[106.88691,16.60526],[106.88693,16.60432],[106.88724,16.60392],[106.88738,16.60286],[106.88638,16.60111],[106.88529,16.60004],[106.88443,16.59982],[106.88288,16.59895],[106.88161,16.59793],[106.88115,16.59625]]]},"properties":{"kind":"water","class":"lake","name":"Hồ thủy điện Đakrông 4"}},{"type":"Feature","geometry":{"type":"Polygon","coordinates":[[[106.96103,16.5417],[106.9617,16.54161],[106.96192,16.54284],[106.96161,16.54414],[106.96094,16.54554],[106.9595,16.54737],[106.95933,16.5484],[106.9592,16.55085],[106.95859,16.55206],[106.95656,16.55396],[106.9559,16.55485],[106.95568,16.55555],[106.95635,16.55606],[106.95677,16.55672],[106.95615,16.55719],[106.95585,16.55832],[106.95474,16.56068],[106.95322,16.5597],[106.95438,16.55725],[106.95455,16.55637],[106.95442,16.55493],[106.9554,16.55331],[106.95707,16.5519],[106.95811,16.55038],[106.95839,16.54951],[106.95816,16.54855],[106.95848,16.54725],[106.96007,16.54437],[106.96093,16.54338],[106.9612,16.54247],[106.96103,16.5417]]]},"properties":{"kind":"water","class":"lake","name":"Hồ thủy điện Đakrông 3"}},{"type":"Feature","geometry":{"type":"Polygon","coordinates":[[[106.97906,16.48137],[106.97925,16.4819],[106.97803,16.48207],[106.97697,16.4826],[106.97467,16.48469],[106.9733,16.48561],[106.97258,16.48633],[106.97258,16.48781],[106.97212,16.49027],[106.97179,16.49067],[106.97141,16.49207],[106.97154,16.49339],[106.9719,16.49435],[106.97104,16.49486],[106.97064,16.49261],[106.9709,16.49136],[106.97161,16.49001],[106.97154,16.48955],[106.97206,16.48821],[106.97177,16.48723],[106.97202,16.48614],[106.9725,16.48557],[106.97542,16.48354],[106.977,16.48179],[106.97906,16.48137]]]},"properties":{"kind":"water","class":"lake","name":"Hồ Đakrông 1"}},{"type":"Feature","geometry":{"type":"Polygon","coordinates":[[[106.92331,16.73787],[106.9237,16.7388],[106.92296,16.73937],[106.92235,16.74084],[106.92181,16.7414],[106.92076,16.74199],[106.9205,16.74275],[106.91946,16.74247],[106.91906,16.74289],[106.9179,16.74317],[106.91833,16.74189],[106.91962,16.74193],[106.91962,16.74151],[106.92061,16.74056],[106.92094,16.73955],[106.92083,16.73837],[106.92205,16.73789],[106.92331,16.73787]]]},"properties":{"kind":"water","class":"lake","name":"Hồ Năm Chính"}},{"type":"Feature","geometry":{"type":"Polygon","coordinates":[[[106.49633,17.45441],[106.49579,17.45461],[106.4956,17.45415],[106.49496,17.45127],[106.49411,17.4508],[106.49243,17.45061],[106.49158,17.45014],[106.4905,17.44992],[106.48673,17.45],[106.48642,17.44969],[106.4862,17.44871],[106.48576,17.44515],[106.48558,17.44468],[106.48472,17.44411],[106.48402,17.44391],[106.48358,17.44322],[106.4826,17.44271],[106.48051,17.44118],[106.47967,17.44082],[106.47816,17.43979],[106.47643,17.43974],[106.4757,17.43931],[106.4755,17.43865],[106.47501,17.43848],[106.47263,17.43945],[106.47087,17.44],[106.47056,17.44033],[106.46899,17.44045],[106.46813,17.4397],[106.46782,17.43828],[106.46799,17.43783],[106.46914,17.43727],[106.46925,17.43672],[106.46862,17.43569],[106.46696,17.43588],[106.46704,17.43558],[106.46815,17.43537],[106.46935,17.43551],[106.46997,17.43675],[106.46955,17.43764],[106.46859,17.43832],[106.4685,17.43881],[106.46929,17.44001],[106.47021,17.43993],[106.47337,17.43885],[106.47489,17.43801],[106.47588,17.43794],[106.4764,17.43907],[106.47842,17.43939],[106.47947,17.43998],[106.47957,17.44031],[106.48059,17.44082],[106.48297,17.44265],[106.48351,17.44275],[106.48464,17.44376],[106.48559,17.44415],[106.48603,17.44474],[106.48667,17.44855],[106.48698,17.4493],[106.48747,17.44967],[106.48876,17.44971],[106.49037,17.44954],[106.49195,17.44998],[106.49423,17.4504],[106.49515,17.45073],[106.49542,17.45117],[106.49594,17.45343],[106.49633,17.45441]]]},"properties":{"kind":"water","class":"river","name":null}},{"type":"Feature","geometry":{"type":"Polygon","coordinates":[[[106.45774,17.2516],[106.45742,17.25165],[106.45738,17.25122],[106.45789,17.24846],[106.45824,17.24795],[106.45844,17.24672],[106.4593,17.24505],[106.46028,17.24365],[106.46203,17.24024],[106.46241,17.239],[106.46453,17.23783],[106.46512,17.23739],[106.4653,17.23636],[106.46404,17.23492],[106.46319,17.23441],[106.46183,17.23305],[106.46043,17.23218],[106.45831,17.23163],[106.45762,17.23178],[106.45428,17.23099],[106.45163,17.23048],[106.45296,17.23008],[106.45786,17.23108],[106.45974,17.23128],[106.4612,17.23167],[106.46221,17.23278],[106.46481,17.23464],[106.46584,17.2361],[106.46592,17.23771],[106.4655,17.23826],[106.46437,17.23843],[106.46321,17.23895],[106.46276,17.23969],[106.46169,17.24198],[106.45986,17.24528],[106.45925,17.24675],[106.45839,17.25012],[106.45798,17.25038],[106.45774,17.2516]]]},"properties":{"kind":"water","class":"river","name":null}},{"type":"Feature","geometry":{"type":"Polygon","coordinates":[[[106.9973,16.78345],[106.99793,16.78375],[106.99883,16.78361],[106.99943,16.78275],[107.00257,16.78175],[107.0025,16.78126],[107.0036,16.78128],[107.00371,16.7816],[107.00541,16.78142],[107.00609,16.78031],[107.00623,16.77939],[107.00683,16.77933],[107.00739,16.78064],[107.00827,16.78124],[107.00865,16.78095],[107.0102,16.78126],[107.00937,16.78214],[107.00871,16.78338],[107.00901,16.78399],[107.00871,16.78538],[107.00916,16.7857],[107.00898,16.78628],[107.00825,16.78681],[107.00827,16.78744],[107.00776,16.7876],[107.00771,16.78863],[107.00678,16.78836],[107.00674,16.78758],[107.00724,16.78731],[107.00694,16.7866],[107.00606,16.78629],[107.00507,16.78641],[107.00429,16.78676],[107.00415,16.78717],[107.00282,16.7865],[107.00186,16.78658],[107.00043,16.78769],[106.99632,16.78725],[106.99378,16.78646],[106.99336,16.786],[106.99339,16.78499],[106.99418,16.78407],[106.9955,16.78432],[106.99699,16.78393],[106.9973,16.78345]]]},"properties":{"kind":"water","class":"lake","name":"Hồ Nghĩa Hy"}},{"type":"Feature","geometry":{"type":"Polygon","coordinates":[[[107.14039,16.68723],[107.13949,16.68689],[107.13891,16.68748],[107.13894,16.68822],[107.13812,16.68903],[107.13817,16.68933],[107.13733,16.68989],[107.13692,16.68907],[107.1359,16.68963],[107.13511,16.68962],[107.13402,16.69026],[107.13312,16.68961],[107.13348,16.68924],[107.13434,16.689],[107.13438,16.6876],[107.13468,16.68673],[107.13368,16.68484],[107.1349,16.68514],[107.13503,16.68607],[107.13585,16.68634],[107.13607,16.68689],[107.13552,16.68739],[107.13566,16.68827],[107.13677,16.68806],[107.13702,16.68745],[107.13642,16.68691],[107.13668,16.68633],[107.13795,16.68578],[107.13838,16.68529],[107.13843,16.68464],[107.13792,16.6844],[107.13932,16.68374],[107.1392,16.68265],[107.1407,16.68285],[107.14169,16.68243],[107.14198,16.68106],[107.14067,16.67983],[107.13988,16.67971],[107.1395,16.67915],[107.13892,16.68018],[107.13833,16.68025],[107.13715,16.68083],[107.13724,16.67975],[107.13778,16.67999],[107.13907,16.67871],[107.13922,16.6783],[107.13997,16.67784],[107.13912,16.67745],[107.13921,16.67665],[107.13866,16.67664],[107.1385,16.676],[107.13972,16.67427],[107.13918,16.67391],[107.13773,16.67337],[107.13843,16.67277],[107.13956,16.67336],[107.14052,16.67408],[107.14107,16.67531],[107.14041,16.67617],[107.14117,16.67739],[107.1426,16.67676],[107.14197,16.67767],[107.14191,16.67898],[107.14276,16.67889],[107.14255,16.67997],[107.14378,16.68024],[107.14427,16.68096],[107.14535,16.68049],[107.14498,16.68155],[107.14564,16.68188],[107.14674,16.6813],[107.14643,16.67917],[107.14722,16.6789],[107.14779,16.6783],[107.14784,16.67952],[107.14753,16.67993],[107.14777,16.68086],[107.14968,16.68067],[107.14985,16.68144],[107.15058,16.68131],[107.15123,16.68161],[107.15204,16.68324],[107.15124,16.68307],[107.15087,16.68261],[107.14997,16.68214],[107.14792,16.6819],[107.14779,16.68231],[107.14701,16.68292],[107.1477,16.6833],[107.14776,16.6839],[107.14841,16.68438],[107.14718,16.68482],[107.14746,16.68616],[107.14699,16.68643],[107.14699,16.68792],[107.1474,16.68899],[107.14705,16.68966],[107.14804,16.69037],[107.14699,16.69065],[107.14658,16.69052],[107.14388,16.69012],[107.14373,16.68719],[107.14323,16.68696],[107.14318,16.68631],[107.14191,16.68619],[107.1416,16.68696],[107.14078,16.68692],[107.14039,16.68723]]]},"properties":{"kind":"water","class":"lake","name":"Hồ Đập Trầm"}},{"type":"Feature","geometry":{"type":"Polygon","coordinates":[[[107.18396,16.72567],[107.18243,16.7233],[107.18445,16.72245],[107.18585,16.72331],[107.1876,16.72268],[107.18804,16.7231],[107.18912,16.72301],[107.18991,16.72343],[107.19045,16.72448],[107.19056,16.72544],[107.18991,16.72545],[107.18957,16.72487],[107.1885,16.72465],[107.18824,16.72435],[107.18667,16.72411],[107.18648,16.72529],[107.18507,16.72407],[107.18399,16.72387],[107.18399,16.72431],[107.18465,16.72486],[107.18416,16.72559],[107.18396,16.72567]]]},"properties":{"kind":"water","class":"lake","name":null}},{"type":"Feature","geometry":{"type":"Polygon","coordinates":[[[107.31904,16.66259],[107.3184,16.6629],[107.31776,16.66222],[107.31776,16.66156],[107.31825,16.66006],[107.31906,16.65831],[107.3199,16.65834],[107.32207,16.65619],[107.32227,16.65553],[107.32211,16.65474],[107.32159,16.65357],[107.32033,16.6529],[107.3189,16.65291],[107.31779,16.65253],[107.31684,16.65198],[107.31642,16.652],[107.31571,16.65272],[107.31554,16.65399],[107.3149,16.65491],[107.31384,16.65548],[107.31291,16.65568],[107.30967,16.65447],[107.30984,16.65381],[107.31128,16.65431],[107.3124,16.65485],[107.31298,16.6549],[107.31388,16.6545],[107.31465,16.65363],[107.31542,16.65216],[107.3154,16.65087],[107.31455,16.64953],[107.31253,16.64746],[107.31163,16.64667],[107.30868,16.64355],[107.30706,16.64153],[107.30567,16.64073],[107.30514,16.63948],[107.30468,16.6368],[107.30429,16.63564],[107.30503,16.6355],[107.30582,16.63792],[107.30603,16.63934],[107.30722,16.63738],[107.30831,16.6362],[107.30856,16.63642],[107.3077,16.63731],[107.30698,16.63854],[107.30676,16.63995],[107.30695,16.64072],[107.3094,16.64351],[107.31465,16.64835],[107.31656,16.65047],[107.31725,16.65177],[107.31797,16.65225],[107.31907,16.65254],[107.32036,16.65258],[107.32132,16.65287],[107.32252,16.65416],[107.3229,16.65494],[107.3229,16.65596],[107.32216,16.65652],[107.32107,16.65771],[107.31927,16.65908],[107.31864,16.66005],[107.31822,16.66202],[107.31904,16.66259]]]},"properties":{"kind":"water","class":"river","name":null}},{"type":"Feature","geometry":{"type":"Polygon","coordinates":[[[107.04913,16.80691],[107.04768,16.80649],[107.04647,16.80647],[107.04558,16.8068],[107.04456,16.80767],[107.04372,16.80872],[107.03966,16.81147],[107.03759,16.8128],[107.0371,16.81333],[107.03712,16.81401],[107.03792,16.81477],[107.04101,16.81634],[107.04157,16.8167],[107.04236,16.81778],[107.04235,16.81916],[107.04146,16.82056],[107.04013,16.82147],[107.03881,16.82199],[107.03703,16.82234],[107.03583,16.82186],[107.03505,16.82131],[107.03397,16.82136],[107.03181,16.82249],[107.02934,16.82392],[107.02623,16.82489],[107.02466,16.82482],[107.02233,16.82355],[107.02082,16.82252],[107.01944,16.82135],[107.01816,16.82008],[107.01762,16.81931],[107.01681,16.81884],[107.01541,16.81907],[107.01394,16.81976],[107.01192,16.82021],[107.01037,16.81981],[107.00789,16.81872],[107.00718,16.81871],[107.00587,16.81917],[107.00505,16.82005],[107.00443,16.82179],[107.00399,16.82242],[107.00351,16.82216],[107.0041,16.82051],[107.00503,16.81883],[107.00632,16.81819],[107.00822,16.81815],[107.00906,16.81831],[107.01129,16.81944],[107.01227,16.81946],[107.01372,16.81909],[107.01544,16.81834],[107.01645,16.81817],[107.01768,16.81871],[107.01867,16.81968],[107.02221,16.82255],[107.02459,16.824],[107.0259,16.82427],[107.02672,16.8241],[107.02915,16.82303],[107.03054,16.82218],[107.03303,16.82085],[107.0336,16.82065],[107.03475,16.82066],[107.03663,16.82144],[107.03788,16.82154],[107.03953,16.82096],[107.04127,16.8197],[107.04186,16.81826],[107.04124,16.81715],[107.04041,16.81669],[107.03711,16.81544],[107.03641,16.81452],[107.03613,16.81371],[107.03705,16.81215],[107.03794,16.81176],[107.03956,16.81033],[107.04337,16.80771],[107.04492,16.80629],[107.04628,16.80564],[107.04738,16.80565],[107.04933,16.8062],[107.04913,16.80691]]]},"properties":{"kind":"water","class":"river","name":null}},{"type":"Feature","geometry":{"type":"Polygon","coordinates":[[[107.04141,16.79507],[107.04156,16.79437],[107.04204,16.79381],[107.04143,16.79272],[107.04068,16.79289],[107.03994,16.7927],[107.03926,16.79222],[107.03824,16.79204],[107.03863,16.79128],[107.03822,16.79047],[107.03757,16.79024],[107.03838,16.78963],[107.04052,16.78865],[107.04002,16.78984],[107.03971,16.79002],[107.03941,16.79128],[107.04016,16.79185],[107.04102,16.79209],[107.04165,16.79182],[107.0428,16.79231],[107.04312,16.79021],[107.04397,16.79121],[107.04407,16.7904],[107.04452,16.79002],[107.04535,16.78995],[107.04525,16.79057],[107.04436,16.7906],[107.04428,16.79122],[107.0438,16.79179],[107.0439,16.79288],[107.04338,16.7937],[107.04364,16.79458],[107.04324,16.7952],[107.04141,16.79507]]]},"properties":{"kind":"water","class":"reservoir","name":null}},{"type":"Feature","geometry":{"type":"Polygon","coordinates":[[[107.2503,16.6974],[107.25081,16.69808],[107.25034,16.69937],[107.24964,16.69928],[107.24857,16.70047],[107.24724,16.7014],[107.24755,16.70175],[107.24851,16.70196],[107.24863,16.70259],[107.24776,16.70248],[107.24719,16.70289],[107.24624,16.70267],[107.24567,16.7032],[107.24596,16.70364],[107.24664,16.70385],[107.24681,16.70429],[107.2482,16.70459],[107.24816,16.70519],[107.24686,16.70491],[107.24561,16.70439],[107.24388,16.70274],[107.24457,16.70239],[107.24513,16.70152],[107.24595,16.70125],[107.24847,16.69911],[107.2503,16.6974]]]},"properties":{"kind":"water","class":"lake","name":null}},{"type":"Feature","geometry":{"type":"LineString","coordinates":[[105.8218,18.05946],[105.82202,18.05868],[105.82501,18.0566],[105.82614,18.05533],[105.8273,18.05389],[105.82759,18.05308],[105.82868,18.05295],[105.83003,18.05313],[105.83152,18.05245],[105.83234,18.05156],[105.83327,18.05081],[105.83417,18.04894],[105.83444,18.048],[105.83376,18.04669],[105.83308,18.04607],[105.83124,18.04445]]},"properties":{"kind":"river","class":"river","name":"Sông Ngàn Sâu"}},{"type":"Feature","geometry":{"type":"LineString","coordinates":[[106.59039,16.61887],[106.59059,16.61868]]},"properties":{"kind":"river","class":"river","name":"ເຊໂປນ"}},{"type":"Feature","geometry":{"type":"LineString","coordinates":[[106.86816,16.78991],[106.86956,16.79067],[106.87039,16.79063],[106.8705,16.78992],[106.87149,16.78875],[106.87256,16.7883],[106.87369,16.78819],[106.87591,16.78818],[106.87671,16.78917],[106.87961,16.78995],[106.88109,16.79004],[106.88149,16.78981],[106.8822,16.78876],[106.88277,16.78731],[106.88335,16.7863],[106.8844,16.78616],[106.88675,16.78729],[106.88772,16.78759],[106.88905,16.78739],[106.89038,16.78669],[106.89138,16.78574],[106.8918,16.78561],[106.89462,16.78539],[106.89546,16.78474],[106.89554,16.78311],[106.896,16.78267],[106.89726,16.78313],[106.89811,16.7842],[106.89816,16.78526],[106.89855,16.7861],[106.89898,16.78639],[106.90202,16.78664],[106.90435,16.78615],[106.90599,16.78656],[106.90635,16.78706],[106.90639,16.78778],[106.90576,16.78803],[106.90472,16.78885],[106.90469,16.78997],[106.90496,16.79037],[106.90583,16.79073],[106.9071,16.79068],[106.90917,16.79026],[106.90992,16.78991],[106.9117,16.78964],[106.91237,16.78969],[106.91362,16.79033],[106.91669,16.79126],[106.91779,16.79199],[106.92162,16.7907],[106.92206,16.79021],[106.9246,16.78871],[106.9262,16.78909],[106.92755,16.78995],[106.92891,16.79098],[106.92897,16.79275],[106.9287,16.79465],[106.92906,16.79583],[106.92975,16.79657],[106.9308,16.79692],[106.93252,16.79651],[106.93323,16.79602],[106.93356,16.79522],[106.93417,16.79449],[106.93596,16.7951],[106.93701,16.79631],[106.93752,16.79779],[106.93879,16.79964],[106.9399,16.80037],[106.94313,16.80183],[106.94564,16.80273],[106.94645,16.80336],[106.94675,16.80435],[106.94736,16.80544],[106.94691,16.80726],[106.94715,16.80796],[106.94921,16.80989],[106.95017,16.81026],[106.95267,16.81076],[106.95355,16.81119],[106.95419,16.81186],[106.95587,16.81277],[106.95831,16.8133],[106.95927,16.81362],[106.96046,16.8135],[106.9667,16.81328],[106.96799,16.81283],[106.97031,16.81221],[106.97289,16.81128],[106.97444,16.81101],[106.97602,16.81108],[106.9778,16.81204],[106.97894,16.81252],[106.98026,16.81283],[106.98487,16.81264],[106.9876,16.81218],[106.98861,16.81246],[106.99001,16.81347],[106.99133,16.81416],[106.99291,16.81449],[106.99467,16.81454],[106.99716,16.81418],[106.99833,16.81437],[106.99976,16.81516],[107.00067,16.81711],[107.00074,16.81864],[106.99968,16.81965],[106.99878,16.82115],[106.99882,16.82233],[107.00027,16.82322],[107.00163,16.82334],[107.00328,16.82267],[107.00367,16.82227],[107.0045,16.82051],[107.00519,16.81934],[107.00686,16.81845],[107.00786,16.81842],[107.00874,16.81864],[107.01154,16.81979],[107.01284,16.81975],[107.01552,16.81876],[107.01686,16.81859],[107.01788,16.81925],[107.01922,16.82067],[107.02169,16.8226],[107.02311,16.82363],[107.02436,16.82429],[107.02545,16.82456],[107.02735,16.82425],[107.02958,16.82332],[107.0319,16.82188],[107.0335,16.82104],[107.03464,16.8209],[107.03684,16.82181],[107.03817,16.82184],[107.03942,16.82143],[107.04043,16.82087],[107.04142,16.81998],[107.04213,16.81852],[107.04184,16.8175],[107.04143,16.81692],[107.04032,16.81629],[107.03774,16.81521],[107.0368,16.81444],[107.03662,16.8138],[107.03727,16.81249],[107.04008,16.81063],[107.04194,16.80927],[107.04526,16.80658],[107.04612,16.8061],[107.04748,16.80604],[107.04857,16.80624],[107.05311,16.80759],[107.05364,16.80787],[107.05525,16.80939],[107.05852,16.81204],[107.06207,16.81585],[107.06314,16.81646],[107.06405,16.81663],[107.06621,16.8165],[107.0684,16.81665],[107.06974,16.81694],[107.07172,16.81795],[107.07313,16.81905],[107.07635,16.82183],[107.08228,16.82669],[107.08521,16.82884],[107.08777,16.8302],[107.08833,16.83039],[107.08963,16.83009],[107.09237,16.82773],[107.09309,16.82734],[107.09687,16.82603],[107.10059,16.82591],[107.10195,16.82753],[107.10315,16.82846],[107.10648,16.8326],[107.10837,16.83523],[107.11026,16.83622],[107.11215,16.83622],[107.11401,16.83574],[107.11655,16.83523],[107.11881,16.83556],[107.12073,16.83687],[107.1235,16.8386],[107.12604,16.84215]]},"properties":{"kind":"river","class":"river","name":"Sông Hiếu"}},{"type":"Feature","geometry":{"type":"LineString","coordinates":[[107.14701,16.80672],[107.14858,16.8041],[107.14804,16.80344],[107.1473,16.80328],[107.14378,16.80298],[107.14243,16.80179],[107.14155,16.80101],[107.13863,16.79904],[107.13365,16.79838],[107.13279,16.79625],[107.13189,16.79508],[107.12923,16.79322],[107.12795,16.79201],[107.12644,16.78966],[107.12595,16.78816],[107.12607,16.78683],[107.12583,16.78552],[107.12508,16.78431],[107.12393,16.78172],[107.12319,16.78066],[107.12113,16.77832],[107.1191,16.77735],[107.11638,16.77697],[107.11519,16.77638],[107.10982,16.77284],[107.10905,16.77262],[107.10788,16.7726],[107.10694,16.77326],[107.10596,16.77704],[107.10396,16.77739],[107.10209,16.7769],[107.1002,16.77698],[107.09938,16.77649],[107.09893,16.77577],[107.09928,16.77355],[107.09891,16.77302],[107.09814,16.7729],[107.09743,16.77308],[107.097,16.77368],[107.09683,16.77462],[107.09709,16.77633],[107.09713,16.77768],[107.09679,16.77816],[107.09539,16.77851],[107.09441,16.77809],[107.09335,16.77824],[107.09318,16.78042],[107.09293,16.78142],[107.092,16.78136],[107.09153,16.78105],[107.09052,16.77959],[107.08915,16.77875],[107.08844,16.77881],[107.08681,16.77976],[107.08606,16.77933],[107.08552,16.77855],[107.08471,16.77814],[107.082,16.77781],[107.08149,16.77639],[107.08093,16.77571],[107.08084,16.77431],[107.08016,16.77384],[107.07885,16.77442],[107.07836,16.77442],[107.07559,16.77343],[107.07439,16.77357],[107.07359,16.77259],[107.07117,16.77166],[107.07132,16.77066],[107.07299,16.77053],[107.07336,16.76965],[107.07331,16.76829],[107.07218,16.76661],[107.07252,16.76558],[107.07346,16.76497],[107.07344,16.76365],[107.07263,16.76359],[107.07179,16.76447],[107.07048,16.76542],[107.06915,16.76573],[107.0687,16.76501],[107.069,16.76414],[107.06848,16.76379],[107.0669,16.7648],[107.0663,16.76447],[107.06524,16.7632],[107.06316,16.76197],[107.06381,16.76073],[107.06514,16.75956],[107.06419,16.75899],[107.06306,16.75893],[107.06273,16.75829],[107.06273,16.75738],[107.0631,16.75632],[107.06175,16.75498],[107.06306,16.75412],[107.06306,16.75364],[107.06226,16.75254],[107.06117,16.75251],[107.06048,16.7528],[107.05945,16.7527],[107.05913,16.75155],[107.05874,16.75136],[107.05737,16.75201],[107.05611,16.75222],[107.05469,16.75179],[107.05299,16.74688],[107.05078,16.74614],[107.04952,16.74638],[107.04842,16.74564],[107.04761,16.7454],[107.04593,16.74361],[107.0449,16.74394],[107.04482,16.74492],[107.04403,16.74523],[107.04293,16.74418],[107.04089,16.74371],[107.03879,16.74501],[107.03669,16.74509],[107.03542,16.7456],[107.03512,16.74743],[107.03396,16.74786],[107.0331,16.74741],[107.03255,16.74591],[107.03216,16.74562],[107.03141,16.74692],[107.0307,16.75111],[107.02997,16.75183],[107.02892,16.75142],[107.02705,16.75023],[107.0254,16.75023],[107.02523,16.75103],[107.026,16.75136],[107.02622,16.75249],[107.0254,16.75249],[107.02469,16.75284]]},"properties":{"kind":"river","class":"river","name":"Sông Vĩnh Phước"}},{"type":"Feature","geometry":{"type":"LineString","coordinates":[[107.05108,17.00353],[107.04904,17.00375],[107.04564,17.00452],[107.04419,17.00524],[107.04305,17.00624],[107.04247,17.00757],[107.04252,17.00922],[107.04325,17.01114],[107.04419,17.01241],[107.04543,17.01369],[107.04747,17.01517],[107.04779,17.01577],[107.04742,17.0169],[107.04662,17.01769],[107.04531,17.01826],[107.04233,17.01937],[107.04071,17.02038],[107.03952,17.02153],[107.03842,17.02233],[107.03752,17.02273],[107.03446,17.02437],[107.03289,17.0254],[107.03134,17.02733],[107.02754,17.03417],[107.02612,17.03598],[107.02494,17.03686],[107.02058,17.03877],[107.01898,17.03947],[107.01315,17.04377],[107.01104,17.04491],[107.01029,17.04506],[107.00924,17.04494],[107.00461,17.04354],[107.0037,17.0434],[107.0019,17.04376],[107.00007,17.045],[106.99911,17.04549],[106.99755,17.04602],[106.995,17.04673],[106.9943,17.0466],[106.99261,17.04546],[106.99009,17.04449],[106.98764,17.04381],[106.98662,17.04399],[106.98491,17.04564],[106.98332,17.0466],[106.98139,17.04735],[106.97896,17.04803],[106.97571,17.04959],[106.97454,17.05049],[106.97333,17.05184],[106.97228,17.05345],[106.97184,17.05379],[106.97073,17.05413],[106.9698,17.05391],[106.96805,17.05248],[106.96614,17.05104],[106.9648,17.05036],[106.96329,17.0505],[106.96189,17.05137],[106.96048,17.05178],[106.95898,17.0519],[106.9575,17.05164],[106.95671,17.0512],[106.95378,17.04893],[106.95194,17.04775],[106.94967,17.04695],[106.94922,17.04675],[106.94259,17.04519],[106.93898,17.04505],[106.93848,17.0456],[106.9383,17.04665],[106.93527,17.04631],[106.93402,17.04556],[106.93263,17.04365],[106.93041,17.04232],[106.92834,17.04017],[106.92641,17.03685],[106.92597,17.03574],[106.92483,17.0352],[106.92329,17.03503],[106.92086,17.03573],[106.91992,17.03566],[106.91824,17.03481],[106.91692,17.03338],[106.91703,17.03276],[106.91806,17.03167],[106.91792,17.03061],[106.91717,17.02983],[106.91542,17.02829],[106.91499,17.02751],[106.91521,17.02676],[106.91581,17.02635],[106.91567,17.02566],[106.91484,17.02392],[106.91173,17.023],[106.91144,17.02241],[106.91192,17.02132],[106.91172,17.02101],[106.91075,17.02081],[106.90971,17.0209],[106.9092,17.01921],[106.90963,17.01804],[106.90818,17.0157],[106.90709,17.0148],[106.90674,17.0148]]},"properties":{"kind":"river","class":"river","name":"Sông Sa Lung"}},{"type":"Feature","geometry":{"type":"LineString","coordinates":[[106.71155,16.91894],[106.71129,16.91796],[106.71196,16.91722],[106.71213,16.91651],[106.71057,16.91599],[106.71004,16.91468],[106.70908,16.91447],[106.70968,16.91308],[106.70933,16.91269],[106.70868,16.91267],[106.70805,16.91215],[106.70885,16.91127],[106.70867,16.91047],[106.70764,16.90881],[106.70821,16.90817],[106.70822,16.90744],[106.70752,16.90753],[106.70757,16.90682],[106.70828,16.90672],[106.7089,16.9061],[106.70863,16.90561],[106.70756,16.90581],[106.70679,16.90574],[106.70637,16.90488],[106.70777,16.90427],[106.70852,16.90351],[106.70921,16.9025],[106.70889,16.90182],[106.7081,16.90259],[106.70765,16.90192],[106.70916,16.90081],[106.71012,16.90106],[106.71216,16.90049],[106.712,16.89969],[106.71239,16.89913],[106.71363,16.89852],[106.71559,16.89723],[106.71612,16.89716],[106.71832,16.89778],[106.71867,16.89735],[106.72017,16.89661],[106.72481,16.89672],[106.72718,16.89708],[106.73038,16.89638],[106.73139,16.897],[106.73252,16.89673],[106.73788,16.89683],[106.73838,16.89699],[106.73883,16.89772],[106.73845,16.89952],[106.73945,16.89988],[106.74074,16.89966],[106.74148,16.89838],[106.74139,16.89738],[106.74217,16.8972],[106.74376,16.89869],[106.74555,16.89916],[106.74574,16.90002],[106.7464,16.89992],[106.74675,16.89888],[106.74716,16.89877],[106.74779,16.8996],[106.74848,16.89983],[106.74949,16.8993],[106.75056,16.89979],[106.75124,16.89933],[106.75177,16.89938],[106.75204,16.9001],[106.75277,16.9003],[106.75355,16.90021],[106.75553,16.89937],[106.75649,16.89917],[106.75684,16.89815],[106.75627,16.89743],[106.75654,16.89659],[106.75726,16.89665],[106.7578,16.8973],[106.75918,16.89742],[106.76143,16.89687],[106.7614,16.89564],[106.76191,16.8952],[106.76392,16.89638],[106.76801,16.89671],[106.77302,16.8962],[106.77482,16.89498],[106.77579,16.89514],[106.77592,16.89688],[106.77557,16.89832],[106.776,16.8988],[106.77746,16.89834],[106.77879,16.89566],[106.7804,16.89459],[106.78333,16.89454],[106.78471,16.89289],[106.78662,16.89343],[106.788,16.8949],[106.78883,16.89401],[106.78858,16.89213],[106.78919,16.89172],[106.78989,16.89174],[106.79054,16.89232],[106.79082,16.89358],[106.7925,16.89421],[106.79327,16.89398],[106.79344,16.89346],[106.79316,16.89266],[106.79321,16.89197],[106.79456,16.89136],[106.79632,16.89159],[106.79699,16.89152],[106.79832,16.89203],[106.79935,16.89278],[106.79907,16.89339],[106.79804,16.8942],[106.79841,16.8948],[106.79957,16.89511],[106.80085,16.89506],[106.80245,16.89459],[106.80467,16.89438],[106.80527,16.89402],[106.80546,16.89296],[106.80521,16.89219],[106.80458,16.89162],[106.80513,16.89049],[106.80626,16.88994],[106.80707,16.88914],[106.80819,16.88896],[106.80894,16.88932],[106.811,16.89257],[106.81098,16.89382],[106.8113,16.89404],[106.81237,16.89362],[106.81341,16.89349],[106.81392,16.89374],[106.8134,16.89486],[106.81425,16.89544],[106.81563,16.89446],[106.81658,16.89352],[106.81783,16.89331],[106.81832,16.89387],[106.81842,16.8945],[106.81814,16.89628],[106.81888,16.89702],[106.81952,16.89686],[106.82028,16.89632],[106.82023,16.89584],[106.81961,16.8953],[106.82048,16.89445],[106.82141,16.89447],[106.82231,16.89495],[106.82175,16.89658],[106.82161,16.89825],[106.82211,16.89875],[106.8228,16.89869],[106.82392,16.8981],[106.82455,16.89805],[106.82519,16.89858],[106.82533,16.89933],[106.82632,16.89943],[106.82692,16.89892],[106.82725,16.89757],[106.82744,16.89606],[106.82803,16.89599],[106.82857,16.89635],[106.82893,16.89719],[106.82956,16.89737],[106.83081,16.89683],[106.83154,16.89678],[106.8327,16.8975],[106.83126,16.89868],[106.83039,16.8992],[106.83008,16.90014],[106.83119,16.90049],[106.83205,16.90036],[106.83397,16.8998],[106.83515,16.89916],[106.83586,16.89953],[106.83692,16.90142],[106.837,16.90248],[106.83747,16.90273],[106.83932,16.90222],[106.84056,16.90318],[106.84184,16.90343],[106.8428,16.90256],[106.84382,16.90216],[106.84502,16.90236],[106.84545,16.90328],[106.84484,16.90482],[106.84516,16.90535],[106.84573,16.90528],[106.84708,16.90442],[106.84902,16.90432],[106.84914,16.90332],[106.85045,16.90322],[106.85154,16.90399],[106.853,16.90582],[106.85248,16.90652],[106.85287,16.90713],[106.85401,16.90678],[106.85521,16.90586],[106.85724,16.9058],[106.85754,16.90639],[106.85717,16.90694],[106.85638,16.90746],[106.85602,16.90806],[106.85648,16.9088],[106.85721,16.90891],[106.8587,16.90843],[106.85929,16.90804],[106.85922,16.90689],[106.85971,16.90626],[106.86048,16.90586],[106.86114,16.90616],[106.86093,16.90738],[106.86154,16.90773],[106.86358,16.9076],[106.864,16.90771],[106.86426,16.90846],[106.86301,16.90883],[106.86235,16.90999],[106.86232,16.91065],[106.86325,16.91105],[106.86448,16.9103],[106.86496,16.91025],[106.86674,16.91074],[106.86676,16.91118],[106.86743,16.91201],[106.86801,16.91187],[106.86858,16.91007],[106.86954,16.91036],[106.87057,16.91186],[106.87078,16.91245],[106.87065,16.91333],[106.8707,16.91468],[106.87146,16.91484],[106.87271,16.91379],[106.87292,16.91262],[106.87243,16.91076],[106.87285,16.90916],[106.8738,16.90911],[106.8757,16.9082],[106.87606,16.9073],[106.87596,16.9063],[106.87659,16.90614],[106.87771,16.90624],[106.87906,16.90521],[106.87967,16.90528],[106.88058,16.90583],[106.88126,16.90652],[106.88177,16.9067],[106.88251,16.90627],[106.88265,16.90546],[106.8823,16.90451],[106.88233,16.90359]]},"properties":{"kind":"river","class":"river","name":"Rào Thanh"}},{"type":"Feature","geometry":{"type":"LineString","coordinates":[[106.5278,16.88581],[106.52924,16.88555],[106.53124,16.88607],[106.53183,16.88608]]},"properties":{"kind":"river","class":"river","name":"Nam Xe"}},{"type":"Feature","geometry":{"type":"MultiLineString","coordinates":[[[106.26227,17.49855],[106.26269,17.5],[106.26381,17.5008],[106.26404,17.50182],[106.26389,17.50387],[106.26436,17.5052],[106.26484,17.50587],[106.26482,17.50664],[106.26549,17.5069],[106.26635,17.50949],[106.26794,17.51131],[106.26917,17.51242],[106.2698,17.51246],[106.26991,17.51356],[106.27152,17.51506],[106.27259,17.51772],[106.27384,17.51935],[106.27435,17.51948],[106.27482,17.52008],[106.27491,17.52088],[106.27409,17.52305],[106.2745,17.52351],[106.27536,17.52326],[106.27627,17.52385],[106.27713,17.52496],[106.27715,17.52608],[106.27786,17.52762],[106.27907,17.5289],[106.28023,17.53162],[106.28197,17.53351],[106.28248,17.53435],[106.28193,17.53513],[106.28195,17.53557],[106.28314,17.53579],[106.2842,17.53621],[106.2844,17.5377],[106.28355,17.53866],[106.28396,17.5399],[106.28471,17.53985],[106.28532,17.54015],[106.28545,17.54087],[106.28501,17.54142],[106.28457,17.54131]],[[107.06203,16.3433],[107.06164,16.34221],[107.06248,16.34169]],[[107.06195,16.34433],[107.06214,16.34405]],[[107.06041,16.34495],[107.06146,16.34449]],[[107.0614,16.34564],[107.06093,16.34558]],[[107.06193,16.3477],[107.06188,16.34671]],[[107.0609,16.3481],[107.06191,16.34774]],[[107.03522,16.3572],[107.03693,16.3567],[107.03749,16.3567],[107.03818,16.35716]],[[107.02449,16.36563],[107.02606,16.36447],[107.02676,16.36361],[107.02694,16.36221],[107.02655,16.36082],[107.02678,16.36013],[107.02924,16.35902],[107.03031,16.35805],[107.03184,16.35774],[107.03388,16.35709],[107.03502,16.35721]],[[107.01402,16.3615],[107.0139,16.36153],[107.01406,16.36222],[107.01454,16.36252]],[[107.04106,16.4798],[107.03909,16.48139],[107.03779,16.48258],[107.03671,16.48318],[107.03649,16.48456],[107.03614,16.48538],[107.0355,16.48565],[107.03447,16.48546],[107.03355,16.48613],[107.03271,16.48569],[107.03196,16.48563],[107.03159,16.48634],[107.03148,16.48781],[107.03046,16.48838],[107.02975,16.48961],[107.02967,16.4909],[107.02899,16.49118],[107.02731,16.49085],[107.02616,16.49155],[107.02571,16.4926],[107.02501,16.49338],[107.02321,16.49211],[107.02248,16.49214],[107.02216,16.49351],[107.02045,16.49452],[107.01903,16.49496],[107.01968,16.49557],[107.01953,16.49613],[107.01753,16.49613],[107.01658,16.49658],[107.01573,16.49721],[107.0146,16.49726],[107.01356,16.49823],[107.01079,16.50049],[107.01025,16.5005],[107.00996,16.4996],[107.00935,16.49964],[107.00883,16.50005],[107.0085,16.50074],[107.00829,16.5022],[107.00806,16.50253],[107.00678,16.50291],[107.00626,16.50333],[107.005,16.50324],[107.00403,16.50339],[107.00335,16.50426],[107.00214,16.50493],[107.00086,16.50585],[107.00065,16.50642],[107.00122,16.50823],[107.00101,16.50871],[107.00199,16.5081],[107.00255,16.50647],[107.00348,16.50619],[107.00472,16.50754],[107.0048,16.50926],[107.00522,16.50956],[107.00717,16.51186],[107.00807,16.51267],[107.00886,16.51301],[107.0105,16.51512],[107.01098,16.51776],[107.01165,16.5189],[107.0118,16.51988],[107.01268,16.5211],[107.01371,16.52144],[107.01467,16.52209],[107.01537,16.523],[107.01573,16.52406],[107.01675,16.52524],[107.01752,16.52682],[107.01735,16.52845],[107.01819,16.52864],[107.0193,16.52706],[107.02159,16.52428],[107.02275,16.52348],[107.02406,16.52237],[107.02498,16.52185],[107.02616,16.52055],[107.02693,16.51743],[107.02685,16.51634],[107.02592,16.5153],[107.02606,16.51404],[107.02643,16.51373],[107.02963,16.51226],[107.03015,16.51158],[107.02992,16.51023],[107.03032,16.50875],[107.02991,16.50669],[107.0301,16.50555],[107.03234,16.50452],[107.03516,16.50401],[107.03595,16.50335],[107.03721,16.50303],[107.03935,16.50193],[107.04086,16.4999],[107.04089,16.49864],[107.04142,16.49685],[107.04114,16.49632],[107.04031,16.49606],[107.04023,16.4957],[107.04154,16.49463],[107.04156,16.49335],[107.04186,16.493],[107.04281,16.49268],[107.04371,16.49304],[107.04543,16.49177],[107.04787,16.49072],[107.04841,16.49067],[107.0504,16.49112],[107.05099,16.49178],[107.05241,16.49131],[107.05344,16.49249],[107.05523,16.49255],[107.05562,16.4934],[107.0562,16.49341],[107.05705,16.4929],[107.05977,16.49079],[107.06209,16.48969],[107.06267,16.48896],[107.06384,16.48824],[107.06531,16.48777],[107.06586,16.48828],[107.06625,16.48973],[107.06663,16.49011],[107.06739,16.48964],[107.06767,16.48797],[107.06815,16.48747],[107.0707,16.48635],[107.07236,16.48616],[107.07478,16.48531],[107.07618,16.48516],[107.07644,16.48496],[107.07685,16.48283]],[[106.96049,16.51366],[106.95827,16.51224],[106.95755,16.51242],[106.95707,16.51292],[106.95644,16.51441],[106.95587,16.515],[106.95525,16.51498],[106.95346,16.51372]],[[106.98285,16.50584],[106.9843,16.50456],[106.98515,16.50444],[106.98595,16.50464],[106.988,16.50567],[106.98942,16.50586],[106.99052,16.50616],[106.99138,16.50673],[106.99276,16.50912],[106.9932,16.50947],[106.99437,16.50929],[106.99569,16.5087],[106.99702,16.50847],[107.00101,16.50871]],[[106.98103,16.39221],[106.98115,16.39004],[106.98174,16.38835],[106.98204,16.38699],[106.9818,16.38653],[106.9798,16.38504],[106.9793,16.38522],[106.97883,16.38601],[106.9782,16.38834],[106.97783,16.38874],[106.97674,16.38877],[106.97299,16.38822],[106.97148,16.38774],[106.97055,16.38689],[106.96875,16.38499],[106.96787,16.38366],[106.96712,16.38338],[106.96586,16.38357],[106.96479,16.38394],[106.9642,16.38447],[106.96419,16.38507],[106.96468,16.38551],[106.96476,16.38624],[106.96421,16.38679],[106.96342,16.38712],[106.96303,16.38693],[106.96246,16.38582],[106.9623,16.3844],[106.96148,16.38414],[106.96092,16.38444],[106.96016,16.38587],[106.95969,16.38622],[106.95874,16.38638],[106.95756,16.38631],[106.95602,16.38679],[106.95514,16.38682],[106.95432,16.38639],[106.95363,16.38511],[106.95319,16.38492],[106.95197,16.3856],[106.95105,16.38657],[106.95061,16.38726],[106.95078,16.38806],[106.9513,16.38911],[106.95103,16.38959],[106.94999,16.39054],[106.94965,16.3915],[106.94875,16.39185],[106.94851,16.39061],[106.94796,16.38978],[106.94771,16.38854],[106.94693,16.38802],[106.94624,16.38818],[106.94587,16.3887],[106.94613,16.39082],[106.94581,16.39107],[106.94368,16.39091],[106.94165,16.39176],[106.94087,16.39163],[106.93921,16.39298],[106.93759,16.39349],[106.93591,16.39322],[106.93488,16.39368],[106.9339,16.39463],[106.93233,16.39407],[106.93045,16.394],[106.92955,16.39362],[106.92853,16.39397],[106.92809,16.39476],[106.92679,16.39551],[106.92453,16.39628]],[[106.9603,16.53336],[106.9585,16.53348],[106.95645,16.53425],[106.95581,16.53504],[106.95594,16.53561],[106.95654,16.53604],[106.95538,16.53668]],[[106.99089,16.39924],[106.99208,16.39943],[106.99226,16.40107],[106.99182,16.40224],[106.99225,16.40281],[106.99398,16.40295],[106.99498,16.4044],[106.99595,16.40524],[106.99674,16.40561],[106.99915,16.40572],[106.99993,16.40556],[107.00042,16.40586],[107.00059,16.40659],[107.00112,16.40721],[107.0017,16.40705],[107.00306,16.40569],[107.00395,16.4058],[107.00577,16.40819],[107.00595,16.40956],[107.0064,16.41039],[107.00739,16.41074],[107.00863,16.41066],[107.01006,16.41103],[107.01182,16.41167],[107.01355,16.41166]],[[106.21278,17.51876],[106.21281,17.52053],[106.2134,17.52166],[106.21391,17.52218],[106.21461,17.52384],[106.21451,17.52458],[106.21486,17.52544],[106.21592,17.52626],[106.21609,17.52723],[106.21691,17.52749],[106.2176,17.52658],[106.21835,17.52664],[106.21972,17.52755],[106.2203,17.52763],[106.22182,17.52708],[106.22284,17.52717],[106.22464,17.5287],[106.22553,17.52977],[106.22681,17.53008],[106.22762,17.53076],[106.2289,17.53132],[106.2294,17.53188],[106.22909,17.53429],[106.22949,17.53563],[106.23066,17.5362],[106.23165,17.53811],[106.23211,17.53979],[106.23375,17.53979],[106.2339,17.54015],[106.23376,17.5419],[106.23389,17.543],[106.23462,17.54322],[106.23466,17.54461],[106.23385,17.54533],[106.23417,17.54621],[106.23488,17.54697],[106.23482,17.54783],[106.23544,17.54971],[106.23609,17.55064],[106.23667,17.55244],[106.23788,17.55421],[106.23801,17.55634],[106.2385,17.55734],[106.23873,17.55829],[106.23988,17.55938],[106.23993,17.56048],[106.24076,17.56128],[106.24134,17.56323],[106.24321,17.56563],[106.24506,17.56746],[106.24562,17.56781],[106.24603,17.56878],[106.24582,17.56906],[106.24659,17.57025],[106.24931,17.57233],[106.25148,17.57373],[106.25362,17.57444],[106.25428,17.57491],[106.25515,17.57695],[106.25558,17.57746],[106.25717,17.57688],[106.25782,17.57703],[106.25854,17.57895],[106.25821,17.57955],[106.25751,17.57988],[106.2575,17.58067],[106.25897,17.58109],[106.25944,17.58198],[106.259,17.58361],[106.25936,17.58448],[106.26053,17.58581],[106.26192,17.58799],[106.26332,17.58969],[106.26358,17.59039],[106.26199,17.59071],[106.26013,17.59164],[106.26003,17.59214],[106.2609,17.59396],[106.26095,17.59524],[106.25915,17.59657],[106.25877,17.59718],[106.25887,17.59817],[106.26018,17.59891],[106.2607,17.59882],[106.26334,17.59995],[106.26488,17.60111],[106.26584,17.60221],[106.26611,17.60313],[106.26628,17.6051],[106.26614,17.6063],[106.26552,17.60943],[106.26717,17.61205],[106.26757,17.61294],[106.26818,17.61343],[106.26954,17.61364],[106.26976,17.61421],[106.26957,17.61562],[106.26964,17.61683],[106.27016,17.61809],[106.2712,17.61922],[106.27128,17.6202],[106.27005,17.62106],[106.26922,17.62144],[106.26776,17.62129],[106.26591,17.62063],[106.26362,17.62062],[106.26258,17.62122],[106.2624,17.62169],[106.26241,17.62292],[106.2631,17.62379],[106.26359,17.62522],[106.26309,17.62633],[106.26254,17.62693],[106.26113,17.62741],[106.2603,17.62754],[106.25992,17.62853],[106.26038,17.62957],[106.26133,17.63084],[106.26252,17.63066],[106.26306,17.63085],[106.26341,17.63146],[106.26437,17.63687],[106.26329,17.6381],[106.26293,17.639],[106.2627,17.64069],[106.26307,17.6415],[106.26415,17.64258],[106.2644,17.6437],[106.26391,17.64468],[106.26275,17.64577],[106.26277,17.64646],[106.26194,17.64747],[106.26086,17.64849],[106.26028,17.64934],[106.25888,17.64981],[106.25757,17.65101],[106.25745,17.65129],[106.2577,17.65205],[106.25845,17.65269],[106.25918,17.653],[106.26018,17.65311],[106.26118,17.65288],[106.26221,17.65193],[106.26244,17.65091],[106.2636,17.65105],[106.2644,17.65045],[106.26598,17.65068],[106.26634,17.6514],[106.26612,17.65304],[106.26565,17.65389],[106.26504,17.65343],[106.26393,17.65349],[106.26316,17.65455],[106.26378,17.6559],[106.26494,17.65652],[106.26577,17.65578],[106.26743,17.65621],[106.26863,17.65613],[106.27485,17.65749],[106.27626,17.6588],[106.27525,17.65979],[106.27253,17.66102],[106.27229,17.6615],[106.27251,17.66227],[106.27215,17.66345],[106.27043,17.66395],[106.26725,17.66647],[106.26654,17.66754],[106.26615,17.6687],[106.26631,17.67082],[106.26681,17.67162],[106.26665,17.67242],[106.26462,17.67311],[106.26399,17.67355],[106.26242,17.67248],[106.26198,17.67058],[106.2616,17.67003],[106.26086,17.66964],[106.25962,17.66939],[106.25817,17.6701],[106.2571,17.67121],[106.25183,17.67374],[106.2487,17.67471],[106.24607,17.67495],[106.24568,17.67806],[106.24519,17.6791],[106.24385,17.67976],[106.24248,17.6793],[106.23891,17.67728],[106.23774,17.67705],[106.23606,17.67701],[106.23452,17.67766],[106.23242,17.67957],[106.22973,17.68082],[106.22777,17.68241],[106.22557,17.68526],[106.22382,17.68609],[106.22261,17.68767],[106.22268,17.68824],[106.22269,17.68835],[106.22258,17.69009],[106.22186,17.6902],[106.22114,17.6899],[106.22017,17.68907],[106.21917,17.68887],[106.21814,17.68946],[106.21637,17.69136],[106.21423,17.69299],[106.21361,17.69314],[106.2117,17.6926],[106.2089,17.69206],[106.20562,17.69207],[106.20488,17.69225],[106.19923,17.69302],[106.19764,17.69287],[106.19449,17.69388],[106.1875,17.69593],[106.18343,17.69663],[106.18234,17.69809],[106.17648,17.69977],[106.17502,17.69932]],[[106.28416,17.579],[106.28411,17.58016],[106.28333,17.58046],[106.28308,17.58137],[106.28267,17.58228],[106.28196,17.58302],[106.28116,17.58353],[106.27847,17.58451]],[[106.16976,17.76429],[106.16709,17.76288],[106.16629,17.76138],[106.16506,17.76052],[106.16391,17.76006],[106.16226,17.76002],[106.16116,17.76092],[106.1589,17.76325],[106.15645,17.76289],[106.15576,17.76331],[106.15504,17.76416],[106.15401,17.76459],[106.1533,17.76427],[106.15268,17.76436],[106.1516,17.7651],[106.15041,17.76686],[106.1497,17.77203],[106.14928,17.77249],[106.14753,17.77289],[106.14556,17.77265],[106.14425,17.77296],[106.14333,17.77358],[106.14282,17.77456],[106.14204,17.77476],[106.14154,17.77389],[106.14129,17.77293],[106.14074,17.77241],[106.13748,17.77203],[106.13401,17.77053],[106.13131,17.77024],[106.13079,17.76955],[106.12927,17.76918],[106.12715,17.76915],[106.12521,17.76824],[106.12375,17.76806],[106.12275,17.76745],[106.12222,17.76551],[106.12135,17.76438],[106.11993,17.76314],[106.1193,17.76229],[106.11924,17.76131],[106.11734,17.75965],[106.11601,17.75992],[106.11557,17.75969]],[[105.91787,17.7305],[105.91911,17.72991],[105.92031,17.72979],[105.92215,17.72997],[105.92331,17.73081],[105.92446,17.73127],[105.92572,17.73119],[105.92786,17.73193],[105.92835,17.73222],[105.92864,17.73301],[105.92837,17.73496],[105.92845,17.73566],[105.92923,17.73587],[105.93004,17.73655],[105.93132,17.73694],[105.93241,17.73682],[105.93419,17.73704],[105.93599,17.73677],[105.93795,17.73632],[105.93899,17.73634],[105.9409,17.73615],[105.9417,17.7366],[105.94264,17.73657],[105.94317,17.73614],[105.94416,17.73607],[105.94482,17.73644],[105.94557,17.73654],[105.94676,17.73558],[105.9479,17.73511],[105.94899,17.73543],[105.95052,17.73688],[105.95148,17.73869],[105.95288,17.7391],[105.95426,17.73915],[105.95508,17.73886],[105.9554,17.73805],[105.95466,17.73618],[105.95506,17.73576],[105.95604,17.73652],[105.95669,17.73748],[105.95834,17.73741],[105.95852,17.73661],[105.95804,17.73523],[105.95858,17.73486],[105.9601,17.7349],[105.96068,17.73488],[105.96162,17.7342],[105.96511,17.73637],[105.96709,17.7373],[105.96978,17.73791],[105.97023,17.73885],[105.97034,17.7411],[105.97113,17.74194],[105.97236,17.74137],[105.97652,17.74167],[105.97758,17.7422],[105.97861,17.74471],[105.97972,17.74528],[105.98011,17.74602],[105.98001,17.74669],[105.97928,17.74764],[105.97899,17.74979],[105.97949,17.75082],[105.97903,17.75141],[105.97814,17.75191],[105.978,17.75351],[105.97816,17.75506],[105.9792,17.7558],[105.979,17.75796],[105.97915,17.75897],[105.97951,17.75958],[105.98023,17.75981],[105.9811,17.75881],[105.98179,17.75871],[105.98255,17.75902],[105.98295,17.76026],[105.98344,17.7605],[105.98446,17.76199],[105.98532,17.76352],[105.98665,17.76427],[105.99016,17.76583],[105.99085,17.76641],[105.99081,17.76732],[105.99032,17.7677],[105.98996,17.76875],[105.99012,17.76965],[105.99135,17.77045],[105.99204,17.77047],[105.99305,17.77191],[105.99397,17.77281],[105.995,17.7736],[105.99546,17.77426],[105.99553,17.77517],[105.99705,17.7769],[105.99785,17.7769],[105.99852,17.77616],[105.99974,17.77583],[106.00105,17.77577],[106.00197,17.7763],[106.00309,17.77736],[106.00309,17.77865],[106.00418,17.78001],[106.00525,17.78081],[106.00745,17.78383],[106.00834,17.78465],[106.00941,17.78459],[106.00998,17.78376],[106.01048,17.78254],[106.01118,17.78154],[106.01199,17.78136],[106.01306,17.78172],[106.01352,17.78271],[106.01494,17.78333],[106.01645,17.78365],[106.01684,17.78436],[106.0183,17.78436],[106.01935,17.78364],[106.01907,17.78095],[106.01995,17.78038],[106.02114,17.77925],[106.02195,17.77895],[106.02316,17.77923],[106.02553,17.77861],[106.02679,17.77894],[106.02822,17.77848],[106.02863,17.77887],[106.02846,17.77973],[106.0287,17.78151],[106.02901,17.78216],[106.02969,17.7822],[106.03248,17.77876],[106.03382,17.77829],[106.03503,17.77814],[106.03609,17.77713],[106.03599,17.77654],[106.03659,17.77544],[106.03769,17.77509],[106.03787,17.77444],[106.03766,17.77371],[106.03801,17.7722],[106.03921,17.77058],[106.04032,17.76974],[106.04286,17.77021],[106.0444,17.77029],[106.04574,17.76975],[106.04587,17.7689],[106.0491,17.76918],[106.04978,17.76878],[106.0492,17.76603],[106.04883,17.76503],[106.04952,17.76379],[106.0508,17.76334],[106.05169,17.7637],[106.05314,17.76375],[106.05387,17.76337],[106.0542,17.76181],[106.05461,17.76119],[106.05451,17.76063],[106.05506,17.76001],[106.05665,17.75982],[106.05816,17.75946],[106.05871,17.75962],[106.05886,17.76027],[106.05854,17.76103],[106.06016,17.76201],[106.06013,17.76316],[106.0608,17.76371],[106.06221,17.76412],[106.06207,17.76574],[106.06058,17.76687],[106.06051,17.76746],[106.06203,17.76861],[106.06171,17.76968],[106.06124,17.77043],[106.0616,17.77117],[106.06262,17.77149],[106.06285,17.7718],[106.06273,17.77383],[106.06291,17.77464],[106.06358,17.7753],[106.06453,17.77494],[106.06597,17.77498],[106.06718,17.77519],[106.06845,17.7747],[106.06985,17.77597],[106.06816,17.77754],[106.0687,17.77795]],[[106.21922,17.64029],[106.22052,17.64044],[106.22228,17.64108],[106.22323,17.64112],[106.22476,17.64159],[106.22503,17.64241],[106.22556,17.64313],[106.22601,17.64325],[106.2268,17.64255],[106.22795,17.64224],[106.22924,17.64376],[106.22976,17.64373],[106.23067,17.64324],[106.23206,17.64346],[106.2324,17.64398],[106.2336,17.64448],[106.23451,17.64529],[106.23424,17.64644],[106.23436,17.64814],[106.23505,17.64968],[106.23579,17.65059],[106.23599,17.65127],[106.23564,17.65187],[106.23621,17.65358],[106.23671,17.6542],[106.23806,17.65404],[106.23854,17.65329],[106.23999,17.65294],[106.24093,17.65376],[106.24226,17.6543],[106.24294,17.65517],[106.2423,17.65576],[106.24201,17.65687],[106.24152,17.65792],[106.24193,17.65956],[106.24638,17.66156],[106.24748,17.6613],[106.24909,17.66177],[106.24959,17.66119],[106.25064,17.66109],[106.25119,17.6604],[106.2518,17.66024],[106.25204,17.65916],[106.25071,17.65804],[106.2517,17.65662],[106.25191,17.65559],[106.25365,17.65527],[106.25377,17.65433],[106.256,17.65223],[106.2571,17.65182],[106.25745,17.65129]],[[106.35652,17.628],[106.35643,17.62656],[106.35701,17.62399],[106.35657,17.62333],[106.35695,17.62261],[106.35837,17.6218],[106.36158,17.62031],[106.36321,17.61978],[106.36713,17.61951],[106.36914,17.61749],[106.36947,17.61672],[106.369,17.61502],[106.36817,17.61422],[106.36868,17.61294],[106.36949,17.61246],[106.37017,17.61234],[106.37062,17.61156],[106.37067,17.6107],[106.37029,17.60941],[106.36975,17.60869],[106.36695,17.60715],[106.3668,17.60676],[106.36711,17.60594],[106.3686,17.60461],[106.36878,17.60386],[106.36743,17.60335],[106.36686,17.60282],[106.3668,17.60219],[106.36724,17.60122],[106.36872,17.60006],[106.36886,17.59876],[106.36841,17.59805],[106.3665,17.59667],[106.36538,17.59675],[106.36496,17.59715],[106.36414,17.59723],[106.36141,17.59481],[106.35945,17.5936],[106.35938,17.593],[106.3589,17.59241],[106.3574,17.59259],[106.35701,17.59234],[106.3565,17.59133],[106.35553,17.59029],[106.35519,17.58837],[106.35516,17.58734],[106.35552,17.58623],[106.35513,17.58539],[106.35442,17.58482],[106.35335,17.58511],[106.35269,17.5857],[106.35147,17.58515],[106.35154,17.58428],[106.35126,17.58376],[106.35008,17.5842],[106.34929,17.58429],[106.34873,17.58486],[106.34769,17.58506],[106.34743,17.5857],[106.34612,17.58581],[106.34519,17.585],[106.34461,17.58391],[106.34389,17.58372],[106.34284,17.58429],[106.34153,17.58427],[106.33835,17.58221],[106.33773,17.58136],[106.33787,17.57981],[106.33893,17.5788],[106.33858,17.57838],[106.33794,17.57682],[106.33808,17.57571],[106.33761,17.57555],[106.33697,17.57587],[106.33555,17.57815],[106.3343,17.57791],[106.33409,17.57731],[106.33446,17.57538],[106.33374,17.57499],[106.33247,17.57514],[106.3318,17.5767],[106.33091,17.57615],[106.33019,17.57493],[106.3294,17.57319],[106.3286,17.57231],[106.32857,17.57104],[106.33004,17.56969],[106.33011,17.56924],[106.32937,17.56786],[106.32856,17.5675],[106.32771,17.56588],[106.32726,17.56548],[106.32516,17.56472],[106.32367,17.56545],[106.32253,17.5653],[106.32275,17.56269],[106.32334,17.56029],[106.3239,17.55918],[106.32381,17.5589],[106.32235,17.5586],[106.32181,17.55875],[106.32125,17.55777],[106.32001,17.55625],[106.32038,17.55511],[106.3205,17.55409],[106.32134,17.55342],[106.32208,17.55311],[106.32215,17.55263],[106.32062,17.55124],[106.31964,17.55067],[106.31947,17.55003],[106.31864,17.54906],[106.3181,17.54814],[106.3178,17.54723],[106.31723,17.54669],[106.31661,17.54654],[106.31579,17.54561],[106.31578,17.54526]],[[106.63568,16.96636],[106.63497,16.96701],[106.63473,16.96774],[106.63483,16.96845],[106.63541,16.96977],[106.63496,16.97006],[106.63393,16.96997],[106.6332,16.97095],[106.63319,16.97203],[106.63367,16.97235],[106.63452,16.97196],[106.63564,16.97231],[106.63581,16.97402],[106.63428,16.9743],[106.63381,16.97467],[106.63414,16.97603],[106.63479,16.97616],[106.63702,16.977],[106.63869,16.97592],[106.63998,16.9759],[106.64054,16.97734],[106.63921,16.97841],[106.63859,16.97977],[106.63884,16.98176],[106.63872,16.98383],[106.63922,16.98541],[106.63942,16.9867],[106.63934,16.98757],[106.63976,16.98995],[106.6402,16.99157],[106.64163,16.99305],[106.64243,16.9937],[106.6439,16.99454],[106.64706,16.99608],[106.64637,16.99703],[106.64508,16.99793],[106.64511,16.99933],[106.6446,17.00041],[106.64315,17.00145],[106.64168,17.00146],[106.64058,17.00165],[106.64003,17.00129],[106.63844,17.00137],[106.63787,17.00221],[106.63794,17.00352],[106.63878,17.00554],[106.63897,17.00639],[106.63889,17.0072],[106.639,17.00858],[106.63957,17.00939],[106.63965,17.01009],[106.63928,17.01117],[106.63856,17.01231],[106.63778,17.01271],[106.63686,17.01258],[106.63616,17.01285],[106.63528,17.01354],[106.63521,17.01508],[106.63597,17.01641],[106.63758,17.01787],[106.63752,17.01895],[106.63877,17.01992],[106.63933,17.01984],[106.64034,17.02018],[106.64096,17.02086],[106.64038,17.02157],[106.63902,17.02445],[106.63984,17.02521],[106.63953,17.02633],[106.63891,17.02682],[106.63913,17.02808],[106.63878,17.02933],[106.63841,17.02944],[106.63719,17.02892],[106.63626,17.02881],[106.63563,17.02925],[106.63544,17.02979],[106.6363,17.03142],[106.63609,17.03199],[106.63546,17.03229],[106.63355,17.03203],[106.63132,17.03127],[106.63044,17.03137],[106.63008,17.03186],[106.63022,17.03279],[106.63139,17.03393],[106.63137,17.03506],[106.631,17.03562],[106.63002,17.03642],[106.62919,17.0374],[106.6279,17.03853],[106.62813,17.0395],[106.62873,17.0404],[106.62986,17.04099],[106.63172,17.04139],[106.63451,17.04061],[106.63484,17.03963],[106.6347,17.03824],[106.63486,17.03764],[106.63576,17.03726],[106.63685,17.03706],[106.63797,17.03751],[106.63937,17.03875],[106.6397,17.04085],[106.63939,17.0422],[106.64022,17.04295],[106.64055,17.04378],[106.64147,17.04503],[106.64226,17.04725],[106.64247,17.04848],[106.64207,17.05102],[106.64239,17.0543],[106.64157,17.0549],[106.64065,17.05591],[106.64068,17.05655],[106.64131,17.05746],[106.64148,17.05884],[106.63998,17.05951],[106.63914,17.05911],[106.63709,17.06013],[106.63608,17.06257],[106.63653,17.0631],[106.63822,17.06389],[106.639,17.06403],[106.6411,17.06349],[106.64172,17.06424],[106.64158,17.06495],[106.64124,17.0695],[106.64108,17.07009],[106.63971,17.07066],[106.63803,17.07109],[106.63695,17.07171],[106.6359,17.07402],[106.63545,17.07438],[106.63351,17.0741],[106.631,17.07275],[106.62888,17.07298],[106.6267,17.07382],[106.62554,17.07452],[106.62504,17.07565],[106.62657,17.07688],[106.62802,17.07706],[106.62896,17.0782],[106.62877,17.0789],[106.62794,17.07909],[106.62591,17.07986],[106.62461,17.08001],[106.62329,17.07992],[106.62151,17.0805],[106.6202,17.08071],[106.61908,17.08129],[106.61797,17.08096],[106.61733,17.08002],[106.61737,17.07895],[106.61611,17.07738],[106.61534,17.07727],[106.61328,17.07775],[106.61202,17.07883],[106.61025,17.07893],[106.60924,17.07945],[106.60845,17.08055],[106.60683,17.08155],[106.60697,17.08229],[106.60766,17.08301],[106.60841,17.08337],[106.60886,17.08436],[106.60851,17.08546],[106.60772,17.08622],[106.60635,17.08654],[106.60515,17.0864],[106.60442,17.08578],[106.60339,17.08557],[106.6014,17.08552],[106.59853,17.08616],[106.59873,17.08535],[106.59813,17.08385],[106.5976,17.08372],[106.5967,17.0845],[106.59515,17.08518],[106.59459,17.08479],[106.59514,17.08384],[106.59636,17.08216],[106.59625,17.08183],[106.59388,17.08206],[106.59315,17.08171],[106.59316,17.08036],[106.59249,17.07986],[106.59116,17.07982],[106.59031,17.08098],[106.59009,17.08183],[106.58885,17.08261],[106.58758,17.08209],[106.58751,17.08176],[106.58768,17.07865],[106.58734,17.07788],[106.58662,17.07766],[106.58582,17.07945],[106.58515,17.07928],[106.58433,17.07842],[106.58384,17.07718],[106.58446,17.07623],[106.58437,17.0756],[106.58261,17.07383],[106.5824,17.07308],[106.58337,17.0722],[106.58431,17.07185],[106.58495,17.07061],[106.58509,17.06998],[106.58473,17.06888],[106.58268,17.06871],[106.5812,17.06788],[106.58145,17.06711],[106.58337,17.0663],[106.58336,17.0657],[106.58203,17.06478],[106.57966,17.06374],[106.57898,17.06357],[106.5772,17.0635],[106.57696,17.06326],[106.57681,17.06195],[106.57706,17.06113],[106.57686,17.06037],[106.57748,17.05938],[106.57857,17.05858],[106.57868,17.05774],[106.57802,17.05646],[106.57616,17.05519],[106.57511,17.05476],[106.57524,17.05362],[106.575,17.05311],[106.5733,17.05254]],[[106.87149,16.78875],[106.87002,16.78877],[106.86946,16.78896],[106.86884,16.78864],[106.86754,16.78706],[106.86554,16.78397],[106.86482,16.78334],[106.86248,16.7819],[106.86176,16.78124],[106.85994,16.77888],[106.8579,16.77709],[106.85651,16.7754],[106.85624,16.7748],[106.85596,16.77217],[106.85466,16.77082],[106.85273,16.7702],[106.85211,16.76975],[106.85053,16.76997],[106.85053,16.76921],[106.85097,16.7681],[106.8517,16.7674],[106.8535,16.76785],[106.85414,16.76691],[106.85474,16.76555],[106.85504,16.76394],[106.85513,16.76128],[106.85556,16.75972],[106.85659,16.75885],[106.85616,16.75799],[106.85607,16.75552]],[[106.99471,16.33353],[106.99363,16.33383],[106.99347,16.33422],[106.99266,16.33465],[106.99224,16.33547],[106.99256,16.3372],[106.99215,16.33758],[106.99117,16.33697],[106.99031,16.33777],[106.99004,16.33688],[106.99053,16.33616],[106.99038,16.33561],[106.98964,16.33531],[106.98855,16.33588],[106.98796,16.33532],[106.98796,16.33461],[106.98759,16.33431],[106.98691,16.33467],[106.98672,16.33226],[106.98625,16.33123],[106.98638,16.32999],[106.9863,16.3287],[106.98601,16.32827],[106.98582,16.327],[106.9849,16.32681],[106.98463,16.32638],[106.98466,16.32499],[106.98328,16.3232],[106.98302,16.32253],[106.98227,16.32171],[106.98115,16.32081],[106.98143,16.31903]],[[106.95542,16.57532],[106.95633,16.57472],[106.9572,16.5745],[106.9577,16.57383],[106.95889,16.57273],[106.95942,16.57248],[106.96096,16.57358],[106.96157,16.57346],[106.96301,16.57208],[106.96396,16.57171],[106.96498,16.57168],[106.96645,16.57206],[106.96795,16.57206],[106.96863,16.57188],[106.9693,16.5711],[106.96916,16.56942],[106.97201,16.56778],[106.97364,16.56751],[106.97468,16.56677],[106.9754,16.56659],[106.97623,16.56683],[106.97631,16.5675],[106.9772,16.5675],[106.98025,16.56799],[106.98183,16.568],[106.9841,16.56609],[106.9853,16.56643],[106.98604,16.56718],[106.9869,16.56616],[106.98712,16.56526],[106.98758,16.56519],[106.99129,16.56605],[106.99329,16.56624],[106.99576,16.56574],[106.9998,16.56547],[107.00025,16.56523],[107.00042,16.56454],[107.00123,16.56426],[107.00248,16.56443],[107.00268,16.56412],[107.0031,16.56242],[107.00291,16.56101],[107.00361,16.56079],[107.00671,16.56315],[107.00895,16.56443],[107.00994,16.56423],[107.01026,16.5639],[107.01054,16.56285],[107.00996,16.56213],[107.00992,16.56131],[107.01024,16.56057],[107.01103,16.56024],[107.01382,16.56036],[107.01723,16.5582],[107.01811,16.55793],[107.01897,16.55688],[107.01966,16.55645],[107.02165,16.55569],[107.02206,16.55466],[107.02311,16.55411],[107.02427,16.55456],[107.02674,16.55444],[107.02781,16.55419],[107.02925,16.55495],[107.02966,16.55579],[107.02809,16.55573],[107.02717,16.55612],[107.02811,16.55666],[107.03051,16.55674],[107.03157,16.55721],[107.03393,16.55785],[107.0339,16.55888]],[[107.12518,16.84811],[107.12271,16.84573],[107.12107,16.84491],[107.11963,16.84444],[107.11876,16.84444],[107.11785,16.84484],[107.1174,16.84546],[107.11654,16.84779],[107.11603,16.85082],[107.1152,16.85172],[107.11447,16.852],[107.11358,16.85195],[107.11314,16.85157],[107.11246,16.85003],[107.112,16.84946],[107.11091,16.84912],[107.11004,16.84948],[107.10931,16.85049],[107.10826,16.85504],[107.10756,16.85652],[107.10786,16.8571],[107.10948,16.85757],[107.11087,16.85842],[107.11211,16.85843],[107.11251,16.8594],[107.11244,16.86025],[107.11133,16.86129],[107.11022,16.86087],[107.10868,16.85946],[107.10776,16.85989],[107.1076,16.8608],[107.10705,16.86201],[107.10662,16.86151],[107.10459,16.86174],[107.10394,16.86154],[107.10405,16.8608],[107.10353,16.86019],[107.10172,16.86001],[107.10163,16.85961],[107.10256,16.8586],[107.10249,16.85805],[107.10156,16.85828],[107.10011,16.85796],[107.09976,16.85735],[107.09899,16.85747],[107.09893,16.85812],[107.10011,16.85856],[107.09973,16.85946],[107.09917,16.85968],[107.09868,16.85941],[107.09788,16.85947],[107.09654,16.85841],[107.09498,16.85812],[107.09487,16.85874],[107.09534,16.85905],[107.09432,16.86041],[107.09346,16.86113],[107.09284,16.86116],[107.09229,16.86182],[107.09196,16.86273],[107.09108,16.86329],[107.08961,16.86303],[107.08833,16.86409],[107.08656,16.86478],[107.08643,16.86617],[107.08693,16.86706],[107.08672,16.86792],[107.08575,16.86846],[107.08485,16.86925],[107.08272,16.87024],[107.08161,16.86979],[107.08073,16.86967],[107.07847,16.87029],[107.07757,16.86954],[107.07664,16.87016],[107.07554,16.86984],[107.07421,16.86962],[107.07395,16.87065],[107.07301,16.87199],[107.07219,16.87252],[107.07124,16.8747],[107.0708,16.87481],[107.07027,16.87423],[107.06888,16.87399],[107.06877,16.87289],[107.06779,16.87262],[107.06712,16.872],[107.06619,16.872],[107.06454,16.87171],[107.06159,16.87091]],[[107.10237,16.87293],[107.10282,16.87243],[107.10291,16.87104],[107.1015,16.87021],[107.10156,16.86983],[107.10251,16.86935],[107.10427,16.86736],[107.10493,16.86646],[107.10402,16.86556],[107.10473,16.86523],[107.10447,16.86441],[107.10488,16.86411],[107.10621,16.8639],[107.10698,16.86416],[107.10739,16.86342],[107.10682,16.86261],[107.10765,16.8622],[107.10832,16.86096],[107.1076,16.8608]],[[107.30024,16.66713],[107.29868,16.66496],[107.29822,16.66473],[107.2922,16.66501],[107.28615,16.66515],[107.2846,16.66475],[107.28273,16.66396],[107.28034,16.66309],[107.27869,16.66292],[107.27781,16.66206],[107.27737,16.66084],[107.27635,16.66048],[107.27537,16.66086],[107.27462,16.66009],[107.27416,16.65908],[107.27306,16.65935],[107.27241,16.65908]],[[107.1403,16.87808],[107.13999,16.87954],[107.14035,16.88202],[107.14067,16.88509],[107.14145,16.88641],[107.1422,16.88726],[107.14226,16.88789],[107.14102,16.89175],[107.13911,16.89411],[107.13688,16.89544],[107.1354,16.89682],[107.13437,16.89832],[107.13344,16.90126],[107.13218,16.90307],[107.1317,16.90403],[107.13224,16.90483],[107.13213,16.90559],[107.13108,16.90623],[107.12827,16.90606],[107.12769,16.90627],[107.12711,16.90686],[107.12694,16.90748],[107.12617,16.90785],[107.12406,16.90777],[107.12265,16.9074],[107.12059,16.90881],[107.12013,16.90964],[107.11943,16.91036],[107.11758,16.91151],[107.11792,16.91243],[107.11769,16.9133],[107.11576,16.91504],[107.11507,16.91724],[107.11445,16.91804],[107.11063,16.91988],[107.10932,16.92091],[107.10885,16.92163],[107.10852,16.92305],[107.10979,16.92561],[107.11061,16.92664],[107.11151,16.92894],[107.11243,16.93068],[107.1131,16.93132],[107.11464,16.93185],[107.11578,16.93239],[107.1152,16.93491],[107.11447,16.93606],[107.11254,16.9383],[107.1102,16.94138],[107.10923,16.94195],[107.10689,16.94189],[107.10591,16.94259],[107.1055,16.94429],[107.10601,16.9486],[107.10578,16.95037],[107.10486,16.95156],[107.10183,16.95359],[107.09752,16.95585],[107.09554,16.95923],[107.09318,16.96211],[107.09074,16.964],[107.08873,16.96508],[107.08775,16.96619],[107.08634,16.96716],[107.08529,16.96915],[107.08517,16.96978],[107.08494,16.97102],[107.08527,16.97279],[107.08566,16.97498],[107.08566,16.97585],[107.08491,16.97865],[107.08458,16.98016],[107.08476,16.98304],[107.08263,16.98201],[107.07891,16.9808],[107.07741,16.98088],[107.07652,16.98114],[107.07505,16.98234],[107.07449,16.98321],[107.07437,16.98397],[107.07462,16.98542],[107.07626,16.98913],[107.0765,16.99053],[107.07642,16.99162],[107.07545,16.9927],[107.07471,16.99313],[107.07375,16.9934],[107.07036,16.99368],[107.0674,16.99458],[107.06666,16.99512],[107.06618,16.99655],[107.06605,16.99755],[107.06626,16.99943],[107.06645,17.0024],[107.06676,17.00329],[107.06904,17.00559]],[[106.98026,16.81283],[106.97908,16.8136],[106.97791,16.81398],[106.97422,16.81401],[106.97368,16.8136],[106.97299,16.81449],[106.97294,16.81549],[106.97262,16.81687],[106.97194,16.81787],[106.97039,16.81819],[106.97011,16.81863],[106.97042,16.81952],[106.97014,16.82003],[106.96954,16.82011],[106.96879,16.81946],[106.96728,16.81941],[106.96557,16.81957],[106.96484,16.82016],[106.96383,16.82019],[106.96261,16.82061],[106.96196,16.82059],[106.95994,16.82215],[106.96013,16.82329],[106.96013,16.82471],[106.95962,16.82503],[106.95847,16.82532],[106.95752,16.82514],[106.95696,16.82541],[106.95665,16.82602],[106.95625,16.8276],[106.95509,16.82852],[106.95439,16.82835],[106.95337,16.82776],[106.95252,16.82775],[106.95226,16.82829],[106.95216,16.8294],[106.9515,16.82986],[106.9495,16.82972],[106.94789,16.82944],[106.94667,16.8287],[106.94491,16.82836],[106.94413,16.82774],[106.94287,16.82797],[106.94231,16.82833]],[[106.96283,17.12537],[106.96214,17.1244],[106.96223,17.12411],[106.96365,17.12259],[106.96376,17.12223],[106.96493,17.12054],[106.96492,17.11943],[106.96529,17.1169],[106.96562,17.11516],[106.96535,17.11377],[106.9647,17.11258],[106.96299,17.11037],[106.96243,17.10947],[106.96251,17.10823],[106.96301,17.10626],[106.9634,17.10311],[106.96389,17.10002],[106.96415,17.09887],[106.96467,17.09506],[106.96437,17.0933],[106.96403,17.09208],[106.96508,17.0906],[106.96652,17.08999],[106.9671,17.08931],[106.96714,17.08845],[106.96769,17.08741],[106.96808,17.0862],[106.97051,17.0807],[106.97199,17.0794],[106.97349,17.07873],[106.97374,17.0783],[106.97495,17.07712],[106.97506,17.07632],[106.97449,17.07561],[106.97458,17.07494],[106.97527,17.07489],[106.97573,17.07431],[106.9763,17.07435],[106.97738,17.07394],[106.98005,17.07196],[106.98069,17.07088],[106.98243,17.06695],[106.98282,17.06664],[106.98503,17.06677],[106.98571,17.06702],[106.9871,17.068],[106.98781,17.06821],[106.99156,17.06738],[106.99599,17.06844],[106.99626,17.06875],[106.99754,17.06908],[106.99903,17.06807],[107.00004,17.06807],[107.00249,17.06609],[107.00523,17.0648],[107.01056,17.06001],[107.01229,17.05907],[107.01358,17.0594],[107.01473,17.05929],[107.0151,17.05876],[107.01501,17.05762],[107.016,17.05571],[107.01701,17.05578],[107.018,17.05544],[107.01828,17.05413],[107.01935,17.05389],[107.02015,17.05312],[107.02163,17.05201],[107.02199,17.05148],[107.0228,17.04911],[107.02345,17.04784],[107.02389,17.04734],[107.02453,17.04605],[107.02434,17.04533],[107.02318,17.04397],[107.02174,17.04284],[107.02119,17.04188],[107.02127,17.0405],[107.02058,17.03877]],[[105.85875,18.06735],[105.85874,18.06661],[105.85915,18.06601],[105.85875,18.06526],[105.85748,18.0653],[105.8569,18.06464],[105.85537,18.06395],[105.8551,18.06301],[105.85405,18.06193],[105.85271,18.05946],[105.8524,18.05763],[105.85106,18.05552],[105.84986,18.05513],[105.84809,18.05499],[105.84639,18.05595],[105.84581,18.05599],[105.84572,18.05532],[105.84655,18.05448],[105.84698,18.05361],[105.84618,18.0522],[105.84596,18.05109],[105.84505,18.05057],[105.84389,18.04948],[105.84186,18.04945],[105.84137,18.05022],[105.84117,18.0522],[105.84143,18.05281],[105.8411,18.05419],[105.84075,18.05456],[105.83993,18.05475],[105.83819,18.05433],[105.83632,18.05538],[105.83576,18.05611],[105.83528,18.05758],[105.83503,18.05783],[105.83279,18.05831],[105.8322,18.05808],[105.83125,18.05665],[105.83007,18.05555],[105.82896,18.05513],[105.82614,18.05533]],[[105.77651,17.83499],[105.77548,17.83475],[105.77344,17.83451],[105.77155,17.83391],[105.76969,17.83397],[105.76935,17.83464],[105.77029,17.83551],[105.77134,17.83624],[105.77166,17.83689],[105.77183,17.83857],[105.77155,17.8392],[105.77073,17.83984],[105.76932,17.8404],[105.76693,17.84266],[105.76603,17.84378],[105.76507,17.84555],[105.76449,17.84616],[105.76357,17.8466],[105.76247,17.84659],[105.76133,17.84603],[105.76037,17.84522],[105.75911,17.84466],[105.75776,17.84434],[105.75398,17.84495],[105.75328,17.84551],[105.75312,17.84626],[105.75354,17.847],[105.75341,17.84854],[105.75375,17.8498],[105.75489,17.85083],[105.75667,17.85164],[105.75732,17.85255],[105.75688,17.85397],[105.75604,17.85435],[105.75426,17.85358],[105.7536,17.85377],[105.75282,17.85438],[105.75153,17.85496],[105.75186,17.85622],[105.75282,17.85734],[105.7535,17.85868],[105.7538,17.85996],[105.75368,17.86099],[105.75189,17.8626],[105.75182,17.86496],[105.75057,17.86658],[105.74944,17.86694],[105.74804,17.86661],[105.74667,17.86595],[105.746,17.86585],[105.74508,17.86628],[105.74455,17.86758],[105.74413,17.86804],[105.74327,17.86843],[105.74032,17.86928],[105.73987,17.86952],[105.73874,17.86961],[105.7383,17.86995],[105.73825,17.87122],[105.73871,17.87389],[105.73836,17.87483],[105.73766,17.87577],[105.73585,17.87736],[105.73493,17.87863],[105.73418,17.87901],[105.73322,17.87891],[105.73057,17.87777],[105.7297,17.8782],[105.72934,17.88118],[105.7286,17.88256],[105.72669,17.88369],[105.72588,17.88379],[105.72513,17.88342],[105.72456,17.88347],[105.72168,17.88513],[105.71981,17.885],[105.71747,17.88442],[105.71708,17.88501],[105.71724,17.8861],[105.71812,17.88663],[105.71821,17.888],[105.7178,17.88834],[105.71679,17.88862],[105.71626,17.88917],[105.71487,17.8896],[105.711,17.88981],[105.70972,17.89014],[105.70924,17.89059],[105.70877,17.89155],[105.70831,17.8918],[105.7067,17.89191],[105.70404,17.89036],[105.70239,17.88885],[105.70191,17.88938],[105.70076,17.88926],[105.69987,17.88943],[105.70019,17.89052],[105.70082,17.89461],[105.70069,17.89564],[105.70005,17.89618],[105.69858,17.89582],[105.69716,17.89818],[105.69618,17.90136],[105.6959,17.90193],[105.69658,17.90432],[105.69632,17.90514],[105.69535,17.90535],[105.6942,17.90449],[105.69322,17.90246],[105.69319,17.90138],[105.69284,17.90101],[105.6912,17.90088],[105.69024,17.90044],[105.68957,17.90096],[105.68878,17.90012],[105.68814,17.90012],[105.68794,17.90089],[105.68905,17.90209],[105.6892,17.9028],[105.68843,17.90513],[105.68769,17.90537],[105.68647,17.90525],[105.68576,17.9058],[105.68514,17.90668],[105.68434,17.90639],[105.68238,17.90621],[105.68123,17.90662],[105.6813,17.90714],[105.68206,17.90808],[105.68252,17.90936],[105.68214,17.91025],[105.68138,17.91083],[105.67956,17.91088],[105.67857,17.91156],[105.67876,17.91222],[105.67792,17.91259],[105.67742,17.9122],[105.67695,17.91242],[105.67738,17.91383],[105.67654,17.91463],[105.67544,17.91442],[105.67396,17.91356],[105.67402,17.9145],[105.67374,17.91557],[105.67425,17.91598],[105.67381,17.91656],[105.67299,17.91591],[105.67228,17.91471],[105.67147,17.91402],[105.67023,17.9138],[105.67017,17.91298],[105.66915,17.91251],[105.66758,17.91375],[105.6667,17.91355],[105.66685,17.91165],[105.66544,17.91123],[105.66451,17.91135],[105.66271,17.91221],[105.66194,17.91223],[105.66126,17.91259],[105.65986,17.91249],[105.65935,17.9129],[105.65856,17.91229],[105.65834,17.91091],[105.65868,17.91061],[105.65844,17.90966],[105.65783,17.9096],[105.6567,17.9084],[105.65691,17.90783],[105.65771,17.90761],[105.65746,17.90676],[105.65696,17.90676],[105.65573,17.90761],[105.65529,17.90757],[105.65456,17.90673],[105.65329,17.90755],[105.65254,17.90638],[105.65161,17.90693],[105.65083,17.90704],[105.65064,17.90632],[105.65112,17.90514],[105.65127,17.9039],[105.65107,17.9035],[105.65016,17.9037],[105.64847,17.90319],[105.64801,17.90352],[105.64684,17.90352],[105.64587,17.90305],[105.64506,17.90352],[105.64396,17.90332],[105.64319,17.90361],[105.64292,17.90332],[105.64183,17.90309],[105.64135,17.90255],[105.64083,17.90136],[105.63948,17.90124],[105.63855,17.90078],[105.63762,17.89917],[105.63678,17.89867],[105.63576,17.89857],[105.63504,17.89788]],[[106.02772,17.8407],[106.02883,17.84036],[106.02968,17.84043],[106.03049,17.84078],[106.0328,17.8412],[106.03346,17.84057],[106.03386,17.84057],[106.03429,17.84127],[106.03528,17.84195],[106.03531,17.84331],[106.03568,17.84353],[106.0374,17.84332],[106.03806,17.84384],[106.03855,17.84511],[106.03952,17.84669],[106.04058,17.84708],[106.04309,17.84703],[106.0432,17.84758],[106.0443,17.84873],[106.04267,17.84957],[106.04296,17.85035],[106.04416,17.85091],[106.0448,17.85241],[106.04672,17.854],[106.04757,17.85429],[106.04925,17.85365],[106.0507,17.85336],[106.05221,17.85359],[106.05484,17.85537],[106.05592,17.85678],[106.05692,17.85779],[106.05766,17.85781],[106.05838,17.85748],[106.06033,17.85609],[106.06136,17.85675],[106.06284,17.8584],[106.06431,17.85933],[106.06513,17.85934],[106.06696,17.85979],[106.0687,17.8607],[106.07312,17.86205],[106.07324,17.8626],[106.07483,17.86396],[106.07749,17.86405],[106.0803,17.86364],[106.08279,17.86401],[106.08369,17.86241],[106.08373,17.86196],[106.08475,17.86177],[106.08584,17.86323],[106.08665,17.86383],[106.08727,17.86466],[106.08757,17.86588],[106.08903,17.86754]],[[106.51363,17.62064],[106.51381,17.62018],[106.51386,17.61709],[106.51381,17.61331],[106.51387,17.61129],[106.51473,17.61015],[106.51562,17.60963],[106.51905,17.6082],[106.52039,17.60766],[106.52178,17.60638],[106.52371,17.60514],[106.52465,17.60401],[106.52521,17.60242],[106.52574,17.60247],[106.52595,17.6016],[106.52505,17.60027],[106.52378,17.59964],[106.5219,17.59971],[106.52266,17.60115],[106.52335,17.60172],[106.52348,17.60251],[106.52348,17.60263],[106.52349,17.603]],[[106.50462,17.58871],[106.5051,17.58863],[106.50591,17.58931],[106.50724,17.58934],[106.50816,17.58871],[106.50856,17.58915],[106.50887,17.59053],[106.51021,17.59107],[106.51199,17.59363],[106.51264,17.59404],[106.51465,17.59368],[106.51505,17.59315],[106.51535,17.59123],[106.51615,17.59065],[106.51653,17.58933],[106.51656,17.58847],[106.51615,17.5872],[106.51461,17.58663],[106.51416,17.58595],[106.51302,17.58345],[106.51197,17.58224],[106.51187,17.58181],[106.51257,17.58114],[106.51288,17.5802],[106.51402,17.57938],[106.51457,17.57846],[106.51594,17.57866],[106.51672,17.57804],[106.51648,17.57606],[106.51574,17.57534],[106.51544,17.57405],[106.51511,17.57332],[106.51558,17.57239],[106.51642,17.57196],[106.51672,17.57063],[106.51743,17.5699],[106.51692,17.56881],[106.51679,17.56773],[106.51612,17.56661],[106.51346,17.56521],[106.5126,17.56462]],[[106.42488,17.5941],[106.42365,17.59471],[106.42347,17.59554],[106.42374,17.59713],[106.42336,17.59794],[106.42282,17.59848],[106.42332,17.6],[106.42337,17.60061],[106.42301,17.60115],[106.42098,17.60094],[106.41966,17.60222],[106.41915,17.60292],[106.41874,17.60413],[106.41697,17.60526],[106.41575,17.60719],[106.41524,17.60849],[106.41525,17.60928],[106.41581,17.60969],[106.41609,17.61052],[106.41514,17.61235],[106.4151,17.6132],[106.41422,17.61482],[106.41249,17.61594],[106.41232,17.61679],[106.41292,17.61759],[106.41225,17.61858],[106.41259,17.61937],[106.41173,17.61985],[106.41096,17.61959],[106.41017,17.62006],[106.40988,17.62143],[106.4084,17.62419],[106.40749,17.62503],[106.40783,17.62846],[106.40765,17.62928],[106.4065,17.62976],[106.40565,17.62935],[106.40495,17.62849],[106.40364,17.62853],[106.40292,17.62962],[106.40244,17.62986],[106.40141,17.62936],[106.40076,17.62939],[106.3993,17.63026],[106.39919,17.63119],[106.40026,17.6317],[106.40072,17.63164],[106.40138,17.63091],[106.40193,17.63085],[106.40213,17.63148],[106.40193,17.63297],[106.40081,17.63438],[106.39924,17.63537],[106.39834,17.63487],[106.39771,17.63518],[106.39672,17.63512],[106.39672,17.6358],[106.39628,17.63606],[106.39529,17.63569],[106.39461,17.63628],[106.39404,17.63712],[106.39409,17.6377],[106.39346,17.63826],[106.39315,17.6375],[106.39206,17.63761],[106.39164,17.63726],[106.39047,17.63729],[106.38987,17.63775],[106.38868,17.63795],[106.38806,17.63893],[106.38738,17.63916],[106.38685,17.63973],[106.38579,17.63888],[106.38553,17.6376],[106.38498,17.63723],[106.38409,17.6366],[106.3847,17.63565],[106.38383,17.6353],[106.3828,17.63586],[106.38147,17.63603]],[[106.36526,17.51239],[106.3656,17.51281],[106.36547,17.51374],[106.36601,17.51448],[106.36559,17.51531],[106.36563,17.51632],[106.36654,17.51852],[106.36694,17.51997],[106.36715,17.52184],[106.36817,17.52303],[106.36801,17.5236],[106.36699,17.52434],[106.36655,17.52525],[106.36763,17.5271],[106.3677,17.52785],[106.36734,17.52971],[106.36837,17.53044],[106.36859,17.53085],[106.36818,17.53196],[106.36733,17.53224],[106.36697,17.53379],[106.367,17.53433],[106.36755,17.53602],[106.36743,17.53725],[106.36711,17.53784],[106.36604,17.5388],[106.36598,17.53994],[106.36538,17.5409],[106.3658,17.54217],[106.36457,17.54281],[106.3644,17.54416],[106.36302,17.54638],[106.3629,17.54714],[106.36308,17.54809],[106.36354,17.54888],[106.36391,17.55014],[106.36428,17.55037],[106.36621,17.55034],[106.36724,17.55061],[106.36755,17.55169],[106.36709,17.55242],[106.36664,17.55245],[106.36511,17.55348],[106.36387,17.55279],[106.36282,17.55276],[106.36159,17.55382],[106.36112,17.55502],[106.36022,17.55559],[106.35938,17.55586],[106.35726,17.557],[106.35731,17.5577],[106.35808,17.5582],[106.3598,17.5576],[106.36051,17.55779],[106.36201,17.55862],[106.36195,17.55976],[106.359,17.56093],[106.35759,17.56174],[106.35548,17.56185],[106.35521,17.56248],[106.35451,17.5633],[106.35432,17.56436],[106.35479,17.56525],[106.35546,17.5651],[106.35676,17.56584],[106.35515,17.56784],[106.35358,17.56839],[106.35323,17.56833],[106.35276,17.56912],[106.35269,17.5702],[106.35337,17.57099],[106.35325,17.57228],[106.35296,17.573],[106.35236,17.57372],[106.35191,17.57368],[106.35065,17.57474],[106.34974,17.57692],[106.34967,17.57785],[106.35009,17.57841],[106.35185,17.57877],[106.35235,17.57935],[106.3513,17.58044],[106.35051,17.58076],[106.35007,17.58194],[106.3503,17.58243],[106.35115,17.58311],[106.35126,17.58376]],[[106.45779,17.25217],[106.45549,17.25227],[106.45292,17.25257],[106.45188,17.25313],[106.45124,17.25436],[106.45122,17.25549],[106.45322,17.2586],[106.45439,17.26011],[106.4543,17.26178],[106.45407,17.26319],[106.4533,17.26419],[106.45185,17.26457],[106.45057,17.26433],[106.44953,17.26333],[106.44937,17.2628],[106.4494,17.26004],[106.44952,17.25816],[106.4482,17.25651],[106.44694,17.25656],[106.44544,17.25744],[106.44496,17.25847],[106.44503,17.26014],[106.44553,17.26326],[106.44622,17.26475],[106.44802,17.26612],[106.45135,17.26818],[106.45304,17.26988],[106.45405,17.27252],[106.45343,17.27465],[106.45258,17.27715],[106.45356,17.27867],[106.45472,17.28134],[106.45572,17.28306],[106.45566,17.28411],[106.45526,17.28694],[106.45747,17.2914],[106.45692,17.29312],[106.45423,17.29576],[106.45296,17.29581],[106.45087,17.29537],[106.45013,17.29559],[106.44862,17.298],[106.44796,17.2984],[106.44542,17.29904],[106.44451,17.30029],[106.4445,17.30186],[106.44509,17.30297],[106.44602,17.30332],[106.4468,17.30309],[106.44788,17.30219],[106.44913,17.30061],[106.44997,17.30079],[106.45307,17.30297],[106.45476,17.3036],[106.45555,17.30434],[106.45555,17.30497],[106.45512,17.30534],[106.45283,17.30522],[106.45098,17.30531],[106.45034,17.3051],[106.44949,17.30406],[106.44882,17.3039],[106.44833,17.30446],[106.44848,17.30516],[106.44911,17.3063],[106.44939,17.30743],[106.44759,17.30957],[106.44745,17.3106],[106.44843,17.31211],[106.44953,17.31284],[106.44996,17.31392],[106.45078,17.31481],[106.45242,17.31559],[106.45341,17.31548],[106.45407,17.3147],[106.45485,17.31341],[106.4561,17.313],[106.45697,17.31308],[106.45748,17.31368],[106.45707,17.31449],[106.45542,17.31561],[106.45485,17.31654],[106.45503,17.31697],[106.45666,17.31851],[106.45947,17.32041],[106.46052,17.32149],[106.46099,17.32329],[106.46029,17.32399],[106.4589,17.3244],[106.45745,17.32423],[106.45522,17.32374],[106.45303,17.32367],[106.45082,17.32303],[106.4465,17.3216],[106.44502,17.32081],[106.4437,17.32082],[106.44349,17.32237],[106.444,17.32328],[106.44328,17.32437],[106.44364,17.32615],[106.44475,17.32748],[106.44619,17.32855],[106.44788,17.32866],[106.44867,17.32903],[106.44933,17.32964],[106.44977,17.33043],[106.45034,17.33211],[106.45018,17.3332],[106.45042,17.33477],[106.45104,17.33556],[106.45154,17.33573],[106.45197,17.3355],[106.45247,17.33407],[106.45288,17.33382],[106.45486,17.33439],[106.45565,17.33383],[106.45643,17.33389],[106.45839,17.33535],[106.45973,17.3377],[106.46015,17.33814],[106.46142,17.33899],[106.46253,17.33901],[106.46281,17.33818],[106.46304,17.3367],[106.46399,17.33578],[106.46423,17.33457],[106.46518,17.33437],[106.46649,17.33473],[106.46771,17.33407],[106.46805,17.33379],[106.46867,17.33417],[106.46857,17.33484],[106.46916,17.33503],[106.4701,17.33439],[106.47033,17.33368],[106.4698,17.33286],[106.47035,17.33261],[106.4712,17.33341],[106.47169,17.33354],[106.47287,17.33337],[106.47323,17.33464],[106.47402,17.33469],[106.47453,17.33521],[106.47362,17.33572],[106.47349,17.33634],[106.47666,17.33679],[106.47731,17.33665],[106.47712,17.33532],[106.4783,17.3351],[106.4783,17.33412],[106.47863,17.33385],[106.4796,17.33382],[106.47937,17.3326],[106.47973,17.3312],[106.47935,17.33071],[106.47773,17.33079],[106.47728,17.33101],[106.47759,17.33166],[106.47699,17.33197],[106.47605,17.33169],[106.47544,17.33127],[106.47509,17.33056],[106.47646,17.33013],[106.47666,17.32957],[106.47584,17.32851],[106.47568,17.32783],[106.47682,17.32778],[106.47728,17.32675],[106.47714,17.32574],[106.47743,17.32469],[106.47738,17.32393],[106.4765,17.32342],[106.47672,17.32291],[106.47821,17.32218],[106.47865,17.32112],[106.47924,17.32065]],[[106.66513,17.00579],[106.66339,17.00742],[106.66337,17.00817],[106.66439,17.0087],[106.6643,17.01006],[106.66501,17.01143],[106.66487,17.01181],[106.66375,17.01174],[106.66343,17.01149],[106.66231,17.01234],[106.66176,17.01181],[106.66103,17.01152],[106.65988,17.01166],[106.65727,17.01176],[106.65519,17.01197],[106.65497,17.01177],[106.65481,17.01024],[106.65502,17.00928],[106.65429,17.00943],[106.65319,17.01031],[106.65271,17.0102],[106.65207,17.00956],[106.65106,17.00989],[106.65098,17.00884],[106.6495,17.00941],[106.64897,17.01039],[106.64772,17.00984],[106.64628,17.01023],[106.64602,17.00903],[106.64649,17.00812],[106.64595,17.00744],[106.64424,17.00761],[106.64259,17.00836],[106.64137,17.00868],[106.64073,17.00965],[106.63965,17.01009]],[[106.41709,17.33206],[106.41744,17.33211],[106.41881,17.33327],[106.42026,17.33324],[106.4211,17.33292],[106.42263,17.33273],[106.4233,17.33308],[106.42407,17.33402],[106.42503,17.33553],[106.42587,17.33521],[106.42639,17.33406],[106.42734,17.33392],[106.4284,17.33571],[106.42903,17.33568],[106.42996,17.33493],[106.43083,17.33458],[106.43213,17.33462],[106.43314,17.33505],[106.4344,17.33491],[106.4353,17.33529],[106.43694,17.33702],[106.43955,17.34043],[106.4402,17.34055],[106.44116,17.33999],[106.44112,17.33942],[106.44243,17.33787],[106.44282,17.33719],[106.44417,17.33576],[106.44519,17.33393],[106.44599,17.33344],[106.44672,17.33336],[106.44808,17.33363],[106.44855,17.33419],[106.44876,17.33554],[106.45092,17.34038],[106.45198,17.3404],[106.45276,17.33982],[106.45406,17.33842],[106.45426,17.33765],[106.45154,17.33573]],[[106.45838,17.0476],[106.45912,17.04828],[106.4597,17.04823],[106.46037,17.04749],[106.46425,17.04629],[106.46535,17.04644],[106.46619,17.04753],[106.46678,17.04712],[106.46627,17.04552],[106.46674,17.04506],[106.46793,17.04529],[106.47054,17.04612],[106.47199,17.04562],[106.47248,17.04438],[106.47311,17.0445],[106.47431,17.0456],[106.47469,17.04645],[106.47552,17.04727],[106.4759,17.04523],[106.47644,17.04408],[106.47669,17.04309],[106.47736,17.04262],[106.47796,17.04257],[106.47899,17.04288],[106.47948,17.04385],[106.48034,17.04389],[106.48125,17.04217],[106.48228,17.0422],[106.48301,17.04286],[106.48378,17.04315],[106.48571,17.04314],[106.48634,17.04277],[106.48716,17.04153],[106.48673,17.03884],[106.48702,17.03767],[106.48752,17.03666],[106.4872,17.03616],[106.48599,17.03542],[106.48591,17.03483],[106.48622,17.03329],[106.48651,17.03283],[106.48877,17.03206],[106.48927,17.03108],[106.48971,17.03067],[106.49029,17.02963],[106.49132,17.02899],[106.49062,17.02744],[106.4909,17.02646],[106.49152,17.02547]],[[106.32142,17.33851],[106.32133,17.33957],[106.32077,17.3407],[106.32137,17.34159],[106.3223,17.34177],[106.32544,17.34203],[106.32684,17.34046],[106.32862,17.34043],[106.32973,17.34136],[106.32973,17.34183],[106.33075,17.34203],[106.3321,17.34108],[106.33517,17.3412],[106.33798,17.34116],[106.33851,17.34136],[106.33914,17.34302],[106.33919,17.34414],[106.33966,17.34494],[106.34132,17.34449],[106.34204,17.34481],[106.34265,17.34578],[106.34424,17.34712],[106.34463,17.34937],[106.34455,17.35044],[106.34539,17.3511],[106.34686,17.35153],[106.34762,17.35232],[106.3491,17.35352],[106.35076,17.35515],[106.35141,17.35531],[106.35459,17.35535],[106.35493,17.35665],[106.35399,17.35853],[106.35403,17.35902],[106.35454,17.35959],[106.35558,17.36002],[106.35639,17.36008],[106.35788,17.35949],[106.35995,17.35848],[106.36138,17.3581],[106.36218,17.35851],[106.36192,17.3594],[106.36213,17.35999],[106.36337,17.36033],[106.36321,17.36162],[106.36375,17.36187],[106.36419,17.36144],[106.36494,17.35961],[106.36585,17.35877],[106.36756,17.35948],[106.36832,17.35964],[106.36821,17.36133],[106.3685,17.362],[106.36989,17.36217],[106.37071,17.3618],[106.37158,17.36095],[106.37234,17.35993],[106.37296,17.3599],[106.37286,17.36194],[106.37354,17.36269],[106.37354,17.3633],[106.37407,17.3637],[106.37568,17.36175],[106.37713,17.36084],[106.37792,17.36086],[106.37818,17.36176],[106.37869,17.36223],[106.37874,17.36286],[106.37829,17.36309],[106.37735,17.36294],[106.37677,17.36453],[106.37686,17.36517],[106.37733,17.36547],[106.38117,17.36499],[106.38209,17.36426],[106.38303,17.36448],[106.38322,17.36547],[106.38381,17.36667],[106.38398,17.36787],[106.38433,17.36826],[106.3867,17.36973],[106.38833,17.37035],[106.38939,17.37033],[106.38991,17.36946],[106.39006,17.36847],[106.38951,17.36764],[106.39005,17.36663],[106.39034,17.36543],[106.39076,17.36507],[106.39238,17.36442],[106.39684,17.36393],[106.3974,17.36428],[106.39822,17.36596],[106.39903,17.3661],[106.39967,17.36551],[106.40081,17.36524],[106.40143,17.36401],[106.40208,17.36326],[106.40267,17.36335],[106.40402,17.36285],[106.40503,17.36209],[106.40486,17.35908],[106.40566,17.35882],[106.40865,17.36038],[106.40935,17.36016],[106.41156,17.35852],[106.41234,17.3586],[106.41237,17.35945],[106.41361,17.36106],[106.41448,17.36194],[106.41523,17.36236],[106.41712,17.36278],[106.41792,17.36265],[106.41841,17.36166],[106.41781,17.3604],[106.41752,17.35836],[106.41693,17.35755],[106.4172,17.35687],[106.41838,17.35697],[106.41922,17.35659],[106.41997,17.35548],[106.42013,17.35483],[106.41992,17.35285],[106.41958,17.35073],[106.41845,17.34787],[106.41859,17.34613],[106.41963,17.34171],[106.42034,17.34172],[106.42158,17.34276],[106.42192,17.34349],[106.42283,17.34475],[106.42352,17.34761],[106.42409,17.34806],[106.42611,17.34821],[106.42691,17.34708],[106.42683,17.34636],[106.42791,17.34484],[106.42793,17.34397],[106.42734,17.34254],[106.42622,17.34158],[106.42618,17.34091],[106.42674,17.33962],[106.42731,17.33928],[106.42847,17.33805],[106.42929,17.33757],[106.43111,17.33726],[106.43235,17.33609],[106.43314,17.33505]],[[106.45146,17.23011],[106.45007,17.22899],[106.44878,17.2288],[106.44823,17.22842],[106.4478,17.22755],[106.44722,17.22718],[106.44689,17.22639],[106.44536,17.22584],[106.44481,17.22544],[106.44386,17.22526],[106.44303,17.22562],[106.44257,17.22622],[106.44197,17.22805],[106.44063,17.23042],[106.44015,17.23069],[106.4386,17.23046],[106.43678,17.23076],[106.43425,17.23087],[106.43268,17.2312],[106.43108,17.23119],[106.42793,17.2308],[106.42503,17.23088],[106.42393,17.23102],[106.42209,17.23092],[106.4207,17.23061],[106.41888,17.22969],[106.4175,17.22844],[106.4164,17.22822],[106.41599,17.22864],[106.41517,17.22865],[106.41376,17.22814],[106.41317,17.22925],[106.4135,17.23028],[106.41254,17.23149],[106.41234,17.23208],[106.41104,17.23359],[106.40986,17.23436],[106.40949,17.23521],[106.40831,17.23606],[106.40749,17.23616],[106.40698,17.23567],[106.40592,17.23566],[106.40422,17.23644],[106.40345,17.23784],[106.40317,17.23872],[106.40227,17.2387],[106.4015,17.2377],[106.40104,17.23763],[106.39855,17.23903],[106.39823,17.23976],[106.39833,17.2421],[106.39973,17.2434],[106.3998,17.24493],[106.39903,17.246],[106.39828,17.24635],[106.39745,17.24718],[106.39533,17.24736],[106.39441,17.24833],[106.39429,17.24942],[106.39519,17.25087],[106.39593,17.25236],[106.39703,17.25383],[106.39794,17.25622],[106.39796,17.25823],[106.39782,17.2584]],[[106.3966,17.39382],[106.39667,17.39316],[106.39734,17.39242],[106.39886,17.39129],[106.39948,17.39064],[106.39971,17.38889],[106.40007,17.38851],[106.40033,17.38751],[106.40092,17.38726],[106.40211,17.3872],[106.40208,17.38657],[106.4016,17.38557],[106.4016,17.38474],[106.40202,17.38447],[106.40294,17.38313],[106.40329,17.38105],[106.40393,17.38087],[106.40442,17.38162],[106.4048,17.38172],[106.40564,17.38128],[106.40687,17.38025],[106.40785,17.37983],[106.40933,17.3797],[106.41161,17.37918],[106.41237,17.37864],[106.41279,17.37702],[106.41284,17.37594],[106.41266,17.37398],[106.41174,17.37089],[106.41129,17.37058],[106.41054,17.37073],[106.41002,17.37041],[106.4094,17.36943],[106.40975,17.36869],[106.41129,17.3679],[106.41246,17.36917],[106.41314,17.36898],[106.4141,17.36648],[106.41447,17.36378],[106.41519,17.36302],[106.41626,17.36373],[106.41712,17.36278]],[[106.52047,17.10726],[106.51939,17.10571],[106.51958,17.10479],[106.52064,17.10456],[106.52087,17.10423],[106.52051,17.10331],[106.51989,17.10108],[106.51978,17.09926],[106.51935,17.09836],[106.51849,17.09784],[106.51766,17.09784],[106.5152,17.09892],[106.51474,17.09883],[106.51352,17.09782],[106.51353,17.09668],[106.51526,17.09508],[106.516,17.09469],[106.51725,17.09469],[106.51784,17.0957],[106.51801,17.09669],[106.51885,17.09648],[106.51978,17.09298],[106.5209,17.09106],[106.52083,17.09055],[106.52024,17.08993],[106.51909,17.08983],[106.51749,17.09058],[106.51622,17.0905],[106.51512,17.09073],[106.51361,17.09177],[106.51305,17.0918],[106.5126,17.09135],[106.51177,17.08978],[106.51174,17.08892],[106.51243,17.08736],[106.51222,17.08657],[106.51272,17.08582],[106.51327,17.08607],[106.51443,17.08854],[106.51524,17.08886],[106.5162,17.08764],[106.51643,17.08702],[106.51745,17.08671],[106.51811,17.08615],[106.5182,17.08541],[106.51801,17.08406],[106.51817,17.083],[106.51863,17.0818],[106.51863,17.08115],[106.51707,17.08008],[106.51571,17.07994],[106.51397,17.07994],[106.5127,17.07979],[106.51248,17.07867],[106.51091,17.07835],[106.51038,17.07868],[106.50978,17.07965],[106.50892,17.07979],[106.50702,17.07823],[106.50659,17.07746],[106.50562,17.07693],[106.50463,17.07662],[106.50275,17.0763],[106.50182,17.07628],[106.49904,17.07808],[106.49763,17.07846],[106.49625,17.07834],[106.49564,17.07809],[106.4942,17.07705],[106.49338,17.0767],[106.49221,17.07661],[106.49109,17.0763],[106.48921,17.07631],[106.48764,17.07573],[106.48651,17.07642],[106.48578,17.07784],[106.48464,17.07862],[106.48375,17.07853],[106.48151,17.07584],[106.48085,17.07542],[106.47947,17.0739],[106.47848,17.07176],[106.47734,17.06994],[106.47653,17.06891],[106.47629,17.06797],[106.4764,17.06679],[106.47594,17.0663],[106.47491,17.06723],[106.47417,17.0675],[106.4735,17.06701],[106.47292,17.06542],[106.4718,17.06481],[106.47173,17.06393],[106.47196,17.06316],[106.47188,17.0619],[106.47141,17.06161],[106.47017,17.06154],[106.46963,17.06085],[106.47,17.06027],[106.47165,17.05941],[106.47215,17.05827],[106.47216,17.05725],[106.47131,17.05712],[106.46984,17.05541],[106.46977,17.05415],[106.47078,17.05325],[106.47158,17.05358],[106.47314,17.05294],[106.4737,17.05134],[106.47443,17.05084],[106.47519,17.0497],[106.4755,17.04889],[106.47552,17.04727]],[[106.57855,17.0521],[106.57797,17.05354],[106.57794,17.05468],[106.57815,17.05588],[106.57802,17.05646]],[[106.62476,17.3817],[106.62284,17.38186],[106.62149,17.38234],[106.62012,17.38397],[106.61827,17.38503],[106.61816,17.38599],[106.61903,17.38665],[106.61945,17.38776],[106.61923,17.38859],[106.61821,17.38881],[106.61705,17.38785],[106.61581,17.38747],[106.6145,17.38668],[106.61354,17.3877],[106.61285,17.38786],[106.61107,17.38922],[106.61083,17.38954]],[[106.68624,17.224],[106.68773,17.2245],[106.68855,17.22514],[106.68913,17.22655],[106.69029,17.22848],[106.69218,17.22973],[106.6931,17.23019],[106.69448,17.2305],[106.69703,17.23133],[106.69906,17.23273],[106.70048,17.23295],[106.70384,17.23194],[106.7079,17.23148],[106.71094,17.23296],[106.7139,17.23519],[106.71569,17.23576],[106.71601,17.23616],[106.71626,17.23739],[106.71663,17.23779],[106.71892,17.23851],[106.71953,17.23846],[106.72048,17.23773],[106.72088,17.23718],[106.7217,17.2367],[106.72281,17.23653],[106.72863,17.23683],[106.72938,17.23701],[106.73199,17.24003],[106.73353,17.24085],[106.73735,17.24236],[106.73971,17.24462],[106.74068,17.24502],[106.7419,17.24449],[106.74361,17.24468],[106.74496,17.24537],[106.7462,17.24625]],[[106.6238,17.31242],[106.62547,17.31033],[106.62522,17.30918],[106.62299,17.30797],[106.62252,17.30748],[106.62232,17.30644],[106.62234,17.30516],[106.62305,17.30298],[106.62353,17.30052],[106.62422,17.2991],[106.62489,17.29846],[106.62622,17.29769],[106.62755,17.29713],[106.62803,17.2963],[106.62783,17.29527],[106.62736,17.29472],[106.62516,17.29381],[106.62475,17.29287],[106.62592,17.29176],[106.62778,17.28973],[106.62917,17.28738],[106.63018,17.28597],[106.63015,17.28534],[106.62957,17.28458],[106.62867,17.28408],[106.62773,17.28388],[106.62578,17.2828],[106.62486,17.28288],[106.62447,17.28237],[106.62473,17.28159],[106.62541,17.28108],[106.62587,17.28076],[106.6261,17.27941],[106.62584,17.27878],[106.62526,17.27828]],[[106.61501,17.31214],[106.60759,17.30892],[106.60712,17.30853],[106.60706,17.30696],[106.60565,17.30679],[106.60497,17.30714],[106.60516,17.30792],[106.60469,17.30825],[106.60383,17.30726],[106.60377,17.30592],[106.60425,17.30533],[106.60414,17.3045],[106.60489,17.30387],[106.60451,17.30328],[106.604,17.30336],[106.60326,17.30409],[106.60168,17.30383]],[[107.21101,16.75511],[107.2117,16.75399],[107.21124,16.75345],[107.2115,16.75205],[107.20976,16.75208],[107.20894,16.75175],[107.20817,16.75291],[107.2071,16.75265],[107.20622,16.75372],[107.20536,16.75562],[107.20402,16.75631]],[[106.96805,17.05248],[106.96686,17.05272],[106.96618,17.05321],[106.96532,17.05448],[106.9653,17.05586],[106.96422,17.05668],[106.96174,17.05716],[106.96085,17.05762],[106.96142,17.05888],[106.96092,17.0595],[106.96074,17.06035],[106.96091,17.06082],[106.96018,17.06164]],[[106.94695,16.93357],[106.94725,16.93307],[106.94735,16.93171],[106.94837,16.93171],[106.9485,16.93102],[106.94774,16.93061],[106.94758,16.9302],[106.94873,16.92796],[106.95005,16.92726],[106.95071,16.92635],[106.9516,16.92616],[106.9519,16.9253],[106.95164,16.9247],[106.9518,16.92391],[106.95345,16.92098],[106.95461,16.9212],[106.95434,16.92009],[106.95514,16.91889],[106.9557,16.91915],[106.9558,16.91984],[106.95649,16.92012],[106.95623,16.92098],[106.95672,16.92123],[106.95771,16.9199],[106.95722,16.91807],[106.95847,16.9175],[106.95811,16.91668],[106.95679,16.9164],[106.95609,16.91668],[106.95517,16.91668],[106.95457,16.91539],[106.95197,16.91356],[106.95124,16.91384],[106.95065,16.91472],[106.94959,16.91491],[106.94873,16.91425],[106.94751,16.9145],[106.94751,16.91403],[106.94886,16.91261],[106.94971,16.9109],[106.94885,16.91],[106.94919,16.90933],[106.9505,16.90828],[106.95168,16.90832],[106.95309,16.90966],[106.95344,16.90885],[106.95312,16.90828],[106.95277,16.90686],[106.95159,16.90688],[106.95146,16.90635],[106.952,16.90571],[106.95337,16.90557],[106.95348,16.90497],[106.95299,16.90458],[106.95168,16.90479],[106.95093,16.90575],[106.95022,16.90584],[106.94945,16.90512],[106.94794,16.9059],[106.94739,16.906],[106.94674,16.90504],[106.94706,16.9045],[106.94831,16.90452],[106.94863,16.90292],[106.94915,16.90233],[106.9493,16.90138],[106.94983,16.90068],[106.95048,16.90062],[106.9517,16.90155],[106.95252,16.90097],[106.95243,16.90042],[106.95183,16.90009],[106.9517,16.8996],[106.95331,16.89898],[106.95226,16.89816],[106.95348,16.89787],[106.95427,16.89693],[106.95468,16.89553],[106.95316,16.89576],[106.95234,16.89574],[106.95086,16.89473],[106.95086,16.89413],[106.952,16.89276],[106.95339,16.8922],[106.95419,16.8913],[106.95445,16.89009],[106.9541,16.88972],[106.95217,16.88976],[106.95202,16.88851],[106.95136,16.88839],[106.95046,16.88767],[106.94973,16.88748],[106.94921,16.88633],[106.94702,16.88565],[106.94552,16.88568],[106.9432,16.88428],[106.94153,16.88492],[106.94099,16.88405],[106.94164,16.88327],[106.9417,16.88272],[106.94082,16.88255],[106.93947,16.88294]],[[107.11401,16.83574],[107.11302,16.83712],[107.11142,16.83845],[107.10991,16.84045],[107.10643,16.84386],[107.1039,16.84494],[107.10235,16.84601],[107.10074,16.84733],[107.09984,16.84745],[107.0974,16.84634],[107.09439,16.84439],[107.09348,16.84416],[107.09271,16.84359],[107.09232,16.84286],[107.0915,16.84286],[107.09062,16.84251],[107.08992,16.84149],[107.08914,16.84098],[107.0887,16.83917],[107.08879,16.83822],[107.08786,16.83811],[107.08674,16.83666],[107.0859,16.83672],[107.08418,16.83528],[107.08276,16.83506],[107.08135,16.83507],[107.08078,16.83645],[107.08103,16.83709],[107.08077,16.83847],[107.08148,16.84035],[107.08108,16.84085],[107.08135,16.84213],[107.08092,16.84297],[107.07985,16.84322],[107.07921,16.84375],[107.0779,16.84365],[107.07561,16.84739],[107.07586,16.84883]],[[107.2092,16.7646],[107.20916,16.76301],[107.20892,16.76242],[107.20771,16.76156],[107.20696,16.75961],[107.20658,16.75934],[107.20494,16.75891],[107.20386,16.75914],[107.20294,16.75845]],[[107.3137,16.62297],[107.31439,16.62217],[107.3152,16.62087],[107.31542,16.61984],[107.31553,16.6182],[107.31592,16.61755],[107.31703,16.61632],[107.31721,16.61589],[107.31685,16.61258],[107.31709,16.61108],[107.31681,16.61068],[107.31556,16.6104],[107.31528,16.60898],[107.31531,16.60672],[107.31552,16.60618],[107.31635,16.6056],[107.31738,16.60553],[107.31736,16.60464],[107.31693,16.60399],[107.31731,16.60322],[107.3193,16.60349],[107.31916,16.60231],[107.31953,16.60223],[107.3196,16.60222],[107.31976,16.60131],[107.32026,16.60112],[107.31984,16.59993],[107.3204,16.59955],[107.32021,16.59898],[107.32036,16.59809],[107.31938,16.59581],[107.31958,16.59515],[107.31945,16.59412],[107.31877,16.59338],[107.31711,16.59302],[107.31702,16.59219],[107.31603,16.59084],[107.31601,16.59014],[107.31543,16.58968]],[[107.19099,16.64206],[107.19032,16.64098],[107.19008,16.63957],[107.19053,16.63763],[107.19048,16.6372],[107.18955,16.63697],[107.18925,16.63628],[107.18961,16.63554],[107.19064,16.63529],[107.19054,16.63422],[107.1898,16.63336],[107.19006,16.63209],[107.18991,16.63154],[107.19087,16.63097],[107.19095,16.62995],[107.19158,16.62952],[107.19319,16.62917],[107.19358,16.62786]],[[106.77357,16.46931],[106.77392,16.46994],[106.77355,16.47192],[106.77375,16.47248],[106.77566,16.47513],[106.77629,16.47558],[106.77774,16.47752],[106.778,16.47906],[106.77782,16.48077],[106.77816,16.48238],[106.77864,16.48349],[106.77807,16.48452],[106.77827,16.48535],[106.77914,16.48615],[106.77904,16.48767],[106.78003,16.48845],[106.78055,16.48729],[106.78131,16.48672],[106.78304,16.48712],[106.78403,16.48807],[106.78531,16.48814],[106.7864,16.48881],[106.78651,16.48953],[106.78592,16.49054],[106.78471,16.49088],[106.78381,16.49086],[106.78273,16.49111],[106.78248,16.49172],[106.78371,16.49319],[106.78402,16.4941],[106.78405,16.49616],[106.78239,16.49761],[106.78113,16.49896],[106.77951,16.50117]],[[106.77107,16.4678],[106.77291,16.46871]],[[106.77063,16.46632],[106.77057,16.46668]],[[107.17722,16.83904],[107.17791,16.83911],[107.17971,16.84013],[107.18057,16.84041],[107.18262,16.84044],[107.18353,16.84114],[107.18416,16.84075],[107.18451,16.83913],[107.18498,16.83879],[107.18588,16.83904],[107.1889,16.83673],[107.18991,16.83638],[107.19311,16.83592],[107.19732,16.83488],[107.19772,16.8338],[107.19733,16.83294],[107.19593,16.83301],[107.1952,16.83173],[107.19435,16.83133],[107.19265,16.83185],[107.19107,16.83153],[107.19073,16.83107],[107.19073,16.83009]],[[107.06613,16.80398],[107.06664,16.80343],[107.06723,16.80342],[107.06792,16.80397],[107.0688,16.80561],[107.06993,16.80619],[107.07,16.80687],[107.0707,16.80717],[107.07336,16.80876],[107.07429,16.80897],[107.07661,16.80831],[107.07774,16.80822],[107.07863,16.80838],[107.08069,16.80976],[107.08111,16.81053],[107.08124,16.81145],[107.08061,16.81236],[107.07985,16.81272],[107.07981,16.81307],[107.07989,16.81394],[107.08052,16.81486],[107.0812,16.81553],[107.0816,16.81626],[107.0817,16.81724],[107.08134,16.81887],[107.08091,16.81871],[107.08037,16.81932],[107.07976,16.81945],[107.08054,16.8208],[107.0813,16.82092],[107.08178,16.8218],[107.0826,16.82271],[107.0826,16.82345],[107.08322,16.82403],[107.08428,16.824],[107.08456,16.8245],[107.08777,16.82583],[107.08823,16.8262],[107.08987,16.82654],[107.09099,16.82662],[107.09356,16.82595]],[[106.78899,17.22181],[106.78836,17.22313],[106.78826,17.22406],[106.78893,17.22495],[106.79098,17.22628],[106.7915,17.22721],[106.791,17.22858],[106.79112,17.22955],[106.7932,17.23124],[106.79398,17.23228],[106.7947,17.23403],[106.79578,17.23575],[106.79772,17.23718],[106.79862,17.23745],[106.79977,17.23748],[106.80118,17.23811]],[[105.98348,17.78463],[105.98368,17.78484],[105.98389,17.78514],[105.98344,17.78549],[105.98429,17.78631],[105.98367,17.78742],[105.98448,17.78866],[105.98435,17.78908],[105.98363,17.78956],[105.98269,17.78969],[105.98115,17.79061],[105.98037,17.79046],[105.97854,17.79201],[105.97838,17.79412],[105.97786,17.79436],[105.97676,17.79429],[105.97653,17.79489],[105.97719,17.79551],[105.97841,17.79619],[105.97887,17.79712],[105.97875,17.79842],[105.97775,17.79918],[105.97756,17.80046],[105.97797,17.80245],[105.97895,17.80275],[105.98067,17.80262],[105.9816,17.80271],[105.98183,17.80333],[105.98136,17.80415],[105.98175,17.8048],[105.9817,17.80598],[105.98069,17.80728],[105.98061,17.80781],[105.98095,17.80885],[105.98077,17.80951],[105.9803,17.80983],[105.98017,17.8108],[105.97936,17.81155],[105.97812,17.81201],[105.97751,17.81141],[105.97745,17.81023],[105.97694,17.81028],[105.97544,17.80977],[105.97467,17.80969],[105.97402,17.8104],[105.97283,17.81003],[105.97206,17.80912],[105.97139,17.80928],[105.97112,17.81044],[105.97013,17.8101],[105.96884,17.81124],[105.96837,17.81113],[105.96817,17.80998],[105.96678,17.80947],[105.96616,17.80816],[105.96488,17.80781],[105.96461,17.80801],[105.96506,17.80901],[105.96468,17.80945],[105.96374,17.80925],[105.96316,17.80883],[105.96153,17.80883],[105.96059,17.80857],[105.96059,17.80738],[105.96092,17.80677],[105.96113,17.80517],[105.96104,17.8042],[105.96128,17.80367],[105.96103,17.80291],[105.9602,17.80298],[105.95974,17.80267],[105.95975,17.802],[105.96123,17.79987],[105.96182,17.79835],[105.9608,17.79745],[105.96088,17.7958],[105.95999,17.79472],[105.95954,17.79392],[105.95897,17.79347],[105.9588,17.79221],[105.95997,17.78995],[105.96054,17.78918],[105.96039,17.78853],[105.96074,17.7878],[105.96178,17.7875],[105.96249,17.78696],[105.96277,17.78629],[105.96272,17.78593],[105.96155,17.78495],[105.96172,17.7839],[105.96068,17.78332],[105.9613,17.78238],[105.96077,17.78193]],[[105.90576,17.83746],[105.90668,17.83786],[105.9074,17.8375],[105.90787,17.8368],[105.90853,17.83688],[105.90915,17.83738],[105.909,17.83789],[105.90794,17.8389],[105.90753,17.83993],[105.90661,17.83988],[105.90609,17.84022],[105.90662,17.84075],[105.90627,17.84179],[105.90706,17.84225],[105.90619,17.84288],[105.90581,17.84359],[105.90502,17.84358],[105.90491,17.84411],[105.90549,17.84444],[105.90645,17.84408],[105.90607,17.84553],[105.90519,17.84514],[105.90443,17.84761],[105.90455,17.84833],[105.90373,17.84862],[105.90336,17.85011],[105.90232,17.85015],[105.90239,17.8506],[105.90313,17.85117],[105.90318,17.85195],[105.90241,17.85202],[105.90216,17.85364],[105.9015,17.85363]],[[105.92117,17.84557],[105.9218,17.84551],[105.92267,17.84449],[105.92326,17.84461],[105.92359,17.84533]],[[105.91545,17.81648],[105.91402,17.81626],[105.91363,17.81657],[105.91411,17.81763],[105.91302,17.81894],[105.9128,17.8198],[105.91296,17.82075],[105.91177,17.82175],[105.91227,17.82255],[105.91102,17.82398],[105.91121,17.82471],[105.91078,17.82512],[105.91096,17.82614],[105.9102,17.82706],[105.91104,17.82846],[105.91095,17.82984],[105.91125,17.83132],[105.91099,17.83223],[105.91043,17.83267],[105.91216,17.83357],[105.91176,17.83365],[105.91173,17.8346],[105.91048,17.8347],[105.91025,17.83568],[105.90966,17.83577],[105.90853,17.83688]],[[105.96438,17.78085],[105.96382,17.78125],[105.96396,17.78201],[105.96519,17.78359],[105.96464,17.78445],[105.96388,17.7845],[105.96328,17.78489],[105.96257,17.78432],[105.96155,17.78495]],[[105.9587,17.78298],[105.96047,17.78298],[105.96068,17.78332]],[[105.96295,17.69677],[105.96109,17.70019],[105.96118,17.70109],[105.95968,17.70258],[105.95968,17.70312],[105.95909,17.70365],[105.95807,17.70396],[105.95789,17.70497],[105.95802,17.70568],[105.95902,17.70625],[105.95832,17.70656],[105.95779,17.70794],[105.95682,17.70948],[105.95748,17.70934],[105.95872,17.70993],[105.9587,17.7112],[105.95951,17.71238],[105.95879,17.71308],[105.9578,17.71326],[105.95701,17.71374],[105.9567,17.71444],[105.95705,17.71475],[105.95785,17.71418],[105.95853,17.71441],[105.95837,17.71626],[105.95912,17.71636],[105.95995,17.71704],[105.96024,17.71662],[105.96116,17.71662],[105.96231,17.71547],[105.96285,17.71513],[105.96351,17.7155],[105.96471,17.71565],[105.9653,17.7151],[105.96562,17.71386],[105.96483,17.71322],[105.96468,17.71277],[105.96558,17.71163],[105.96554,17.71013],[105.96605,17.70972],[105.96634,17.70826],[105.96614,17.70761],[105.96639,17.70595],[105.96699,17.70561],[105.96789,17.706],[105.96802,17.70643],[105.96931,17.70685],[105.97024,17.70641],[105.97014,17.70477],[105.9708,17.70289],[105.9719,17.70246],[105.97285,17.70264],[105.973,17.70067],[105.97348,17.70026],[105.97422,17.70034],[105.97497,17.70008],[105.97742,17.69785],[105.97777,17.69744],[105.97863,17.69725],[105.97986,17.69593],[105.9801,17.69547],[105.98106,17.69482],[105.98145,17.69393]],[[105.98723,17.69201],[105.98696,17.6926],[105.98494,17.69412],[105.98505,17.69455],[105.98642,17.69462],[105.98729,17.69444],[105.98925,17.69459],[105.99003,17.69395],[105.99084,17.694],[105.99142,17.69343],[105.99189,17.69218],[105.99219,17.69225],[105.9946,17.69422],[105.99669,17.6943],[105.99903,17.69532],[105.99918,17.69583],[106.00176,17.69521],[106.00318,17.69521],[106.00406,17.69593],[106.00459,17.69531],[106.00507,17.69553],[106.00598,17.69527],[106.00796,17.69499],[106.0086,17.69552],[106.00863,17.69639],[106.008,17.6969],[106.0087,17.69723],[106.00926,17.69687],[106.0101,17.69558],[106.01085,17.69549],[106.01164,17.69504],[106.01216,17.69512],[106.01299,17.69429],[106.01402,17.6945],[106.01467,17.69441],[106.01561,17.69374],[106.01652,17.69416],[106.01761,17.6943],[106.0182,17.69385],[106.01891,17.69408],[106.02019,17.69277],[106.01928,17.6927],[106.01878,17.69208],[106.021,17.69017],[106.02111,17.69016],[106.02241,17.69048],[106.02328,17.68996],[106.0233,17.68955],[106.02419,17.6893],[106.02417,17.68984],[106.02524,17.68984],[106.02582,17.6896],[106.02599,17.68857],[106.02713,17.68822],[106.02753,17.68782],[106.02923,17.68853],[106.02979,17.68832],[106.02949,17.68727],[106.03059,17.68667],[106.03169,17.6854],[106.03234,17.68521],[106.03338,17.68611],[106.03391,17.68598],[106.03559,17.6861],[106.03687,17.68605],[106.03778,17.68493],[106.03768,17.68441],[106.03838,17.68318],[106.03959,17.68366],[106.04141,17.68365],[106.04175,17.68335],[106.04159,17.68208],[106.04314,17.68119],[106.04505,17.68113],[106.04552,17.68084],[106.0467,17.68087],[106.04779,17.68122],[106.04909,17.68117],[106.04944,17.6805],[106.05004,17.68018],[106.05067,17.68073],[106.05071,17.68126],[106.05157,17.68129],[106.05234,17.68107],[106.0535,17.68123],[106.05528,17.68073],[106.05527,17.68033],[106.0563,17.67939],[106.05777,17.67844],[106.0582,17.67882],[106.06028,17.67803],[106.06045,17.67827],[106.06215,17.67815],[106.06436,17.67839],[106.06481,17.67904],[106.06456,17.68047],[106.06461,17.68117],[106.06552,17.68169],[106.06678,17.68134],[106.06848,17.68126],[106.07021,17.68135],[106.07094,17.68107],[106.07271,17.67977],[106.07325,17.67862],[106.07441,17.6782],[106.07539,17.67738],[106.07651,17.67792],[106.07776,17.67674],[106.07771,17.67531],[106.07797,17.67482],[106.07945,17.67409],[106.08082,17.67427],[106.08103,17.67534],[106.08183,17.67765],[106.08215,17.67785],[106.08447,17.67721],[106.085,17.67741],[106.08558,17.67808]],[[105.91675,17.72139],[105.91654,17.72251],[105.91581,17.7236],[105.91641,17.72446],[105.91617,17.72495],[105.91865,17.72665],[105.91951,17.72697],[105.92033,17.72779],[105.92179,17.7288],[105.92215,17.72997]],[[107.20429,16.76888],[107.20261,16.76616],[107.20163,16.76392],[107.2007,16.76286]],[[107.29596,16.69748],[107.29701,16.69769],[107.30154,16.6983],[107.31223,16.69986],[107.32371,16.70162],[107.32584,16.70204],[107.3278,16.70253],[107.32892,16.70363],[107.32942,16.70377],[107.33074,16.70366],[107.33257,16.70451],[107.33412,16.70445],[107.33591,16.7037],[107.33708,16.70384],[107.33732,16.70485],[107.33787,16.70556],[107.33887,16.70594],[107.33951,16.70592],[107.34089,16.70525],[107.34196,16.70426],[107.34318,16.70353],[107.34365,16.7027],[107.34453,16.70194],[107.34563,16.70169],[107.34646,16.701],[107.34715,16.69959],[107.3478,16.69926],[107.34998,16.69928],[107.35138,16.69917],[107.35328,16.69869]],[[106.53183,16.88608],[106.533,16.88629],[106.53357,16.88683],[106.53358,16.88819],[106.53444,16.88986],[106.53505,16.89042],[106.53787,16.89149],[106.53948,16.89192],[106.54056,16.89063],[106.54191,16.88989],[106.54372,16.89182],[106.54583,16.89174],[106.54672,16.89216],[106.54765,16.89306],[106.5481,16.89312],[106.54981,16.89226],[106.55136,16.89219],[106.55212,16.89326],[106.55202,16.89398],[106.55271,16.89434],[106.55203,16.89527],[106.55205,16.89575],[106.55319,16.89633],[106.55361,16.89755],[106.55449,16.89725],[106.55595,16.8978],[106.55614,16.89847],[106.55716,16.89848],[106.55628,16.89998],[106.55714,16.9011],[106.55794,16.9017],[106.55804,16.90225],[106.55944,16.90279],[106.56174,16.90303],[106.56185,16.9037],[106.56277,16.90446],[106.56269,16.90528],[106.56419,16.906],[106.56414,16.90673],[106.56465,16.90707],[106.56387,16.90798],[106.56449,16.90839],[106.56423,16.90903],[106.56455,16.90957],[106.56399,16.91019],[106.56516,16.91091],[106.56555,16.91143],[106.56485,16.9143],[106.56435,16.91503],[106.56474,16.9153],[106.56435,16.91693],[106.56277,16.91816],[106.56405,16.919],[106.5643,16.91986],[106.56379,16.92032],[106.56422,16.9215],[106.56369,16.9216],[106.56404,16.92257],[106.56361,16.92301],[106.56432,16.9236]],[[106.53523,17.62965],[106.53485,17.62971],[106.53409,17.62863],[106.53172,17.63121],[106.52957,17.63295],[106.52729,17.63692],[106.52556,17.6398],[106.52484,17.64043],[106.52397,17.64081],[106.52308,17.6408],[106.52226,17.64047],[106.52099,17.63961],[106.52009,17.63868],[106.51925,17.63747],[106.51803,17.63526],[106.51748,17.63476],[106.51588,17.63449],[106.51279,17.63479],[106.51188,17.6347],[106.50946,17.63377],[106.50312,17.63102],[106.50008,17.62992],[106.49556,17.62852],[106.49412,17.62873],[106.49284,17.62859],[106.49129,17.6273],[106.48982,17.62704],[106.48923,17.62768],[106.48866,17.62792]],[[106.39028,17.21683],[106.39321,17.21599],[106.39449,17.21586],[106.39572,17.21607],[106.39735,17.21595],[106.39782,17.21546],[106.39779,17.21437],[106.3983,17.21357],[106.4004,17.21258],[106.40065,17.21203],[106.40133,17.21188],[106.40158,17.21229],[106.40301,17.21288],[106.40415,17.21371],[106.40516,17.21344],[106.40641,17.21437],[106.40744,17.21482],[106.40861,17.21506],[106.40861,17.21601],[106.40888,17.21696],[106.40857,17.21857],[106.40876,17.21914],[106.40963,17.22042],[106.41077,17.2207],[106.41206,17.22258],[106.41247,17.22298],[106.41328,17.22429],[106.41354,17.22572],[106.41338,17.22639],[106.41319,17.22734],[106.41376,17.22814]],[[106.68854,17.09973],[106.68833,17.09907],[106.68858,17.09839],[106.68974,17.09815],[106.69044,17.09741],[106.69055,17.09649],[106.69093,17.09614],[106.69208,17.09665],[106.69507,17.09638],[106.69706,17.09592],[106.7012,17.09646],[106.70213,17.09733],[106.70312,17.0975],[106.70456,17.09753],[106.70598,17.09801],[106.70744,17.09792],[106.70792,17.10024],[106.70764,17.10203],[106.7079,17.10284],[106.70845,17.10297],[106.71001,17.10284],[106.71109,17.10337],[106.71249,17.1026],[106.71344,17.10191],[106.71354,17.10157],[106.71283,17.10086],[106.71302,17.09986],[106.71272,17.09817],[106.71399,17.09667],[106.71491,17.09588],[106.71635,17.09514],[106.71629,17.09449],[106.71532,17.09405],[106.71581,17.09336],[106.71598,17.09249],[106.71766,17.09091],[106.71723,17.09004],[106.71856,17.08899],[106.72064,17.08783],[106.72147,17.08821],[106.72156,17.08907],[106.72203,17.08953],[106.72266,17.08933],[106.72372,17.08836],[106.7242,17.08834],[106.72726,17.0892],[106.72773,17.08964],[106.7281,17.09068],[106.72879,17.09113],[106.72925,17.09098],[106.73007,17.08998],[106.73075,17.08981],[106.73273,17.09058],[106.73369,17.0911],[106.73463,17.09199],[106.73574,17.09248],[106.73673,17.09333],[106.73717,17.09408],[106.73788,17.09411],[106.73865,17.09305],[106.73953,17.09231],[106.74037,17.09195],[106.74132,17.09187],[106.7424,17.09239],[106.74268,17.09289],[106.74275,17.09406],[106.74302,17.09452],[106.74413,17.09488],[106.74492,17.09451],[106.74452,17.09265],[106.74475,17.09172],[106.74615,17.09118],[106.74675,17.09215],[106.74695,17.0931],[106.74741,17.09358],[106.74844,17.09328],[106.74893,17.09361],[106.74862,17.09575],[106.74909,17.0961],[106.74971,17.09573],[106.75039,17.09484],[106.75219,17.09467],[106.75307,17.09494],[106.75313,17.095],[106.75388,17.09616],[106.75388,17.09675],[106.75331,17.09853],[106.75277,17.09923]],[[106.79601,16.75414],[106.79634,16.75376],[106.79769,16.75346],[106.79793,16.7526],[106.79804,16.75115],[106.79842,16.7501],[106.79907,16.74947],[106.80035,16.74926],[106.80893,16.75177],[106.81029,16.75253],[106.81127,16.75325],[106.81319,16.75518],[106.81421,16.75586],[106.81554,16.75705],[106.81604,16.75781],[106.81619,16.75895],[106.81716,16.76068],[106.81792,16.76154],[106.82047,16.76252],[106.82167,16.76263],[106.8239,16.7612],[106.82453,16.76173],[106.82456,16.76278],[106.82425,16.76491],[106.82278,16.766],[106.82287,16.76685],[106.82401,16.76953],[106.82499,16.7703],[106.82568,16.77005],[106.82749,16.77032],[106.83048,16.772],[106.83146,16.77224],[106.83174,16.77303],[106.8328,16.77402],[106.83472,16.77442],[106.83666,16.77505],[106.83732,16.77597],[106.83823,16.77684],[106.83906,16.77733],[106.84085,16.77756],[106.84246,16.77721],[106.84352,16.7764],[106.84408,16.77508],[106.84489,16.77272],[106.84607,16.77198],[106.8468,16.77172],[106.8476,16.77073],[106.84816,16.77045],[106.85053,16.76997]],[[106.40834,17.89108],[106.4071,17.89042],[106.40578,17.89021],[106.40538,17.89078],[106.40614,17.89216],[106.40609,17.89279],[106.40544,17.89321],[106.40403,17.89316],[106.40274,17.89351],[106.40054,17.8922],[106.39873,17.892],[106.39779,17.89288],[106.39686,17.89194],[106.39604,17.89176],[106.39504,17.89241],[106.3942,17.89189],[106.39353,17.89189],[106.39306,17.89294],[106.39226,17.89334],[106.39088,17.89305],[106.38862,17.89312],[106.38817,17.89376],[106.38852,17.8963],[106.38822,17.89768],[106.38745,17.89834],[106.38739,17.90045],[106.38685,17.90187],[106.38569,17.90619],[106.38573,17.9077],[106.38521,17.90879],[106.38496,17.91222],[106.3847,17.91378],[106.38428,17.91459],[106.38275,17.91572],[106.3824,17.91657],[106.38096,17.91664],[106.38052,17.91779],[106.38055,17.91862],[106.38109,17.91975],[106.38148,17.92254]],[[105.92411,17.96853],[105.92121,17.96755],[105.91915,17.96647],[105.91794,17.96662],[105.91623,17.96595],[105.91583,17.96546],[105.91592,17.96475],[105.91526,17.96413],[105.91453,17.96423],[105.91404,17.96537],[105.91311,17.96504],[105.91197,17.9628],[105.91108,17.96206],[105.91115,17.9608],[105.91078,17.96029],[105.90978,17.96158],[105.90958,17.96241],[105.90875,17.96187],[105.9082,17.9603],[105.90749,17.95888],[105.90842,17.95856],[105.90951,17.95868],[105.90971,17.95843],[105.90932,17.95751],[105.90865,17.95708],[105.9087,17.95654],[105.90993,17.95518],[105.91069,17.95481],[105.91081,17.95426],[105.90985,17.95357],[105.9113,17.95251],[105.91113,17.95149],[105.91009,17.94985],[105.9101,17.94938],[105.91091,17.94912],[105.9111,17.94857],[105.91069,17.94656],[105.91014,17.94476],[105.91019,17.94425],[105.9111,17.94403],[105.9112,17.94346],[105.91005,17.94281],[105.90989,17.94187],[105.9114,17.9425],[105.912,17.94206],[105.91138,17.94158],[105.91213,17.94126],[105.91254,17.9404],[105.91259,17.9397],[105.91381,17.94015],[105.91451,17.94007],[105.91396,17.93896],[105.91477,17.93667],[105.91414,17.93607],[105.91317,17.93608],[105.91284,17.93428],[105.91229,17.9339],[105.9117,17.93303],[105.91101,17.93279],[105.91112,17.93202],[105.91177,17.93102],[105.91155,17.93081],[105.90998,17.93085],[105.90959,17.93046],[105.90792,17.93029],[105.90672,17.9304],[105.90479,17.9298],[105.90423,17.93022],[105.90394,17.92937],[105.90312,17.92914],[105.90203,17.92923],[105.9015,17.9296],[105.90022,17.92933],[105.89887,17.9287],[105.89843,17.92749],[105.89783,17.92685],[105.8971,17.92664],[105.89564,17.9257],[105.89551,17.92518],[105.89486,17.92469],[105.89401,17.92478],[105.89332,17.92576],[105.89262,17.92488],[105.89076,17.924],[105.89066,17.92472],[105.89108,17.92617],[105.89005,17.92602],[105.88862,17.92617],[105.88786,17.92576],[105.88702,17.9257],[105.88701,17.92473]],[[105.90406,17.79243],[105.90415,17.79308],[105.90372,17.79412],[105.90424,17.7954],[105.90349,17.7962],[105.90253,17.79854],[105.90225,17.79897],[105.90121,17.79928],[105.90064,17.79991],[105.90069,17.80038],[105.89957,17.80072],[105.89933,17.80155],[105.89889,17.80206],[105.89823,17.80221],[105.89695,17.80348],[105.89563,17.80403],[105.89546,17.80371],[105.89435,17.80406],[105.89423,17.80513],[105.89359,17.80487],[105.89296,17.80525],[105.8916,17.80503],[105.8909,17.80568],[105.88999,17.80577],[105.88997,17.80704],[105.89058,17.80828],[105.89082,17.80922],[105.89003,17.8094],[105.89057,17.81061],[105.8892,17.81112],[105.88873,17.81188],[105.88912,17.8123],[105.88995,17.81187],[105.89034,17.81221],[105.89032,17.81352],[105.88911,17.81544],[105.88814,17.81606],[105.8883,17.81787],[105.8895,17.81897],[105.88978,17.81963],[105.89042,17.81966],[105.89082,17.82041],[105.8905,17.82113],[105.88989,17.8217],[105.8896,17.8226],[105.88872,17.82309],[105.88882,17.82359],[105.88962,17.82417],[105.88967,17.82572],[105.88906,17.82639],[105.88856,17.82766],[105.88858,17.82863],[105.88722,17.82852],[105.88705,17.82913],[105.88706,17.83075],[105.88687,17.83143],[105.88636,17.83174],[105.88561,17.83176],[105.88562,17.83246],[105.88615,17.83287],[105.88643,17.83362],[105.88635,17.83448],[105.88681,17.83483],[105.88685,17.83556],[105.88591,17.83702],[105.88594,17.83833],[105.88615,17.83993],[105.88527,17.84107],[105.88412,17.84184],[105.88422,17.84403],[105.88347,17.84458],[105.88257,17.84426],[105.88054,17.84485],[105.88027,17.8454],[105.87837,17.84622],[105.87802,17.84704],[105.87714,17.847],[105.87653,17.84745],[105.87393,17.84766],[105.87285,17.84819],[105.87296,17.84894],[105.87201,17.85084],[105.87137,17.85088],[105.87076,17.85138],[105.8713,17.85232],[105.87188,17.85286],[105.87135,17.85328],[105.87238,17.85441],[105.87266,17.8555],[105.87337,17.85616],[105.87332,17.85768],[105.87352,17.85967],[105.87316,17.86113],[105.87127,17.86108],[105.87094,17.86139],[105.871,17.86223],[105.87067,17.86284],[105.87086,17.86369],[105.87154,17.86481],[105.87055,17.86559],[105.87056,17.86605],[105.86991,17.86652],[105.86951,17.86755],[105.87001,17.86853],[105.86996,17.86931],[105.86936,17.87116],[105.86924,17.87196],[105.86851,17.87319],[105.86711,17.87441],[105.86541,17.87424],[105.86452,17.87497],[105.86302,17.87556],[105.86127,17.87739],[105.86071,17.87771],[105.86024,17.87738],[105.86009,17.87632],[105.85972,17.87629],[105.85779,17.87744],[105.85694,17.87818],[105.85663,17.87922],[105.85629,17.87944],[105.85536,17.87866],[105.85499,17.8775],[105.85386,17.87664],[105.85305,17.87704],[105.85057,17.87694],[105.8497,17.87675],[105.84889,17.8763],[105.84734,17.8757],[105.84663,17.87464],[105.84496,17.87414],[105.84382,17.87474],[105.84247,17.8745],[105.84041,17.8754],[105.84049,17.87651],[105.84145,17.87667],[105.84232,17.87631],[105.84317,17.87762],[105.84283,17.87925],[105.84217,17.88027],[105.84172,17.88043],[105.83965,17.88008],[105.839,17.8802],[105.83855,17.88091],[105.83867,17.88249],[105.83747,17.88268],[105.83668,17.88308],[105.83619,17.88395],[105.83643,17.88461],[105.83758,17.88544],[105.83747,17.88635],[105.8365,17.88724],[105.835,17.88785],[105.83442,17.88835],[105.83243,17.88853],[105.82979,17.8885],[105.82821,17.88759],[105.82722,17.88673],[105.82581,17.88646],[105.82509,17.88686],[105.82444,17.88795],[105.82364,17.88989],[105.82377,17.89183],[105.82319,17.89287],[105.82312,17.8934],[105.82346,17.89427],[105.82413,17.8944],[105.82507,17.89591],[105.82507,17.89635],[105.8242,17.89655],[105.82386,17.89698],[105.82406,17.89787],[105.82497,17.89882],[105.82454,17.90022],[105.82312,17.90089],[105.82343,17.90209],[105.82158,17.90472],[105.82143,17.90564],[105.82085,17.90592],[105.81987,17.90559],[105.81922,17.90579],[105.81838,17.90639],[105.81691,17.90659],[105.81653,17.90721],[105.81705,17.90788],[105.81669,17.90839],[105.81536,17.90873],[105.81481,17.90867],[105.81416,17.90816],[105.8135,17.90844]],[[106.06463,17.81714],[106.06492,17.8178],[106.06743,17.81778],[106.06771,17.81798],[106.06825,17.8192],[106.06982,17.81926],[106.0701,17.82007],[106.07066,17.82066],[106.07118,17.82226],[106.07184,17.82251],[106.07242,17.82361],[106.0731,17.82425],[106.07371,17.82424],[106.07418,17.82463],[106.07516,17.82483],[106.0756,17.82554],[106.07742,17.82527],[106.0782,17.82569],[106.07903,17.82704],[106.08022,17.82703],[106.0807,17.82759],[106.08166,17.82766],[106.08166,17.82863],[106.08035,17.82873],[106.08014,17.83044],[106.08083,17.83073],[106.0819,17.83073],[106.08349,17.83293],[106.08361,17.83368],[106.08306,17.83411],[106.08315,17.83479],[106.08399,17.83578],[106.08489,17.83735],[106.08552,17.83788],[106.08653,17.83931],[106.08809,17.83992],[106.08896,17.8398],[106.0892,17.83898],[106.08959,17.83864],[106.09024,17.8387],[106.09127,17.83932],[106.09273,17.83858],[106.09647,17.83825],[106.10008,17.83924],[106.10085,17.83931],[106.10164,17.83987],[106.10166,17.83991],[106.10225,17.84108],[106.10258,17.843],[106.1029,17.84354],[106.10419,17.84411],[106.10492,17.84384],[106.10596,17.84453],[106.10575,17.8455],[106.10633,17.84605],[106.10721,17.84624],[106.10832,17.84606],[106.1092,17.8464],[106.10979,17.84599],[106.1107,17.84668],[106.11173,17.84681],[106.11248,17.8463],[106.11228,17.84534],[106.11282,17.84478],[106.11367,17.84497],[106.11388,17.84563],[106.11507,17.84599],[106.11565,17.84568],[106.11588,17.84482],[106.11764,17.84594],[106.11711,17.84663],[106.11767,17.84684],[106.11805,17.84761],[106.11751,17.84832],[106.11753,17.84892],[106.11841,17.84969],[106.11849,17.85011],[106.11761,17.85073],[106.11791,17.8515]],[[105.7983,17.94868],[105.79765,17.94861],[105.79669,17.94893],[105.79588,17.9488],[105.79537,17.94914],[105.7959,17.95047],[105.7958,17.95093],[105.79505,17.95114],[105.79431,17.95043],[105.79433,17.9487],[105.7939,17.94835],[105.79293,17.94958],[105.7922,17.94962],[105.7923,17.94893],[105.79172,17.94851],[105.79107,17.94924],[105.79052,17.94936],[105.78962,17.94909],[105.78873,17.94837],[105.78759,17.9493],[105.78654,17.94882],[105.78608,17.94814],[105.78647,17.94682],[105.78601,17.94653],[105.78467,17.94648],[105.78425,17.94617],[105.7851,17.94488],[105.7847,17.94453],[105.78168,17.94386],[105.78171,17.94225],[105.78196,17.94193],[105.78343,17.94204],[105.78376,17.94159],[105.78287,17.94122],[105.78232,17.94068],[105.7828,17.93942],[105.7823,17.93841],[105.78234,17.93707],[105.78263,17.93626],[105.78133,17.9355],[105.78043,17.93417],[105.77929,17.93383],[105.77904,17.93294],[105.77951,17.93107],[105.78,17.93038],[105.77952,17.92993],[105.779,17.93086],[105.77843,17.93124],[105.77729,17.93078],[105.77651,17.93024]],[[105.91402,17.89195],[105.91463,17.89179],[105.91516,17.88987],[105.91653,17.88976],[105.9172,17.88887],[105.9186,17.88927],[105.92045,17.88897],[105.92169,17.88909],[105.92182,17.88956],[105.92103,17.89121],[105.92106,17.89291],[105.92155,17.89382],[105.92196,17.89313],[105.9244,17.89178],[105.92667,17.89013],[105.92823,17.88915],[105.92878,17.88918],[105.92944,17.89023],[105.93015,17.89028],[105.93142,17.8894],[105.93192,17.8888],[105.93376,17.88776],[105.93482,17.8873],[105.93511,17.88657],[105.93526,17.88498],[105.93583,17.8836],[105.93634,17.88306],[105.93767,17.88217],[105.93836,17.88195],[105.93962,17.88198],[105.93992,17.88112],[105.94047,17.88043],[105.94078,17.87942],[105.94176,17.87948],[105.942,17.88014],[105.94324,17.88129],[105.94406,17.88069],[105.94402,17.87924],[105.94485,17.87833],[105.94606,17.8774],[105.9478,17.87659],[105.94959,17.87613],[105.94988,17.87632],[105.9503,17.87807],[105.94782,17.87874],[105.94737,17.87941],[105.9473,17.88197],[105.94806,17.88275],[105.94924,17.88273],[105.94941,17.88366],[105.94993,17.88513],[105.95056,17.88586],[105.95182,17.88641],[105.95336,17.88647],[105.9543,17.88595],[105.9554,17.88668],[105.95522,17.88754],[105.9546,17.88779],[105.95326,17.88907],[105.95251,17.89048],[105.95122,17.89189],[105.95087,17.89284],[105.95139,17.8942],[105.95138,17.89607],[105.95172,17.89793],[105.95259,17.89899],[105.95404,17.89882],[105.95514,17.89941],[105.9564,17.90244],[105.95638,17.90271],[105.9545,17.90348],[105.95307,17.90432],[105.95236,17.90506],[105.95215,17.90575],[105.95233,17.90668],[105.95296,17.90791],[105.95496,17.90815],[105.95551,17.90861],[105.95582,17.90932],[105.9566,17.91027],[105.95867,17.91225],[105.96041,17.91289],[105.96289,17.91319],[105.96393,17.91393],[105.96449,17.91488],[105.96673,17.91634],[105.96763,17.91728],[105.96856,17.91725],[105.96967,17.91627],[105.97057,17.91652],[105.97117,17.91759],[105.97162,17.91952],[105.97213,17.92057],[105.97297,17.92115],[105.97468,17.92176],[105.97577,17.92279],[105.97647,17.92279],[105.97689,17.92388]],[[105.90097,17.74552],[105.89981,17.74529],[105.89864,17.74462],[105.89806,17.74471],[105.89756,17.74543],[105.89618,17.74585],[105.89556,17.74636],[105.89542,17.74743],[105.89495,17.74823],[105.89454,17.74767],[105.89451,17.74657],[105.89386,17.74563],[105.8936,17.74462],[105.89454,17.74336],[105.89528,17.74276],[105.89552,17.74208],[105.89549,17.74102],[105.89496,17.73945],[105.89536,17.73845],[105.89507,17.73783],[105.89328,17.7378],[105.89129,17.7393],[105.89079,17.74029],[105.88941,17.74167],[105.88893,17.74233],[105.88896,17.7435],[105.88738,17.74498],[105.88698,17.74592],[105.88548,17.74729],[105.88611,17.74843],[105.88614,17.74934],[105.88414,17.75164],[105.88465,17.75304],[105.88338,17.75506],[105.88301,17.75535],[105.88377,17.75691],[105.88406,17.75706],[105.8853,17.75669],[105.88599,17.75733],[105.88594,17.75785],[105.88518,17.75853],[105.88492,17.76092],[105.88469,17.76148],[105.88424,17.76365],[105.88338,17.76486],[105.88215,17.76607],[105.87969,17.7672],[105.87821,17.76837],[105.8773,17.77049],[105.87756,17.77152],[105.87703,17.77207],[105.87594,17.77195],[105.87479,17.77147],[105.87426,17.77174],[105.87368,17.77267],[105.87284,17.7732],[105.87136,17.77315],[105.87051,17.77464],[105.86901,17.77544],[105.86793,17.77579],[105.8674,17.77724],[105.86636,17.77901],[105.86588,17.7796],[105.86533,17.7797],[105.8643,17.77938],[105.86317,17.77857],[105.86247,17.77738],[105.86183,17.77763],[105.86166,17.77847],[105.86113,17.77926],[105.85957,17.77969],[105.85907,17.7801],[105.85744,17.78013],[105.8571,17.78048],[105.85635,17.7805],[105.85573,17.77994],[105.85542,17.77902],[105.85496,17.77885],[105.85373,17.7791],[105.85374,17.77995],[105.85457,17.78036],[105.85403,17.78091],[105.85296,17.78076],[105.85195,17.78],[105.85191,17.77925],[105.85132,17.77944],[105.85164,17.78029],[105.85099,17.78036],[105.84952,17.77941],[105.84841,17.77984],[105.84726,17.77901],[105.84642,17.77942],[105.84468,17.77923],[105.84504,17.77788],[105.8446,17.77737],[105.8435,17.77822],[105.84304,17.77831],[105.84257,17.77666],[105.84224,17.77622]],[[106.37588,17.70771],[106.3763,17.70633],[106.37744,17.70511],[106.37956,17.70378],[106.37968,17.70288],[106.37888,17.70177],[106.37718,17.70179],[106.37642,17.70137],[106.37587,17.70004],[106.37495,17.69719],[106.37451,17.69624],[106.37387,17.69551],[106.37252,17.69482],[106.37113,17.69361],[106.37078,17.69354],[106.36864,17.69441],[106.36769,17.69389],[106.36713,17.69391],[106.36625,17.69448],[106.36593,17.69522],[106.36496,17.69659],[106.363,17.69763],[106.36235,17.6974],[106.36219,17.69695],[106.36255,17.69541],[106.3623,17.69461],[106.36162,17.69391],[106.36223,17.69348],[106.36322,17.69368]],[[106.6008,16.96806],[106.60163,16.96816],[106.60229,16.96854],[106.60297,16.96961],[106.60368,16.97028],[106.60523,16.97046],[106.60634,16.97117],[106.60677,16.9718],[106.6074,16.9717],[106.60787,16.97247],[106.60891,16.97317],[106.6095,16.97328],[106.6101,16.97395],[106.61058,16.97398],[106.61114,16.97453],[106.61163,16.97559],[106.61141,16.97628],[106.61145,16.977],[106.61116,16.97783],[106.61125,16.97874],[106.61178,16.97941],[106.61077,16.97982],[106.61077,16.98025],[106.61155,16.98098]],[[106.68973,16.79562],[106.68929,16.79563],[106.68882,16.79646],[106.68884,16.79727],[106.68743,16.79644],[106.68631,16.79532],[106.68532,16.79548],[106.685,16.79659],[106.68431,16.79668],[106.68362,16.79588],[106.68397,16.79518],[106.68318,16.79469],[106.6822,16.79484],[106.68175,16.79573],[106.68085,16.79558],[106.67986,16.79452],[106.67928,16.7953],[106.67865,16.79514],[106.67808,16.79399],[106.67767,16.79372],[106.67687,16.79428],[106.67569,16.79396],[106.67499,16.79421],[106.67451,16.79538],[106.67366,16.79497],[106.67251,16.79483],[106.67202,16.7942],[106.66961,16.79324],[106.66946,16.79247],[106.67074,16.79255],[106.67161,16.79215],[106.67139,16.79112],[106.67024,16.79146],[106.6694,16.79146],[106.66902,16.79077],[106.66926,16.79],[106.66889,16.78946],[106.66758,16.7888],[106.66679,16.78816],[106.66681,16.78756],[106.66624,16.78697],[106.66638,16.78598],[106.66519,16.78515],[106.66418,16.78506],[106.66274,16.78532],[106.66188,16.78521],[106.66187,16.78589],[106.66068,16.78681],[106.65948,16.78824],[106.65944,16.78931],[106.66013,16.79007],[106.6613,16.79066],[106.66156,16.79103],[106.66162,16.7921],[106.66125,16.79297],[106.66009,16.79445],[106.65972,16.7953],[106.65847,16.79601],[106.65832,16.79692],[106.65724,16.79713],[106.6557,16.79719],[106.65589,16.79811],[106.65591,16.79951],[106.65764,16.80095],[106.65826,16.80179],[106.65841,16.80364],[106.65784,16.80484],[106.65802,16.80521],[106.65902,16.80459],[106.65993,16.8054],[106.66019,16.80627],[106.66029,16.80779],[106.66109,16.80844],[106.66116,16.80912],[106.66077,16.80987],[106.66028,16.81166],[106.6604,16.81205],[106.66233,16.81354],[106.66287,16.81419],[106.66333,16.81602],[106.66271,16.81689],[106.6627,16.81755],[106.66347,16.81727],[106.6652,16.81919],[106.66661,16.82044],[106.66752,16.82068],[106.66772,16.82115],[106.66857,16.82068],[106.67024,16.82052],[106.67063,16.82017],[106.67213,16.81992],[106.67256,16.81943],[106.67366,16.81953],[106.67393,16.81876],[106.67441,16.81851],[106.67423,16.81765],[106.67523,16.81744],[106.6756,16.81698],[106.67554,16.81635],[106.67649,16.81521],[106.67724,16.81376]],[[106.67939,16.72717],[106.67937,16.72887],[106.67906,16.72977],[106.67851,16.73046],[106.67776,16.73196],[106.6771,16.73238],[106.67424,16.73335],[106.67326,16.73394],[106.67081,16.73515],[106.66923,16.73638],[106.66886,16.737],[106.66859,16.73869],[106.66874,16.74043],[106.66835,16.74111],[106.66746,16.74205],[106.66703,16.74297],[106.6664,16.74367],[106.66465,16.74499],[106.66338,16.74633],[106.66263,16.74693],[106.66149,16.74748],[106.66138,16.74867],[106.66175,16.74942],[106.66355,16.75019],[106.66333,16.75114],[106.66349,16.7516],[106.665,16.75288],[106.66518,16.75347],[106.66453,16.75479],[106.66394,16.75529],[106.66253,16.75589],[106.66129,16.75582],[106.6607,16.75607],[106.66095,16.7578],[106.66025,16.75896],[106.65884,16.75962],[106.65793,16.75959],[106.65737,16.75914],[106.65685,16.75951],[106.65678,16.76019],[106.65687,16.76244],[106.65777,16.7634],[106.65903,16.76366],[106.65969,16.76401],[106.65979,16.76621],[106.66075,16.76767],[106.66263,16.76965],[106.66428,16.77081],[106.66454,16.77169],[106.66395,16.77236],[106.66433,16.77326],[106.66447,16.77431],[106.66402,16.77498],[106.66426,16.77589],[106.66433,16.77778],[106.66347,16.77903],[106.66251,16.77957],[106.66206,16.78016],[106.66155,16.78148],[106.66127,16.78263],[106.66145,16.78456],[106.66188,16.78521]],[[106.57541,16.86308],[106.578,16.86265],[106.57928,16.86302],[106.57939,16.86363],[106.57999,16.86466],[106.57919,16.86548],[106.57929,16.86657],[106.579,16.86728],[106.57796,16.86804],[106.57833,16.86882],[106.5786,16.87025],[106.57864,16.87147],[106.5784,16.87301],[106.57867,16.87371],[106.57869,16.87379],[106.57871,16.87385],[106.57834,16.87555],[106.57699,16.87691],[106.57638,16.87808],[106.57492,16.87838],[106.57353,16.879],[106.57222,16.8805],[106.57033,16.88396],[106.57179,16.8842],[106.57281,16.88473],[106.57296,16.88715],[106.57263,16.88866],[106.57266,16.89004],[106.57336,16.89051],[106.57413,16.89061],[106.5749,16.89107],[106.57561,16.89119],[106.57604,16.89092],[106.57749,16.89063],[106.57805,16.89117],[106.57818,16.8926],[106.57929,16.8932],[106.57941,16.89397],[106.57798,16.89476],[106.57678,16.89503],[106.57573,16.89567],[106.57574,16.89652],[106.5754,16.89668],[106.57385,16.89672],[106.57317,16.89655],[106.57286,16.89568],[106.57227,16.89594],[106.57296,16.89691],[106.5732,16.89785],[106.57386,16.89828],[106.57469,16.89945],[106.57619,16.89929],[106.57683,16.90126],[106.57682,16.90196],[106.57554,16.90248],[106.57468,16.90171],[106.57395,16.90207],[106.57258,16.90144],[106.572,16.90155],[106.57227,16.90259],[106.5718,16.90413],[106.57252,16.90437],[106.57486,16.90358],[106.57586,16.90406],[106.576,16.90541],[106.57495,16.90621],[106.57478,16.90716],[106.57582,16.90782],[106.57678,16.90701],[106.57725,16.90694],[106.57807,16.90786],[106.57825,16.90881],[106.57913,16.90847],[106.57917,16.90782],[106.57995,16.90708],[106.58026,16.90755],[106.58041,16.9085],[106.5809,16.90942],[106.58058,16.9106],[106.57975,16.91029],[106.57932,16.91054],[106.57881,16.91169],[106.57917,16.91269],[106.58084,16.9134],[106.58047,16.91444],[106.58049,16.91519],[106.58004,16.91567],[106.57917,16.91527],[106.57854,16.91569],[106.57897,16.91664],[106.58015,16.91659],[106.58119,16.91704],[106.58267,16.91842],[106.58255,16.91919],[106.58337,16.92019],[106.58461,16.92016],[106.58531,16.9207],[106.5854,16.92112],[106.58483,16.9216],[106.584,16.92144],[106.58389,16.92219],[106.58492,16.92281],[106.58423,16.9234],[106.58397,16.924],[106.58473,16.9252],[106.58485,16.92585],[106.58415,16.926],[106.5836,16.9255],[106.58307,16.92562],[106.58363,16.9273],[106.58238,16.92876],[106.58266,16.92933],[106.58335,16.92913],[106.58335,16.92986],[106.58277,16.93],[106.58379,16.93169],[106.58376,16.93224],[106.58307,16.93255],[106.58201,16.93179],[106.58131,16.9317],[106.58119,16.93243],[106.58173,16.9331],[106.58116,16.93363],[106.58003,16.93324],[106.57921,16.9327],[106.57884,16.93202],[106.57795,16.93176],[106.57719,16.93238],[106.57751,16.9333],[106.5768,16.93344],[106.57643,16.93266],[106.57555,16.93248],[106.57505,16.93442],[106.5753,16.93514],[106.57628,16.93586],[106.57596,16.93679],[106.57612,16.93747],[106.57704,16.93733],[106.57766,16.93665],[106.57818,16.93671],[106.57925,16.93803],[106.57974,16.93942],[106.57909,16.94049],[106.57871,16.9406],[106.57725,16.94022],[106.57638,16.94015],[106.57559,16.94077],[106.57543,16.94171],[106.57577,16.94333],[106.5769,16.94391],[106.57701,16.94464],[106.5762,16.94551],[106.57649,16.94625],[106.5754,16.94829],[106.57546,16.94976],[106.57598,16.95102],[106.57555,16.95124],[106.57482,16.95096],[106.57418,16.95154],[106.57302,16.9512],[106.57214,16.95215],[106.57233,16.9526],[106.57306,16.95297],[106.57284,16.95338],[106.57152,16.95371],[106.57132,16.954],[106.57213,16.95606],[106.57285,16.95626],[106.57362,16.95609],[106.57377,16.95649],[106.57324,16.95705],[106.57364,16.95818],[106.57438,16.95867],[106.57467,16.95778],[106.57515,16.95763],[106.57655,16.95848],[106.57682,16.9594],[106.57565,16.95909],[106.57512,16.95934],[106.57472,16.96014],[106.57524,16.96101],[106.57515,16.96138],[106.57387,16.96175],[106.57465,16.96315],[106.57469,16.96363],[106.57428,16.96506],[106.5749,16.96579],[106.57519,16.96659],[106.57641,16.9673],[106.57673,16.96856],[106.57416,16.96988],[106.57397,16.97084],[106.57511,16.97131],[106.57616,16.97201],[106.57695,16.97181],[106.57719,16.97212],[106.57721,16.97369],[106.57799,16.97398],[106.57818,16.97505],[106.57764,16.9754],[106.57844,16.97601],[106.57862,16.97693],[106.58016,16.97875],[106.58214,16.97925]],[[106.59592,16.84632],[106.59595,16.84714],[106.59632,16.84783],[106.5969,16.84825],[106.59805,16.84861],[106.60032,16.85028],[106.60189,16.85057],[106.60268,16.85149],[106.60251,16.85228],[106.60276,16.85411],[106.60339,16.85554],[106.60366,16.85722],[106.6035,16.85842],[106.60176,16.85951],[106.60126,16.86034],[106.60012,16.86141],[106.60005,16.86254],[106.60027,16.86314],[106.60104,16.86418],[106.60137,16.86573],[106.60183,16.86686],[106.60173,16.86792],[106.60124,16.86968],[106.60056,16.87002],[106.59944,16.87141],[106.59879,16.87169],[106.59725,16.87124],[106.59616,16.87151],[106.59581,16.87208],[106.59521,16.87231],[106.59496,16.87285],[106.59233,16.87287],[106.59158,16.87334],[106.59004,16.87352],[106.58841,16.87323],[106.58749,16.8735],[106.58635,16.87303],[106.58478,16.87441],[106.58379,16.87435],[106.58273,16.87349],[106.58194,16.87308],[106.58077,16.87343],[106.57871,16.87385]],[[106.5601,16.83395],[106.56186,16.8344],[106.56244,16.83426],[106.56326,16.83463],[106.56426,16.83466],[106.56688,16.83559],[106.56788,16.83575],[106.56847,16.83551],[106.5697,16.83628],[106.57027,16.83631],[106.57079,16.83591],[106.57282,16.83618],[106.57402,16.8366],[106.57477,16.83626],[106.57597,16.83651]],[[106.56192,16.83037],[106.56183,16.82989],[106.56197,16.82824],[106.56114,16.8276],[106.56137,16.8269],[106.56122,16.82633],[106.56185,16.82559]],[[106.67627,16.9307],[106.67627,16.93047],[106.67497,16.92976],[106.67572,16.92901],[106.67485,16.92822],[106.6753,16.92559],[106.67481,16.92529],[106.67433,16.9242],[106.67394,16.92388],[106.67282,16.9235],[106.67256,16.92273],[106.67312,16.92141],[106.67305,16.92059],[106.67333,16.92019],[106.67505,16.9191],[106.6759,16.91824],[106.67538,16.9181],[106.67506,16.91861],[106.67409,16.91903],[106.67196,16.91772],[106.67149,16.91684],[106.67312,16.91436],[106.67347,16.9146],[106.67343,16.91579],[106.67457,16.91548],[106.67565,16.9134],[106.67495,16.91199],[106.67437,16.90986],[106.67351,16.90976],[106.67327,16.90912],[106.67328,16.90774],[106.67384,16.90753],[106.6743,16.90673],[106.67405,16.90594],[106.67326,16.90532],[106.67329,16.90468],[106.67238,16.90325],[106.67154,16.90251],[106.67108,16.90244],[106.66893,16.90399],[106.66795,16.90422],[106.66768,16.90487],[106.66871,16.90505],[106.66869,16.90553],[106.668,16.90621],[106.66808,16.90692],[106.66744,16.90735],[106.66723,16.90797],[106.66768,16.90875],[106.66728,16.90938],[106.66651,16.90918],[106.66571,16.90931],[106.66492,16.90986],[106.66487,16.91037],[106.66541,16.91118],[106.66339,16.91175],[106.66201,16.91266],[106.66182,16.91383],[106.6624,16.91441],[106.66328,16.91485],[106.66345,16.91569],[106.66305,16.91606],[106.66145,16.91552],[106.66007,16.91554],[106.65942,16.9149],[106.65853,16.91449],[106.65721,16.91423],[106.65651,16.91345],[106.6571,16.91143],[106.65685,16.90969],[106.65616,16.90743],[106.65625,16.90652],[106.6566,16.90568],[106.65646,16.90501],[106.65531,16.90504],[106.65436,16.90654],[106.65083,16.90614],[106.64903,16.90536],[106.6476,16.9055],[106.64509,16.90646],[106.64432,16.90658],[106.6438,16.90636],[106.64265,16.90671],[106.64199,16.9067],[106.64108,16.90596],[106.63995,16.90604],[106.6396,16.9057],[106.63901,16.90398],[106.63835,16.90314],[106.6379,16.90315],[106.63742,16.90323],[106.63654,16.90289],[106.63698,16.90185],[106.63616,16.90143],[106.63522,16.90041],[106.6345,16.90023],[106.63416,16.90187],[106.63366,16.90317],[106.6327,16.90324],[106.63201,16.90305],[106.63015,16.90166],[106.62911,16.90065],[106.6282,16.90111],[106.62722,16.90264],[106.62589,16.90256],[106.62512,16.9017],[106.62334,16.90148],[106.62262,16.89976],[106.62201,16.89926],[106.62118,16.89805],[106.62076,16.89726],[106.61905,16.89774],[106.61771,16.89786],[106.61605,16.89691],[106.61489,16.89655],[106.61341,16.89681],[106.6121,16.89627],[106.61148,16.89662],[106.61118,16.89805],[106.61075,16.89859],[106.60987,16.8992],[106.6079,16.89912],[106.60681,16.89997],[106.60593,16.90093],[106.60441,16.90156],[106.6021,16.9022],[106.6015,16.90159],[106.60192,16.90044],[106.60393,16.89761],[106.60373,16.89699],[106.60269,16.89645],[106.60224,16.89649],[106.60134,16.89717],[106.60075,16.89819],[106.60018,16.89863],[106.59861,16.89906],[106.59749,16.89884],[106.59684,16.89766],[106.59607,16.89694],[106.59599,16.89656],[106.59712,16.89545],[106.59817,16.89391],[106.5982,16.89304],[106.59733,16.89301],[106.59601,16.89365],[106.59549,16.8935],[106.59547,16.8929],[106.59617,16.89187],[106.59605,16.89129],[106.5947,16.89092],[106.59298,16.89116],[106.59223,16.89133],[106.59174,16.89236],[106.59116,16.89248],[106.59065,16.89176],[106.5907,16.89095],[106.59127,16.88959],[106.59179,16.88943],[106.59186,16.8882],[106.59041,16.88665],[106.59018,16.88618],[106.58848,16.8855],[106.58781,16.8861],[106.58702,16.88727],[106.58597,16.88841],[106.58549,16.88934],[106.5849,16.88886],[106.58496,16.88806],[106.58454,16.88767],[106.5839,16.88775],[106.58356,16.88867],[106.58403,16.88964],[106.58461,16.89034],[106.58555,16.89224],[106.58514,16.89291],[106.58453,16.89272],[106.5835,16.89182],[106.58203,16.89083],[106.58139,16.89113],[106.5817,16.89219],[106.5822,16.89276],[106.58154,16.89373],[106.58194,16.89462],[106.58284,16.89531],[106.58229,16.89629],[106.5808,16.89696],[106.57991,16.89748],[106.57904,16.89699],[106.57765,16.89725],[106.57615,16.89694],[106.57574,16.89652]],[[106.6385,16.93089],[106.63842,16.93001],[106.63773,16.92957],[106.63781,16.92856],[106.63929,16.92817],[106.64036,16.92608],[106.64062,16.92529],[106.64069,16.92403],[106.64177,16.9231],[106.64104,16.92181],[106.64046,16.92167],[106.6401,16.92047],[106.64073,16.91972],[106.64075,16.91866],[106.6383,16.91697],[106.63811,16.91646],[106.63723,16.91606],[106.6369,16.91515],[106.63865,16.91534],[106.63893,16.91509],[106.6374,16.91446],[106.63671,16.91457],[106.63583,16.91426],[106.63506,16.91333],[106.63417,16.91351],[106.63379,16.91277],[106.63359,16.91139],[106.63429,16.91042],[106.63526,16.91126],[106.63625,16.91164],[106.63689,16.91213],[106.63682,16.91319],[106.63766,16.9131],[106.63819,16.91239],[106.63978,16.91192],[106.64161,16.91226],[106.64253,16.91202],[106.64253,16.9116],[106.64255,16.91052],[106.64214,16.90871],[106.64243,16.90825],[106.64314,16.90848],[106.64338,16.90798],[106.64322,16.90699],[106.64265,16.90671]],[[106.73146,16.84027],[106.73087,16.83946],[106.7304,16.83744],[106.72917,16.83725],[106.72798,16.83732],[106.72728,16.83548],[106.72681,16.83492],[106.72638,16.83394],[106.72658,16.83333],[106.72714,16.83307],[106.72668,16.83189],[106.72686,16.83093],[106.72595,16.82993],[106.72536,16.82886],[106.72534,16.82833],[106.72591,16.82764],[106.72519,16.82695],[106.72401,16.82646],[106.72315,16.82565],[106.72123,16.82572]],[[106.58259,16.62939],[106.58309,16.63007],[106.58266,16.63073],[106.58169,16.63088],[106.58149,16.63217],[106.58062,16.63258],[106.58016,16.63241],[106.5796,16.63138],[106.57896,16.63222],[106.57949,16.63325],[106.57914,16.63401],[106.57948,16.63513],[106.57914,16.63558],[106.57829,16.63567],[106.57664,16.6364],[106.57643,16.63667],[106.57644,16.63787],[106.57583,16.63831],[106.57579,16.63918],[106.57533,16.63994],[106.57629,16.64098],[106.5763,16.64164],[106.577,16.64249],[106.5785,16.64221],[106.57879,16.64241],[106.57834,16.64452],[106.57842,16.64482],[106.58158,16.64716],[106.58081,16.64816],[106.58119,16.64888],[106.58222,16.64977],[106.58231,16.65094],[106.5828,16.6526],[106.58393,16.65317],[106.58467,16.65289],[106.58485,16.65385],[106.58563,16.65376],[106.58627,16.65481],[106.58481,16.65574],[106.58527,16.65653],[106.58535,16.65719],[106.58491,16.65815],[106.5844,16.6583],[106.5837,16.65802],[106.58209,16.65819],[106.58191,16.65919],[106.58157,16.65939],[106.57973,16.65975]],[[106.72942,16.6231],[106.72788,16.62244],[106.72642,16.62271],[106.72551,16.62232],[106.72515,16.62276],[106.72409,16.6229],[106.72398,16.62436],[106.72286,16.62496],[106.72145,16.62529],[106.72104,16.62567],[106.71911,16.62582],[106.71778,16.62684],[106.7171,16.62702],[106.71667,16.62836],[106.71585,16.62912],[106.71602,16.63054],[106.71563,16.63125],[106.71452,16.63217],[106.7143,16.63263],[106.71319,16.63301],[106.71113,16.6349],[106.71139,16.6359]],[[107.06296,16.33334],[107.06281,16.33209],[107.06493,16.33148],[107.06515,16.33064],[107.06694,16.32885],[107.06646,16.32808],[107.06675,16.32664],[107.06705,16.32655]],[[107.06281,16.33542],[107.0627,16.33431],[107.06286,16.3337]],[[107.06313,16.33607],[107.06284,16.33562]],[[107.06274,16.3393],[107.06253,16.33886],[107.06306,16.33774],[107.06373,16.33679],[107.06364,16.33646]],[[107.06308,16.34061],[107.06287,16.33962]],[[106.7501,16.60068],[106.74967,16.60144],[106.75032,16.60196],[106.75133,16.60211],[106.75138,16.60351],[106.75244,16.60524],[106.7524,16.6065],[106.75191,16.60664],[106.75139,16.60591],[106.75043,16.60613],[106.75022,16.60729],[106.74897,16.60778],[106.7477,16.60787],[106.74712,16.60838],[106.74479,16.60851],[106.74501,16.60912],[106.74449,16.61006],[106.74477,16.61199],[106.74499,16.61253],[106.74437,16.6129],[106.74403,16.61394],[106.74475,16.61465],[106.74449,16.61538],[106.74506,16.6161],[106.74503,16.61702],[106.74439,16.61784],[106.74416,16.61881],[106.74342,16.61911],[106.7425,16.61909],[106.7418,16.61871],[106.74146,16.61771],[106.74096,16.61714],[106.74125,16.61588],[106.74012,16.61552],[106.74058,16.61441],[106.73966,16.6146],[106.73928,16.61553],[106.73828,16.61538],[106.73688,16.61545],[106.73656,16.6157],[106.73558,16.61475],[106.73516,16.61518],[106.73461,16.61453],[106.73401,16.61445],[106.73279,16.61519],[106.73215,16.61487]],[[106.65142,16.80453],[106.65116,16.80358],[106.64834,16.80328],[106.64733,16.80283],[106.64637,16.80346],[106.64503,16.80356],[106.64408,16.80452]],[[106.75077,16.83819],[106.7502,16.83754],[106.74916,16.83691],[106.74875,16.83594],[106.74883,16.83446],[106.74819,16.83316],[106.74855,16.83153],[106.74928,16.83005]],[[106.65529,16.82],[106.65557,16.81884],[106.65628,16.81796],[106.65652,16.8172],[106.6576,16.81718],[106.65763,16.81635],[106.6583,16.81567],[106.65917,16.81576],[106.66087,16.8157],[106.66271,16.81689]],[[106.71626,16.70938],[106.71438,16.71255],[106.71358,16.71331],[106.71349,16.71394],[106.71392,16.71423],[106.71673,16.71499],[106.71753,16.71499],[106.71797,16.71549],[106.71764,16.71624]],[[106.70235,16.6793],[106.70326,16.6784],[106.70362,16.67853],[106.7051,16.67775],[106.70508,16.67614]],[[106.69875,16.85241],[106.69797,16.85115],[106.69817,16.85065],[106.69913,16.85006],[106.69823,16.84767],[106.69617,16.84681],[106.69498,16.84447],[106.69492,16.84349],[106.69446,16.84271],[106.69527,16.8416],[106.69541,16.84066],[106.69631,16.84044],[106.69685,16.83939],[106.69652,16.83869],[106.69725,16.83846],[106.69821,16.83769],[106.69861,16.83533],[106.69902,16.83454],[106.69842,16.83428]],[[107.29763,16.58622],[107.29596,16.58436],[107.29528,16.58323],[107.29473,16.58125]],[[106.05777,17.71704],[106.05612,17.71784],[106.05514,17.72007],[106.0537,17.72046],[106.05279,17.72039],[106.05028,17.7191],[106.04979,17.72016],[106.04914,17.72084],[106.04712,17.72064],[106.04662,17.71994],[106.04501,17.71925],[106.04299,17.71874],[106.04227,17.71884],[106.04072,17.72067],[106.04097,17.72148],[106.04074,17.72193],[106.03985,17.7216],[106.03887,17.72248],[106.03803,17.72291],[106.03755,17.72347],[106.03623,17.72353],[106.03552,17.72428],[106.03481,17.72425],[106.03432,17.72477],[106.03405,17.72596],[106.03296,17.72689],[106.03227,17.72662],[106.02985,17.72745],[106.02975,17.72804],[106.03032,17.72916],[106.02956,17.7299],[106.02826,17.729],[106.02744,17.729],[106.0266,17.73012],[106.02647,17.73083],[106.02579,17.73134],[106.02481,17.73164],[106.02318,17.73134],[106.02253,17.73295],[106.02183,17.73334],[106.02119,17.73332],[106.02055,17.73371],[106.0195,17.73341],[106.01842,17.73335],[106.01779,17.73574],[106.01694,17.73594],[106.01643,17.73519],[106.0157,17.73487],[106.01424,17.73471],[106.01324,17.73418],[106.01142,17.73267],[106.01003,17.73136],[106.00891,17.73079],[106.00774,17.73058],[106.00708,17.73022],[106.00611,17.72936],[106.00506,17.72926],[106.00391,17.7298],[106.00286,17.73067],[106.0016,17.73117],[106.00053,17.73287],[105.99999,17.73313],[105.9983,17.73339],[105.99607,17.73266],[105.99559,17.73317],[105.99395,17.73271],[105.99356,17.7331],[105.99325,17.7342],[105.99233,17.73445],[105.99122,17.73552],[105.99127,17.7362],[105.98955,17.73734],[105.98858,17.73823],[105.98773,17.73865],[105.98639,17.73962],[105.98571,17.74041],[105.98494,17.74072],[105.98447,17.74026],[105.98506,17.73954],[105.98463,17.73889],[105.98383,17.73879],[105.98271,17.73929],[105.98258,17.73992],[105.98148,17.74084],[105.98191,17.74183],[105.98154,17.74275],[105.98168,17.74342],[105.98127,17.74427],[105.97972,17.74528]],[[107.29248,16.6018],[107.29398,16.60168],[107.29477,16.60231],[107.29577,16.60236],[107.29681,16.60164],[107.29845,16.60253],[107.29827,16.60314],[107.29885,16.60352],[107.29897,16.60433],[107.29977,16.60448],[107.30025,16.60374],[107.30026,16.60323],[107.30129,16.60217],[107.30176,16.60396],[107.30252,16.60399],[107.30235,16.60339],[107.30286,16.60288],[107.3034,16.6031],[107.3046,16.60425],[107.30555,16.60431],[107.30629,16.6039],[107.30686,16.60431],[107.30733,16.60406],[107.30788,16.60466],[107.30865,16.60487],[107.31023,16.60404],[107.31131,16.60406],[107.31193,16.60301],[107.31245,16.60268],[107.31261,16.6019],[107.31329,16.60152],[107.31344,16.60076],[107.31259,16.60123],[107.31227,16.60102],[107.31167,16.59973],[107.31108,16.59924],[107.30789,16.5984],[107.30663,16.59754],[107.30573,16.59664],[107.30503,16.59557],[107.30503,16.59485],[107.30374,16.59403],[107.30266,16.59258],[107.30257,16.59038],[107.30171,16.5901],[107.29964,16.59161],[107.29883,16.59102],[107.29818,16.59004],[107.29682,16.5885],[107.29553,16.58816],[107.29452,16.58835],[107.29392,16.58878],[107.29314,16.58851],[107.29309,16.58734],[107.29164,16.58502],[107.29126,16.58505],[107.29025,16.58614],[107.29031,16.58734],[107.29001,16.58767],[107.28901,16.58739],[107.28891,16.58702],[107.28944,16.58602],[107.28892,16.58538],[107.28785,16.58597],[107.28698,16.5861],[107.28679,16.58462],[107.28619,16.58391],[107.28709,16.58328],[107.28693,16.58249],[107.28656,16.58231],[107.28534,16.58326],[107.28473,16.58294],[107.28412,16.58347],[107.28316,16.58338],[107.28155,16.58346],[107.28049,16.583],[107.27982,16.58298],[107.27924,16.58226],[107.27892,16.58109],[107.27768,16.58132],[107.2769,16.58085],[107.27706,16.5797],[107.27848,16.5799],[107.27857,16.57934],[107.27701,16.57823],[107.27652,16.57881],[107.27451,16.57975],[107.27406,16.57984],[107.27225,16.57918],[107.27154,16.57843],[107.27084,16.57857],[107.27022,16.57709],[107.27212,16.57615],[107.27235,16.57563],[107.27177,16.57494],[107.27201,16.57388],[107.27171,16.57295],[107.27093,16.57188],[107.2703,16.5727],[107.26983,16.57285],[107.26934,16.57189],[107.26712,16.57172],[107.26577,16.57192],[107.26538,16.57216],[107.26566,16.57294],[107.26451,16.57257],[107.26374,16.57294],[107.26419,16.57159]],[[106.05884,17.74757],[106.05676,17.74841],[106.05514,17.74846],[106.05468,17.74869],[106.0543,17.74952],[106.05542,17.75055],[106.05619,17.75192],[106.05606,17.75378],[106.05703,17.75368],[106.05663,17.75436],[106.05708,17.75502],[106.05684,17.75561],[106.05724,17.75602],[106.05781,17.75593],[106.05915,17.75711],[106.05906,17.75745],[106.06034,17.75766],[106.06081,17.75805],[106.06038,17.75855],[106.05988,17.75822],[106.05965,17.75909],[106.05871,17.75962]],[[106.32156,17.44484],[106.32334,17.44374],[106.32433,17.44212],[106.32571,17.44067],[106.32561,17.43957],[106.32614,17.43899],[106.32613,17.43827],[106.32549,17.43803],[106.32457,17.43804],[106.32411,17.43747],[106.32409,17.43663],[106.32366,17.43614],[106.32281,17.43586],[106.32148,17.43486],[106.32111,17.43426],[106.32016,17.43359],[106.31943,17.43242],[106.31789,17.43277],[106.31624,17.43217],[106.31543,17.43258],[106.315,17.4334],[106.31394,17.43376],[106.31341,17.4337],[106.31161,17.43462],[106.31072,17.43464],[106.30996,17.43434],[106.31004,17.43365],[106.309,17.43358],[106.30825,17.43387],[106.30707,17.4324],[106.30625,17.43332],[106.30652,17.43396],[106.3051,17.43479],[106.30445,17.43447],[106.3045,17.43382],[106.30419,17.43299],[106.30314,17.43363],[106.30098,17.43309],[106.29977,17.43431],[106.29978,17.43488],[106.29253,17.44087],[106.29244,17.4421],[106.2915,17.4438],[106.29055,17.44333],[106.28832,17.4453],[106.28841,17.44765],[106.28734,17.45002],[106.28579,17.44785]],[[106.59031,16.61924],[106.59064,16.6197],[106.59104,16.62172],[106.59294,16.62156],[106.59331,16.62248],[106.59428,16.62166],[106.595,16.62191],[106.59534,16.62211],[106.59581,16.62241],[106.59596,16.62327],[106.59523,16.62372],[106.59544,16.62408],[106.59588,16.62429],[106.59706,16.62525],[106.59795,16.62512],[106.59777,16.62577],[106.5982,16.62634],[106.59783,16.62701],[106.59777,16.62709],[106.59695,16.62778],[106.59631,16.62743],[106.59538,16.62777],[106.59626,16.62936],[106.59642,16.63045],[106.59576,16.6309],[106.5958,16.6313],[106.59652,16.63217],[106.59643,16.63388],[106.59688,16.63419],[106.59766,16.63371],[106.59817,16.63408],[106.599,16.63403],[106.59907,16.63349],[106.59978,16.63344],[106.5996,16.63417],[106.6002,16.63468],[106.60175,16.63512],[106.602,16.63621],[106.60164,16.63645],[106.60187,16.63766]],[[106.7893,16.63124],[106.78983,16.63144],[106.79073,16.6324],[106.79144,16.63199],[106.79077,16.63038],[106.79147,16.63031],[106.79193,16.63072],[106.79274,16.6305],[106.79299,16.62908],[106.79371,16.62864],[106.79532,16.62922],[106.79627,16.62937],[106.79671,16.62889],[106.79688,16.62813],[106.79741,16.62797],[106.79811,16.62827],[106.79893,16.62768],[106.7986,16.62725],[106.79799,16.62724],[106.79792,16.62665],[106.79891,16.62636],[106.80018,16.62442],[106.80095,16.62363],[106.80154,16.62349],[106.80218,16.62414],[106.80207,16.62513],[106.80279,16.62508],[106.8034,16.62414],[106.804,16.6236],[106.80517,16.62345],[106.80592,16.62281],[106.807,16.62268],[106.80832,16.62353],[106.80941,16.62341],[106.81006,16.6229],[106.81055,16.62189],[106.81154,16.62135],[106.81191,16.62019],[106.81334,16.62046],[106.81465,16.6194],[106.81514,16.61881],[106.81573,16.61913],[106.81691,16.61898],[106.81744,16.61755],[106.81802,16.61681],[106.81864,16.61655],[106.81977,16.61649],[106.82019,16.61722],[106.82,16.61813],[106.82141,16.61863],[106.82218,16.61868],[106.82192,16.61789],[106.82229,16.61757],[106.82229,16.61523],[106.82202,16.61449]],[[106.7573,16.59927],[106.75607,16.59987],[106.75533,16.59983],[106.75508,16.60067],[106.75444,16.60091],[106.75205,16.60108],[106.75133,16.60211]],[[105.95259,17.95261],[105.95232,17.9536],[105.95258,17.954],[105.95391,17.95429],[105.95463,17.95377],[105.95544,17.95352],[105.95601,17.95292],[105.95751,17.95299],[105.95865,17.95251],[105.95915,17.95276],[105.96021,17.95459],[105.96083,17.95441],[105.96312,17.95449],[105.96354,17.95511],[105.9637,17.956],[105.96285,17.95694],[105.96335,17.95774],[105.9625,17.96018],[105.96357,17.96022],[105.96434,17.9607],[105.96561,17.96049],[105.96598,17.96124],[105.96669,17.96168],[105.96851,17.96098],[105.96901,17.9616],[105.97063,17.96052],[105.97113,17.96157],[105.97228,17.963],[105.97167,17.96329],[105.97216,17.96488],[105.97114,17.96562],[105.97148,17.9662],[105.97283,17.96607],[105.97344,17.96514],[105.97434,17.96545],[105.97467,17.9645],[105.97542,17.96375],[105.9763,17.96359],[105.97595,17.96245],[105.97719,17.9623],[105.97843,17.96266],[105.97822,17.96189],[105.97936,17.96053],[105.98044,17.96153],[105.98064,17.96139],[105.98,17.95998],[105.98051,17.95947],[105.98016,17.95907],[105.98158,17.95744],[105.9829,17.95689],[105.98217,17.95623],[105.98287,17.95543],[105.98416,17.95523],[105.98584,17.95645],[105.98586,17.95672],[105.98704,17.95696],[105.98928,17.95466],[105.99115,17.95628],[105.99124,17.95835],[105.99179,17.95828],[105.99289,17.95872]],[[106.50283,17.47254],[106.50187,17.47234],[106.50064,17.47162],[106.49882,17.47166],[106.49768,17.4709],[106.49572,17.47136],[106.49598,17.47061],[106.49593,17.4696],[106.49412,17.46997],[106.49304,17.4705],[106.49267,17.47032],[106.49183,17.46928],[106.49126,17.46899],[106.49014,17.46985],[106.48986,17.4704],[106.4886,17.47131],[106.48801,17.47233],[106.48726,17.47249],[106.48716,17.47294],[106.48648,17.47316],[106.48657,17.47384]],[[105.78041,17.98933],[105.78153,17.98839],[105.78191,17.98709],[105.78515,17.98444],[105.78677,17.98164],[105.78701,17.97737],[105.78843,17.97659],[105.78885,17.97612],[105.78826,17.97539],[105.78583,17.97474],[105.78536,17.97422],[105.78592,17.97386],[105.78657,17.97422],[105.78735,17.97386],[105.78836,17.97276],[105.78838,17.9718],[105.78768,17.9718],[105.78552,17.96842],[105.78622,17.96781],[105.78685,17.96825],[105.78772,17.96822],[105.78863,17.96725],[105.78905,17.96616],[105.78946,17.96447],[105.78814,17.96431],[105.78784,17.96385],[105.78833,17.96302],[105.78836,17.9617],[105.78887,17.96105],[105.79056,17.96107],[105.7911,17.96128],[105.79244,17.96223],[105.79297,17.9624],[105.79405,17.96199],[105.79568,17.96256],[105.79782,17.96167],[105.80049,17.96176],[105.8022,17.96288],[105.80272,17.96385],[105.80332,17.96401],[105.80469,17.9624],[105.80534,17.96305],[105.80558,17.96396],[105.80648,17.96466],[105.80778,17.96472],[105.80823,17.96431],[105.80823,17.96356],[105.8079,17.96253],[105.80894,17.96189],[105.80953,17.96223],[105.80933,17.96304],[105.80985,17.96345],[105.81124,17.96404],[105.81185,17.9637],[105.81283,17.96411],[105.81345,17.96302],[105.81417,17.96242]],[[106.75797,17.18334],[106.75939,17.18497],[106.76081,17.18698],[106.76144,17.18985],[106.76043,17.19155],[106.76028,17.19222],[106.75955,17.19776],[106.76334,17.20586],[106.76745,17.21081],[106.77668,17.22205],[106.77744,17.22513]],[[106.79476,17.2157],[106.79578,17.21561],[106.79687,17.21474],[106.79795,17.2143],[106.79852,17.21442],[106.79884,17.21495],[106.80156,17.21719],[106.80235,17.21773],[106.80303,17.2192],[106.80517,17.22041],[106.80701,17.22034],[106.8089,17.22055],[106.81251,17.2207],[106.81719,17.21966],[106.81791,17.21985],[106.81924,17.21939],[106.82022,17.21968],[106.82194,17.21905],[106.82248,17.21901],[106.82324,17.22003],[106.82388,17.2203],[106.82613,17.21855],[106.82752,17.21602],[106.82822,17.2137],[106.82926,17.21245],[106.82958,17.21151],[106.82864,17.20888],[106.82785,17.20724],[106.82699,17.20642],[106.82278,17.20499],[106.82166,17.20412],[106.82105,17.20255],[106.82035,17.2016],[106.82023,17.20049],[106.82082,17.19806],[106.82159,17.19663],[106.82327,17.19515],[106.82524,17.19459],[106.82635,17.19381],[106.82738,17.1929],[106.82855,17.19258],[106.83017,17.19267],[106.83379,17.1927],[106.83477,17.19363],[106.83627,17.19388],[106.83699,17.19328],[106.83786,17.19331],[106.83903,17.19365],[106.84038,17.19348],[106.84152,17.19288],[106.84277,17.19096],[106.84285,17.1902],[106.84347,17.1886],[106.84414,17.18776],[106.84484,17.18618],[106.84553,17.18615],[106.84644,17.18688],[106.84782,17.1866],[106.84817,17.18609],[106.84789,17.1849],[106.84858,17.18335],[106.84971,17.18217],[106.85056,17.18166],[106.85317,17.18134],[106.85398,17.17986],[106.85599,17.1773],[106.85569,17.17677],[106.8549,17.17655],[106.85453,17.17612],[106.85414,17.17446],[106.85329,17.17387],[106.8526,17.17285],[106.85112,17.1717],[106.85095,17.17013],[106.85145,17.16944],[106.85342,17.16726],[106.85351,17.16637],[106.85429,17.16562],[106.85495,17.16451],[106.85559,17.16426],[106.85664,17.16428],[106.858,17.16405],[106.85826,17.16381],[106.85826,17.16162],[106.85923,17.15994],[106.85881,17.1589],[106.85866,17.15709],[106.85999,17.15674],[106.86024,17.15525],[106.86061,17.15451],[106.86103,17.15255],[106.86129,17.15224],[106.86258,17.15184],[106.86333,17.15059],[106.86385,17.15012],[106.86471,17.14997],[106.86548,17.14842],[106.8666,17.14755],[106.86703,17.14756],[106.86794,17.14813],[106.87011,17.14817]],[[106.82651,17.22642],[106.82618,17.22603],[106.82585,17.22408],[106.82397,17.22096],[106.82388,17.2203]],[[106.44717,17.69178],[106.45301,17.69106],[106.45488,17.6903],[106.4572,17.68864],[106.45813,17.68845],[106.45933,17.68848],[106.46187,17.68935],[106.46229,17.68961],[106.46337,17.69189],[106.46524,17.69098]],[[106.45533,17.67542],[106.45574,17.67728],[106.45563,17.67755],[106.45732,17.67808],[106.45767,17.67882],[106.45836,17.67884],[106.45969,17.67806],[106.46013,17.68018],[106.45993,17.68049],[106.45873,17.68082],[106.45915,17.68137],[106.4604,17.68176],[106.46128,17.68239],[106.46115,17.68333],[106.46017,17.68403],[106.45998,17.68455],[106.45989,17.68674],[106.45921,17.68774],[106.45933,17.68848]],[[106.61511,17.42704],[106.61448,17.4271]],[[106.34417,17.92233],[106.34422,17.92575],[106.34444,17.92663],[106.34545,17.92767],[106.34934,17.93073],[106.3498,17.93124],[106.34962,17.93476],[106.34962,17.93606],[106.34861,17.93811],[106.34871,17.93858],[106.34972,17.93984],[106.351,17.94095],[106.35264,17.9418],[106.35406,17.94212],[106.35444,17.94348],[106.35398,17.94699],[106.35422,17.94901],[106.35446,17.94973],[106.355,17.95019],[106.35526,17.95091],[106.35481,17.95244],[106.35491,17.95311],[106.35552,17.9543],[106.35652,17.95509]],[[106.37212,17.8763],[106.37099,17.87705],[106.36955,17.8775],[106.36855,17.87814],[106.36806,17.88228]],[[106.47777,17.91156],[106.47708,17.91259],[106.47774,17.91296],[106.47756,17.9135],[106.4783,17.91443],[106.47865,17.9155],[106.47846,17.91615],[106.47744,17.91715],[106.47726,17.91734],[106.47724,17.91782],[106.47831,17.92029],[106.47845,17.92054],[106.4793,17.92213]],[[106.64441,17.33453],[106.6457,17.33412],[106.64677,17.33349],[106.64869,17.33204],[106.64882,17.33079]],[[106.59802,17.42463],[106.59728,17.42262],[106.5971,17.42171],[106.59659,17.4213],[106.59495,17.42099],[106.59497,17.42034],[106.59545,17.41836],[106.59514,17.41757],[106.59389,17.41788],[106.59217,17.41857],[106.59169,17.41848],[106.59109,17.41789],[106.5912,17.41731],[106.59069,17.41666],[106.59068,17.41513],[106.59127,17.41495],[106.59177,17.41435],[106.59253,17.41399],[106.5915,17.41204],[106.59283,17.41141],[106.59296,17.41043],[106.59339,17.41014],[106.59353,17.4092],[106.59433,17.40826],[106.59564,17.40782],[106.59561,17.40648],[106.59367,17.4053],[106.59324,17.40535],[106.59244,17.40646],[106.59208,17.4066],[106.59032,17.40614],[106.59034,17.40572],[106.59106,17.40503],[106.59056,17.40453],[106.58857,17.40443],[106.58865,17.40388],[106.58809,17.40168]],[[106.98061,16.39427],[106.98,16.39341],[106.98079,16.39246]],[[106.98136,16.39202],[106.98152,16.39141],[106.9823,16.3911],[106.98281,16.39163]],[[106.99771,16.38791],[106.9983,16.3872],[106.99818,16.38728]],[[106.99732,16.38822],[106.99736,16.38767],[106.99867,16.38587],[106.99908,16.38577],[106.99895,16.38647],[106.9983,16.3872]],[[106.99966,16.37669],[107.00009,16.37629],[107.00027,16.37558]],[[107.00255,16.37285],[107.00256,16.37211],[107.00338,16.37185]],[[107.00392,16.37152],[107.00398,16.37133],[107.00446,16.37133]],[[107.00354,16.37172],[107.00398,16.37133]],[[107.0155,16.37203],[107.01496,16.3728],[107.015,16.37243]],[[107.00423,16.37143],[107.00545,16.37151],[107.00649,16.37196],[107.00794,16.37309],[107.00967,16.37385],[107.0112,16.3741],[107.01203,16.37379]],[[107.01269,16.37374],[107.01379,16.37342],[107.01496,16.3728]],[[107.01327,16.37341],[107.01379,16.37342]],[[107.01638,16.3705],[107.01638,16.36962]],[[107.01645,16.36496],[107.01609,16.36423]],[[107.01838,16.36215],[107.01872,16.36278],[107.0196,16.36355],[107.02078,16.3643],[107.02255,16.36523],[107.02363,16.36508]],[[106.15774,17.83774],[106.15903,17.83861],[106.15866,17.83939],[106.15687,17.83899],[106.15512,17.83898],[106.15397,17.83865],[106.15322,17.83886],[106.15337,17.83975],[106.15429,17.8407],[106.15518,17.84227],[106.15534,17.84383],[106.1557,17.84473],[106.15615,17.84504],[106.15699,17.84504],[106.15729,17.84436],[106.1582,17.84413],[106.15882,17.84327],[106.15979,17.84343],[106.16109,17.84402],[106.16135,17.84498],[106.16096,17.84595],[106.16002,17.84599],[106.15958,17.84636],[106.16137,17.84754],[106.16247,17.84896],[106.16253,17.84963],[106.16195,17.85001],[106.16087,17.84998],[106.15996,17.85028],[106.1592,17.85164],[106.15892,17.85174],[106.15786,17.85117],[106.15696,17.8511],[106.15697,17.85317],[106.15709,17.85419],[106.1566,17.85478],[106.15516,17.85471],[106.15529,17.85591],[106.15469,17.85672],[106.15384,17.85678],[106.15291,17.85619],[106.15235,17.85651],[106.15232,17.85701],[106.15311,17.85856],[106.15421,17.8603],[106.15296,17.86055],[106.15257,17.86142],[106.15184,17.86213],[106.15132,17.86199],[106.15069,17.86105],[106.15022,17.86098],[106.14935,17.8631],[106.14925,17.86394],[106.14966,17.86471],[106.14961,17.8661],[106.14998,17.8665],[106.1494,17.8678],[106.1486,17.86881],[106.1487,17.87002],[106.14974,17.87111],[106.1498,17.87154],[106.14932,17.87242],[106.14961,17.87294],[106.15073,17.87315],[106.1503,17.87435],[106.14991,17.8749],[106.15062,17.8758],[106.15049,17.8767],[106.1511,17.87757],[106.15126,17.87913],[106.15199,17.87965],[106.15159,17.88019],[106.15159,17.88141],[106.15092,17.88182],[106.15132,17.8841],[106.15229,17.88537],[106.15375,17.88645]],[[107.26163,16.57229],[107.2611,16.57334],[107.25998,16.5739],[107.25854,16.57389],[107.25788,16.57325]],[[106.4644,17.43437],[106.4617,17.43251],[106.45963,17.43242],[106.4566,17.43448],[106.45637,17.43688],[106.45441,17.43781],[106.45134,17.43733],[106.44928,17.43789],[106.44589,17.44094],[106.44387,17.44192],[106.44276,17.44383],[106.44297,17.44596],[106.4428,17.44667],[106.44139,17.44904],[106.44153,17.45047],[106.44258,17.45205],[106.44214,17.45319],[106.44031,17.4543],[106.43943,17.4564],[106.43831,17.45689],[106.4352,17.45662]],[[106.07821,17.7713],[106.07675,17.7724],[106.07553,17.77146],[106.0749,17.77154],[106.07432,17.77245],[106.0737,17.77251],[106.07251,17.7732]],[[106.88982,16.73893],[106.89103,16.73812],[106.89263,16.73632],[106.8934,16.73568],[106.8935,16.73399],[106.89287,16.73382],[106.89287,16.73278],[106.89357,16.73259],[106.89443,16.73165],[106.89572,16.73097],[106.89576,16.73022],[106.89526,16.72965],[106.89569,16.72875],[106.89535,16.72808],[106.89626,16.72699],[106.89792,16.72655],[106.89774,16.72589],[106.89931,16.72623],[106.89979,16.72578],[106.90049,16.72588],[106.90073,16.72654],[106.9003,16.72721],[106.90066,16.72814],[106.90205,16.72875],[106.90409,16.72908],[106.90488,16.72884],[106.90499,16.72836],[106.90564,16.72821],[106.90652,16.7274],[106.90689,16.72802],[106.90801,16.72783],[106.90913,16.72829],[106.91023,16.728],[106.9099,16.72732],[106.9102,16.72634],[106.9093,16.7257],[106.90936,16.72535],[106.91098,16.72438],[106.91038,16.7232],[106.9113,16.72247],[106.91231,16.72302],[106.91249,16.72242],[106.9117,16.72199],[106.91184,16.72154],[106.91299,16.72172],[106.9132,16.7211],[106.91387,16.72112],[106.91483,16.71964],[106.91573,16.71953],[106.91592,16.72012],[106.9167,16.71994],[106.91828,16.72012],[106.91882,16.71955],[106.91938,16.71986],[106.91982,16.72055],[106.92086,16.72032],[106.92232,16.72051],[106.92249,16.72095],[106.92465,16.72273],[106.92546,16.72258],[106.92516,16.72149],[106.92523,16.72085],[106.92612,16.71969],[106.92758,16.71847],[106.92772,16.71821],[106.92728,16.71683],[106.92811,16.71661],[106.92796,16.71558],[106.92828,16.71385],[106.9276,16.71337],[106.92649,16.71164],[106.92856,16.71073],[106.92874,16.71023],[106.92999,16.70893],[106.93052,16.70878],[106.93105,16.70997],[106.93145,16.70979],[106.9318,16.7082],[106.93211,16.70755],[106.93104,16.70653],[106.93202,16.70532],[106.93141,16.70451],[106.93202,16.70367],[106.93226,16.70277],[106.93197,16.70218],[106.93063,16.70258],[106.93018,16.70214],[106.93015,16.70114],[106.92864,16.69965],[106.92892,16.69924],[106.92988,16.69922],[106.93051,16.69863],[106.92974,16.69809],[106.92877,16.69808],[106.92783,16.69777],[106.92766,16.69594],[106.92726,16.69431],[106.92783,16.69285],[106.92774,16.69249],[106.92578,16.69113],[106.92533,16.69032],[106.92478,16.68987],[106.92477,16.68935],[106.92625,16.68814],[106.92764,16.68779],[106.92787,16.68719],[106.92677,16.68628],[106.92705,16.68538],[106.92951,16.68486],[106.9298,16.68512],[106.93026,16.68638],[106.93153,16.68667],[106.93317,16.6864],[106.9336,16.68654],[106.93425,16.68758],[106.93513,16.68773],[106.93589,16.68651],[106.93693,16.68594],[106.93767,16.6862],[106.93813,16.68735],[106.93779,16.6889],[106.93808,16.68944],[106.94059,16.68957],[106.94121,16.68928],[106.94178,16.68833],[106.94376,16.68952],[106.94467,16.6896],[106.94594,16.68923],[106.94639,16.68863],[106.94698,16.68876],[106.94737,16.68948],[106.94739,16.69017],[106.94937,16.69158],[106.95207,16.69156],[106.95371,16.69271],[106.9544,16.69293],[106.95474,16.69261],[106.95442,16.69195],[106.95467,16.69142],[106.95589,16.69132],[106.95803,16.69254],[106.95936,16.69143],[106.95987,16.69287],[106.96062,16.69366],[106.96112,16.69361],[106.96319,16.69283],[106.96376,16.69305],[106.96419,16.6939],[106.96469,16.69412],[106.96611,16.69357],[106.96722,16.69488],[106.96806,16.69455],[106.96978,16.6943],[106.97007,16.695],[106.97146,16.6952],[106.97264,16.69435],[106.97249,16.69339],[106.97297,16.69313],[106.97353,16.69345],[106.97465,16.6925],[106.97613,16.69092],[106.97669,16.6909],[106.9773,16.69191],[106.97784,16.69191],[106.97852,16.69071],[106.97916,16.69025],[106.97965,16.69032],[106.98096,16.69108],[106.98156,16.69083],[106.98203,16.69008],[106.9831,16.6897],[106.98476,16.69029],[106.98492,16.69075],[106.98441,16.69222],[106.98461,16.69253],[106.98582,16.69268],[106.98688,16.6937],[106.9895,16.69393],[106.98903,16.69468],[106.98781,16.69513],[106.98776,16.69562],[106.98841,16.69648],[106.98829,16.697],[106.98735,16.69751],[106.9865,16.69768],[106.98576,16.69873],[106.98571,16.69937],[106.98621,16.70009],[106.9874,16.69978],[106.98944,16.70009],[106.98935,16.7008],[106.98783,16.70142],[106.98632,16.70142],[106.98642,16.70266],[106.9869,16.7039],[106.98781,16.7045],[106.98889,16.70438],[106.98933,16.70516],[106.98859,16.70589],[106.98847,16.70635],[106.98814,16.70675],[106.98826,16.70755],[106.98759,16.70805],[106.98718,16.70747],[106.98587,16.70633],[106.98603,16.70553],[106.98389,16.70365],[106.98294,16.70295],[106.98227,16.70339],[106.9818,16.70332],[106.98159,16.70263],[106.97987,16.7024],[106.97983,16.70344],[106.97911,16.70349],[106.97896,16.70423],[106.97849,16.70505],[106.9781,16.705],[106.97747,16.70417],[106.97637,16.70515],[106.97557,16.70634],[106.97455,16.70617],[106.97332,16.70723],[106.97257,16.70656],[106.97148,16.70608],[106.97138,16.70694],[106.97044,16.70766],[106.96984,16.70714],[106.96899,16.70723],[106.96808,16.70788],[106.96694,16.70842],[106.96686,16.70767],[106.96606,16.70793],[106.96594,16.70856],[106.96465,16.70851],[106.96454,16.70846],[106.96404,16.70847],[106.9629,16.70945],[106.96356,16.71001],[106.9636,16.71053],[106.96239,16.71134],[106.96142,16.71087],[106.96098,16.71128],[106.96014,16.71092],[106.95918,16.71108],[106.95818,16.71154],[106.95746,16.71053],[106.95679,16.71146],[106.95585,16.71134],[106.95471,16.71088],[106.95442,16.71157],[106.95349,16.71198],[106.95227,16.71199],[106.95176,16.71135],[106.95063,16.71108],[106.95038,16.71153],[106.951,16.71248],[106.95035,16.71305],[106.94794,16.71329],[106.94821,16.71406],[106.94809,16.71466],[106.95012,16.71496],[106.95017,16.71614],[106.95097,16.71592],[106.95166,16.71601],[106.95275,16.71669],[106.9527,16.71737],[106.95201,16.71784],[106.95218,16.71905],[106.9528,16.71989],[106.95328,16.71999],[106.95431,16.72101],[106.95545,16.72085],[106.95524,16.72332],[106.95442,16.72403]],[[107.02469,16.75284],[107.02371,16.75245],[107.02309,16.75258],[107.02268,16.75309],[107.02218,16.75304],[107.02225,16.75207],[107.02172,16.75181],[107.02081,16.7521],[107.02048,16.75301],[107.02005,16.75342],[107.01944,16.75334],[107.01876,16.75282],[107.01811,16.75316],[107.01828,16.75397],[107.01807,16.75452],[107.0174,16.7548],[107.01684,16.75468],[107.01562,16.75357],[107.01467,16.755],[107.01328,16.75406],[107.01205,16.75274],[107.01115,16.75249],[107.01011,16.75293],[107.00966,16.75277],[107.00913,16.75185],[107.00976,16.75043],[107.00917,16.74953],[107.00866,16.74952],[107.00837,16.74876],[107.00915,16.74787],[107.00921,16.74705],[107.00884,16.74671],[107.00912,16.7456],[107.00962,16.74536],[107.01033,16.74452],[107.01032,16.74414],[107.00908,16.74333],[107.00901,16.74283],[107.00809,16.74221],[107.00712,16.74203],[107.0056,16.74253],[107.00521,16.74218],[107.00515,16.74114],[107.00401,16.74126],[107.00386,16.74101],[107.0044,16.73967],[107.00428,16.73919],[107.00357,16.73927],[107.00278,16.74023],[107.00144,16.74071],[107.00061,16.73992],[107.00147,16.73901],[107.00138,16.7383],[107.00009,16.73785],[107.00039,16.7369],[106.99947,16.73701],[106.99869,16.73632],[106.99825,16.73474],[106.99832,16.73372],[106.99786,16.73307],[106.99752,16.73135],[106.99628,16.73097],[106.9964,16.73012],[106.99593,16.72984],[106.99566,16.72854],[106.99689,16.72638],[106.99818,16.72485],[106.99841,16.72368],[106.99892,16.72304],[107.0004,16.72217],[107.00131,16.72077],[107.0008,16.72014],[107.00085,16.71944],[107.00198,16.71916],[107.00194,16.71863],[107.00141,16.71828],[107.00119,16.71762],[107.00151,16.71712],[107.00173,16.71523],[107.00146,16.71402],[107.00033,16.71417],[106.99962,16.71362],[106.99933,16.71278],[106.99973,16.7125],[106.99902,16.71098],[106.9995,16.71045],[107.00038,16.71036],[107.00148,16.71063],[107.00108,16.70938],[107.00072,16.70918],[106.99876,16.70976],[106.99814,16.70967],[106.99731,16.70812],[106.99643,16.70806],[106.99603,16.70829],[106.99535,16.7094],[106.99435,16.71024],[106.99333,16.71031],[106.99314,16.7091],[106.99265,16.7084],[106.99124,16.70843],[106.98994,16.70789],[106.98907,16.7066],[106.98847,16.70635]],[[106.00562,17.92237],[106.00665,17.9219],[106.00791,17.92227],[106.0089,17.92321],[106.00998,17.92335],[106.01035,17.92371],[106.01038,17.92443],[106.01112,17.92524],[106.01106,17.92676],[106.01123,17.92766],[106.0102,17.92751],[106.00966,17.92907],[106.01081,17.93036],[106.01098,17.93123],[106.01267,17.93162],[106.0133,17.93222],[106.01338,17.9338],[106.01547,17.93491],[106.01568,17.93526],[106.01701,17.93532],[106.01776,17.93587],[106.01867,17.93549],[106.01944,17.9361],[106.0197,17.93666],[106.02081,17.9374],[106.02163,17.93874],[106.02304,17.93947],[106.02461,17.93892]],[[106.01239,17.90819],[106.01277,17.90842],[106.01341,17.90955],[106.01358,17.91058],[106.01341,17.91139],[106.01413,17.91257],[106.01311,17.91323],[106.01149,17.91524],[106.01077,17.91594],[106.01126,17.91787],[106.01219,17.91888]],[[106.09572,17.83614],[106.09562,17.83552],[106.0961,17.8351],[106.09619,17.83437],[106.09599,17.83325],[106.09653,17.83218],[106.09639,17.83167],[106.09429,17.83126],[106.09353,17.83041],[106.09275,17.82986],[106.09272,17.82936],[106.09316,17.82812],[106.09241,17.82716],[106.09196,17.82703],[106.09108,17.82787],[106.08842,17.82748],[106.08652,17.82789],[106.08629,17.82649],[106.08529,17.82652],[106.08431,17.8256],[106.08415,17.82488],[106.08356,17.82483],[106.08304,17.82306],[106.08222,17.82274],[106.0827,17.822],[106.08229,17.82146],[106.08195,17.82046],[106.08105,17.81989],[106.08145,17.81901],[106.0814,17.81813]],[[105.97778,17.90157],[105.9785,17.90278],[105.97923,17.90305],[105.98101,17.90251],[105.98157,17.90289],[105.98232,17.90276],[105.98293,17.90194],[105.98454,17.90206],[105.98535,17.90246],[105.98634,17.90323],[105.98831,17.90421],[105.98914,17.90401],[105.99035,17.90457],[105.99067,17.90544],[105.99168,17.90591],[105.99179,17.90593],[105.99293,17.90644],[105.99393,17.909],[105.99444,17.9095],[105.99583,17.90999],[105.99522,17.91087],[105.99609,17.91198],[105.99672,17.91172],[105.99743,17.91185],[105.99867,17.91157],[105.99969,17.91171]],[[106.05913,17.84474],[106.05851,17.84555],[106.0593,17.84632],[106.05937,17.84713],[106.05896,17.84811],[106.05852,17.84833],[106.05822,17.84926],[106.05902,17.84977],[106.05842,17.85148],[106.0589,17.85183],[106.05944,17.85275],[106.05983,17.85298],[106.06026,17.85393],[106.05964,17.8546],[106.06012,17.85515],[106.06033,17.85609]],[[106.38871,17.43562],[106.3899,17.43544]],[[106.89726,16.78313],[106.89702,16.78201],[106.89766,16.78093],[106.8985,16.78138],[106.90022,16.78057],[106.90237,16.77888],[106.90212,16.7781],[106.90337,16.77663],[106.9055,16.77457],[106.9057,16.77375],[106.90648,16.77281],[106.90568,16.77229],[106.90516,16.77117],[106.90511,16.77048],[106.90563,16.76994],[106.90579,16.76907],[106.90493,16.76896],[106.90384,16.7695],[106.90308,16.76967],[106.90242,16.76949],[106.90108,16.76839],[106.89995,16.76931],[106.89861,16.76956],[106.89806,16.76946]],[[106.99031,16.33777],[106.98977,16.33872],[106.9886,16.33826],[106.98823,16.33968],[106.98854,16.34029],[106.98936,16.34021],[106.99065,16.34089],[106.99073,16.34124],[106.98982,16.34285],[106.99031,16.34364],[106.9898,16.34427],[106.9896,16.34503],[106.98984,16.34676],[106.99133,16.34781],[106.9912,16.34851],[106.99135,16.34941],[106.99179,16.34997],[106.99158,16.35165],[106.99216,16.35222],[106.99252,16.35368],[106.99236,16.35466],[106.99274,16.35516],[106.99419,16.35524],[106.99533,16.35591],[106.99744,16.35593],[106.99891,16.35571],[106.99984,16.35589],[107.00108,16.35666],[107.00163,16.35678],[107.00341,16.35659],[107.00379,16.35699],[107.00447,16.35857],[107.00607,16.36022],[107.00674,16.36006],[107.0087,16.36034],[107.00984,16.36026],[107.01068,16.361],[107.01096,16.36264],[107.01128,16.36323],[107.01201,16.36333],[107.01235,16.36269],[107.01348,16.36166],[107.0139,16.36153]],[[105.99189,17.69218],[105.99126,17.69295],[105.99003,17.69395]],[[105.98505,17.69455],[105.9826,17.69555],[105.98024,17.69611],[105.97986,17.69593]],[[105.95995,17.71704],[105.95949,17.71812],[105.95955,17.71866],[105.9592,17.71946],[105.95858,17.71985],[105.95634,17.71996],[105.95571,17.72063],[105.95681,17.7212],[105.95735,17.72196],[105.95669,17.7226],[105.9565,17.72339],[105.95758,17.72483],[105.95705,17.72649],[105.95805,17.72857],[105.95753,17.72931],[105.95632,17.73238],[105.95626,17.73323],[105.95695,17.73395],[105.95787,17.73361],[105.95895,17.73389],[105.9601,17.7349]],[[106.51615,17.59065],[106.51681,17.59134],[106.51772,17.59133],[106.51854,17.59199],[106.5194,17.59206],[106.51998,17.59246],[106.52056,17.59196],[106.52146,17.59173],[106.52176,17.59194],[106.52274,17.59355],[106.52403,17.59495],[106.52438,17.59602],[106.52432,17.59709],[106.52334,17.5977],[106.52222,17.59764],[106.52122,17.59782],[106.5201,17.59764],[106.51929,17.59793],[106.51923,17.59923],[106.51954,17.5997],[106.52082,17.59988],[106.5219,17.59971]],[[107.31344,16.60076],[107.31397,16.60016],[107.31519,16.60039],[107.31768,16.60166],[107.31856,16.60176],[107.31916,16.60231]],[[107.01229,17.05907],[107.01501,17.05762]],[[105.92267,17.84449],[105.92284,17.84343],[105.92186,17.84172],[105.92277,17.84061],[105.92266,17.83969],[105.92302,17.83932],[105.92354,17.83817],[105.92381,17.83693],[105.92331,17.83578],[105.92233,17.83564],[105.9224,17.83379],[105.92335,17.83255],[105.92102,17.82972],[105.92049,17.82876],[105.91991,17.82887],[105.91952,17.82965],[105.91861,17.83052],[105.91844,17.83114],[105.9188,17.83177],[105.91791,17.83228],[105.91779,17.83293],[105.91653,17.83442],[105.91636,17.83516],[105.91584,17.83507],[105.91525,17.83415],[105.91454,17.83354],[105.91449,17.83349],[105.91404,17.83313],[105.91333,17.83409],[105.91216,17.83357]],[[105.96328,17.78489],[105.96277,17.78629]],[[105.92049,17.82876],[105.92162,17.82848],[105.92207,17.8279],[105.92182,17.82703],[105.92137,17.82658],[105.92188,17.82598],[105.92263,17.82574],[105.92284,17.82481],[105.92344,17.82389],[105.92501,17.82244],[105.92621,17.82223],[105.9268,17.82046],[105.92728,17.82029],[105.92882,17.82105],[105.92889,17.8205],[105.93042,17.81919],[105.93132,17.81899],[105.93207,17.81837],[105.9315,17.81797],[105.93103,17.81817],[105.93049,17.81741],[105.93182,17.81578],[105.93277,17.81577],[105.93303,17.81467],[105.93219,17.81488],[105.93206,17.81408],[105.93151,17.81313],[105.93233,17.81281],[105.93258,17.81193],[105.93131,17.81142],[105.9305,17.81154],[105.93025,17.8112],[105.93054,17.80959],[105.9318,17.80808],[105.93312,17.80713],[105.93387,17.80595],[105.93429,17.80489],[105.93506,17.80441],[105.9356,17.80358],[105.93648,17.80336],[105.93771,17.8037],[105.93809,17.80216],[105.93803,17.80144],[105.93759,17.80021],[105.93815,17.79962],[105.93907,17.79964],[105.93983,17.7987],[105.94058,17.79816],[105.94084,17.79758],[105.94112,17.79612],[105.94171,17.79564],[105.94338,17.79363],[105.9446,17.79275],[105.94505,17.79262],[105.94565,17.7919],[105.94641,17.79023],[105.94769,17.78999],[105.94916,17.78999],[105.94916,17.79165],[105.94994,17.79245],[105.94952,17.79402],[105.94947,17.79476],[105.95001,17.7966],[105.95047,17.79658],[105.95079,17.79571],[105.95135,17.79558],[105.95214,17.79463],[105.95365,17.79367],[105.95413,17.79363],[105.95562,17.79456],[105.95654,17.79424],[105.9572,17.79369],[105.9583,17.79342],[105.95897,17.79347]],[[105.98389,17.78514],[105.98549,17.78492],[105.9863,17.78504],[105.98694,17.78374],[105.98901,17.78366],[105.98921,17.78503],[105.99026,17.78516],[105.99074,17.78491],[105.99189,17.78518],[105.99271,17.78428],[105.99279,17.78368],[105.99354,17.78307],[105.99471,17.78089],[105.99547,17.77814],[105.99606,17.77816],[105.99667,17.77915],[105.99755,17.77855],[105.99829,17.77777],[105.99867,17.77785],[105.99894,17.77865],[105.99938,17.77867],[106.0006,17.77696],[106.00142,17.77633],[106.00197,17.7763]],[[106.57033,16.88396],[106.56939,16.88443],[106.56862,16.88534],[106.56751,16.88598],[106.56623,16.88636],[106.56561,16.88712],[106.56533,16.88794],[106.5625,16.88843],[106.56052,16.88782],[106.55881,16.88916],[106.55779,16.88957],[106.55737,16.89018],[106.55692,16.89171],[106.55629,16.89234],[106.5557,16.89217],[106.55504,16.89151],[106.55487,16.89068],[106.55297,16.89097],[106.55243,16.89172],[106.55136,16.89219]],[[106.65925,16.7652],[106.65903,16.76366]],[[106.65979,16.76621],[106.65925,16.7652],[106.65777,16.7634]],[[106.62118,16.89805],[106.62127,16.89747],[106.62076,16.89726]],[[106.59298,16.89116],[106.59223,16.89133]],[[105.86996,17.86931],[105.86954,17.8697],[105.86874,17.87133],[105.86851,17.87319]],[[106.64161,16.91226],[106.64253,16.9116]],[[106.63616,16.90143],[106.63572,16.90138],[106.63522,16.90041]],[[106.36818,17.53196],[106.36697,17.53379]]]},"properties":{"kind":"river","class":"river","name":null}},{"type":"Feature","geometry":{"type":"MultiLineString","coordinates":[[[106.77353,16.45504],[106.77387,16.45626],[106.77441,16.45718]],[[106.77493,16.44191],[106.77511,16.44282],[106.77507,16.44391],[106.77341,16.44618],[106.77301,16.44704],[106.7725,16.45132],[106.77267,16.45193]],[[106.77405,16.44037],[106.77457,16.44123]],[[106.77223,16.4333],[106.77218,16.43457]],[[106.76041,16.42472],[106.76103,16.42509],[106.76171,16.42488]],[[106.75378,16.42384],[106.75745,16.42385]],[[106.73824,16.41232],[106.7389,16.4112],[106.73956,16.41095],[106.74165,16.41243]],[[106.73773,16.41864],[106.73799,16.41818]],[[106.73364,16.43972],[106.73481,16.43927],[106.7359,16.43845],[106.73642,16.43753],[106.73647,16.4364],[106.73549,16.43241],[106.73532,16.43085],[106.7353,16.42918],[106.73441,16.42701],[106.73432,16.4251],[106.73548,16.42169]],[[106.73292,16.43984],[106.73359,16.43974]],[[106.72394,16.43436],[106.72392,16.43486],[106.72476,16.43577],[106.72616,16.43674],[106.72778,16.43748]],[[106.73012,16.42766],[106.73024,16.42813]],[[106.72716,16.42511],[106.72719,16.42511]],[[106.71586,16.43294],[106.71741,16.43222],[106.71888,16.43139],[106.72042,16.43017],[106.7221,16.42849],[106.72401,16.42694],[106.72512,16.42587]],[[106.70828,16.43422],[106.71044,16.43372],[106.71428,16.43336],[106.71499,16.43321]],[[106.70243,16.43563],[106.7059,16.43512],[106.70674,16.43477]],[[106.70018,16.4371],[106.7016,16.43595]],[[106.68646,16.4416],[106.687,16.43999]],[[106.68637,16.44228],[106.68637,16.44227]],[[106.68751,16.4452],[106.68674,16.4439]],[[106.69277,16.44809],[106.69218,16.4474],[106.69114,16.44659],[106.68974,16.44604],[106.68877,16.44596],[106.6878,16.44557]],[[106.6923,16.45053],[106.69278,16.45]],[[106.68418,16.45785],[106.685,16.4575],[106.68607,16.45676],[106.68792,16.45507],[106.69057,16.45233]],[[106.68184,16.45617],[106.68283,16.45782],[106.68318,16.45811],[106.68402,16.45792]],[[106.6775,16.45136],[106.67919,16.45263]],[[106.67674,16.45147],[106.67694,16.45134]],[[106.67444,16.45607],[106.67499,16.45428],[106.67556,16.45282],[106.67667,16.45153]],[[106.67382,16.46635],[106.67364,16.46448],[106.67364,16.46208],[106.67398,16.45838]],[[106.67437,16.47024],[106.67422,16.46814],[106.674,16.46719]],[[106.6745,16.47437],[106.67461,16.4736]],[[106.67411,16.47537],[106.67445,16.47457]],[[106.67212,16.47666],[106.67265,16.47651]],[[106.66892,16.47618],[106.66976,16.47651]],[[106.66175,16.47229],[106.66252,16.4723]],[[106.66071,16.47353],[106.6609,16.47307]],[[106.66084,16.47627],[106.6607,16.47358]],[[106.66212,16.48341],[106.66185,16.48306]],[[106.66396,16.48609],[106.66377,16.48522],[106.66319,16.4846]],[[106.66149,16.49023],[106.66268,16.48908],[106.66366,16.48778],[106.66377,16.48733]],[[106.65992,16.49122],[106.66096,16.49049]],[[106.65961,16.49294],[106.65955,16.49277]],[[106.66246,16.49543],[106.65989,16.49333]],[[106.66339,16.49648],[106.6626,16.49552]],[[106.66353,16.50084],[106.66355,16.49739],[106.66342,16.49669]],[[106.66366,16.50121],[106.66361,16.50113]],[[106.66541,16.50283],[106.66529,16.50214],[106.66407,16.50158]],[[106.66373,16.50517],[106.66442,16.50488],[106.66512,16.50404],[106.66531,16.50326]],[[106.65433,16.50991],[106.65754,16.50777],[106.66359,16.50523]],[[106.65253,16.51175],[106.65399,16.51019]],[[106.65219,16.51285],[106.6524,16.51193]],[[106.65313,16.51549],[106.65312,16.51475],[106.65218,16.513]],[[106.65282,16.51903],[106.653,16.51868]],[[106.64857,16.52086],[106.64974,16.52029],[106.65185,16.51981]],[[106.64734,16.52513],[106.64714,16.52269],[106.64726,16.52185]],[[106.64776,16.53834],[106.64839,16.53658],[106.64798,16.53128],[106.64777,16.52978]],[[106.6483,16.5414],[106.64749,16.5403],[106.64758,16.53892]],[[106.65165,16.54466],[106.6492,16.54222],[106.64894,16.54205]],[[106.65374,16.54628],[106.65173,16.54473]],[[106.6549,16.54726],[106.65431,16.54672]],[[106.65976,16.55381],[106.65762,16.5512]],[[106.66262,16.55617],[106.66055,16.55464]],[[106.66784,16.55855],[106.66402,16.55707]],[[106.67043,16.56422],[106.67093,16.56387],[106.67259,16.56209],[106.67267,16.56149],[106.67231,16.55954],[106.67132,16.55893],[106.66919,16.55883]],[[106.66328,16.57095],[106.66776,16.56646]],[[106.66222,16.57617],[106.66214,16.57471],[106.66227,16.57318],[106.66269,16.57189],[106.66319,16.57105]],[[106.66459,16.58065],[106.66325,16.57887],[106.66229,16.57652]],[[106.66701,16.58292],[106.66653,16.58241]],[[106.66728,16.58365],[106.66713,16.58309]],[[106.66128,16.58349],[106.66288,16.58416]],[[106.65093,16.58858],[106.65345,16.58419],[106.65532,16.58232]],[[106.64908,16.59296],[106.64942,16.59269],[106.65,16.59086]],[[106.64813,16.59371],[106.64819,16.59368]],[[106.64119,16.59236],[106.64183,16.59267]],[[106.63924,16.59169],[106.63983,16.59175]],[[106.63216,16.59126],[106.6329,16.59142]],[[106.63092,16.58916],[106.63137,16.59063],[106.63197,16.59117]],[[106.63111,16.58317],[106.63152,16.58478],[106.63126,16.58618],[106.63037,16.58746],[106.63053,16.588]],[[106.62848,16.58198],[106.62978,16.58203],[106.6309,16.58279]],[[106.62703,16.58313],[106.62738,16.58269]],[[106.62632,16.58402],[106.62652,16.58381]],[[106.62526,16.58613],[106.62549,16.58523]],[[106.62457,16.58889],[106.62525,16.58616]],[[106.62451,16.58994],[106.6245,16.58955]],[[106.62416,16.59591],[106.62447,16.59395]],[[106.62469,16.59802],[106.62467,16.59797]],[[106.62524,16.59879],[106.62489,16.5984]],[[106.62636,16.59982],[106.62572,16.59909]],[[106.62675,16.60083],[106.62674,16.60064]],[[106.62593,16.60179],[106.62637,16.60143]],[[106.61944,16.60464],[106.62023,16.60437],[106.62495,16.60224]],[[106.60002,16.60635],[106.60459,16.60704],[106.60615,16.6072],[106.60816,16.60713]],[[106.58933,16.60144],[106.59603,16.60552],[106.59686,16.60587]],[[106.58644,16.60094],[106.58732,16.60093],[106.58888,16.60129]],[[106.58424,16.60292],[106.58537,16.60169]],[[106.58269,16.60522],[106.584,16.60322]],[[106.58457,16.61396],[106.58377,16.61324],[106.58307,16.61232],[106.58227,16.61083],[106.58187,16.60886],[106.58208,16.60721],[106.58251,16.60563]],[[106.59081,16.61684],[106.59075,16.61665],[106.58915,16.61582]],[[106.59094,16.61822],[106.59097,16.61813]]]},"properties":{"kind":"river","class":"river","name":"Sông Xê Pôn"}},{"type":"Feature","geometry":{"type":"LineString","coordinates":[[106.62687,17.47821],[106.62421,17.47875],[106.62112,17.48],[106.61903,17.48092],[106.6186,17.48157],[106.60842,17.48407],[106.60916,17.4822],[106.60936,17.48082],[106.60895,17.47955],[106.60898,17.47869],[106.60944,17.47809],[106.61041,17.47747],[106.61081,17.4766],[106.61056,17.47527],[106.60948,17.47386],[106.60926,17.47327],[106.60934,17.47202],[106.61017,17.47059],[106.61122,17.46971],[106.61127,17.46852],[106.61074,17.46724],[106.60967,17.46663],[106.60874,17.46578],[106.60858,17.46473],[106.60907,17.464],[106.61034,17.46329],[106.61113,17.46308],[106.61281,17.46309],[106.61424,17.46327],[106.61457,17.46295],[106.61467,17.46213],[106.61505,17.46139],[106.61647,17.46016],[106.61856,17.45919],[106.62607,17.45646]]},"properties":{"kind":"river","class":"river","name":"Sông Cầu Rào"}},{"type":"Feature","geometry":{"type":"LineString","coordinates":[[106.58229,17.55417],[106.58197,17.55409],[106.58156,17.55305],[106.57968,17.55198],[106.57578,17.55126],[106.57384,17.55057],[106.57255,17.5491],[106.57169,17.54661],[106.57097,17.54398],[106.5709,17.54251],[106.57051,17.54188],[106.56972,17.54147],[106.56848,17.54157],[106.56658,17.54228],[106.56391,17.54348],[106.5626,17.54475],[106.56178,17.54532],[106.55883,17.54525],[106.55833,17.54496],[106.55743,17.54298],[106.55636,17.54253],[106.55449,17.54343],[106.55384,17.54437],[106.55379,17.5453],[106.55488,17.55026],[106.55463,17.55102],[106.55381,17.55135],[106.55272,17.5515],[106.55076,17.5507],[106.54952,17.54932],[106.54619,17.54679],[106.54509,17.54526],[106.54347,17.54378],[106.54149,17.54254],[106.53976,17.54102],[106.53936,17.53999],[106.53848,17.53944],[106.53544,17.53891],[106.53472,17.53865],[106.53378,17.53783],[106.53154,17.53519],[106.5309,17.53382],[106.5293,17.53273],[106.52777,17.53205],[106.52656,17.53182],[106.52572,17.5314],[106.52551,17.53085],[106.52634,17.52976],[106.52705,17.52944],[106.52841,17.52936],[106.53183,17.53053],[106.53284,17.53028],[106.53331,17.529],[106.53312,17.52694],[106.53264,17.52623],[106.53077,17.52486],[106.52865,17.52429],[106.52766,17.52391],[106.52616,17.52311],[106.52541,17.52241],[106.52443,17.52109],[106.52432,17.52058],[106.52478,17.51915],[106.52569,17.51822],[106.52711,17.51703],[106.52932,17.51448],[106.52923,17.51214],[106.52895,17.51179],[106.52744,17.51137],[106.52583,17.51186],[106.52474,17.51131],[106.52422,17.51018],[106.52417,17.50955],[106.52517,17.50657],[106.52531,17.50566],[106.52591,17.50492],[106.52603,17.50422],[106.52573,17.50379],[106.52554,17.50161],[106.52488,17.50001],[106.52425,17.49944],[106.52273,17.49958],[106.52004,17.49927],[106.51785,17.49956],[106.51661,17.4996],[106.51535,17.49898],[106.51304,17.49805],[106.51187,17.49787],[106.51114,17.49835],[106.51064,17.49918],[106.51003,17.50075],[106.50821,17.50154],[106.50657,17.50119],[106.50563,17.50032],[106.50474,17.50021],[106.50378,17.49793],[106.50266,17.49701],[106.50141,17.4964],[106.5006,17.49565],[106.50088,17.49444],[106.5028,17.49279],[106.50404,17.4915],[106.50508,17.48864],[106.50635,17.48257],[106.50649,17.47652],[106.50626,17.47522],[106.50326,17.47306],[106.50283,17.47254],[106.50238,17.472],[106.50167,17.4698],[106.50124,17.46937],[106.49779,17.46769],[106.49707,17.46712],[106.49454,17.46267],[106.49462,17.46179],[106.49566,17.46011],[106.49631,17.45826],[106.49629,17.45552],[106.49525,17.45115],[106.49465,17.45074],[106.4924,17.45029],[106.49114,17.44986],[106.49029,17.44976],[106.4874,17.44978],[106.48663,17.449],[106.48598,17.44525],[106.4855,17.44441],[106.48417,17.44372],[106.48368,17.44313],[106.48277,17.44265],[106.47923,17.44011],[106.47823,17.4395],[106.47679,17.43954],[106.47613,17.43916],[106.47592,17.4384],[106.47531,17.43817],[106.47282,17.43921],[106.47003,17.44018],[106.46878,17.44002],[106.46834,17.43925],[106.46818,17.43808],[106.46965,17.43726],[106.46979,17.43657],[106.46897,17.43557],[106.46697,17.43575],[106.46608,17.43627],[106.46547,17.43612],[106.46527,17.43553],[106.4644,17.43437]]},"properties":{"kind":"river","class":"river","name":"Sông Dinh"}},{"type":"Feature","geometry":{"type":"MultiLineString","coordinates":[[[106.63578,17.3503],[106.63033,17.35583],[106.62699,17.36705],[106.6257,17.37243],[106.62521,17.37448],[106.62476,17.3817],[106.63445,17.39313],[106.63719,17.39636],[106.64143,17.3986],[106.64542,17.40026],[106.64828,17.40222],[106.64995,17.40469],[106.65047,17.40688],[106.65049,17.40993],[106.6501,17.41251],[106.64941,17.41451],[106.64674,17.41915],[106.64147,17.42739],[106.63748,17.43604],[106.63688,17.44304],[106.63714,17.45135],[106.63553,17.45533],[106.63408,17.45889],[106.63082,17.46448],[106.62721,17.47139],[106.62707,17.47174],[106.62663,17.47334],[106.62687,17.47821],[106.62971,17.485]],[[106.6257,17.37243],[106.6264,17.37474],[106.62798,17.37802],[106.62951,17.38152],[106.63139,17.38519],[106.63445,17.39313]],[[106.64143,17.3986],[106.64287,17.40186],[106.64454,17.405],[106.64706,17.41017],[106.64941,17.41451]]]},"properties":{"kind":"river","class":"river","name":"Sông Nhật Lệ"}},{"type":"Feature","geometry":{"type":"MultiLineString","coordinates":[[[106.59419,17.42863],[106.59372,17.42974],[106.59372,17.43122],[106.59498,17.43328],[106.59474,17.43444],[106.59339,17.43435],[106.59197,17.4338],[106.59144,17.43455],[106.5921,17.43501],[106.59221,17.43573],[106.59024,17.43624],[106.58976,17.43657]],[[107.14547,16.69497],[107.14588,16.69637],[107.1465,16.69729],[107.14742,16.6979],[107.14961,16.6983],[107.15023,16.69831],[107.1532,16.6974],[107.15441,16.69727],[107.16643,16.69831],[107.16797,16.69882],[107.1693,16.69964],[107.17346,16.70331],[107.17391,16.70403],[107.17492,16.70886],[107.1746,16.71028],[107.17462,16.71106],[107.17499,16.71188],[107.17649,16.71422],[107.17979,16.7195],[107.18269,16.72335],[107.18471,16.72678],[107.18594,16.72904],[107.18601,16.73068],[107.19074,16.73691],[107.19179,16.73837],[107.19198,16.74188],[107.20164,16.75979],[107.204,16.76411],[107.20549,16.76557],[107.20583,16.76588],[107.20615,16.76617],[107.20815,16.76797],[107.22617,16.77438],[107.22725,16.77499],[107.23132,16.77953],[107.23678,16.78157],[107.24302,16.78823],[107.24504,16.79041],[107.25146,16.78713]],[[107.16362,16.83456],[107.16211,16.83188],[107.16084,16.83108],[107.15979,16.82962],[107.15679,16.82845],[107.1523,16.83063],[107.14693,16.83434],[107.14461,16.83528],[107.14289,16.83544],[107.14082,16.8361],[107.13779,16.83695],[107.13561,16.83649],[107.13279,16.83708],[107.13266,16.83739],[107.13276,16.83936],[107.13064,16.84335],[107.12927,16.84571],[107.1293,16.84772],[107.13382,16.85358],[107.13519,16.85353],[107.13738,16.85428]],[[107.13688,16.89544],[107.13663,16.89508],[107.13318,16.89276],[107.13473,16.88921],[107.13084,16.88182],[107.13075,16.87565],[107.13095,16.87216],[107.12958,16.86859],[107.12956,16.86852],[107.12799,16.86427]],[[107.14539,16.69438],[107.14529,16.69367],[107.14472,16.69306]],[[107.07297,16.83045],[107.07702,16.83092]],[[106.42419,17.7459],[106.4239,17.74755],[106.42395,17.74842],[106.42443,17.74957],[106.42515,17.75077],[106.42579,17.75145],[106.42671,17.75158],[106.42826,17.75131],[106.42862,17.75168],[106.43016,17.75205],[106.43104,17.75257],[106.43113,17.75336],[106.43062,17.75576],[106.43035,17.75792],[106.43005,17.75938],[106.43031,17.76013],[106.43274,17.75971],[106.43432,17.75958],[106.43509,17.75901],[106.43608,17.75973],[106.43652,17.76043],[106.43927,17.76186],[106.43963,17.76283],[106.44052,17.76409],[106.44079,17.76503],[106.44025,17.76734],[106.44001,17.76908],[106.43974,17.77265],[106.43953,17.7739],[106.43911,17.77468]],[[106.41991,17.74632],[106.42046,17.74856],[106.42046,17.74948],[106.41982,17.75046],[106.41804,17.75156],[106.41711,17.75234],[106.41653,17.75321],[106.41626,17.75417],[106.41632,17.75504],[106.41685,17.75718],[106.41686,17.75801],[106.41651,17.75906],[106.41592,17.75936],[106.41018,17.76023],[106.40943,17.76059],[106.40585,17.7626],[106.3973,17.76585],[106.3957,17.76893],[106.39379,17.77311],[106.39117,17.77871],[106.38928,17.78124],[106.38564,17.79012],[106.38289,17.79707],[106.38217,17.79762],[106.38014,17.79745],[106.37885,17.79716],[106.37701,17.79766],[106.37612,17.79816],[106.37531,17.79799],[106.37447,17.79879],[106.3737,17.79882],[106.37246,17.79959],[106.37058,17.80274],[106.37455,17.80423],[106.37208,17.81301],[106.37194,17.814],[106.37216,17.81433],[106.37129,17.8166],[106.37147,17.81717],[106.3726,17.81811],[106.37144,17.81909]],[[107.20054,16.80672],[107.19113,16.80314],[107.18521,16.7995]],[[107.08517,16.96978],[107.08415,16.969],[107.07611,16.96746],[107.07273,16.96484],[107.06837,16.96112],[107.06737,16.96041],[107.06294,16.95849],[107.06263,16.95834],[107.0596,16.95704],[107.05842,16.95567],[107.05773,16.95448]],[[107.06236,16.84669],[107.06987,16.84801],[107.07533,16.84888],[107.07586,16.84883]],[[107.06908,16.85244],[107.06987,16.84801]],[[107.19216,16.7412],[107.19395,16.74096],[107.19634,16.73989],[107.19932,16.73636],[107.19987,16.73581],[107.20223,16.73442],[107.20286,16.73403],[107.20581,16.73224],[107.20679,16.73173]],[[107.25852,16.77482],[107.25767,16.77509],[107.25657,16.77597],[107.25476,16.7767],[107.24995,16.7774],[107.24673,16.7776],[107.24446,16.77742],[107.2414,16.77639],[107.2407,16.77599],[107.24009,16.7752],[107.23637,16.76825],[107.23479,16.76485],[107.23446,16.76322]],[[107.27865,16.75517],[107.277,16.7556],[107.27695,16.75561],[107.27595,16.75587]],[[107.00386,17.02566],[107.01179,17.02333],[107.01035,17.01903]],[[106.98479,17.01632],[106.98416,17.01675],[106.98357,17.01674],[106.98168,17.01455],[106.9807,17.01396],[106.97858,17.01384],[106.97708,17.01441],[106.97759,17.01348],[106.97915,17.01243],[106.98082,17.01147],[106.98451,17.00962],[106.98693,17.00833],[106.98828,17.0078],[106.99004,17.00885],[106.99055,17.00888],[106.99411,17.00783],[106.99615,17.00856],[106.99831,17.00882],[106.99888,17.00871],[107.00286,17.00613],[107.00305,17.00595],[107.0052,17.00247],[107.00612,17.00223],[107.00857,17.00315],[107.00863,17.00319],[107.01043,17.0044],[107.01322,17.0059]],[[107.16325,16.84895],[107.16829,16.84237],[107.16896,16.84209],[107.17099,16.84233],[107.16811,16.85223]],[[107.15441,16.7892],[107.15373,16.78818],[107.15309,16.78795]],[[107.02089,16.9592],[107.0225,16.9598],[107.024,16.96191],[107.02904,16.96591],[107.02913,16.96605],[107.0291,16.9704],[107.02948,16.97069],[107.03323,16.97098],[107.03785,16.97153],[107.04178,16.97237],[107.0456,16.97334],[107.04624,16.97368],[107.04873,16.97434],[107.05138,16.97602],[107.05481,16.97842],[107.05702,16.97868],[107.05865,16.97948],[107.05911,16.97971],[107.0575,16.98366],[107.0554,16.99083],[107.05459,16.9938],[107.05261,17.00139]],[[107.07847,16.91499],[107.08052,16.91371],[107.0813,16.91296],[107.08339,16.91353],[107.0842,16.91425],[107.0855,16.91715],[107.08798,16.91695],[107.08861,16.92116],[107.08858,16.92174],[107.08751,16.92369],[107.08615,16.92539],[107.08575,16.92627],[107.08466,16.92975]],[[107.29131,16.71769],[107.29471,16.71031],[107.29421,16.70747],[107.29293,16.70609],[107.29015,16.70511],[107.28903,16.7049],[107.28706,16.7042],[107.28046,16.70225],[107.26881,16.70775],[107.26622,16.70949]],[[107.33812,16.72145],[107.33386,16.72344],[107.33197,16.72491],[107.32717,16.72849],[107.31951,16.73415],[107.31175,16.73962],[107.29936,16.7456],[107.29568,16.74903]],[[106.97655,17.10622],[106.97532,17.10716],[106.97444,17.10827],[106.97304,17.10969],[106.97143,17.11099],[106.96996,17.11149],[106.96802,17.1117],[106.96594,17.11078],[106.9639,17.11061],[106.96299,17.11037]],[[106.61908,17.46035],[106.61897,17.46016],[106.61882,17.45977],[106.61878,17.45967],[106.61856,17.45919]],[[106.35833,17.87778],[106.35835,17.87767],[106.35845,17.87706],[106.35863,17.87645],[106.36042,17.87374],[106.36082,17.8733],[106.36235,17.8725],[106.36573,17.87136],[106.36837,17.87075],[106.38068,17.8676],[106.3819,17.8672],[106.38267,17.86633],[106.38364,17.8659],[106.38574,17.8647],[106.38772,17.86397],[106.3915,17.86573],[106.39445,17.86523],[106.40095,17.86584],[106.40393,17.86676],[106.40457,17.86733],[106.40452,17.86828],[106.40493,17.86865],[106.40742,17.86957],[106.40806,17.86968],[106.40982,17.86918],[106.41151,17.86995],[106.4117,17.87019],[106.4121,17.87288],[106.41444,17.87684],[106.41542,17.87744],[106.42005,17.87668],[106.42095,17.87633],[106.42286,17.87453],[106.42377,17.87329],[106.42429,17.87028],[106.4247,17.86969],[106.43149,17.86646],[106.43238,17.86588],[106.4331,17.86494],[106.43331,17.86392],[106.43329,17.86166],[106.43354,17.86113],[106.43549,17.85935],[106.43578,17.85848],[106.43541,17.85751],[106.43303,17.83781],[106.43221,17.81804],[106.43245,17.81749],[106.43268,17.8173],[106.43298,17.81687],[106.43237,17.80769],[106.4326,17.802],[106.43286,17.79739],[106.43486,17.78781],[106.4369,17.78144],[106.43722,17.78063],[106.43996,17.77499],[106.44058,17.77383],[106.4445,17.77041],[106.44475,17.76481],[106.44551,17.76268],[106.45073,17.75186],[106.45086,17.75159],[106.45786,17.73809],[106.46152,17.73265],[106.46241,17.73118],[106.46541,17.72598]],[[106.80118,17.23811],[106.80357,17.24309],[106.80348,17.24354],[106.80339,17.24364],[106.79868,17.24654],[106.7954,17.24831],[106.7906,17.24888],[106.78796,17.25051],[106.77786,17.25674],[106.77684,17.25723],[106.77172,17.25933],[106.76285,17.26347],[106.75933,17.26485],[106.75768,17.26516],[106.75645,17.26469]],[[105.98348,17.78463],[105.9826,17.78368]],[[107.08051,16.89859],[107.08181,16.89878],[107.08442,16.90256],[107.08442,16.90297],[107.08442,16.9034],[107.08638,16.90371],[107.08658,16.90398],[107.08798,16.91695]],[[107.06604,16.85662],[107.06803,16.85754],[107.06919,16.85934],[107.06923,16.85939],[107.06936,16.8596],[107.07194,16.86011],[107.072,16.86012],[107.07342,16.86041],[107.07749,16.86462],[107.07794,16.86523],[107.07797,16.8658],[107.07689,16.86654],[107.07668,16.86798],[107.07667,16.86804],[107.07661,16.86848],[107.07561,16.86934],[107.07554,16.86984],[107.07546,16.87021],[107.07594,16.87245]],[[107.33391,16.67875],[107.33147,16.67994],[107.33081,16.6806],[107.33013,16.68092],[107.32924,16.68199],[107.32309,16.68706],[107.32181,16.69008],[107.32121,16.69095]],[[106.67509,16.59718],[106.67517,16.59757]],[[106.66533,16.57368],[106.66638,16.57383]],[[106.65507,17.28535],[106.65593,17.28616],[106.65605,17.28655],[106.65748,17.28755],[106.66421,17.29115],[106.66788,17.29097],[106.67495,17.29151],[106.68778,17.29276],[106.69116,17.29546],[106.69402,17.29801],[106.69467,17.2992],[106.69624,17.30404],[106.69669,17.30714],[106.69622,17.31276],[106.69651,17.31501],[106.69622,17.31699],[106.69685,17.32099],[106.69934,17.32546],[106.70056,17.32633]],[[106.76745,17.21081],[106.76135,17.21387],[106.75586,17.21568],[106.75066,17.21627],[106.74889,17.21768],[106.74296,17.21272],[106.74254,17.21228],[106.7372,17.20479]],[[106.76297,17.23199],[106.75594,17.22481],[106.74889,17.21768],[106.74574,17.2194],[106.74063,17.22595],[106.73842,17.22987],[106.73543,17.23547],[106.73359,17.24066],[106.73356,17.24076],[106.73353,17.24085],[106.73124,17.24751],[106.73181,17.25101],[106.73191,17.25136],[106.73321,17.25407],[106.73582,17.2586],[106.73771,17.26379],[106.73947,17.26576],[106.74134,17.26636],[106.74156,17.26643]],[[106.82805,17.22486],[106.82651,17.22642],[106.82378,17.2277],[106.82141,17.22613],[106.80847,17.23055],[106.80603,17.23069],[106.80612,17.23147],[106.8084,17.23465],[106.81154,17.23793],[106.80984,17.2398],[106.80914,17.24012],[106.8059,17.24282],[106.80469,17.24446],[106.80424,17.24436],[106.80348,17.24354]],[[106.73627,17.2474],[106.73511,17.24859],[106.73682,17.25226],[106.7376,17.2535],[106.73746,17.25433],[106.73582,17.2586]],[[106.48442,17.94611],[106.48484,17.94639],[106.48494,17.94635],[106.48582,17.94573],[106.48784,17.94559],[106.49359,17.94434],[106.49396,17.94441],[106.49407,17.94443],[106.49609,17.94473],[106.50104,17.94209]],[[106.4414,17.85722],[106.44216,17.85544],[106.44222,17.85461],[106.4417,17.8534],[106.44102,17.85388],[106.44049,17.85379],[106.43983,17.85262],[106.43909,17.85244],[106.43847,17.85171],[106.43755,17.85123],[106.43777,17.85047],[106.4388,17.84865],[106.43886,17.8472],[106.43768,17.8462],[106.43679,17.84491],[106.43655,17.84409],[106.43586,17.84272],[106.4347,17.84183],[106.43382,17.83961],[106.43387,17.83919],[106.43472,17.83855],[106.43565,17.83894],[106.4361,17.8388],[106.4364,17.83763],[106.43643,17.83752],[106.43683,17.83668],[106.43804,17.83616],[106.43812,17.83579],[106.43716,17.83435],[106.43701,17.83364],[106.4375,17.83283],[106.43764,17.83206],[106.43776,17.82974],[106.43661,17.82914],[106.43601,17.82825],[106.43544,17.82648],[106.43547,17.82595],[106.43596,17.82542],[106.43589,17.8238],[106.4364,17.82261],[106.43619,17.82146],[106.43518,17.82077],[106.43456,17.81916],[106.43452,17.81905],[106.4344,17.81698],[106.43475,17.81586],[106.43466,17.81492],[106.43433,17.81441],[106.43447,17.81345],[106.43568,17.81223],[106.43655,17.8091],[106.43673,17.80711],[106.43706,17.80623],[106.43899,17.80585],[106.43946,17.80538],[106.43961,17.80451],[106.43934,17.804],[106.43901,17.80251],[106.43981,17.79999],[106.43884,17.79887],[106.43817,17.79697],[106.43822,17.79591],[106.4382,17.79581],[106.43757,17.7935],[106.43755,17.7934],[106.43743,17.79279],[106.43716,17.78948],[106.43717,17.78937],[106.43741,17.7864],[106.43742,17.7863],[106.43761,17.78437],[106.43761,17.78428],[106.43765,17.78274],[106.43786,17.78155],[106.43788,17.78146],[106.4388,17.77776]],[[106.95231,17.02566],[106.95317,17.02588],[106.95405,17.02612],[106.95571,17.02661],[106.95638,17.02665],[106.95799,17.02639],[106.96096,17.02532],[106.96287,17.02575],[106.96389,17.0255],[106.96419,17.02519],[106.96455,17.024],[106.9652,17.02361],[106.96731,17.02316],[106.96903,17.02322],[106.9702,17.02296],[106.97201,17.02137],[106.97288,17.01775],[106.97326,17.01724],[106.9756,17.01687],[106.97601,17.01653],[106.97632,17.01566],[106.97708,17.01441]],[[106.5147,17.61087],[106.51525,17.61031],[106.51902,17.60859],[106.51905,17.6082]],[[106.50135,17.62876],[106.50554,17.61941],[106.51067,17.62122],[106.51127,17.62177],[106.51131,17.62174],[106.51254,17.62228]],[[106.62356,17.28097],[106.62268,17.28069]],[[106.63553,17.45533],[106.62716,17.45169],[106.62809,17.44897],[106.62755,17.44826],[106.62522,17.44787]],[[106.29768,17.93888],[106.29791,17.93979],[106.29811,17.94062]],[[106.30002,17.9397],[106.30014,17.94007]],[[106.47632,17.94853],[106.47566,17.94968]],[[106.62531,17.45376],[106.62659,17.45298],[106.62716,17.45169]],[[106.74504,17.25187],[106.74485,17.25346],[106.74502,17.25747],[106.74498,17.25826],[106.74456,17.25936],[106.74404,17.26013],[106.74317,17.26183],[106.74197,17.26444],[106.74134,17.26636],[106.74062,17.26831],[106.74042,17.26932],[106.74012,17.27126],[106.7396,17.27212],[106.73978,17.27301],[106.739,17.27527],[106.73879,17.27658],[106.73813,17.27879],[106.73758,17.28023]],[[106.73167,17.25144],[106.73176,17.25141],[106.73191,17.25136]],[[106.73435,17.27369],[106.73434,17.27363],[106.73433,17.27354]],[[106.73847,17.26841],[106.74042,17.26932]],[[106.73506,17.26521],[106.73651,17.26437],[106.73771,17.26379]],[[106.7565,17.26221],[106.75777,17.26123],[106.75962,17.26024],[106.76122,17.25954],[106.76412,17.2565],[106.76892,17.25175],[106.77614,17.24879],[106.77693,17.24822],[106.77809,17.24768],[106.78006,17.24793],[106.78165,17.2473],[106.78201,17.24694],[106.78268,17.24265],[106.78333,17.24147],[106.78472,17.24082],[106.78711,17.23939],[106.78794,17.23877],[106.79055,17.2376],[106.79232,17.23667],[106.79371,17.23608],[106.79578,17.23575]],[[106.62459,17.47102],[106.62707,17.47174]],[[106.37344,17.61221],[106.37234,17.6117],[106.37163,17.61167],[106.37152,17.61167],[106.37062,17.61156]],[[106.95161,17.02822],[106.95168,17.02822],[106.95236,17.02822],[106.95286,17.0279],[106.95312,17.02671],[106.95405,17.02612]],[[106.40652,17.78816],[106.40634,17.78904],[106.40577,17.78979],[106.40561,17.7904],[106.40568,17.79175],[106.40645,17.79297],[106.40633,17.79334]],[[106.41327,17.79805],[106.41514,17.7981],[106.41575,17.79751],[106.417,17.79332],[106.41703,17.79322],[106.41723,17.79253]],[[107.29491,16.79745],[107.29383,16.79694]],[[107.01213,16.82846],[107.01315,16.82843],[107.01377,16.82835],[107.01632,16.828],[107.01825,16.82823],[107.02476,16.82887],[107.03028,16.82945],[107.036,16.83211],[107.04544,16.83462],[107.04547,16.83462],[107.04618,16.83481],[107.05045,16.83647],[107.05409,16.83765],[107.05552,16.83446],[107.0563,16.83295],[107.05636,16.83281],[107.05815,16.82884],[107.05974,16.82548],[107.06103,16.82392],[107.06088,16.82323],[107.05982,16.8232],[107.0593,16.82363],[107.05871,16.82303],[107.05719,16.8222],[107.05644,16.82147],[107.05328,16.82179],[107.05202,16.82206],[107.05087,16.82204],[107.05003,16.82531]],[[107.04397,16.79698],[107.04357,16.79737],[107.04361,16.79844],[107.04264,16.79838],[107.04221,16.79884],[107.0421,16.79987],[107.0417,16.80072],[107.04175,16.80256],[107.04261,16.8032],[107.04282,16.80386],[107.04272,16.80463],[107.04328,16.8048],[107.04334,16.80581],[107.04526,16.80658]],[[107.03658,16.80736],[107.03734,16.80771],[107.03773,16.80757],[107.03831,16.80819],[107.03985,16.80848],[107.04025,16.80751],[107.04179,16.80594],[107.04334,16.80581]],[[107.07635,16.82183],[107.07573,16.8226],[107.07463,16.82261],[107.07425,16.82299],[107.07427,16.82384],[107.07368,16.82411],[107.07405,16.82481],[107.07338,16.82531],[107.0738,16.82579],[107.07346,16.82617],[107.0721,16.8254],[107.07171,16.82574],[107.07121,16.82501],[107.07028,16.82496],[107.07029,16.82401],[107.06922,16.82349],[107.06891,16.82308],[107.06778,16.8232],[107.06674,16.82354],[107.06583,16.82335],[107.0648,16.82356],[107.06353,16.82312],[107.06192,16.82275],[107.06098,16.82289],[107.06088,16.82323]],[[106.52274,17.59355],[106.52377,17.59201],[106.52402,17.59065],[106.5256,17.58916],[106.5256,17.58857],[106.5246,17.58424],[106.52591,17.58312],[106.52746,17.58263],[106.52839,17.58197],[106.53066,17.57905],[106.53008,17.57854],[106.52976,17.57916],[106.52925,17.57928],[106.5285,17.57877],[106.52753,17.57704],[106.5277,17.57567],[106.5282,17.57478],[106.52926,17.57356],[106.52995,17.57168],[106.53,17.57056],[106.53331,17.56941],[106.5338,17.56893],[106.53365,17.56839],[106.5328,17.5676],[106.53262,17.56608],[106.53281,17.56507],[106.53191,17.56465],[106.53021,17.56515],[106.52951,17.56495],[106.52779,17.56401]],[[107.19713,16.76521],[107.19668,16.76569],[107.19599,16.7659],[107.19499,16.76731],[107.19192,16.77266],[107.18968,16.77463],[107.18479,16.78061],[107.17938,16.78712],[107.17865,16.79653],[107.1784,16.79939],[107.18106,16.80884],[107.17844,16.80988],[107.17677,16.81017],[107.16812,16.8133],[107.16793,16.81354],[107.167,16.81726],[107.15679,16.82845]],[[107.24504,16.79041],[107.24317,16.79277],[107.23686,16.79828],[107.23562,16.79928],[107.23286,16.8017],[107.2285,16.80707],[107.22362,16.8132],[107.21951,16.81825],[107.21562,16.82313],[107.20931,16.83158],[107.20845,16.83224],[107.2,16.83487],[107.19375,16.83685],[107.19269,16.83765],[107.18497,16.84365],[107.18416,16.84388],[107.17099,16.84233]],[[106.69125,17.29537],[106.7099,17.27588],[106.71459,17.27052],[106.71465,17.27045],[106.718,17.26663],[106.72593,17.26378],[106.72883,17.25745],[106.72893,17.25406],[106.72997,17.25188],[106.73181,17.25101],[106.73356,17.25018],[106.73511,17.24859]],[[106.69119,17.29543],[106.69125,17.29537]],[[106.69116,17.29546],[106.69119,17.29543]],[[106.78165,17.2473],[106.78271,17.24732],[106.78454,17.24779],[106.78567,17.24825],[106.78629,17.24873],[106.78727,17.25002],[106.78796,17.25051]],[[107.19798,16.76391],[107.19713,16.76521]],[[107.20164,16.75979],[107.19962,16.76323],[107.19846,16.76348],[107.19798,16.76391]]]},"properties":{"kind":"river","class":"canal","name":null}},{"type":"Feature","geometry":{"type":"LineString","coordinates":[[106.58281,17.42978],[106.5832,17.42936],[106.58532,17.42855],[106.58593,17.42887],[106.58651,17.43125],[106.58763,17.43167],[106.58824,17.43163],[106.58955,17.43069],[106.59013,17.43002],[106.59064,17.42876],[106.59144,17.42844],[106.59419,17.42863],[106.59487,17.42855],[106.59578,17.42772],[106.59634,17.42634],[106.59646,17.4253],[106.59699,17.42464],[106.59802,17.42463],[106.59913,17.42507],[106.6023,17.4255],[106.60658,17.42564],[106.60772,17.42528],[106.61018,17.42395],[106.6112,17.4236],[106.61253,17.42338],[106.61741,17.42507],[106.61888,17.42536],[106.62035,17.42541],[106.6219,17.42563],[106.62372,17.42692],[106.62437,17.42757],[106.62459,17.42826],[106.62444,17.4293],[106.62365,17.43125],[106.62365,17.43241],[106.62397,17.43334],[106.62473,17.43385],[106.62749,17.43474],[106.62784,17.43527],[106.62792,17.43628],[106.62711,17.438],[106.62619,17.44039],[106.62522,17.44787],[106.62495,17.45177],[106.62531,17.45376],[106.62607,17.45646],[106.62661,17.45906],[106.62855,17.46228],[106.63082,17.46448]]},"properties":{"kind":"river","class":"river","name":"Sông Lệ Kỳ"}},{"type":"Feature","geometry":{"type":"LineString","coordinates":[[106.62035,17.42541],[106.6194,17.42557],[106.61897,17.42615],[106.61879,17.42691],[106.61802,17.42778],[106.61698,17.42772],[106.61511,17.42704],[106.61448,17.4271],[106.61369,17.42673],[106.61281,17.42701],[106.61134,17.42918],[106.61055,17.43017],[106.60962,17.43078],[106.60713,17.43169],[106.60675,17.43263],[106.60703,17.43293],[106.60804,17.43318],[106.60846,17.43368],[106.60839,17.43516],[106.60856,17.43624],[106.60834,17.43676],[106.60652,17.4375],[106.60493,17.44105],[106.60352,17.44201],[106.60311,17.44255],[106.60325,17.44435],[106.60291,17.44527],[106.60241,17.44551],[106.60158,17.44524],[106.60101,17.44594],[106.60092,17.44688],[106.60052,17.44751],[106.59941,17.44771],[106.59801,17.44854],[106.59733,17.4497],[106.59703,17.44983],[106.59539,17.44944],[106.59455,17.44963],[106.59365,17.44951],[106.59226,17.44979],[106.59103,17.44842],[106.59069,17.44888],[106.59072,17.45005],[106.59011,17.45023],[106.58974,17.44971],[106.58918,17.44978],[106.5883,17.45114],[106.58769,17.4516],[106.58688,17.45162],[106.58525,17.45124],[106.58464,17.45137],[106.58359,17.45119],[106.58323,17.45071],[106.58265,17.451],[106.5827,17.45181],[106.5832,17.45229],[106.58317,17.45297],[106.58209,17.45404],[106.58108,17.45579],[106.58029,17.45649],[106.57943,17.4567],[106.57855,17.45663],[106.57653,17.45688],[106.57556,17.45745],[106.5758,17.4585],[106.57615,17.45901],[106.57735,17.46009],[106.57763,17.46103],[106.57654,17.46125],[106.5749,17.46257],[106.57416,17.46294],[106.5731,17.46395],[106.57096,17.46403],[106.56985,17.46605],[106.56898,17.46625],[106.56853,17.46678],[106.56887,17.46746],[106.56893,17.46844],[106.56818,17.46871],[106.56716,17.46861],[106.56601,17.46796],[106.56547,17.46865],[106.56566,17.47006],[106.56536,17.47132],[106.56465,17.47118],[106.56298,17.47013],[106.56248,17.46928],[106.56259,17.46862],[106.5619,17.46817],[106.56102,17.4687],[106.56009,17.46823],[106.56008,17.46674],[106.55867,17.46644],[106.55753,17.46552],[106.55723,17.46601],[106.55616,17.4661],[106.55526,17.46573],[106.55354,17.46572],[106.55218,17.46507],[106.55198,17.46497],[106.55195,17.46496]]},"properties":{"kind":"river","class":"river","name":"Sông Phú Vinh"}},{"type":"Feature","geometry":{"type":"MultiLineString","coordinates":[[[106.95542,16.57532],[106.95516,16.57333],[106.95474,16.57215],[106.95431,16.5717],[106.95356,16.57162],[106.95164,16.57197],[106.95062,16.57116],[106.95083,16.56927],[106.95135,16.56809],[106.95233,16.56637],[106.95382,16.56518],[106.9541,16.56479],[106.95429,16.56341],[106.95378,16.56168],[106.95504,16.55623],[106.95507,16.5552],[106.95535,16.55451],[106.95698,16.55312],[106.95794,16.55214],[106.95871,16.55048],[106.95856,16.54856],[106.95875,16.54779],[106.96013,16.54608],[106.96115,16.54439],[106.96148,16.54318],[106.96118,16.5407],[106.96053,16.53894],[106.96054,16.5376],[106.95997,16.53632],[106.96018,16.53513],[106.95987,16.53428],[106.9603,16.53336],[106.96188,16.53113],[106.96257,16.53046],[106.96328,16.53029],[106.96557,16.53056],[106.9666,16.5302],[106.96744,16.5296],[106.96857,16.52913],[106.96937,16.52853],[106.96957,16.52776],[106.9692,16.52684],[106.9683,16.526],[106.9658,16.52421],[106.96453,16.52367],[106.96275,16.52263],[106.96194,16.52141],[106.95998,16.51763],[106.96022,16.51436],[106.96049,16.51366],[106.96128,16.51258],[106.96246,16.51131],[106.96433,16.51008],[106.96759,16.50762],[106.96919,16.50604],[106.96994,16.50582],[106.97108,16.50686],[106.97211,16.50856],[106.97283,16.51113],[106.97367,16.51347],[106.97584,16.51631],[106.97682,16.51691],[106.97905,16.51764],[106.98059,16.51801],[106.98183,16.51853],[106.98554,16.5195],[106.98668,16.5194],[106.98749,16.51844],[106.98735,16.51768],[106.98632,16.5157],[106.98634,16.51468],[106.98692,16.51328],[106.98547,16.51001],[106.98354,16.50722],[106.98285,16.50584],[106.98121,16.50355],[106.9802,16.50261],[106.9791,16.50226],[106.97843,16.50174],[106.97789,16.50023],[106.9784,16.49875],[106.97839,16.49781],[106.97776,16.49645],[106.97695,16.49559],[106.97451,16.49545],[106.97233,16.49498],[106.97149,16.49447],[106.97124,16.49377],[106.97109,16.49218],[106.97213,16.4887],[106.97227,16.48785],[106.97209,16.48712],[106.97228,16.48632],[106.97311,16.4855],[106.97497,16.4842],[106.97692,16.48232],[106.9779,16.48185],[106.97897,16.48169],[106.98051,16.48106],[106.98332,16.4797],[106.98475,16.47923],[106.98504,16.47882],[106.98623,16.47514],[106.98673,16.47426],[106.98853,16.47214],[106.98885,16.47164],[106.98869,16.47032],[106.98826,16.46901],[106.98822,16.4684],[106.98857,16.46689],[106.98917,16.46557],[106.99077,16.4635],[106.99198,16.46233],[106.99238,16.46122],[106.99347,16.45947],[106.9937,16.45784],[106.99289,16.45645],[106.99206,16.45603],[106.99004,16.45626],[106.98904,16.45678],[106.98682,16.45916],[106.98538,16.46022],[106.98423,16.46048],[106.98308,16.46035],[106.9816,16.4598],[106.98085,16.45911],[106.9797,16.45755],[106.9791,16.45596],[106.9794,16.45439],[106.98095,16.45156],[106.98165,16.44992],[106.98217,16.44947],[106.98289,16.44768],[106.98286,16.44704],[106.9823,16.44616],[106.98169,16.44593],[106.97941,16.44582],[106.97841,16.44564],[106.9769,16.44411],[106.97731,16.44291],[106.97942,16.44187],[106.98053,16.44096],[106.98189,16.43893],[106.98227,16.43786],[106.98278,16.43446],[106.98273,16.43352],[106.98095,16.43218],[106.98057,16.43151],[106.9801,16.42891],[106.98003,16.42771],[106.98048,16.42661],[106.98169,16.42647],[106.98293,16.42685],[106.9841,16.42688],[106.98541,16.42665],[106.9861,16.42622],[106.98642,16.42489],[106.98579,16.42268],[106.98542,16.41933],[106.98564,16.41813],[106.98692,16.41569],[106.99043,16.4144],[106.9925,16.41243],[106.99218,16.41067],[106.99131,16.40875],[106.9902,16.40558],[106.99007,16.40482],[106.99096,16.40083],[106.99089,16.39924],[106.9903,16.39851],[106.98912,16.39783],[106.98803,16.39698],[106.98743,16.3968],[106.98429,16.39671],[106.98273,16.39614],[106.98125,16.39466],[106.98061,16.39427],[106.98079,16.39246],[106.98103,16.39221],[106.98136,16.39202],[106.98281,16.39163],[106.98361,16.39134],[106.98575,16.39136],[106.99035,16.39095],[106.99108,16.39059],[106.99162,16.38999],[106.99274,16.38957],[106.99679,16.38857],[106.99732,16.38822],[106.99771,16.38791],[106.99818,16.38728],[106.99908,16.38577],[106.99993,16.38376],[107.00028,16.38133],[107.00005,16.38011],[106.9993,16.37886],[106.99926,16.3774],[106.99966,16.37669],[107.00027,16.37558],[107.00076,16.3748],[107.00255,16.37285],[107.00338,16.37185],[107.00354,16.37172],[107.00392,16.37152],[107.00423,16.37143],[107.00446,16.37133],[107.00526,16.37116],[107.00749,16.37179],[107.01068,16.37253],[107.01128,16.37341],[107.01203,16.37379],[107.01269,16.37374],[107.01327,16.37341],[107.015,16.37243],[107.0155,16.37203],[107.0163,16.37116],[107.01638,16.3705],[107.01638,16.36962],[107.01634,16.36778],[107.01656,16.3662],[107.01645,16.36496],[107.01609,16.36423],[107.01548,16.36299],[107.01454,16.36252],[107.01402,16.3615],[107.01399,16.36093],[107.0152,16.36072],[107.01647,16.36094],[107.01838,16.36215],[107.01949,16.36291],[107.02107,16.3634],[107.02194,16.3641],[107.02363,16.36508],[107.02449,16.36563],[107.02686,16.36748],[107.02807,16.36795],[107.02943,16.36899],[107.02978,16.37],[107.03059,16.37039],[107.03223,16.37016],[107.03275,16.36981],[107.03395,16.37068],[107.03403,16.37106],[107.03494,16.37148],[107.03659,16.37143],[107.03707,16.37122],[107.03844,16.36992],[107.03948,16.36968],[107.03999,16.37063]],[[107.07844,16.40081],[107.07886,16.40204],[107.08009,16.4034],[107.08115,16.40379],[107.08274,16.40333],[107.0848,16.40397],[107.08488,16.40488],[107.08545,16.40568],[107.0859,16.40592],[107.087,16.40559],[107.08769,16.40567],[107.08803,16.40614],[107.08799,16.40763],[107.08872,16.40794],[107.09012,16.408],[107.0907,16.40852],[107.08961,16.41002],[107.08998,16.41071],[107.0907,16.41058],[107.09131,16.40963],[107.09187,16.40914],[107.09331,16.40905],[107.0944,16.41016],[107.09475,16.4102],[107.09584,16.40915],[107.09641,16.40914],[107.09766,16.4096],[107.09975,16.40953],[107.10057,16.41026],[107.10052,16.41201],[107.09989,16.41247],[107.09862,16.41204],[107.09795,16.41213],[107.09774,16.41309],[107.09851,16.41367],[107.1015,16.41352],[107.10281,16.4132],[107.1043,16.41339],[107.10445,16.41379],[107.10394,16.41721],[107.10469,16.41748],[107.1051,16.41827],[107.10513,16.41921],[107.10466,16.42034],[107.10484,16.4213],[107.10529,16.42171],[107.10608,16.42178],[107.10673,16.42144],[107.10869,16.42161],[107.10959,16.42143],[107.11093,16.42079],[107.11167,16.41936],[107.11263,16.41921],[107.11384,16.41929],[107.11453,16.41953],[107.11526,16.42036],[107.11571,16.42029],[107.11589,16.41961],[107.11563,16.41841],[107.116,16.41793],[107.11689,16.41793],[107.11796,16.41851],[107.1182,16.41972],[107.11912,16.41961],[107.11963,16.4199],[107.12009,16.42065],[107.11989,16.42118],[107.12051,16.42204],[107.12151,16.42177],[107.12231,16.42204],[107.12292,16.42067],[107.12407,16.42075],[107.12494,16.4206],[107.12585,16.41927],[107.12645,16.41939],[107.12726,16.42009],[107.12758,16.42257],[107.12813,16.42299],[107.12916,16.42308],[107.12912,16.42389],[107.1297,16.42414],[107.12989,16.42465],[107.13086,16.425]],[[107.05338,16.38144],[107.05431,16.38161],[107.05613,16.38359],[107.05708,16.38423],[107.05826,16.38457]],[[107.04412,16.37745],[107.04502,16.38001],[107.04562,16.38064],[107.04613,16.38079]],[[107.04085,16.37333],[107.04105,16.37367],[107.04291,16.37546],[107.04383,16.37677]],[[107.04005,16.37152],[107.04005,16.37168]]]},"properties":{"kind":"river","class":"river","name":"Sông Đa Krông"}},{"type":"Feature","geometry":{"type":"LineString","coordinates":[[106.19247,17.34362],[106.19575,17.3398],[106.19661,17.33999],[106.19769,17.33828],[106.20057,17.33829],[106.20222,17.33883],[106.20269,17.33841],[106.20316,17.33497],[106.20258,17.33478],[106.20273,17.33392],[106.20489,17.33111],[106.2057,17.32836],[106.2066,17.32664],[106.20827,17.32483],[106.20844,17.32396],[106.20814,17.32314],[106.20844,17.32244],[106.21226,17.32215],[106.21411,17.32137],[106.21471,17.32066],[106.21561,17.32021],[106.216,17.31972],[106.2157,17.31893],[106.21149,17.3177],[106.21141,17.31712],[106.21261,17.31551],[106.21304,17.31461],[106.21415,17.31304],[106.21428,17.31209],[106.21535,17.31073],[106.21613,17.31085],[106.21913,17.31238],[106.22106,17.31382],[106.22128,17.31498],[106.22171,17.31555],[106.22188,17.31695],[106.22252,17.31794],[106.22346,17.31906],[106.22432,17.31976],[106.2251,17.32],[106.22664,17.31968],[106.22698,17.31922],[106.2278,17.31935],[106.22857,17.31815],[106.22964,17.317],[106.2302,17.31382],[106.23042,17.31324],[106.2311,17.31296],[106.23183,17.31308],[106.23209,17.31374],[106.23192,17.31493],[106.23222,17.31526],[106.23445,17.3151],[106.23552,17.31531],[106.23801,17.31757],[106.23943,17.31794],[106.24157,17.31778],[106.24239,17.31535],[106.24312,17.31477],[106.24402,17.31461],[106.24505,17.31498],[106.2463,17.31568],[106.24874,17.3158],[106.25037,17.31485],[106.25157,17.31481],[106.25303,17.31502],[106.25449,17.31551],[106.25565,17.31555],[106.25685,17.3144],[106.2578,17.31403],[106.25904,17.31436],[106.2608,17.3151],[106.26144,17.31588],[106.26187,17.31675],[106.26312,17.31687],[106.26406,17.3165],[106.26402,17.31526],[106.26462,17.3151],[106.26586,17.31531],[106.26711,17.31584],[106.26823,17.31667],[106.27084,17.31675],[106.27187,17.317],[106.27277,17.31782]]},"properties":{"kind":"river","class":"river","name":"Co Roong"}},{"type":"Feature","geometry":{"type":"LineString","coordinates":[[106.16976,17.76429],[106.1702,17.76442],[106.17334,17.76616],[106.17437,17.76607],[106.17544,17.76518],[106.17638,17.76555],[106.17686,17.76628],[106.17846,17.76768],[106.17969,17.7682],[106.18082,17.76818],[106.18169,17.7672],[106.18254,17.76694],[106.18442,17.76678],[106.1848,17.76689],[106.18546,17.76872],[106.18549,17.76946],[106.18616,17.76989],[106.19349,17.76828],[106.19411,17.76752],[106.19439,17.76622],[106.19358,17.76432],[106.19217,17.76423],[106.19153,17.76393],[106.19126,17.76328],[106.1915,17.76222],[106.19203,17.76156],[106.19371,17.76109],[106.19453,17.76145],[106.19519,17.76201],[106.19574,17.76415],[106.19637,17.7655],[106.19708,17.76655],[106.19973,17.7673],[106.20239,17.7678],[106.2049,17.76787],[106.20725,17.76732],[106.20954,17.7651],[106.21126,17.76433],[106.21194,17.76318],[106.21115,17.7602],[106.21154,17.7592],[106.21222,17.7589],[106.21611,17.75868],[106.22016,17.75523],[106.22096,17.75525],[106.22604,17.75721],[106.22735,17.75686],[106.22909,17.75442],[106.23025,17.75363],[106.2331,17.75234],[106.23355,17.75177],[106.23357,17.7499],[106.2338,17.74925],[106.23433,17.74875],[106.24003,17.74803],[106.24505,17.74588],[106.24635,17.7443],[106.24844,17.74329],[106.25179,17.74081],[106.25258,17.74046],[106.25496,17.73833],[106.25677,17.73742],[106.25791,17.73721],[106.26121,17.73599],[106.26401,17.73412],[106.26528,17.73377],[106.26583,17.73345],[106.2664,17.73363],[106.26927,17.73349],[106.26957,17.73274],[106.26887,17.73204],[106.26844,17.73125],[106.26854,17.73043],[106.2699,17.72924],[106.27049,17.72746],[106.27083,17.7256],[106.27158,17.72513],[106.2721,17.72526],[106.27339,17.72606],[106.27481,17.72668],[106.27563,17.72665],[106.27697,17.72584],[106.27849,17.72445],[106.27931,17.72195],[106.28029,17.72173],[106.28215,17.72226],[106.28333,17.72213],[106.28478,17.72119],[106.28658,17.72117],[106.28992,17.72286],[106.29088,17.7227],[106.2915,17.72212],[106.29224,17.7206],[106.29305,17.72005],[106.29504,17.71936],[106.29663,17.71961],[106.29793,17.72088],[106.30131,17.72154],[106.30415,17.72281],[106.30518,17.72427],[106.30561,17.72717],[106.30654,17.72775],[106.31043,17.72731],[106.31918,17.72755],[106.32283,17.72669],[106.32565,17.72662],[106.32735,17.72558],[106.33007,17.72274],[106.33126,17.72213],[106.3374,17.71978],[106.3436,17.71578],[106.34562,17.71494],[106.34883,17.71527],[106.35262,17.71727],[106.3555,17.7177],[106.35851,17.71699],[106.36046,17.71542],[106.36336,17.71181],[106.36576,17.71065],[106.37003,17.71006],[106.37494,17.70771],[106.37588,17.70771],[106.37686,17.70795],[106.38075,17.71112],[106.38636,17.71432],[106.3889,17.72065],[106.39168,17.72307],[106.40091,17.72646],[106.41382,17.72885],[106.41844,17.72735]]},"properties":{"kind":"river","class":"river","name":"Sông Rào Nan"}},{"type":"Feature","geometry":{"type":"LineString","coordinates":[[106.21913,17.28369],[106.21797,17.28447],[106.21814,17.28509],[106.2193,17.28748],[106.21922,17.28822],[106.21883,17.2888],[106.21814,17.2888],[106.21776,17.2883],[106.21763,17.28719],[106.21657,17.28635],[106.21668,17.285],[106.21637,17.28467],[106.21561,17.28546],[106.2148,17.28591],[106.21384,17.28564],[106.21305,17.28475],[106.21265,17.28462],[106.21225,17.28583],[106.21145,17.28591],[106.21059,17.28628],[106.21042,17.28686],[106.21194,17.29036],[106.21289,17.2923],[106.21308,17.293],[106.21152,17.29372],[106.21074,17.29322],[106.21041,17.29225],[106.21062,17.29053],[106.2104,17.29005],[106.20965,17.29017],[106.20901,17.2908],[106.20802,17.29245],[106.20771,17.29375],[106.20644,17.29435],[106.20504,17.29357],[106.20477,17.29297],[106.20565,17.29229],[106.20594,17.2912],[106.2056,17.29083],[106.2045,17.29107],[106.20316,17.29188],[106.20265,17.29188],[106.20207,17.29121],[106.20179,17.29001],[106.20025,17.28941],[106.19917,17.28964],[106.19793,17.28899],[106.19715,17.28948],[106.1968,17.29014],[106.19654,17.29143],[106.19432,17.29282],[106.19433,17.29324],[106.19541,17.29399],[106.19556,17.29474],[106.19753,17.29454],[106.19793,17.29487],[106.19798,17.2957],[106.19887,17.29715],[106.19845,17.2979],[106.19605,17.29646],[106.19492,17.29566],[106.19402,17.2961],[106.19367,17.29695],[106.19319,17.29725],[106.1924,17.2971],[106.19161,17.29609],[106.19165,17.29522],[106.19124,17.29478],[106.1897,17.29462],[106.18932,17.29513],[106.18658,17.29646],[106.1855,17.29755],[106.18494,17.29866],[106.184,17.29941],[106.18382,17.29993],[106.18274,17.30104],[106.18244,17.30191],[106.18064,17.30327],[106.18051,17.30413],[106.18115,17.30545],[106.18197,17.30628],[106.18192,17.3085],[106.18085,17.31011],[106.18141,17.31077],[106.18257,17.31085],[106.18394,17.31197],[106.18656,17.31324],[106.18724,17.31378],[106.18716,17.31465],[106.18681,17.31514],[106.18583,17.31547],[106.18475,17.31609],[106.18467,17.31691],[106.18518,17.31807],[106.18626,17.31906],[106.18677,17.32038],[106.1863,17.32112],[106.18557,17.32174],[106.18587,17.32264],[106.18527,17.32318],[106.18415,17.32318],[106.18338,17.32351],[106.18312,17.32442],[106.18197,17.3254],[106.18099,17.3267],[106.18074,17.32746],[106.18111,17.32917],[106.18149,17.32971],[106.18303,17.33001],[106.18357,17.32935],[106.18332,17.32877],[106.18242,17.32851],[106.18238,17.32793],[106.18481,17.3277],[106.1854,17.32813],[106.18614,17.32828],[106.18672,17.32808],[106.18686,17.32665],[106.18765,17.32596],[106.18872,17.32736],[106.18971,17.32831],[106.19021,17.32913],[106.19061,17.32891],[106.19135,17.32911],[106.19222,17.32982],[106.19218,17.3303],[106.19142,17.33097],[106.18956,17.33147],[106.18841,17.33301],[106.18735,17.3349],[106.18589,17.33576],[106.18564,17.33641],[106.18566,17.33745],[106.18623,17.33846],[106.1873,17.33914],[106.18924,17.33884],[106.18988,17.33965],[106.18937,17.34115],[106.18933,17.34185],[106.18999,17.34256],[106.19247,17.34362],[106.19236,17.34469],[106.192,17.34573],[106.19145,17.34671],[106.19025,17.34802],[106.18992,17.35097],[106.18901,17.35135],[106.18665,17.35128],[106.18443,17.35078],[106.18264,17.35107],[106.18126,17.35301],[106.1807,17.35501],[106.18094,17.3564],[106.18481,17.35841],[106.18581,17.35972],[106.1863,17.3613],[106.18553,17.36321],[106.18603,17.36401],[106.18719,17.36476],[106.18854,17.36449],[106.18916,17.36332],[106.18976,17.36262],[106.19057,17.36291],[106.19108,17.36455],[106.19191,17.36663],[106.19442,17.36874],[106.19668,17.37092],[106.19809,17.37003],[106.19956,17.37198],[106.20175,17.37422],[106.20221,17.37571],[106.19939,17.3824],[106.19248,17.38898],[106.19201,17.39108],[106.19527,17.39403],[106.19592,17.3957],[106.19849,17.3957],[106.20038,17.39996],[106.20197,17.40058],[106.203,17.40582],[106.20501,17.40766],[106.20536,17.41028],[106.20673,17.41142]]},"properties":{"kind":"river","class":"river","name":"Nam A Ki"}},{"type":"Feature","geometry":{"type":"LineString","coordinates":[[106.6683,16.8535],[106.66847,16.85482],[106.66895,16.85545],[106.67029,16.85596],[106.67115,16.85576],[106.67198,16.85508],[106.67273,16.85511],[106.67408,16.85595],[106.67463,16.85595],[106.67597,16.8555],[106.67715,16.85611],[106.6774,16.85694],[106.67807,16.85768],[106.68001,16.85845],[106.6846,16.85541],[106.68673,16.85518],[106.68778,16.85592],[106.68729,16.85699],[106.6877,16.85853],[106.68856,16.85863],[106.6892,16.85723],[106.68977,16.85729],[106.69081,16.85803],[106.69131,16.8576],[106.69124,16.85626],[106.6924,16.85609],[106.69345,16.85731],[106.69426,16.85657],[106.6941,16.85403],[106.69426,16.85309],[106.69464,16.85289],[106.6957,16.85299],[106.69875,16.85241],[106.7003,16.85203],[106.70317,16.85088],[106.70647,16.84943],[106.7113,16.84742],[106.71227,16.84726],[106.71288,16.84752],[106.71342,16.84843],[106.7138,16.84834],[106.71407,16.84738],[106.71446,16.8473],[106.71496,16.84837],[106.71545,16.84866],[106.71641,16.84819],[106.71676,16.84627],[106.71721,16.84571],[106.71827,16.8467],[106.7196,16.8474],[106.72,16.84846],[106.72056,16.84839],[106.72025,16.84707],[106.72042,16.84619],[106.72079,16.84589],[106.7237,16.84667],[106.72411,16.84601],[106.7237,16.84529],[106.72461,16.84341],[106.72618,16.84325],[106.72719,16.84376],[106.72793,16.84391],[106.72868,16.84321],[106.72909,16.84147],[106.72955,16.84103],[106.73055,16.84088],[106.73146,16.84027],[106.73363,16.83897],[106.73471,16.83882],[106.73719,16.83898],[106.73812,16.83837],[106.74065,16.83788],[106.74287,16.83787],[106.7436,16.83804],[106.74432,16.83861],[106.74409,16.83922],[106.74467,16.8398],[106.74552,16.83978],[106.74612,16.83929],[106.74639,16.83829],[106.74778,16.83802],[106.74886,16.83822],[106.74912,16.83865],[106.75,16.83889],[106.75077,16.83819],[106.75093,16.83786],[106.75291,16.83611],[106.75444,16.83656],[106.75515,16.83563],[106.75667,16.8345],[106.75877,16.83404],[106.75982,16.83393],[106.76062,16.83409],[106.76189,16.83483],[106.76397,16.8343],[106.76475,16.834],[106.76575,16.83394],[106.76746,16.83336],[106.76847,16.83282],[106.77065,16.83306],[106.7754,16.83297],[106.77605,16.83223],[106.77565,16.83097],[106.77616,16.83009],[106.77634,16.82927],[106.77591,16.82904],[106.7749,16.82973],[106.77429,16.82924],[106.77397,16.82849],[106.77292,16.82729],[106.773,16.8267],[106.77443,16.82508],[106.77482,16.82591],[106.77543,16.82602],[106.77577,16.82538],[106.77743,16.82475],[106.77779,16.8241],[106.77674,16.82064],[106.7773,16.82025],[106.77838,16.8217],[106.77888,16.82211],[106.7801,16.82255],[106.78112,16.82242],[106.78136,16.82167],[106.78216,16.82151],[106.78267,16.82187],[106.78269,16.82254],[106.78449,16.82416],[106.78536,16.8248],[106.78676,16.82625],[106.78663,16.82694],[106.78575,16.82692],[106.78499,16.82808],[106.78488,16.82896],[106.78563,16.82973],[106.78548,16.83138],[106.78495,16.83223],[106.7851,16.833],[106.78726,16.83345],[106.78787,16.83299],[106.78775,16.83183],[106.78799,16.83155],[106.7893,16.83108],[106.78998,16.83035],[106.78943,16.82969],[106.78936,16.82898],[106.78967,16.82732],[106.78936,16.82576],[106.78882,16.82492],[106.78819,16.82436],[106.78743,16.82251],[106.78757,16.82207],[106.78863,16.82172],[106.78983,16.82045],[106.79122,16.82206],[106.79156,16.82382],[106.79221,16.82444],[106.79286,16.82419],[106.7935,16.8229],[106.79501,16.82163],[106.79732,16.82237],[106.79884,16.82156],[106.80055,16.8219],[106.80133,16.82296],[106.80295,16.82286],[106.80496,16.82385],[106.80719,16.82385],[106.81114,16.82287],[106.81385,16.81813],[106.81548,16.81731],[106.81792,16.81835],[106.81874,16.81542],[106.81922,16.81554],[106.82038,16.81811],[106.82224,16.81786],[106.82289,16.81741],[106.82268,16.81587],[106.8236,16.81519],[106.82758,16.81519],[106.82865,16.81449],[106.83008,16.81232],[106.83027,16.81113],[106.83205,16.81071],[106.83395,16.80973],[106.83638,16.81128],[106.8389,16.81064],[106.83959,16.80901],[106.83927,16.80632],[106.84141,16.80486],[106.84095,16.804],[106.8411,16.80331],[106.8441,16.80265],[106.8441,16.80006],[106.84367,16.79844],[106.84513,16.79698],[106.84629,16.7961],[106.84802,16.79512],[106.84848,16.79396],[106.8492,16.79335],[106.84997,16.79345],[106.85093,16.79408],[106.85146,16.79483],[106.85248,16.79555],[106.85377,16.79593],[106.85464,16.79512],[106.85459,16.79449],[106.85492,16.79374],[106.85595,16.79318],[106.85695,16.79176],[106.85723,16.78921],[106.85756,16.78797],[106.85822,16.78731],[106.85906,16.78737],[106.86018,16.78809],[106.86085,16.78897],[106.86127,16.78919],[106.86232,16.78895],[106.86296,16.7886],[106.86412,16.78852],[106.86694,16.78982],[106.86816,16.78991]]},"properties":{"kind":"river","class":"river","name":"Sông Cam Lộ"}},{"type":"Feature","geometry":{"type":"MultiLineString","coordinates":[[[106.55182,16.76394],[106.55254,16.76298],[106.55335,16.76251],[106.55533,16.76241],[106.55611,16.76218],[106.55729,16.76231],[106.559,16.76152],[106.55948,16.7607],[106.56007,16.75866],[106.56112,16.75815],[106.56164,16.75803],[106.56344,16.75816],[106.56392,16.75855],[106.56498,16.75812],[106.56526,16.75867],[106.56755,16.75867],[106.56835,16.75704],[106.56896,16.75691],[106.57007,16.75572],[106.57144,16.75481],[106.57181,16.75477],[106.57256,16.75607],[106.57312,16.75648],[106.57513,16.75603],[106.57593,16.75511],[106.57586,16.75444],[106.57645,16.75368],[106.57709,16.75447],[106.57822,16.75433],[106.5787,16.75463],[106.57858,16.753],[106.57918,16.75275],[106.57913,16.752]],[[106.58317,16.80481],[106.58314,16.80444],[106.58316,16.80424],[106.58316,16.80371],[106.58246,16.80316],[106.58191,16.80181],[106.58192,16.80114],[106.58226,16.80057],[106.58175,16.79952],[106.58088,16.7986],[106.58078,16.79816],[106.5812,16.79742],[106.58216,16.79632],[106.58306,16.79497],[106.58272,16.79369],[106.58376,16.79329],[106.58415,16.79259],[106.58522,16.79199],[106.58562,16.79148],[106.5855,16.78994],[106.58624,16.78815],[106.58577,16.78667],[106.58484,16.78562],[106.58394,16.78532],[106.58468,16.78071],[106.58455,16.77998],[106.58405,16.77963],[106.58334,16.77997],[106.58172,16.77913],[106.58038,16.77889],[106.57999,16.7774],[106.57926,16.7764],[106.57866,16.77593],[106.57841,16.7751],[106.57962,16.7708],[106.57916,16.77015],[106.57842,16.7705],[106.57668,16.76986],[106.57598,16.76945],[106.57509,16.76837],[106.57473,16.76847],[106.57428,16.7693],[106.5731,16.7693],[106.57184,16.769],[106.57077,16.76775],[106.56932,16.76752],[106.56839,16.76713],[106.56667,16.76674],[106.56372,16.76383],[106.56388,16.76242],[106.56445,16.76132],[106.56381,16.76007],[106.56295,16.75949],[106.56151,16.75936],[106.56112,16.75815]]]},"properties":{"kind":"river","class":"river","name":"Xe Samou"}},{"type":"Feature","geometry":{"type":"LineString","coordinates":[[107.14939,16.86809],[107.15016,16.86652],[107.15056,16.86602],[107.15205,16.86487],[107.1525,16.86423],[107.15261,16.86355],[107.15159,16.86093],[107.15161,16.85348],[107.15425,16.84979],[107.15565,16.84728],[107.15716,16.84547],[107.15769,16.84395],[107.15834,16.8409],[107.15934,16.83858],[107.16074,16.83671],[107.16155,16.8359],[107.16288,16.83531],[107.16387,16.83534],[107.16435,16.83559],[107.16684,16.83787],[107.16896,16.83892],[107.17361,16.83887],[107.17472,16.83928],[107.1765,16.8395],[107.17722,16.83904],[107.17708,16.83834],[107.17653,16.83777],[107.1753,16.83696],[107.17468,16.8363],[107.1744,16.83536],[107.17451,16.83462],[107.17507,16.83378],[107.17571,16.8332],[107.17803,16.83255],[107.17895,16.83193],[107.18127,16.83006],[107.18191,16.82924],[107.18249,16.82884],[107.18311,16.82883],[107.18569,16.82988],[107.18805,16.82979],[107.18921,16.82959],[107.19133,16.82862],[107.19277,16.82786],[107.19353,16.82773],[107.19421,16.82794],[107.19489,16.82849],[107.19556,16.82951],[107.19612,16.8299],[107.19734,16.83014],[107.19841,16.82975],[107.20009,16.8286],[107.20088,16.82714],[107.20125,16.82396],[107.20175,16.82312],[107.2045,16.82077],[107.20598,16.81929],[107.20624,16.81857],[107.20583,16.81775],[107.20611,16.81725],[107.20738,16.81666],[107.20845,16.81582],[107.20912,16.81573],[107.20976,16.81526],[107.20999,16.81413],[107.20841,16.8128],[107.20836,16.81218],[107.20929,16.81113],[107.20969,16.81027],[107.21015,16.80861],[107.21094,16.80764],[107.21118,16.80702],[107.21124,16.80546],[107.21105,16.79965],[107.21184,16.79581],[107.2121,16.79312],[107.21107,16.791],[107.21062,16.78862],[107.20948,16.78615],[107.20817,16.78184],[107.20607,16.7765],[107.2053,16.77418],[107.20532,16.77323],[107.20587,16.77148],[107.20583,16.77081],[107.20429,16.76888],[107.2054,16.76632],[107.20583,16.76588],[107.20612,16.76536],[107.20765,16.76464],[107.20839,16.76483],[107.2092,16.7646],[107.21028,16.7642],[107.21184,16.76551],[107.21232,16.76628],[107.21285,16.76838],[107.2139,16.76914],[107.2161,16.76914],[107.21762,16.76727],[107.21808,16.76602],[107.21891,16.76501],[107.21985,16.76474],[107.22077,16.76519],[107.22239,16.76674],[107.22389,16.76698],[107.22487,16.76667],[107.22558,16.7659],[107.22588,16.76498],[107.22616,16.76325],[107.22711,16.76232],[107.22826,16.76192],[107.23001,16.76161],[107.23234,16.76173],[107.23289,16.76211],[107.23376,16.76311],[107.23446,16.76322],[107.23539,16.76287],[107.23603,16.76234],[107.23836,16.76305],[107.23922,16.76306],[107.24058,16.76245],[107.24127,16.76127],[107.24215,16.76142],[107.24416,16.76327],[107.24482,16.76369],[107.2458,16.76382],[107.24809,16.76379],[107.25028,16.76326],[107.25141,16.76246],[107.25272,16.76224],[107.25317,16.76183],[107.25396,16.76009],[107.25468,16.75952],[107.25641,16.75854],[107.25928,16.7567],[107.26248,16.75434],[107.26847,16.75024],[107.27157,16.74798],[107.27504,16.74564],[107.28078,16.74183],[107.28262,16.74046],[107.28374,16.73902],[107.28575,16.73717],[107.28961,16.73326],[107.29078,16.73286],[107.29118,16.73379],[107.29216,16.73451],[107.2934,16.73391],[107.29552,16.73408],[107.29747,16.73413],[107.29866,16.73374],[107.29949,16.73279],[107.30037,16.73216],[107.30413,16.72989],[107.30641,16.72859],[107.3109,16.72581],[107.31267,16.7246],[107.31772,16.7209],[107.3232,16.7164],[107.32582,16.7143],[107.32745,16.71325],[107.32948,16.71165],[107.33124,16.70943],[107.33327,16.70787],[107.33544,16.70601],[107.33732,16.70485]]},"properties":{"kind":"river","class":"river","name":"Sông Vĩnh Định"}},{"type":"Feature","geometry":{"type":"LineString","coordinates":[[107.22974,16.5813],[107.22906,16.5822],[107.22973,16.58265],[107.22997,16.58471],[107.2298,16.5851],[107.22898,16.58516],[107.22728,16.58598],[107.2258,16.58696],[107.22517,16.58769],[107.22441,16.58907],[107.223,16.58972],[107.22299,16.59033],[107.22344,16.59066],[107.22437,16.59076],[107.22549,16.59144],[107.22587,16.59197],[107.22562,16.59317],[107.2251,16.59358],[107.22488,16.59456],[107.22539,16.59493],[107.2261,16.59441],[107.22726,16.59396],[107.2288,16.59425],[107.22968,16.59476],[107.23039,16.59433],[107.23213,16.59233],[107.23286,16.59264],[107.23302,16.59344],[107.2342,16.59415],[107.23537,16.59443],[107.23623,16.5943],[107.23762,16.59329],[107.23914,16.59252],[107.24037,16.59247],[107.24063,16.59286],[107.23946,16.59645],[107.23842,16.59839],[107.23688,16.59873],[107.23562,16.59918],[107.23576,16.60003],[107.23701,16.60065],[107.23785,16.60062],[107.23917,16.59956],[107.23979,16.59963],[107.24073,16.60044],[107.24191,16.60027],[107.24196,16.5994],[107.24243,16.59847],[107.24338,16.59805],[107.24447,16.59795],[107.24479,16.5983],[107.24555,16.59801],[107.24577,16.59719],[107.24667,16.59752],[107.24743,16.59733],[107.24815,16.5955],[107.2474,16.5946],[107.24724,16.59389],[107.2479,16.59332],[107.24856,16.59376],[107.24932,16.59486],[107.25134,16.59713],[107.25259,16.59773],[107.25446,16.59832],[107.25477,16.59889],[107.25441,16.59997],[107.25479,16.60119],[107.25605,16.6023],[107.25657,16.60343],[107.25668,16.60507],[107.25633,16.60655],[107.25708,16.607],[107.25825,16.60663],[107.25992,16.60666],[107.26072,16.60725],[107.26065,16.60884],[107.262,16.60917],[107.26342,16.60864],[107.26441,16.60894],[107.26588,16.60833],[107.2673,16.60857],[107.2684,16.60931],[107.2693,16.61134],[107.26974,16.61184],[107.27044,16.6121],[107.2712,16.61195],[107.27364,16.61053],[107.27604,16.61032],[107.27695,16.61086],[107.27703,16.61216],[107.27591,16.61542],[107.27557,16.61797],[107.27574,16.61855],[107.27738,16.61883],[107.27946,16.61823],[107.28365,16.61809],[107.28544,16.61899],[107.28695,16.62024],[107.28897,16.62263],[107.28883,16.62343],[107.28799,16.62415],[107.28755,16.62529],[107.28789,16.62571],[107.28944,16.62571],[107.29016,16.62495],[107.29206,16.62403],[107.29271,16.62385],[107.29338,16.62405],[107.29435,16.62523],[107.296,16.62628],[107.29694,16.6273],[107.29813,16.62944],[107.299,16.63065],[107.30023,16.6315],[107.30233,16.63242],[107.3033,16.63298],[107.30419,16.63424],[107.30491,16.63603],[107.30538,16.63785],[107.3058,16.64007],[107.30711,16.64097]]},"properties":{"kind":"river","class":"river","name":"Sông Thác Ma"}},{"type":"Feature","geometry":{"type":"LineString","coordinates":[[106.95542,16.57532],[106.95505,16.5766],[106.95335,16.57757],[106.95206,16.57801],[106.95079,16.57863],[106.94905,16.58012],[106.94682,16.5816],[106.94549,16.58228],[106.94414,16.58316],[106.94316,16.58397],[106.9421,16.58564],[106.93964,16.58797],[106.93867,16.58829],[106.93743,16.58836],[106.93519,16.58707],[106.93275,16.58785],[106.93033,16.58942],[106.92816,16.59041],[106.92201,16.59496],[106.91795,16.59623],[106.91234,16.5988],[106.91028,16.59966],[106.90921,16.59977],[106.90768,16.59945],[106.90323,16.60032],[106.90126,16.60019],[106.89941,16.60051],[106.898,16.60095],[106.89654,16.60175],[106.895,16.60337],[106.89307,16.60439],[106.88925,16.60505],[106.88843,16.60479],[106.88778,16.60392],[106.8872,16.60184],[106.88674,16.60113],[106.88581,16.60016],[106.88342,16.5988],[106.88264,16.59805],[106.88217,16.59707],[106.88268,16.59476],[106.88283,16.59255],[106.88384,16.5902],[106.88415,16.5882],[106.88384,16.58739],[106.88225,16.58576],[106.88099,16.58617],[106.88004,16.58742],[106.87968,16.58907],[106.87901,16.59047],[106.87687,16.5925],[106.87551,16.59364],[106.87418,16.59698],[106.87096,16.59864],[106.87025,16.59991],[106.87045,16.60133],[106.8712,16.6023],[106.8713,16.60413],[106.87077,16.60442],[106.8706,16.60579],[106.86959,16.60804],[106.86784,16.60936],[106.86649,16.60931],[106.86528,16.60949],[106.86435,16.60891],[106.86424,16.60721],[106.86351,16.60556],[106.8622,16.60462],[106.86141,16.60446],[106.85888,16.60523],[106.85763,16.60598],[106.85626,16.60783],[106.85613,16.60885],[106.85761,16.61063],[106.85873,16.6127],[106.85876,16.61384],[106.8599,16.6158],[106.86075,16.61687],[106.86073,16.61847],[106.86006,16.61914],[106.85868,16.621],[106.85712,16.62422],[106.85633,16.62858],[106.85637,16.63057],[106.8571,16.63152],[106.8573,16.63269],[106.85677,16.6336],[106.85597,16.63421],[106.8528,16.63601],[106.8493,16.63752],[106.84462,16.63761],[106.83999,16.63701],[106.83828,16.63739],[106.83631,16.63841],[106.83457,16.63821],[106.83052,16.63883],[106.82699,16.64017],[106.826,16.64091],[106.82532,16.64227],[106.82541,16.64337],[106.82511,16.64506],[106.82388,16.64683],[106.82038,16.64988],[106.81818,16.64997],[106.81722,16.64956],[106.81681,16.64847],[106.81733,16.64658],[106.81735,16.6424],[106.81612,16.64148],[106.81308,16.64105],[106.80962,16.63947],[106.8066,16.63815],[106.805,16.63757],[106.80355,16.63852],[106.80222,16.64044],[106.79729,16.64743],[106.7966,16.64907],[106.79611,16.65108],[106.79626,16.65177],[106.79679,16.65227],[106.79863,16.65261],[106.80099,16.6527],[106.80225,16.65314],[106.80333,16.65386],[106.80468,16.65507],[106.80569,16.65553],[106.8076,16.65599],[106.80965,16.65662],[106.81101,16.65676],[106.8134,16.65631],[106.81428,16.65642],[106.81637,16.65704],[106.81795,16.65735],[106.82018,16.65804],[106.82321,16.65947],[106.8243,16.66039],[106.82663,16.66194],[106.8274,16.66232],[106.82917,16.6625],[106.8321,16.66182],[106.83368,16.66167],[106.83519,16.66177],[106.8371,16.66213],[106.83826,16.66252],[106.83938,16.66313],[106.84083,16.66425],[106.84266,16.66517],[106.85024,16.66777],[106.85324,16.66898],[106.85575,16.67018],[106.85758,16.67116],[106.86014,16.67278],[106.86191,16.67435],[106.86346,16.67512],[106.86798,16.67778],[106.86962,16.67925],[106.87187,16.68193],[106.87304,16.68289],[106.87435,16.68356],[106.87613,16.68371],[106.87827,16.68339],[106.88058,16.68284],[106.88316,16.68244],[106.88562,16.68256],[106.88726,16.68327]]},"properties":{"kind":"river","class":"river","name":"Sông Đakrông"}},{"type":"Feature","geometry":{"type":"LineString","coordinates":[[106.43651,17.71777],[106.43409,17.73059],[106.42291,17.74018],[106.3981,17.74805],[106.39168,17.74542],[106.38665,17.74505],[106.38034,17.74821],[106.36822,17.75153],[106.35379,17.75521],[106.34574,17.76204],[106.3287,17.76962],[106.32444,17.77073],[106.31841,17.76923],[106.31136,17.76209],[106.30715,17.75984],[106.30013,17.76096],[106.29621,17.76388],[106.29306,17.77832],[106.28426,17.78469],[106.27729,17.7869],[106.27082,17.78706],[106.26512,17.78379],[106.26158,17.78111],[106.25267,17.78142],[106.23923,17.78864],[106.23298,17.79596],[106.22789,17.79981],[106.22407,17.80139],[106.21588,17.80144],[106.21146,17.80276],[106.20239,17.80971],[106.18643,17.81467],[106.18469,17.81515],[106.18217,17.81583],[106.17572,17.81557],[106.17276,17.81633],[106.1708,17.81825],[106.16659,17.82702],[106.16654,17.83208],[106.16552,17.83408],[106.1612,17.83619],[106.15774,17.83774],[106.15545,17.83745],[106.15268,17.836],[106.14953,17.833],[106.14635,17.8286],[106.14433,17.82671],[106.14184,17.82718],[106.14073,17.82839],[106.13976,17.83163],[106.13987,17.83508],[106.14065,17.83763],[106.14134,17.83829],[106.1446,17.84035],[106.14574,17.84156],[106.14557,17.84266],[106.14433,17.84419],[106.13178,17.85316],[106.12901,17.85367],[106.12157,17.85244],[106.11927,17.85134],[106.11791,17.8515],[106.11667,17.85199],[106.11563,17.85322],[106.11508,17.85621],[106.11454,17.8581],[106.11457,17.8589],[106.11499,17.8594],[106.1166,17.85981],[106.11719,17.8606],[106.11711,17.8612],[106.11653,17.86186],[106.11442,17.86277],[106.11297,17.86304],[106.11191,17.86295],[106.11029,17.86255],[106.10873,17.86187],[106.1069,17.86203],[106.10514,17.86182],[106.10324,17.86095],[106.10198,17.86058],[106.10093,17.85895],[106.09971,17.85858],[106.09784,17.85974],[106.09636,17.86101],[106.0933,17.86452],[106.09222,17.86553],[106.09074,17.86671],[106.09039,17.86673],[106.08903,17.86754],[106.08621,17.87057],[106.08431,17.87287],[106.08276,17.87332],[106.08018,17.87429],[106.0791,17.87458],[106.07794,17.87523],[106.07722,17.87641],[106.07673,17.87802],[106.07753,17.88068],[106.07741,17.88289],[106.07702,17.88389],[106.07612,17.8849],[106.07557,17.88502],[106.07464,17.88472],[106.0741,17.88403],[106.07377,17.88311],[106.074,17.88211],[106.07155,17.88064],[106.07058,17.88056],[106.06922,17.88107],[106.06823,17.88295],[106.06668,17.88423],[106.06281,17.88612],[106.06175,17.88653],[106.06064,17.88732],[106.05764,17.88878],[106.05585,17.89031],[106.05399,17.89177],[106.05232,17.8928],[106.05063,17.89362],[106.04907,17.89362],[106.04831,17.89424],[106.04806,17.89476],[106.04585,17.89665],[106.04436,17.89675],[106.04323,17.89598],[106.04249,17.89498],[106.0413,17.89281],[106.04109,17.892],[106.04108,17.89042],[106.04042,17.88985],[106.0391,17.88973],[106.03776,17.89045],[106.03539,17.89312],[106.03273,17.89577],[106.03185,17.89728],[106.03006,17.89836],[106.02927,17.89911],[106.0293,17.90021],[106.03073,17.90181],[106.03246,17.90433],[106.03197,17.90666],[106.03021,17.90901],[106.02924,17.90954],[106.02683,17.90974],[106.02637,17.90961],[106.02576,17.90822],[106.0261,17.90583],[106.02692,17.90541],[106.02646,17.90471],[106.02649,17.9037],[106.02578,17.90259],[106.02459,17.90197],[106.02369,17.90206],[106.02231,17.90247],[106.02124,17.90319],[106.01964,17.90466],[106.01843,17.90564],[106.01675,17.90565],[106.01597,17.90594],[106.01527,17.9069],[106.01434,17.90692],[106.01317,17.90749],[106.01239,17.90819],[106.01094,17.90841],[106.00877,17.90717],[106.00682,17.90655],[106.00509,17.90664],[106.0037,17.90684],[106.0024,17.90764],[106.00079,17.90919],[105.99999,17.91062],[105.99969,17.91171],[105.99944,17.91263],[105.99893,17.91346],[105.99721,17.91464],[105.99424,17.91544],[105.9928,17.91644],[105.9909,17.91749],[105.9888,17.92055],[105.98716,17.92309],[105.98662,17.92348],[105.98592,17.92352],[105.9834,17.92337],[105.97967,17.92332],[105.97835,17.92372],[105.97689,17.92388],[105.97528,17.92396],[105.97471,17.92451],[105.9732,17.92555],[105.97057,17.92708],[105.96856,17.92837],[105.96787,17.92894],[105.96669,17.9304],[105.96609,17.9317],[105.96481,17.93401],[105.96392,17.93501],[105.96255,17.93705],[105.96162,17.93895],[105.96114,17.94019],[105.96044,17.94125],[105.96008,17.94308],[105.95913,17.94375],[105.95873,17.94446],[105.95577,17.94694],[105.95519,17.9477],[105.955,17.94876],[105.95517,17.9497],[105.9548,17.95092],[105.95417,17.95178],[105.95405,17.95281],[105.95259,17.95261],[105.95084,17.9518],[105.95002,17.95154],[105.94861,17.9507],[105.94694,17.95028],[105.94609,17.95023],[105.94474,17.94985],[105.94353,17.95054],[105.9415,17.95373],[105.93867,17.9558],[105.9372,17.95773],[105.93536,17.95935],[105.93386,17.96035],[105.93302,17.96074],[105.93225,17.96229],[105.92973,17.96653],[105.92744,17.96795],[105.92648,17.96807],[105.92575,17.96848],[105.92411,17.96853],[105.92355,17.96884],[105.92327,17.9695],[105.92236,17.97083],[105.9225,17.97155],[105.92375,17.97242],[105.92398,17.97337],[105.92395,17.97459]]},"properties":{"kind":"river","class":"river","name":"Sông Rào Nậy"}},{"type":"Feature","geometry":{"type":"LineString","coordinates":[[105.92395,17.97459],[105.92375,17.97518],[105.92317,17.97575],[105.92179,17.97659],[105.92068,17.97698],[105.91994,17.97765],[105.91792,17.97874],[105.91578,17.98039],[105.91485,17.98209],[105.91448,17.98333],[105.91435,17.98459],[105.9135,17.98578],[105.91299,17.98603],[105.90862,17.98588],[105.90654,17.98602],[105.90597,17.98625],[105.90514,17.98614],[105.90416,17.98628],[105.90285,17.98691],[105.90227,17.98686],[105.9017,17.98553],[105.90172,17.98433],[105.90202,17.98358],[105.90287,17.98358],[105.90365,17.98234],[105.90376,17.98106],[105.90255,17.98005],[105.90054,17.98066],[105.8979,17.98181],[105.89741,17.98235],[105.89659,17.98374],[105.8965,17.98535],[105.89848,17.9871],[105.89872,17.9878],[105.89918,17.99093],[105.89945,17.99161],[105.89962,17.99322],[105.89895,17.99448],[105.89801,17.99473],[105.89666,17.99448],[105.89508,17.99348],[105.89417,17.9925],[105.89262,17.9913],[105.89153,17.98895],[105.89092,17.98786],[105.88997,17.98755],[105.8891,17.98789],[105.88798,17.99005],[105.88758,17.99192],[105.88806,17.99346],[105.88905,17.9949],[105.89115,17.99655],[105.89267,17.99816],[105.89267,17.99894],[105.89356,18.00044],[105.89445,18.00172],[105.89521,18.00251],[105.89591,18.00423],[105.89584,18.00511],[105.89766,18.00729],[105.89776,18.00784],[105.89636,18.00925],[105.89409,18.01026],[105.89318,18.01019],[105.89249,18.00956],[105.89005,18.00763],[105.88855,18.00674],[105.88738,18.00623],[105.88658,18.00611],[105.88477,18.00617],[105.88194,18.00693],[105.88122,18.00722],[105.88034,18.0072],[105.87906,18.00664],[105.87779,18.00697],[105.87661,18.00783],[105.8751,18.00807],[105.87442,18.00714],[105.87471,18.00504],[105.87566,18.00498],[105.87633,18.00431],[105.87627,18.00387],[105.87526,18.00344],[105.87358,18.00311],[105.87261,18.00339],[105.86949,18.00468],[105.86903,18.0048],[105.86747,18.00591],[105.86614,18.0043],[105.86418,18.00359],[105.8635,18.00321],[105.86333,18.00243],[105.86392,18.00164],[105.86521,18.00032],[105.86669,17.99918],[105.86789,17.99796],[105.86804,17.99659],[105.86767,17.99498],[105.86767,17.99351],[105.86799,17.99285],[105.86768,17.98979],[105.86673,17.98937],[105.86507,17.9897],[105.86232,17.98969],[105.8615,17.98927],[105.8607,17.98956],[105.86012,17.99114],[105.8597,17.9918],[105.85858,17.9924],[105.85689,17.99276],[105.85577,17.99261],[105.85523,17.99203],[105.85415,17.99146],[105.85065,17.99034],[105.84965,17.98979],[105.84816,17.98842],[105.84811,17.98691],[105.84882,17.98529],[105.84907,17.98394],[105.84876,17.98107],[105.84869,17.97974],[105.84906,17.97816],[105.84882,17.97769],[105.84741,17.97715],[105.84665,17.97662],[105.84439,17.97561],[105.84352,17.97539],[105.84215,17.97529],[105.83974,17.97562],[105.83819,17.97606],[105.83731,17.97592],[105.83709,17.97511],[105.83734,17.97357],[105.83883,17.97194],[105.83936,17.97103],[105.83918,17.97061],[105.83321,17.96608],[105.83166,17.96548],[105.83054,17.96533],[105.8295,17.96555],[105.82771,17.96622],[105.827,17.96754],[105.82605,17.96822],[105.82523,17.96837],[105.82276,17.96819],[105.82096,17.96771],[105.82033,17.96777],[105.8197,17.96736],[105.81977,17.96596],[105.82027,17.96551],[105.82206,17.96446],[105.82302,17.96346],[105.82315,17.96296],[105.8226,17.96201],[105.82101,17.9609],[105.82031,17.9606],[105.81846,17.9607],[105.8179,17.96097],[105.81726,17.96218],[105.81762,17.96323],[105.81757,17.96394],[105.81707,17.96457],[105.81638,17.96475],[105.81547,17.96453],[105.81431,17.96295],[105.81417,17.96242],[105.81393,17.96148],[105.81345,17.96059],[105.81277,17.95984],[105.81056,17.95919],[105.80919,17.95851],[105.80844,17.9584],[105.80761,17.95778],[105.80677,17.9577],[105.8056,17.95785],[105.80486,17.95743],[105.80417,17.95657],[105.80368,17.95441],[105.8034,17.95393],[105.80207,17.95371],[105.80054,17.95282],[105.79957,17.95242],[105.79876,17.95124],[105.79873,17.94985],[105.7983,17.94868],[105.79869,17.94718],[105.79868,17.9462],[105.79842,17.94555],[105.79891,17.94351],[105.79929,17.94286],[105.80008,17.94257],[105.80104,17.943],[105.80168,17.94268],[105.80185,17.94129],[105.80063,17.93906],[105.80006,17.93778],[105.7999,17.93707],[105.80023,17.93621],[105.80102,17.93509],[105.80162,17.93459],[105.80288,17.93415],[105.80393,17.93229],[105.80436,17.93113],[105.80424,17.93045],[105.80455,17.92843],[105.80548,17.92611],[105.80686,17.92499],[105.80959,17.92506],[105.81092,17.92451],[105.81214,17.923],[105.81205,17.92243],[105.80969,17.92142],[105.80863,17.91941],[105.80843,17.91867],[105.80836,17.91708],[105.80871,17.91655],[105.81002,17.91621],[105.81158,17.91675],[105.81217,17.91629],[105.81254,17.91551],[105.81354,17.91526],[105.81758,17.91361],[105.81855,17.91306],[105.8192,17.91242],[105.82015,17.91212],[105.82033,17.9109],[105.82016,17.90998],[105.8181,17.90956],[105.81747,17.9098],[105.81639,17.911],[105.8153,17.9106],[105.81503,17.9101],[105.8135,17.90844],[105.81201,17.90754],[105.81077,17.90613],[105.8106,17.90486],[105.81087,17.90348],[105.81155,17.90253],[105.81124,17.90162],[105.81081,17.90144],[105.80971,17.90152],[105.80899,17.90054],[105.80894,17.89976],[105.80987,17.89712],[105.80999,17.8959],[105.80938,17.89512],[105.80795,17.89479],[105.80678,17.89475],[105.80597,17.89439],[105.80521,17.89443],[105.80438,17.89394],[105.80436,17.89246],[105.80527,17.89094],[105.80522,17.89025],[105.8047,17.88964],[105.80312,17.88918],[105.80187,17.88868],[105.80074,17.88759],[105.8005,17.88692],[105.80085,17.88568],[105.80153,17.88545],[105.80317,17.88526],[105.80376,17.88445],[105.80319,17.88406],[105.8023,17.88166],[105.8008,17.88065],[105.79989,17.88064],[105.79941,17.88186],[105.80009,17.8836],[105.79981,17.88486],[105.79939,17.88544],[105.79852,17.88556],[105.79804,17.88516],[105.79782,17.88443],[105.79768,17.88268],[105.79704,17.88142],[105.79566,17.88012],[105.79506,17.87917],[105.79529,17.8781],[105.79636,17.87657],[105.79648,17.8759],[105.79629,17.87512],[105.79555,17.87383],[105.79468,17.87328],[105.79334,17.87151],[105.79337,17.87104],[105.79397,17.87039],[105.79503,17.86998],[105.79909,17.87012],[105.79951,17.86967],[105.80136,17.86928],[105.80158,17.86856],[105.80014,17.86561],[105.79938,17.86516],[105.79802,17.86551],[105.79713,17.86536],[105.7967,17.86477],[105.79596,17.86301],[105.79594,17.86208],[105.79544,17.85925],[105.79532,17.85622],[105.79584,17.85467],[105.79664,17.85467],[105.79791,17.85598],[105.7985,17.85587],[105.79917,17.85467],[105.80039,17.85421],[105.80144,17.85441],[105.80247,17.8536],[105.80245,17.85269],[105.80143,17.85056],[105.8019,17.84972],[105.80155,17.84848],[105.80065,17.8476],[105.79996,17.84754],[105.79863,17.84816],[105.79751,17.8489],[105.79621,17.85036],[105.79515,17.85175],[105.79397,17.85182],[105.79278,17.85259],[105.79209,17.85197],[105.7909,17.85032],[105.78964,17.84951],[105.7896,17.84842],[105.79034,17.84747],[105.78987,17.84692],[105.78911,17.84707],[105.78702,17.84813],[105.78601,17.84895],[105.78541,17.85004],[105.78439,17.85043],[105.78376,17.85026],[105.783,17.84963],[105.78265,17.84881],[105.78313,17.84722],[105.78375,17.84695],[105.78526,17.84689],[105.78652,17.84642],[105.78689,17.84593],[105.78764,17.84386],[105.78743,17.84295],[105.78665,17.84188],[105.78565,17.84128],[105.78393,17.84055],[105.78311,17.83913],[105.78312,17.83764],[105.78261,17.83647],[105.7799,17.83629],[105.77707,17.83531],[105.77651,17.83499],[105.7759,17.83409],[105.77604,17.83285],[105.77678,17.83245],[105.77788,17.83273],[105.77871,17.83345],[105.77949,17.8337],[105.78008,17.83353],[105.78074,17.83279],[105.78053,17.83183],[105.77796,17.83016],[105.7769,17.82935],[105.77495,17.82836],[105.77497,17.82778],[105.77597,17.82542],[105.77613,17.82413],[105.77642,17.82355],[105.77733,17.82342],[105.77938,17.82457],[105.78032,17.82435],[105.78047,17.82319],[105.77998,17.82214],[105.77958,17.82172],[105.77611,17.81879],[105.77489,17.81783],[105.77466,17.81732],[105.7743,17.81382],[105.77439,17.8135],[105.77586,17.81289],[105.77643,17.81238],[105.77644,17.81124],[105.77677,17.80893],[105.77773,17.808],[105.77723,17.80682],[105.77649,17.80309],[105.77668,17.80191],[105.77713,17.80135],[105.77964,17.8011],[105.78017,17.80086],[105.78023,17.80002],[105.77934,17.79664],[105.77936,17.79574],[105.77999,17.79505],[105.78225,17.79425],[105.78291,17.79368],[105.78291,17.79304],[105.78251,17.79225],[105.781,17.79062],[105.78044,17.78962],[105.77989,17.78774],[105.77955,17.78703],[105.77872,17.7861],[105.77778,17.78541],[105.77485,17.78403],[105.77396,17.78378],[105.77363,17.78233],[105.77407,17.78065],[105.77352,17.77963],[105.77216,17.77956],[105.7718,17.77935],[105.77161,17.77849],[105.77333,17.77565],[105.77351,17.77433],[105.7728,17.77344],[105.77044,17.77139],[105.76951,17.77148],[105.76796,17.77025],[105.76778,17.7696],[105.76788,17.76797],[105.76752,17.76737],[105.77218,17.76305],[105.77268,17.76246],[105.77317,17.76131],[105.77324,17.76028],[105.77301,17.75943]]},"properties":{"kind":"river","class":"river","name":"Sông Rào Cái"}},{"type":"Feature","geometry":{"type":"LineString","coordinates":[[106.48906,17.70446],[106.48715,17.70407],[106.48322,17.7043],[106.47534,17.70575],[106.46547,17.70809],[106.44115,17.71418],[106.43651,17.71777]]},"properties":{"kind":"river","class":"river","name":"Sông Gianh"}},{"type":"Feature","geometry":{"type":"LineString","coordinates":[[105.92395,17.97459],[105.92423,17.97495],[105.92539,17.97528],[105.92669,17.97446],[105.92731,17.97378],[105.92787,17.97252],[105.92859,17.97217],[105.92955,17.97299],[105.92948,17.97346],[105.92849,17.97443],[105.9278,17.9745],[105.92723,17.97515],[105.92697,17.97613],[105.92774,17.97676],[105.92866,17.97919],[105.92883,17.9802],[105.92865,17.98051],[105.9285,17.98246],[105.92872,17.98339],[105.92973,17.98355],[105.93085,17.98518],[105.93256,17.987],[105.93417,17.98899],[105.93468,17.98933],[105.93681,17.98982],[105.93769,17.9898],[105.93839,17.99025],[105.93891,17.9914],[105.93876,17.99201],[105.93772,17.99267],[105.93633,17.9928],[105.93534,17.99271],[105.93497,17.99206],[105.93511,17.99145],[105.9345,17.99106],[105.93307,17.99087],[105.93232,17.99105],[105.93176,17.99207],[105.93084,17.99313],[105.92984,17.99315],[105.92895,17.99286],[105.92852,17.9917],[105.92668,17.99243],[105.92641,17.99317],[105.92661,17.99411],[105.92596,17.99591],[105.92616,17.99698],[105.92693,17.99823],[105.92696,17.99882],[105.92625,17.99969],[105.92503,18.00051],[105.92387,18.00149],[105.92252,18.00443],[105.92207,18.00489],[105.92134,18.00492],[105.92122,18.00422],[105.92173,18.00321],[105.92149,18.00263],[105.91883,18.0007],[105.91843,18.00082],[105.91825,18.00198],[105.91894,18.00398],[105.9188,18.00448],[105.91811,18.00502],[105.91788,18.00579],[105.91839,18.00742],[105.91795,18.00787],[105.91668,18.00819],[105.91602,18.00862],[105.91578,18.00925],[105.91648,18.01076],[105.91741,18.01199],[105.91961,18.01164],[105.92099,18.0106],[105.92145,18.01087],[105.92182,18.01177],[105.92178,18.01345],[105.92222,18.01427],[105.9221,18.01513],[105.92106,18.01526],[105.92011,18.01611],[105.91975,18.01693],[105.91991,18.01875],[105.92038,18.01933],[105.92054,18.0201],[105.92005,18.02077],[105.9205,18.02103],[105.92196,18.02075],[105.92295,18.02146],[105.92356,18.02221],[105.92328,18.0228],[105.92238,18.02352],[105.92242,18.02399],[105.92309,18.02422],[105.9237,18.02371],[105.92434,18.02363],[105.92461,18.02414],[105.92428,18.0264]]},"properties":{"kind":"river","class":"river","name":"Khe Nét"}},{"type":"Feature","geometry":{"type":"MultiLineString","coordinates":[[[106.23316,17.92852],[106.23392,17.92906]],[[106.18469,17.81515],[106.1833,17.81709],[106.17961,17.82038],[106.17701,17.82252],[106.17621,17.82349],[106.17617,17.82558],[106.17683,17.82653],[106.18059,17.82966],[106.1814,17.82994],[106.18249,17.82989],[106.18359,17.83043],[106.18403,17.83135],[106.18385,17.83359],[106.18423,17.83595],[106.18549,17.8393],[106.18513,17.84259],[106.18482,17.84319],[106.18198,17.84515],[106.18143,17.84569],[106.18134,17.84641],[106.18165,17.84705],[106.1827,17.84759],[106.1846,17.84796],[106.18641,17.84772],[106.18746,17.84795],[106.18897,17.84741],[106.18953,17.84652],[106.19037,17.84627],[106.19174,17.84705],[106.19326,17.84829],[106.19335,17.84895],[106.19427,17.85255],[106.19432,17.85328],[106.19537,17.85639],[106.19612,17.85781],[106.19629,17.85877],[106.19684,17.86043],[106.19654,17.86155],[106.19479,17.86435],[106.19485,17.86504],[106.19561,17.86747],[106.19546,17.86837],[106.19477,17.86959],[106.19585,17.87241],[106.19626,17.874],[106.1961,17.87475],[106.19537,17.87597],[106.19576,17.87662],[106.19747,17.87704],[106.19834,17.87688],[106.19941,17.87616],[106.20111,17.87456],[106.20221,17.87408],[106.20338,17.87337],[106.20438,17.87329],[106.20482,17.87376],[106.20498,17.87545],[106.20553,17.87623],[106.20624,17.879],[106.20669,17.88034],[106.20763,17.8819],[106.20844,17.88225],[106.20933,17.88236],[106.21041,17.88206],[106.21137,17.88157],[106.21269,17.8813],[106.21418,17.88125],[106.21533,17.88088],[106.21596,17.88146],[106.21615,17.88306],[106.21695,17.88463],[106.21702,17.8863],[106.21618,17.88762],[106.21649,17.88873],[106.21688,17.88901],[106.21811,17.88861],[106.21998,17.88854],[106.22079,17.88933],[106.2202,17.89049],[106.21933,17.89135],[106.21907,17.89279],[106.21924,17.89329],[106.22033,17.89399],[106.222,17.89468],[106.22288,17.89578],[106.2229,17.89635],[106.2237,17.897],[106.2243,17.89697],[106.22543,17.89646],[106.22593,17.89581],[106.22736,17.89611],[106.22844,17.89671],[106.23009,17.89599],[106.23055,17.89617],[106.23099,17.8974],[106.23032,17.89871],[106.22952,17.89987],[106.22886,17.90042],[106.22717,17.90113],[106.22573,17.90407],[106.22516,17.90484],[106.22402,17.90598],[106.22421,17.90705],[106.22504,17.90848],[106.22608,17.90904],[106.22868,17.90913],[106.23007,17.90867],[106.23134,17.90852],[106.23244,17.90886],[106.23339,17.90876],[106.23612,17.90873],[106.23765,17.9094],[106.23759,17.91062],[106.23733,17.91118],[106.23608,17.91206],[106.23383,17.91221],[106.23177,17.91195],[106.22945,17.91183],[106.22888,17.91214],[106.22894,17.9128],[106.22936,17.91343],[106.23081,17.91486],[106.23262,17.91521],[106.23298,17.91581],[106.2328,17.91678],[106.23206,17.91779],[106.23126,17.9185],[106.23028,17.91876],[106.22875,17.91893],[106.22818,17.91953],[106.22775,17.92083],[106.22662,17.92133],[106.22661,17.92184],[106.22757,17.92281],[106.22868,17.92341],[106.23021,17.92353],[106.23038,17.92443],[106.23129,17.92538],[106.23152,17.92618],[106.2314,17.92721],[106.23095,17.92789],[106.23163,17.92876]]]},"properties":{"kind":"river","class":"river","name":"Sông Rào Trổ"}},{"type":"Feature","geometry":{"type":"LineString","coordinates":[[106.37119,17.88017],[106.37158,17.87794],[106.37212,17.87698],[106.37212,17.8763],[106.37189,17.87509],[106.36984,17.87372],[106.3692,17.87273],[106.36932,17.87175],[106.36972,17.87145],[106.37129,17.87119],[106.37585,17.87119],[106.38039,17.87017],[106.39059,17.87048],[106.39407,17.8698],[106.39932,17.87176],[106.40232,17.87543],[106.40207,17.8775],[106.40098,17.88065],[106.40207,17.88421],[106.40527,17.88783],[106.4097,17.88979],[106.4135,17.88992],[106.41833,17.88979],[106.42096,17.89172],[106.4239,17.8918],[106.42544,17.89025],[106.42687,17.88881],[106.42883,17.88089],[106.43157,17.87719],[106.43368,17.87595],[106.43455,17.87567],[106.4357,17.87556],[106.43666,17.87574],[106.4383,17.87675],[106.44005,17.87857],[106.442,17.87914],[106.44294,17.87903],[106.44381,17.87861],[106.44505,17.87775],[106.44624,17.87651],[106.44731,17.87604],[106.44857,17.87575],[106.44981,17.8757],[106.45089,17.87588],[106.45199,17.8768],[106.4526,17.87708],[106.45343,17.87688],[106.45421,17.87535]]},"properties":{"kind":"river","class":"river","name":"Sông Roòn"}},{"type":"Feature","geometry":{"type":"MultiLineString","coordinates":[[[106.26358,17.59039],[106.26455,17.5904],[106.26647,17.5894],[106.26934,17.58606],[106.27052,17.58459],[106.27337,17.58316],[106.27527,17.58286],[106.27727,17.58369],[106.27847,17.58451],[106.27913,17.58964],[106.27956,17.5909],[106.28059,17.5924],[106.28567,17.5967],[106.29057,17.59981],[106.29604,17.60194],[106.29778,17.60389],[106.29893,17.6062],[106.30323,17.61282],[106.30479,17.61347],[106.30859,17.61293],[106.31125,17.61322],[106.31904,17.61739],[106.32926,17.62002],[106.33708,17.62057],[106.3437,17.61992],[106.34576,17.62084],[106.35652,17.628],[106.36297,17.63107],[106.36574,17.63281],[106.36779,17.63295],[106.3705,17.63206],[106.37674,17.63204],[106.37938,17.63273],[106.381,17.63429],[106.38147,17.63603],[106.38178,17.63718],[106.38063,17.63958],[106.37725,17.64402],[106.37731,17.64552],[106.37838,17.64627],[106.37941,17.64806],[106.38062,17.64861],[106.38454,17.64927],[106.3852,17.65042],[106.38456,17.65206],[106.38488,17.65385],[106.38621,17.65508],[106.39027,17.65727],[106.39146,17.65944],[106.39196,17.66462],[106.39265,17.66716],[106.39082,17.67112],[106.39074,17.67355],[106.39134,17.67641],[106.39207,17.67793],[106.3929,17.67896],[106.39976,17.6802],[106.40289,17.68179],[106.4041,17.68387],[106.40371,17.68841],[106.40089,17.69314],[106.397,17.69575],[106.39392,17.69866],[106.39291,17.70075],[106.3903,17.70861],[106.39055,17.71009],[106.39139,17.71146],[106.39793,17.71776],[106.4017,17.7199],[106.41067,17.72332],[106.41844,17.72735],[106.42147,17.72702],[106.43651,17.71777]],[[106.39082,17.67112],[106.38942,17.67258],[106.38861,17.67409],[106.38807,17.6759],[106.3885,17.67698],[106.39014,17.67811],[106.39171,17.67884],[106.3929,17.67896]]]},"properties":{"kind":"river","class":"river","name":"Sông Son"}},{"type":"Feature","geometry":{"type":"LineString","coordinates":[[106.63578,17.3503],[106.64187,17.34378],[106.64332,17.33817],[106.64257,17.33345],[106.63858,17.32848],[106.63207,17.32541],[106.62927,17.32478],[106.62345,17.32465],[106.62218,17.32348],[106.62193,17.32039],[106.62293,17.31777],[106.62473,17.31502],[106.62489,17.31356],[106.6238,17.31242],[106.62054,17.31052],[106.61795,17.3096],[106.61611,17.31008],[106.61525,17.31075],[106.61501,17.31214],[106.61505,17.31578],[106.613,17.32129],[106.61113,17.32416],[106.59873,17.33102],[106.59464,17.33174],[106.59174,17.33161],[106.58994,17.33061],[106.58976,17.32911],[106.59054,17.32757],[106.59595,17.32603],[106.59684,17.32525],[106.59719,17.32414],[106.59327,17.32127],[106.58801,17.319],[106.58185,17.31812],[106.57984,17.31741],[106.57627,17.31366],[106.57413,17.3128],[106.57303,17.31319],[106.57036,17.31699],[106.56944,17.31868],[106.56969,17.32052],[106.57106,17.32276],[106.57114,17.3239],[106.57061,17.32482],[106.56636,17.32545],[106.56456,17.32585],[106.56313,17.3271],[106.5623,17.32744],[106.56023,17.32747],[106.55932,17.32728],[106.55685,17.32636],[106.55432,17.32459],[106.55171,17.32054],[106.55158,17.31577],[106.55048,17.31374],[106.54801,17.31204],[106.54623,17.31047],[106.54526,17.3058],[106.5432,17.30003],[106.54155,17.29867],[106.53767,17.29412],[106.5363,17.2919],[106.53404,17.29125],[106.53213,17.29151],[106.52911,17.29125],[106.52808,17.29013],[106.52538,17.28372],[106.52324,17.27993],[106.52271,17.27967],[106.5206,17.28006],[106.51947,17.28042],[106.51817,17.28173],[106.51763,17.283],[106.51753,17.28456],[106.51637,17.28817],[106.51584,17.28869],[106.51507,17.28889],[106.51384,17.28857],[106.51189,17.28693],[106.51119,17.2866],[106.50774,17.28575],[106.50535,17.28477],[106.50383,17.28399],[106.50184,17.28261],[106.49893,17.27908],[106.49844,17.27787],[106.49575,17.27516],[106.49348,17.27222],[106.49232,17.2702],[106.492,17.26734],[106.49134,17.2644],[106.49168,17.25982],[106.49235,17.25833],[106.49225,17.25794],[106.49118,17.25731],[106.49052,17.25724],[106.48837,17.25738],[106.48434,17.2582],[106.48146,17.25841],[106.4796,17.25966],[106.4778,17.26054],[106.47638,17.26162],[106.47328,17.26283],[106.47138,17.2635],[106.47058,17.26362],[106.46919,17.26341],[106.4675,17.26256],[106.46622,17.26269],[106.46395,17.26124],[106.46302,17.26026],[106.46212,17.25802],[106.4612,17.25632],[106.4601,17.25478],[106.45842,17.25376],[106.45779,17.25217],[106.45757,17.25118],[106.45908,17.24634],[106.46266,17.23944],[106.46335,17.23857],[106.46506,17.23773],[106.46553,17.23714],[106.46551,17.23619],[106.46471,17.23513],[106.46265,17.23346],[106.46065,17.23206],[106.4589,17.23143],[106.45717,17.23122],[106.45437,17.23067],[106.45268,17.23057],[106.45146,17.23011],[106.45177,17.22889],[106.45274,17.22757],[106.45299,17.22475],[106.45464,17.22358],[106.45487,17.22307],[106.45475,17.2223],[106.45404,17.22063],[106.45399,17.21935],[106.45435,17.21768],[106.45426,17.21577],[106.45436,17.21517],[106.45547,17.2137],[106.45848,17.21082],[106.45981,17.20971],[106.46183,17.20825],[106.462,17.20708],[106.46137,17.20429],[106.46028,17.20254],[106.46024,17.20002],[106.46054,17.19893],[106.46109,17.19835],[106.46238,17.19793],[106.46345,17.19787],[106.46473,17.19865],[106.4658,17.19909],[106.46667,17.20013],[106.46839,17.20079],[106.4697,17.20086],[106.47074,17.20024],[106.4752,17.19518],[106.48013,17.19014],[106.48235,17.18729],[106.48327,17.18645],[106.48598,17.1851],[106.48644,17.18464],[106.48637,17.184],[106.48792,17.18299],[106.48929,17.18279],[106.49015,17.18188],[106.49084,17.18048],[106.49143,17.17968],[106.49137,17.17887],[106.49058,17.17701],[106.49058,17.17513],[106.4912,17.17405],[106.49139,17.17221],[106.49099,17.17043],[106.49136,17.16922],[106.49278,17.1677],[106.49353,17.16743],[106.49762,17.16772],[106.49851,17.16737],[106.49853,17.16654],[106.49773,17.16385],[106.49714,17.16317],[106.49512,17.16187],[106.49445,17.16091],[106.49453,17.16007],[106.49514,17.15796],[106.49746,17.15502],[106.49827,17.15443],[106.49904,17.15327],[106.5002,17.15242],[106.50106,17.15199],[106.50195,17.15205],[106.50469,17.15267],[106.50563,17.15256],[106.5066,17.15142],[106.50707,17.15021],[106.50668,17.14952],[106.50487,17.14906],[106.50031,17.14958],[106.49974,17.14952],[106.49847,17.1488],[106.49762,17.14801],[106.49656,17.14475],[106.49635,17.14304],[106.49596,17.14109],[106.49536,17.13963],[106.49442,17.13833],[106.49309,17.13768],[106.49309,17.13703],[106.49372,17.13615],[106.49598,17.13509],[106.49947,17.13045],[106.50033,17.12922],[106.5007,17.12823],[106.50216,17.12727],[106.50251,17.12634],[106.50222,17.12529],[106.5013,17.12509],[106.50036,17.12518],[106.49806,17.12486],[106.49699,17.12445],[106.49592,17.12427],[106.49485,17.12252],[106.49393,17.11881],[106.49401,17.11799],[106.49501,17.11694],[106.49598,17.11663],[106.49771,17.11643],[106.50029,17.11678],[106.50239,17.11631],[106.50446,17.1151],[106.50623,17.11285],[106.50685,17.11194],[106.50722,17.11026],[106.50839,17.10949],[106.50882,17.11034],[106.50894,17.1116],[106.50968,17.11207],[106.51153,17.11197],[106.51313,17.11176],[106.51527,17.11046],[106.51762,17.10959],[106.51854,17.10937],[106.52047,17.10726],[106.52116,17.10708],[106.5234,17.10725],[106.52503,17.10756],[106.5272,17.1073],[106.52934,17.10729],[106.5309,17.10691],[106.53233,17.10631],[106.53521,17.10599],[106.53612,17.10541],[106.53656,17.10196],[106.53696,17.10083],[106.53771,17.10035],[106.53836,17.1006],[106.53857,17.10156],[106.53867,17.1043],[106.53938,17.10467],[106.54023,17.10453],[106.54247,17.10321],[106.54478,17.1028],[106.54576,17.10275],[106.54696,17.10166],[106.54785,17.09999],[106.54855,17.09946],[106.54918,17.09949],[106.54962,17.09989],[106.55034,17.10175],[106.55035,17.10329],[106.55163,17.10543],[106.5525,17.10602],[106.5532,17.10618],[106.55419,17.106],[106.55604,17.10606],[106.55873,17.10701],[106.56061,17.10835],[106.56143,17.10978],[106.56271,17.11036],[106.56468,17.11078],[106.56574,17.11082],[106.56697,17.11196],[106.56727,17.11249],[106.56871,17.1134],[106.56945,17.11348],[106.57022,17.11431],[106.57187,17.11488],[106.57259,17.11527],[106.57432,17.11579],[106.57511,17.11656],[106.57551,17.11732],[106.57497,17.11863],[106.57413,17.12],[106.57437,17.12041],[106.57579,17.12159],[106.57621,17.12123],[106.57785,17.11901],[106.57896,17.11718],[106.57992,17.11678],[106.5813,17.11668],[106.583,17.11627],[106.58366,17.11564],[106.58429,17.11457],[106.58468,17.11334],[106.58432,17.11193],[106.58381,17.10921],[106.58362,17.10673],[106.5839,17.10558],[106.58326,17.10389],[106.58357,17.10199],[106.58317,17.10143],[106.58149,17.1012],[106.58073,17.10021],[106.57953,17.09981],[106.57869,17.09918],[106.5782,17.09841],[106.57822,17.09758],[106.57931,17.09687],[106.58016,17.09655],[106.58156,17.0966],[106.58268,17.09684],[106.58366,17.09667],[106.5854,17.09509],[106.58669,17.09441],[106.58817,17.09433],[106.59231,17.09479],[106.59369,17.09465],[106.59508,17.09403],[106.59634,17.09306],[106.59643,17.09224],[106.59571,17.09185],[106.59508,17.09051],[106.59513,17.08992],[106.59572,17.08966],[106.59792,17.08998],[106.59846,17.08975],[106.59863,17.08918],[106.59808,17.08837],[106.59778,17.08695],[106.59853,17.08616]]},"properties":{"kind":"river","class":"river","name":"Sông Long Đại"}},{"type":"Feature","geometry":{"type":"LineString","coordinates":[[107.22616,16.76325],[107.22376,16.76384],[107.22263,16.76442],[107.22151,16.76407],[107.22133,16.76329],[107.22179,16.76081],[107.22152,16.76034],[107.22014,16.7608],[107.21879,16.76009],[107.21787,16.76],[107.21669,16.75958],[107.21612,16.75971],[107.21548,16.76039],[107.21446,16.7605],[107.21295,16.76001],[107.2114,16.75907],[107.21004,16.75866],[107.20956,16.75834],[107.20941,16.7573],[107.21013,16.75624],[107.21072,16.75589],[107.21101,16.75511],[107.21198,16.75512],[107.21253,16.75468],[107.21257,16.75368],[107.21283,16.75337],[107.21455,16.75233],[107.21483,16.75126],[107.21447,16.74987],[107.21488,16.74882],[107.21541,16.74814],[107.21656,16.74752],[107.21798,16.74706],[107.21879,16.74729],[107.21921,16.74792],[107.22039,16.74828],[107.22159,16.74802],[107.22249,16.74809],[107.22275,16.74735],[107.22345,16.74628],[107.22488,16.74601],[107.22557,16.74513],[107.22627,16.74469],[107.22565,16.74398],[107.22591,16.74134],[107.22622,16.74091],[107.22733,16.7404],[107.2285,16.73964],[107.22859,16.73925],[107.22784,16.73888],[107.22661,16.73766],[107.22474,16.7353],[107.22413,16.73415],[107.22413,16.73331],[107.22504,16.73178],[107.22569,16.73113],[107.22554,16.73008],[107.22377,16.72953],[107.22314,16.72921],[107.22251,16.72953],[107.22166,16.72947],[107.22131,16.72913],[107.2214,16.72815],[107.2223,16.72661],[107.22226,16.72591],[107.22132,16.72485],[107.22128,16.72406],[107.22177,16.72247],[107.22237,16.72113],[107.22244,16.71973],[107.22272,16.71955],[107.22404,16.71961],[107.2248,16.71895],[107.22624,16.71813],[107.22803,16.71687],[107.22957,16.71636],[107.22885,16.71555],[107.22903,16.71476],[107.23065,16.71331],[107.23075,16.71153],[107.23146,16.7099],[107.23086,16.70895],[107.2295,16.70843],[107.23019,16.70669],[107.23031,16.70598],[107.23177,16.70434],[107.23188,16.70404],[107.23131,16.70191],[107.2308,16.70154],[107.22971,16.70132],[107.22941,16.70066],[107.23193,16.6989],[107.23233,16.69769],[107.23371,16.69757],[107.23487,16.69637],[107.2352,16.6963],[107.23632,16.69678],[107.23696,16.69739],[107.2375,16.69723],[107.23771,16.69619],[107.23758,16.69542],[107.23824,16.6952],[107.23873,16.69588],[107.23992,16.69698],[107.24072,16.69708],[107.24131,16.69656],[107.2422,16.69624],[107.24235,16.69584],[107.24055,16.69519],[107.24004,16.69476],[107.23971,16.69321],[107.23891,16.69233],[107.23751,16.69177],[107.23745,16.69126],[107.2378,16.68862],[107.23676,16.68878],[107.2359,16.68851],[107.23497,16.68728],[107.23285,16.6862],[107.23217,16.68562],[107.23195,16.68478],[107.2323,16.68367],[107.2317,16.68193],[107.22958,16.68091],[107.22837,16.67999],[107.22653,16.67893],[107.22617,16.67764],[107.22656,16.67648],[107.22611,16.67519],[107.22496,16.6743],[107.22448,16.67344],[107.22379,16.67277],[107.22218,16.67184],[107.22104,16.67087],[107.22014,16.66946],[107.21955,16.66807],[107.21913,16.66761],[107.21742,16.66708],[107.2163,16.66701],[107.2145,16.66763],[107.21363,16.66849],[107.21184,16.67052],[107.21022,16.67207],[107.20957,16.67199],[107.20902,16.67107],[107.20764,16.66986],[107.20709,16.66828],[107.20613,16.66741],[107.20547,16.66641],[107.20399,16.66604],[107.20297,16.66557],[107.20316,16.66517],[107.20404,16.66478],[107.20478,16.66415],[107.20464,16.66332],[107.20482,16.66241],[107.20433,16.66193],[107.20207,16.66265],[107.20051,16.66189],[107.20067,16.66059],[107.2011,16.66022],[107.20134,16.65936],[107.20032,16.65926],[107.19895,16.65963],[107.19869,16.65949],[107.19842,16.65781],[107.19754,16.65702],[107.19645,16.65758],[107.19446,16.65751],[107.19398,16.65706],[107.19419,16.65614],[107.19493,16.65589],[107.19518,16.65493],[107.19396,16.65452],[107.19343,16.65409],[107.19311,16.65299],[107.19368,16.65259],[107.19544,16.65297],[107.19608,16.65129],[107.19612,16.65038],[107.19556,16.64976],[107.19466,16.65034],[107.194,16.64988],[107.19428,16.64893],[107.19411,16.64826],[107.19436,16.64772],[107.19639,16.64525],[107.19608,16.64443],[107.19459,16.64456],[107.19416,16.64544],[107.19329,16.64552],[107.19256,16.64474],[107.19215,16.64381],[107.19099,16.64206],[107.19019,16.64196],[107.19,16.64331],[107.18976,16.64377],[107.18906,16.64364],[107.18823,16.64304],[107.1868,16.64284],[107.18668,16.64357],[107.18606,16.64409],[107.18552,16.64393],[107.18438,16.64218],[107.18339,16.64167],[107.18252,16.64063],[107.18196,16.64072],[107.18144,16.64125],[107.18065,16.64093],[107.18056,16.6397],[107.18079,16.63931],[107.18032,16.63845],[107.17697,16.63759],[107.1766,16.63713],[107.17637,16.63612],[107.17577,16.63564],[107.17507,16.63546],[107.17388,16.63577],[107.17288,16.63487],[107.17222,16.63455],[107.17194,16.63395],[107.17218,16.63308],[107.17188,16.63266],[107.1711,16.63252],[107.16968,16.63305],[107.16895,16.63303],[107.16853,16.63257],[107.16851,16.63158],[107.16764,16.63128],[107.16685,16.6303],[107.16656,16.62906],[107.16716,16.62802],[107.16636,16.62782],[107.16476,16.6286],[107.16409,16.62748],[107.1645,16.62611],[107.16422,16.62449],[107.1634,16.62404],[107.1635,16.62336],[107.16458,16.62282],[107.16487,16.62167],[107.1654,16.62066],[107.16509,16.62007],[107.16554,16.61935],[107.16559,16.61872],[107.16607,16.61773],[107.16682,16.61749],[107.1682,16.61736],[107.16811,16.61708],[107.16676,16.61614],[107.16502,16.61516],[107.16504,16.6143],[107.16448,16.61253],[107.16366,16.6123],[107.16329,16.6119],[107.1632,16.61086],[107.16226,16.61049],[107.16056,16.60934],[107.16032,16.60904],[107.16098,16.60836],[107.16075,16.6078],[107.15985,16.60768],[107.15986,16.60672],[107.15962,16.60587],[107.15917,16.60573],[107.15825,16.60624],[107.15577,16.60642],[107.15569,16.60554],[107.15521,16.60538],[107.15459,16.60614],[107.15392,16.60627],[107.15351,16.60568],[107.15284,16.60635],[107.15216,16.60632],[107.1518,16.60354],[107.15191,16.60256],[107.15103,16.60198],[107.14964,16.6016],[107.14761,16.6004],[107.14705,16.59979],[107.14592,16.59943],[107.14562,16.59864],[107.14608,16.59825],[107.14564,16.5977],[107.14479,16.59823],[107.14404,16.59789],[107.14285,16.59839],[107.14183,16.5983],[107.1409,16.59776],[107.13991,16.59771],[107.13928,16.59674],[107.13856,16.5966],[107.13814,16.59686],[107.13753,16.59617],[107.13645,16.59614],[107.13531,16.59516],[107.13457,16.59518],[107.1333,16.59394],[107.13314,16.59306],[107.13448,16.59188],[107.13404,16.59116],[107.13252,16.59088],[107.1327,16.59019],[107.13198,16.58956],[107.13099,16.58918],[107.13065,16.58777],[107.12925,16.58772],[107.12882,16.58727],[107.12864,16.58636],[107.12714,16.58579],[107.12607,16.58498],[107.12502,16.58498],[107.12466,16.58545],[107.1247,16.58616],[107.12372,16.58616],[107.12306,16.58574],[107.12159,16.58423],[107.12081,16.58296],[107.11986,16.58178],[107.11862,16.58122],[107.11771,16.58178],[107.11686,16.58147],[107.11696,16.58004],[107.11607,16.57995],[107.11551,16.58047],[107.11458,16.57996],[107.11521,16.57909],[107.11466,16.57854],[107.11473,16.57804],[107.11559,16.57774],[107.11537,16.57721],[107.11383,16.57673],[107.11313,16.57667]]},"properties":{"kind":"river","class":"river","name":"Sông Nhùng"}},{"type":"Feature","geometry":{"type":"LineString","coordinates":[[107.19081,16.90376],[107.18894,16.9026],[107.18518,16.90081],[107.1817,16.89902],[107.17746,16.8966],[107.17317,16.89387],[107.16897,16.89092],[107.15999,16.88374],[107.15549,16.88038],[107.15419,16.87906],[107.15337,16.87739],[107.15257,16.8743],[107.15169,16.87203],[107.14939,16.86809],[107.14864,16.86726],[107.14784,16.8667],[107.14672,16.86627],[107.14159,16.86532],[107.13841,16.86437],[107.13612,16.86342],[107.13347,16.86215],[107.13168,16.86091],[107.13074,16.85992],[107.12957,16.85799],[107.12895,16.85633],[107.12768,16.85379],[107.12635,16.85177],[107.12553,16.84986],[107.12518,16.84811],[107.12527,16.84573],[107.12604,16.84215],[107.12745,16.83517],[107.1281,16.83238],[107.129,16.83012],[107.12984,16.82883],[107.13087,16.82766],[107.13522,16.82381],[107.13847,16.82174],[107.13915,16.82106],[107.14014,16.81942],[107.14272,16.8125],[107.14354,16.81004],[107.1445,16.80848],[107.14592,16.80726],[107.14701,16.80672],[107.14892,16.80633],[107.1511,16.8066],[107.15625,16.80836],[107.15849,16.80866],[107.15965,16.80848],[107.16074,16.808],[107.16205,16.8068],[107.16266,16.80531],[107.16324,16.80264],[107.16332,16.80083],[107.16313,16.79901],[107.1627,16.79737],[107.16085,16.79335],[107.15949,16.79146],[107.15747,16.78979],[107.15711,16.78925],[107.15707,16.78803],[107.15764,16.78679],[107.15842,16.78591],[107.15979,16.78478],[107.16167,16.78355],[107.16257,16.78282],[107.16422,16.78118],[107.16671,16.7782],[107.16846,16.77594],[107.16911,16.77522],[107.17046,16.77425],[107.17168,16.77374],[107.17271,16.77369],[107.17355,16.77397],[107.17507,16.77512],[107.17669,16.77594],[107.178,16.77618],[107.17906,16.77621],[107.18038,16.77603],[107.18164,16.77562],[107.18343,16.77453],[107.18451,16.77341],[107.1852,16.77232],[107.18591,16.77029],[107.1862,16.76828],[107.18611,16.76561],[107.18579,16.76361],[107.18475,16.75859],[107.18212,16.74918],[107.18145,16.74605],[107.18105,16.74238],[107.18103,16.73574],[107.18093,16.7349],[107.1803,16.73333],[107.17917,16.73204],[107.17826,16.73145],[107.17327,16.72906],[107.17161,16.72799],[107.17042,16.7268],[107.16948,16.72538],[107.16893,16.72407],[107.16858,16.72239],[107.16839,16.71965],[107.16808,16.71787],[107.16733,16.71534],[107.16666,16.71375],[107.16484,16.71019],[107.16419,16.70929],[107.16336,16.70854],[107.16197,16.70779],[107.15677,16.70638],[107.15202,16.70524],[107.15044,16.70461],[107.14906,16.7037],[107.14828,16.70298],[107.14714,16.70151],[107.14604,16.70062],[107.14488,16.70026],[107.14332,16.70039],[107.1406,16.70129],[107.13925,16.70154],[107.13794,16.70144],[107.13713,16.70121],[107.13585,16.7005],[107.13502,16.69981],[107.13019,16.69542],[107.12811,16.6938],[107.12263,16.69074],[107.11928,16.68865],[107.11799,16.68763],[107.11728,16.6867],[107.11711,16.68615],[107.11727,16.68482],[107.11855,16.68239],[107.11901,16.68055],[107.11921,16.67722],[107.11907,16.67559],[107.11863,16.67372],[107.11757,16.67108],[107.11681,16.66968],[107.11516,16.66751],[107.11333,16.66453],[107.11267,16.66391],[107.11152,16.66351],[107.1104,16.66352],[107.10853,16.66397],[107.10692,16.66484],[107.10546,16.66585],[107.10467,16.66579],[107.10376,16.66505],[107.10349,16.66435],[107.10305,16.66134],[107.10267,16.6602],[107.10183,16.65958],[107.10106,16.65957],[107.10024,16.65992],[107.09685,16.66235],[107.09507,16.66401],[107.09364,16.66454],[107.09237,16.66405],[107.09161,16.66293],[107.09073,16.65925],[107.09028,16.6578],[107.08927,16.65539],[107.0883,16.65456],[107.08697,16.65447],[107.08566,16.65492],[107.08345,16.65611],[107.08264,16.65615],[107.08175,16.65559],[107.07973,16.65303],[107.0789,16.65243],[107.07784,16.65218],[107.07633,16.65223],[107.07363,16.65215],[107.07089,16.6524],[107.06991,16.65232],[107.06878,16.6516],[107.06762,16.64996],[107.06722,16.64901],[107.06717,16.64816],[107.06745,16.64737],[107.06813,16.64668],[107.06891,16.64636],[107.07047,16.64604],[107.07089,16.64552],[107.07096,16.64464],[107.07046,16.64376],[107.06929,16.64301],[107.06819,16.64289],[107.06614,16.64317],[107.06512,16.6432],[107.06377,16.6429],[107.06239,16.64195],[107.06175,16.64099],[107.06165,16.63978],[107.06196,16.63855],[107.06178,16.63788],[107.06117,16.63689],[107.06009,16.63596],[107.05932,16.63562],[107.05819,16.63543],[107.05602,16.63545],[107.05438,16.63487],[107.05399,16.63483],[107.05194,16.63526],[107.04911,16.63622],[107.03755,16.64037],[107.03567,16.64095],[107.03275,16.64157],[107.02776,16.64206],[107.02654,16.64228],[107.02487,16.64228],[107.02366,16.64196],[107.0206,16.64054],[107.01731,16.63959],[107.01634,16.63947],[107.01485,16.63975],[107.01287,16.64085],[107.01109,16.64151],[107.009,16.64189],[107.00244,16.64231],[107.00036,16.64292],[106.99934,16.64355],[106.99719,16.64532],[106.99621,16.64578],[106.99408,16.64628],[106.98194,16.65077],[106.9805,16.65108],[106.97965,16.65109],[106.97562,16.65066],[106.97303,16.65067],[106.97114,16.65092],[106.96835,16.6516],[106.96663,16.65172],[106.96532,16.65293],[106.96415,16.65326],[106.9617,16.65349],[106.96008,16.65278],[106.95907,16.6526],[106.95659,16.65266],[106.95454,16.65247],[106.95211,16.65258],[106.95101,16.65249],[106.95033,16.65283],[106.94921,16.65403],[106.94858,16.65448],[106.94761,16.65604],[106.94564,16.65689],[106.93639,16.65959],[106.93441,16.66046],[106.93347,16.66113],[106.93176,16.66263],[106.92765,16.66568],[106.92692,16.66637],[106.92609,16.66638],[106.92428,16.66484],[106.92335,16.66463],[106.92001,16.6647],[106.91511,16.66423],[106.91334,16.66463],[106.91057,16.66592],[106.90867,16.6675],[106.90698,16.66879],[106.90414,16.67056],[106.90337,16.67132],[106.90297,16.67219],[106.90242,16.6753],[106.90169,16.67797],[106.90102,16.679],[106.9003,16.67952],[106.89827,16.68045],[106.89611,16.68122],[106.89539,16.68164],[106.89353,16.68339],[106.89262,16.68391],[106.89112,16.6843],[106.88964,16.68428],[106.88845,16.6839],[106.88726,16.68327]]},"properties":{"kind":"river","class":"river","name":"Sông Thạch Hãn"}},{"type":"Feature","geometry":{"type":"LineString","coordinates":[[106.79142,16.60336],[106.79175,16.60396],[106.79138,16.60481],[106.79122,16.60578],[106.79012,16.6069],[106.78984,16.60775],[106.79001,16.60823],[106.78955,16.60899],[106.78927,16.61117],[106.79034,16.61235],[106.79017,16.61277],[106.78929,16.61332],[106.78873,16.61332],[106.78787,16.61292],[106.78729,16.61338],[106.78673,16.61421],[106.78672,16.61483],[106.78803,16.61503],[106.78875,16.61608],[106.7888,16.61762],[106.78809,16.61906],[106.78613,16.61968],[106.78592,16.62045],[106.78432,16.62168],[106.78309,16.62201],[106.78116,16.62224],[106.78086,16.6221],[106.77985,16.62271],[106.77958,16.62311],[106.77729,16.62389],[106.77681,16.62482],[106.77737,16.62651],[106.77822,16.62803],[106.7791,16.62928],[106.78015,16.63018],[106.78084,16.63038],[106.78182,16.63008],[106.7827,16.62886],[106.78358,16.62876],[106.78452,16.62959],[106.78478,16.6304],[106.7845,16.6312],[106.78364,16.63224],[106.78411,16.6329],[106.78647,16.63144],[106.78849,16.63043],[106.78904,16.6306],[106.7893,16.63124],[106.78943,16.63286],[106.78911,16.63394],[106.78833,16.63438],[106.78758,16.63522],[106.78739,16.63585],[106.78826,16.63627],[106.78975,16.63579],[106.79088,16.63601],[106.79097,16.63696],[106.79059,16.63762],[106.79097,16.63877],[106.79157,16.63934],[106.79284,16.63962]]},"properties":{"kind":"river","class":"river","name":"S. Khe Giông"}},{"type":"Feature","geometry":{"type":"LineString","coordinates":[[106.88726,16.68327],[106.88687,16.68395],[106.88723,16.68511],[106.88823,16.68599],[106.88763,16.6873],[106.88804,16.68785],[106.88857,16.68702],[106.88897,16.68721],[106.88932,16.68868],[106.89024,16.68918],[106.8902,16.68964],[106.88915,16.69045],[106.88831,16.68995],[106.88763,16.69003],[106.88618,16.68899],[106.88578,16.68953],[106.88606,16.69095],[106.88566,16.69133],[106.8841,16.69137],[106.88326,16.69249],[106.88137,16.69356],[106.88085,16.69499],[106.88029,16.69576],[106.87931,16.69552],[106.87767,16.69763],[106.87632,16.69869],[106.8754,16.6987],[106.87351,16.69932],[106.87327,16.69984],[106.87395,16.70041],[106.873,16.70182],[106.8725,16.70288],[106.87134,16.7028],[106.87053,16.70364],[106.87003,16.70456],[106.86902,16.70441],[106.86838,16.70457],[106.86763,16.70565],[106.86752,16.70699],[106.86721,16.70817],[106.86661,16.70906],[106.86554,16.71007],[106.86478,16.71181],[106.86346,16.71453],[106.86352,16.7152],[106.86306,16.7159],[106.86177,16.71644],[106.86258,16.71745],[106.86259,16.71813],[106.86208,16.71849],[106.86201,16.71934],[106.86164,16.72016],[106.86189,16.72121],[106.86174,16.72178],[106.86062,16.72335],[106.85991,16.72414],[106.85997,16.72568],[106.85923,16.7259],[106.8599,16.72769],[106.85935,16.72799],[106.85897,16.7289],[106.85912,16.72949],[106.85861,16.72998],[106.85929,16.73053],[106.85799,16.73186],[106.85714,16.73223],[106.85669,16.73292],[106.85621,16.73309],[106.85464,16.73298],[106.85408,16.73268],[106.85308,16.73115],[106.85208,16.73035],[106.85177,16.72964],[106.85093,16.72917],[106.85112,16.72854],[106.84932,16.72696],[106.84871,16.72688],[106.84787,16.72747],[106.84749,16.72693],[106.84675,16.72767],[106.84548,16.72814]]},"properties":{"kind":"river","class":"river","name":"Khe Song"}},{"type":"Feature","geometry":{"type":"LineString","coordinates":[[106.88233,16.90359],[106.88349,16.90334],[106.88555,16.90387],[106.88579,16.9046],[106.88469,16.90584],[106.88485,16.90683],[106.88653,16.90952],[106.88775,16.90959],[106.88838,16.91126],[106.89073,16.91166],[106.89175,16.91126],[106.89293,16.90965],[106.89458,16.90984],[106.89538,16.90916],[106.89638,16.90755],[106.89725,16.90736],[106.89793,16.90755],[106.89882,16.90935],[106.89952,16.90984],[106.89992,16.91121],[106.8997,16.91246],[106.89809,16.91338],[106.89786,16.91425],[106.89862,16.91509],[106.90284,16.91494],[106.90413,16.91457],[106.90523,16.91457],[106.90604,16.91513],[106.90621,16.91611],[106.90574,16.91738],[106.9059,16.91808],[106.9068,16.91855],[106.90922,16.9184],[106.9112,16.91862],[106.91334,16.91984],[106.91377,16.92041],[106.91467,16.92069],[106.91469,16.92159],[106.91561,16.92324],[106.91763,16.92345],[106.91863,16.92311],[106.91887,16.92149],[106.92013,16.92072],[106.92107,16.92105],[106.92054,16.92282],[106.9206,16.92383],[106.92156,16.92388],[106.92257,16.9234],[106.92411,16.92527],[106.92614,16.92524],[106.92749,16.92358],[106.92897,16.92323],[106.92975,16.924],[106.93087,16.92393],[106.93163,16.92465],[106.93251,16.92636],[106.93329,16.92716],[106.93417,16.92656],[106.93514,16.92412],[106.93633,16.9241],[106.93787,16.92345],[106.94031,16.9237],[106.94044,16.92542],[106.94114,16.92646],[106.94239,16.92723],[106.94411,16.9297],[106.94437,16.93087],[106.94312,16.93161],[106.94263,16.93219],[106.94385,16.93378],[106.9452,16.93333],[106.94695,16.93357],[106.94767,16.93555],[106.94929,16.93634],[106.94949,16.93746],[106.94804,16.93893],[106.94632,16.93704],[106.94468,16.93831],[106.94481,16.94007],[106.94663,16.94099],[106.9472,16.94172],[106.94692,16.94271],[106.94611,16.94351],[106.94497,16.94398],[106.94252,16.94368],[106.94187,16.94453],[106.94208,16.94567],[106.94437,16.9455],[106.94588,16.94709],[106.94622,16.94925],[106.94653,16.94983],[106.94773,16.94955],[106.94897,16.94965],[106.94926,16.95035],[106.94869,16.95085],[106.94827,16.95212],[106.94918,16.95326],[106.95098,16.95388],[106.95144,16.9547],[106.9509,16.9552],[106.95074,16.95649],[106.94988,16.95814],[106.95027,16.95948],[106.94991,16.96043],[106.94926,16.96038],[106.94835,16.9611],[106.94806,16.96174],[106.94913,16.96212],[106.95233,16.96363],[106.95641,16.96642],[106.95678,16.96754],[106.9589,16.96902],[106.96015,16.96894],[106.96097,16.96802],[106.9614,16.96715],[106.96081,16.9665],[106.96052,16.96477],[106.96152,16.96376],[106.9623,16.96364],[106.96388,16.96412],[106.96432,16.96461],[106.96437,16.96778],[106.96495,16.96829],[106.96759,16.96786],[106.96826,16.96728],[106.9682,16.96663],[106.96745,16.96538],[106.96743,16.9649],[106.96827,16.96458],[106.96985,16.96451],[106.97034,16.964],[106.97041,16.96202],[106.97075,16.96077],[106.9713,16.95997],[106.97212,16.95982],[106.97259,16.9612],[106.97258,16.96186],[106.97317,16.96275],[106.97371,16.96291],[106.9752,16.96202],[106.97597,16.96215],[106.9769,16.96265],[106.97743,16.96326],[106.97786,16.96535],[106.97821,16.96628],[106.97884,16.96688],[106.9798,16.96706],[106.98189,16.96675],[106.98261,16.9671],[106.98559,16.96994],[106.98876,16.97177],[106.99018,16.97202],[106.99209,16.97165],[106.99366,16.97193],[106.99623,16.97473],[106.9976,16.97563],[107.00168,16.97687],[107.00807,16.97955],[107.01028,16.97994],[107.01148,16.9799],[107.0128,16.97956],[107.01576,16.97795],[107.0189,16.97658],[107.02439,16.97444],[107.02717,16.97346],[107.02997,16.97262],[107.03181,16.97239],[107.03415,16.9724],[107.03627,16.97267],[107.03828,16.97322],[107.04254,16.97411],[107.04765,16.97562],[107.05314,16.9789],[107.05503,16.9812],[107.05503,16.98399],[107.05465,16.98686],[107.05433,16.98806],[107.05366,16.98908],[107.05225,16.99059],[107.05125,16.99117],[107.05062,16.99185],[107.04951,16.99364],[107.04919,16.99521],[107.04937,16.99893],[107.05108,17.00353],[107.05435,17.00747],[107.05555,17.00862],[107.05692,17.0096],[107.05834,17.01016],[107.06018,17.01026],[107.06344,17.00944],[107.06722,17.00582],[107.06904,17.00559],[107.07323,17.005],[107.0759,16.99975],[107.07667,16.99904],[107.07786,16.99844],[107.08242,16.99708],[107.08275,16.99687],[107.08412,16.99528],[107.08429,16.9949],[107.08495,16.99217],[107.08604,16.99077],[107.08719,16.99016],[107.0883,16.98996],[107.09086,16.99004],[107.09191,16.99033],[107.09377,16.99142],[107.09503,16.99269],[107.09552,16.99356],[107.09684,16.9976],[107.0975,16.99819],[107.10207,16.99975],[107.10434,17.00141],[107.10602,17.0032],[107.10708,17.00826],[107.10723,17.0105],[107.10881,17.01301]]},"properties":{"kind":"river","class":"river","name":"Sông Bến Hải"}},{"type":"Feature","geometry":{"type":"LineString","coordinates":[[106.90674,17.0148],[106.90568,17.01554],[106.90487,17.01652],[106.90317,17.01603],[106.9028,17.01688],[106.90228,17.01739],[106.90107,17.01769],[106.89875,17.01687],[106.89775,17.01733],[106.89695,17.01678],[106.89647,17.01715],[106.89566,17.01726],[106.8936,17.01814],[106.89318,17.01631],[106.89249,17.01546],[106.89086,17.01585],[106.88861,17.01563],[106.88784,17.01497],[106.88678,17.01479],[106.88675,17.0156],[106.88641,17.01593],[106.88396,17.01548],[106.88325,17.01591],[106.88316,17.01692],[106.88242,17.01755],[106.88137,17.017],[106.87924,17.0175],[106.87848,17.01716],[106.8779,17.01589],[106.87832,17.01478],[106.8779,17.01448],[106.87703,17.0149],[106.87652,17.01549],[106.87624,17.0176],[106.87546,17.01766],[106.87529,17.01647],[106.87451,17.01608],[106.87324,17.01592],[106.87304,17.01506],[106.87353,17.01425],[106.87392,17.01292],[106.87341,17.01254],[106.87255,17.01239],[106.87143,17.01318],[106.87027,17.01293],[106.87057,17.01195],[106.8714,17.01155],[106.87035,17.01005],[106.86936,17.00935],[106.86797,17.00917],[106.86757,17.00877],[106.86759,17.00811],[106.86827,17.00678],[106.86771,17.00594],[106.86657,17.00523],[106.86575,17.00541],[106.86348,17.00465],[106.8625,17.00484],[106.86155,17.00543],[106.86031,17.00541],[106.85957,17.00422],[106.859,17.0028],[106.85903,17.00204],[106.85844,17.00123],[106.85718,17.00073],[106.85605,17.00101],[106.85496,17.00175],[106.85409,17.00093],[106.85417,17.00041],[106.8548,17.00007],[106.85533,16.99892],[106.85449,16.99857],[106.85423,16.99803],[106.85307,16.99649],[106.85293,16.99471],[106.85146,16.99409],[106.84986,16.9946],[106.84974,16.99519],[106.84896,16.99584],[106.84714,16.99534],[106.84506,16.99548],[106.84415,16.99506],[106.84419,16.99379],[106.84306,16.99254],[106.84277,16.99251],[106.84152,16.99315],[106.84077,16.99274],[106.84063,16.99188],[106.83985,16.99011],[106.8396,16.98925],[106.84024,16.9885],[106.8413,16.98686],[106.84189,16.98484],[106.84189,16.98402],[106.8413,16.98409],[106.83988,16.9854],[106.83883,16.98599],[106.83845,16.98557],[106.83893,16.98453],[106.83822,16.98432],[106.8366,16.98506],[106.836,16.98501],[106.83617,16.98421],[106.83568,16.9814],[106.83602,16.98059],[106.83587,16.97956],[106.83467,16.97799],[106.83438,16.97734],[106.83378,16.97676],[106.83224,16.97632],[106.83198,16.97701],[106.83295,16.9781],[106.83228,16.97859],[106.83031,16.97762],[106.82877,16.97784],[106.82868,16.97657],[106.82914,16.97535],[106.82894,16.97383],[106.82915,16.97338],[106.82823,16.97237],[106.82791,16.97121],[106.82854,16.97051],[106.82812,16.96965],[106.82683,16.96992],[106.82534,16.96917],[106.82388,16.96957],[106.82288,16.9691],[106.82241,16.96866],[106.82085,16.96822],[106.81918,16.96801],[106.81894,16.96735]]},"properties":{"kind":"river","class":"river","name":"Rào Quang"}},{"type":"Feature","geometry":{"type":"LineString","coordinates":[[107.14243,16.80179],[107.14227,16.8004],[107.14238,16.79855],[107.14282,16.79759],[107.14329,16.79746],[107.145,16.79818],[107.14519,16.79883],[107.14491,16.79953],[107.14528,16.79979],[107.14689,16.79892],[107.14734,16.79813],[107.14734,16.79604],[107.14674,16.79439],[107.14593,16.793],[107.14603,16.79257],[107.14692,16.7922],[107.14727,16.79131],[107.14794,16.79057],[107.14724,16.79016],[107.14664,16.7906],[107.14603,16.79025],[107.14577,16.78946],[107.14626,16.78891],[107.14734,16.78905],[107.14828,16.78852],[107.14955,16.78875],[107.15109,16.78879],[107.15206,16.78857],[107.15309,16.78795],[107.15294,16.78752],[107.15311,16.78652],[107.15289,16.78514],[107.1518,16.78289],[107.15107,16.78326],[107.15021,16.78311],[107.15016,16.78261],[107.15077,16.78218],[107.14929,16.78121],[107.14855,16.78039],[107.14856,16.77951],[107.14938,16.77977],[107.14977,16.77922],[107.14964,16.77849],[107.14887,16.77769],[107.15009,16.77747],[107.15111,16.77647],[107.15125,16.77574],[107.15251,16.77513],[107.15248,16.77409],[107.1514,16.77319],[107.15054,16.7728],[107.15071,16.77179],[107.15007,16.77048],[107.14951,16.77016],[107.14946,16.76867],[107.14852,16.76783],[107.14756,16.76741],[107.14732,16.76701],[107.14755,16.76661],[107.14889,16.76578],[107.149,16.76521],[107.14832,16.76464],[107.14789,16.76385],[107.14768,16.76204],[107.14836,16.76098],[107.14894,16.76052],[107.14905,16.75981],[107.14768,16.75962],[107.14671,16.75862],[107.14704,16.75586],[107.1469,16.75531],[107.14614,16.75466],[107.14338,16.75485],[107.14246,16.75326],[107.14191,16.753],[107.14189,16.75227],[107.14283,16.75155],[107.14267,16.75084],[107.1411,16.75095],[107.1404,16.75057],[107.13893,16.75021],[107.13869,16.74933],[107.13818,16.74883],[107.13844,16.74685],[107.13812,16.74646],[107.13728,16.74664],[107.13658,16.74614],[107.13586,16.7466],[107.13495,16.74619],[107.13394,16.74653],[107.13407,16.74586],[107.13318,16.74546],[107.13302,16.74646],[107.13198,16.74594],[107.13144,16.74536],[107.13105,16.74408],[107.13152,16.74324],[107.13224,16.74289],[107.13258,16.74214],[107.1338,16.74101],[107.13224,16.74],[107.1315,16.74011],[107.13065,16.73982],[107.13024,16.73902],[107.13003,16.73772],[107.13023,16.73657],[107.13103,16.73579],[107.13087,16.73538],[107.12801,16.7345],[107.12725,16.73451],[107.12647,16.73523],[107.1252,16.735],[107.12516,16.73597],[107.12448,16.73639],[107.12302,16.7357],[107.12136,16.73543],[107.12058,16.73566],[107.1188,16.73542],[107.11948,16.73465],[107.12076,16.73429],[107.12064,16.73372],[107.11889,16.73245],[107.11774,16.73257],[107.11585,16.73226],[107.11509,16.73155],[107.11456,16.73056],[107.11359,16.72959],[107.11303,16.72959],[107.11267,16.73005],[107.1132,16.73108],[107.11309,16.73144],[107.11156,16.73157],[107.11054,16.73149],[107.11015,16.73064],[107.10947,16.72992],[107.10878,16.73011],[107.10707,16.72964],[107.10675,16.7303],[107.10547,16.72899],[107.10514,16.72815],[107.10465,16.72802],[107.10427,16.72891],[107.10344,16.72884],[107.10226,16.72834],[107.10239,16.7274],[107.10319,16.72646],[107.10332,16.72564],[107.10205,16.72475],[107.10129,16.72492],[107.10064,16.7239],[107.1008,16.72258],[107.09961,16.72152],[107.09875,16.72131],[107.09781,16.7207],[107.09637,16.72083],[107.09561,16.71995],[107.09489,16.7195],[107.09431,16.71868],[107.09265,16.71852],[107.09188,16.71764],[107.09247,16.717],[107.09265,16.71638],[107.09239,16.71532],[107.09139,16.71551],[107.09049,16.71536],[107.09054,16.7143],[107.09163,16.71407],[107.09171,16.71365],[107.09106,16.71322],[107.09042,16.71346],[107.08989,16.71253],[107.0885,16.71255],[107.0878,16.71235],[107.08722,16.71181],[107.08738,16.7111],[107.0871,16.71073],[107.08604,16.71036],[107.08469,16.71067],[107.08442,16.71012],[107.0851,16.70913],[107.08541,16.70834],[107.08511,16.70742],[107.08517,16.70672],[107.08426,16.70662],[107.08339,16.70613],[107.08385,16.70521],[107.08281,16.70427],[107.08206,16.70392],[107.08218,16.70262],[107.08091,16.70282],[107.07976,16.70344],[107.07921,16.70326],[107.07921,16.70253],[107.07848,16.70238],[107.07765,16.70327],[107.0764,16.70399],[107.07558,16.70361],[107.07546,16.70285],[107.07484,16.70217],[107.0741,16.70176],[107.07256,16.70139]]},"properties":{"kind":"river","class":"river","name":"Sông Ái Tử"}},{"type":"Feature","geometry":{"type":"LineString","coordinates":[[107.31559,16.64947],[107.31591,16.65052],[107.31586,16.6517],[107.31559,16.65247],[107.31468,16.65423],[107.3142,16.65477],[107.31319,16.65524],[107.31249,16.65522],[107.31014,16.65427],[107.30923,16.65422],[107.30783,16.65442],[107.30706,16.65478],[107.30605,16.65564],[107.30449,16.65718],[107.30388,16.65831],[107.3038,16.65968],[107.30465,16.66207],[107.3046,16.66328],[107.30412,16.66395],[107.30218,16.6649],[107.30083,16.66628],[107.30024,16.66713],[107.29977,16.66861],[107.29942,16.67033],[107.29945,16.67174],[107.30061,16.67395],[107.30174,16.67761],[107.302,16.67906],[107.3013,16.68036],[107.29995,16.68099],[107.29832,16.68123],[107.297,16.68189],[107.29545,16.68327],[107.29379,16.68599],[107.2926,16.68933],[107.29249,16.69133],[107.29305,16.69327],[107.29498,16.6963],[107.29596,16.69748]]},"properties":{"kind":"river","class":"river","name":"Sông Ô Giang"}},{"type":"Feature","geometry":{"type":"MultiLineString","coordinates":[[[107.32622,16.61088],[107.32836,16.60825]],[[107.32265,16.61695],[107.32292,16.61583]],[[107.32012,16.62058],[107.3216,16.61891],[107.32226,16.61801]],[[107.31978,16.62088],[107.31884,16.62129],[107.31689,16.62178],[107.3137,16.62297],[107.31326,16.62318]],[[107.31071,16.62466],[107.31126,16.62419]],[[107.31104,16.62743],[107.31028,16.62592]],[[107.31577,16.63955],[107.31588,16.63827]],[[107.31206,16.63552],[107.31275,16.63579],[107.31321,16.63631],[107.31349,16.63738],[107.31333,16.63806]],[[107.31014,16.63564],[107.31076,16.63553]],[[107.30811,16.63689],[107.30832,16.63667]],[[107.30703,16.63845],[107.30751,16.63764]],[[107.30693,16.64063],[107.3067,16.63965],[107.30697,16.6386]],[[107.30702,16.6408],[107.30711,16.64097],[107.30802,16.64194]],[[107.35811,16.69884],[107.35742,16.6989],[107.3564,16.69843],[107.35465,16.69827],[107.35328,16.69869],[107.35108,16.6975],[107.35002,16.69678],[107.34927,16.69601],[107.34849,16.6945]],[[107.31284,16.6467],[107.31238,16.64628]],[[107.31507,16.64886],[107.3139,16.64766]],[[107.31682,16.65095],[107.31619,16.65009]],[[107.31899,16.65252],[107.3179,16.65226],[107.31747,16.65191]],[[107.3208,16.65271],[107.32008,16.65257]],[[107.32148,16.653],[107.32105,16.65279]],[[107.32185,16.65336],[107.32163,16.65312]],[[107.32232,16.65658],[107.3227,16.65565],[107.32185,16.65337]],[[107.31996,16.65863],[107.32028,16.65838]],[[107.31847,16.66065],[107.31908,16.65937]],[[107.31854,16.66243],[107.31835,16.66219]],[[107.32196,16.66459],[107.32091,16.66322],[107.31999,16.66264],[107.3186,16.66245]],[[107.32626,16.66539],[107.32505,16.6656],[107.32335,16.66541],[107.32297,16.66521]],[[107.32952,16.66561],[107.32923,16.6655]],[[107.33136,16.66788],[107.32979,16.66577]],[[107.33145,16.67395],[107.33135,16.67381]],[[107.33308,16.6752],[107.33173,16.67423]],[[107.33397,16.67831],[107.33391,16.67875],[107.33393,16.67885]],[[107.33407,16.67941],[107.33397,16.67912]],[[107.33519,16.68047],[107.33443,16.67989]],[[107.33586,16.68122],[107.33545,16.68068]],[[107.33895,16.68496],[107.33766,16.68444]],[[107.3424,16.68839],[107.34105,16.68675],[107.33949,16.68534]],[[107.34284,16.68955],[107.3428,16.68944]],[[107.34377,16.69099],[107.34312,16.69024]],[[107.34456,16.69128],[107.3441,16.69113]],[[107.34646,16.69168],[107.3462,16.69159]],[[107.34707,16.692],[107.34664,16.69178]],[[107.34762,16.69232],[107.34753,16.69225]],[[107.34812,16.69317],[107.3481,16.69311]]]},"properties":{"kind":"river","class":"river","name":"Sông Ô Lâu"}},{"type":"Feature","geometry":{"type":"LineString","coordinates":[[106.70642,16.68192],[106.70884,16.68316],[106.70986,16.68304],[106.71136,16.68178],[106.71154,16.68087],[106.71198,16.68001],[106.71399,16.67938],[106.71574,16.67859],[106.7178,16.67872],[106.7195,16.67743],[106.71998,16.67684],[106.72171,16.67571],[106.7223,16.67383],[106.72269,16.67332],[106.72437,16.67303],[106.7246,16.67235],[106.72374,16.6718],[106.72338,16.67083],[106.72424,16.67003],[106.72514,16.66988],[106.72568,16.6693],[106.72659,16.6691],[106.72905,16.66935],[106.73018,16.66908],[106.73068,16.66876],[106.73163,16.6666],[106.732,16.66609],[106.73377,16.66628],[106.73492,16.66588],[106.73547,16.66332],[106.73694,16.66106],[106.73758,16.66069],[106.73867,16.66058],[106.74054,16.66013],[106.74195,16.66034],[106.74262,16.66007],[106.74297,16.65916],[106.74296,16.65709],[106.74283,16.65616],[106.74294,16.6549],[106.74345,16.65414],[106.74642,16.65239],[106.74677,16.651],[106.74689,16.64898],[106.74777,16.64791],[106.74887,16.64727],[106.74961,16.64728],[106.75095,16.6481],[106.7516,16.64827],[106.75261,16.64755],[106.75243,16.64628],[106.75238,16.64322],[106.75261,16.64195],[106.75382,16.64047],[106.75469,16.64038],[106.75609,16.64096],[106.76029,16.64459],[106.7625,16.64567],[106.76765,16.64498],[106.76914,16.64534],[106.77004,16.64683],[106.77298,16.6486],[106.77391,16.6489],[106.77458,16.64872],[106.77558,16.64723],[106.77628,16.64577],[106.77702,16.64545],[106.7788,16.64565],[106.77974,16.64497],[106.78002,16.64439],[106.77971,16.64307],[106.7802,16.64123],[106.78073,16.64018],[106.7814,16.63954],[106.78213,16.63932],[106.78363,16.64003],[106.78559,16.64037],[106.78828,16.64012],[106.7892,16.64029],[106.79137,16.64033],[106.79223,16.64011],[106.79284,16.63962],[106.79352,16.639],[106.79428,16.6375],[106.79663,16.63448],[106.79803,16.63424],[106.79849,16.63434],[106.79896,16.635],[106.80028,16.63574],[106.80093,16.63715],[106.80124,16.63886],[106.80222,16.64044]]},"properties":{"kind":"river","class":"river","name":"Sông Rào Quán"}},{"type":"Feature","geometry":{"type":"LineString","coordinates":[[106.75277,17.09923],[106.75172,17.09969],[106.7493,17.10016],[106.74906,17.10048],[106.74948,17.10302],[106.74904,17.10441],[106.74985,17.10508],[106.75169,17.10588],[106.75416,17.10648],[106.75507,17.10765],[106.7555,17.10869],[106.75465,17.10953],[106.75472,17.11024],[106.75475,17.11052],[106.75595,17.11184],[106.75634,17.11278],[106.75595,17.1134],[106.75439,17.11518],[106.75475,17.11753],[106.75425,17.12075],[106.75434,17.12139],[106.7549,17.1225],[106.75581,17.12365],[106.75648,17.124],[106.75811,17.12445],[106.75815,17.12497],[106.7573,17.12589],[106.75655,17.12877],[106.75486,17.13115],[106.75452,17.13261],[106.75449,17.13419],[106.75512,17.13612],[106.75621,17.13724],[106.75659,17.14036],[106.75831,17.14122],[106.75912,17.14251],[106.75793,17.14548],[106.75891,17.14707],[106.76119,17.14889],[106.7628,17.14993],[106.76407,17.15105],[106.76473,17.15046],[106.76656,17.1469],[106.76747,17.14501],[106.76828,17.14393],[106.76914,17.14383],[106.77001,17.14479],[106.77027,17.14583],[106.77147,17.14644],[106.77262,17.14655],[106.77344,17.14711],[106.7745,17.14722],[106.77588,17.14642],[106.77664,17.14651],[106.77709,17.1472],[106.77691,17.14776],[106.77556,17.14973],[106.77552,17.15056],[106.77588,17.15102],[106.77749,17.15129],[106.78058,17.15081],[106.781,17.1511],[106.78132,17.15202],[106.7813,17.15407],[106.78151,17.15477],[106.78221,17.15524],[106.78278,17.15502],[106.78439,17.15323],[106.78568,17.15222],[106.78642,17.15189],[106.78702,17.15198],[106.78736,17.1532],[106.78657,17.15468],[106.78693,17.1574],[106.78744,17.1585],[106.78808,17.1591],[106.7888,17.1593],[106.78996,17.15912],[106.79155,17.1585],[106.79261,17.1576],[106.79316,17.15571],[106.79362,17.15502],[106.79434,17.15441],[106.79944,17.15175],[106.80292,17.14889],[106.804,17.14858],[106.80474,17.14916],[106.80501,17.15059],[106.80539,17.15658],[106.80554,17.15821],[106.80484,17.15986],[106.80366,17.16171],[106.79729,17.16797],[106.79669,17.16889],[106.79644,17.16998],[106.7982,17.17509],[106.79877,17.17722],[106.79909,17.18189],[106.79896,17.18352],[106.79754,17.18628],[106.79726,17.18745],[106.79716,17.18894],[106.79752,17.18981],[106.79881,17.19118],[106.80006,17.19234],[106.80287,17.19712],[106.80476,17.19882],[106.80618,17.19964],[106.80923,17.20074],[106.81128,17.20183],[106.81215,17.20259],[106.81276,17.20411],[106.81278,17.20521],[106.81232,17.20621],[106.81149,17.20688],[106.80523,17.20979],[106.80125,17.21106],[106.79856,17.21229],[106.79707,17.21321],[106.79612,17.21397],[106.79476,17.2157],[106.79301,17.21792],[106.79107,17.22012],[106.78899,17.22181],[106.78728,17.22279],[106.78624,17.22305],[106.78234,17.22339],[106.7811,17.22363],[106.77744,17.22513],[106.7767,17.2256],[106.77448,17.22792],[106.77293,17.22928],[106.77043,17.2308],[106.76827,17.23286],[106.76779,17.23311],[106.76669,17.23286],[106.76489,17.23087],[106.76417,17.23092],[106.76297,17.23199],[106.76067,17.23512],[106.75892,17.23668],[106.75807,17.2376],[106.75771,17.23849],[106.75756,17.24059],[106.75724,17.24137],[106.75669,17.24173],[106.75532,17.24193],[106.75134,17.24187],[106.75025,17.24233],[106.74824,17.24499],[106.74678,17.24613],[106.7462,17.24625],[106.74517,17.24685],[106.7446,17.24756],[106.74431,17.24873],[106.74424,17.25007],[106.74481,17.25168],[106.74504,17.25187],[106.74678,17.2518],[106.74779,17.25278],[106.75243,17.25547],[106.75537,17.25774],[106.75533,17.2581],[106.75459,17.25909],[106.75461,17.25969],[106.75535,17.26096],[106.7565,17.26221],[106.75709,17.26329],[106.75645,17.26469],[106.75434,17.26856],[106.75273,17.27169],[106.75012,17.27486],[106.74856,17.27657],[106.7476,17.27741],[106.74572,17.27958],[106.74248,17.28135],[106.73949,17.2828],[106.73774,17.28341],[106.73445,17.28408],[106.73143,17.28486],[106.72967,17.28566],[106.72743,17.28785],[106.72706,17.28893],[106.7267,17.29183],[106.72683,17.29689],[106.72569,17.30037],[106.72529,17.30115],[106.71802,17.31242],[106.7176,17.31276],[106.70953,17.31748],[106.70594,17.32027],[106.70361,17.32193],[106.70217,17.32349],[106.70106,17.32515],[106.70056,17.32633],[106.69975,17.32825],[106.69901,17.33206],[106.69675,17.33637],[106.69319,17.34335],[106.69141,17.34435],[106.68925,17.3444],[106.6851,17.34339],[106.68343,17.34373],[106.68195,17.34458],[106.68043,17.34628],[106.67699,17.3507],[106.67494,17.35218],[106.67261,17.35276],[106.67098,17.35285],[106.66983,17.35254],[106.66262,17.34923],[106.6537,17.34556],[106.65014,17.34549],[106.64553,17.34672],[106.64132,17.34903],[106.63578,17.3503]]},"properties":{"kind":"river","class":"river","name":"Sông Kiến Giang"}},{"type":"Feature","geometry":{"type":"LineString","coordinates":[[106.804,17.14858],[106.80346,17.14781],[106.80269,17.14611],[106.80196,17.14399],[106.80096,17.14217],[106.80118,17.14079],[106.80176,17.14018],[106.80305,17.14056],[106.80457,17.1399],[106.80538,17.13931],[106.80645,17.1381],[106.80711,17.13804],[106.8098,17.13917],[106.81259,17.13981],[106.81333,17.13968],[106.81402,17.13891],[106.81608,17.13767],[106.81713,17.13639],[106.81804,17.13564],[106.81897,17.13513],[106.81869,17.13414],[106.81841,17.13213],[106.81743,17.13204],[106.81666,17.13225],[106.81631,17.13196],[106.81686,17.13056],[106.8181,17.12955],[106.81965,17.12956],[106.82039,17.12978],[106.82054,17.12896],[106.81926,17.12846],[106.81856,17.12771],[106.81712,17.12665],[106.81761,17.12592],[106.81727,17.12503],[106.81644,17.12541],[106.81606,17.12499],[106.81652,17.12429],[106.81732,17.1241],[106.81732,17.123],[106.81616,17.12146],[106.81484,17.12061],[106.81508,17.1195],[106.81577,17.11875],[106.8169,17.11903],[106.81745,17.11876],[106.81786,17.1181],[106.81791,17.11739],[106.81924,17.11631],[106.81972,17.11521],[106.81976,17.11434],[106.82087,17.11394],[106.82222,17.11304]]},"properties":{"kind":"river","class":"river","name":"Rào Con"}},{"type":"Feature","geometry":{"type":"LineString","coordinates":[[106.75277,17.09923],[106.75368,17.09883],[106.75569,17.09563],[106.75681,17.0903],[106.75724,17.08758],[106.75737,17.08401],[106.75753,17.08295],[106.75821,17.08225],[106.75956,17.0818],[106.76229,17.08129],[106.76564,17.07914],[106.76591,17.07867],[106.76296,17.07614],[106.76108,17.07473],[106.76099,17.07412],[106.76239,17.07258],[106.76242,17.07219],[106.76106,17.07157],[106.75977,17.07131],[106.75896,17.07151],[106.75815,17.07104],[106.75867,17.06804],[106.75825,17.067],[106.75771,17.06633],[106.75701,17.06616],[106.75545,17.06761],[106.75485,17.06793],[106.75431,17.06745],[106.75394,17.06633],[106.7508,17.06523],[106.7499,17.06456],[106.74959,17.06394],[106.74969,17.0633],[106.75049,17.06171],[106.7507,17.0603],[106.75181,17.05996],[106.7535,17.06011],[106.754,17.0603],[106.75546,17.05948],[106.75594,17.05854],[106.75652,17.05585],[106.75734,17.05396],[106.75725,17.0522],[106.7569,17.05156],[106.75755,17.0505],[106.75887,17.0475],[106.75989,17.04626],[106.76174,17.04559],[106.76239,17.0451],[106.76306,17.04364],[106.7629,17.04277],[106.76229,17.04178],[106.76114,17.04073],[106.76074,17.03986],[106.76028,17.03805],[106.76053,17.03762],[106.76147,17.03737],[106.76296,17.03734],[106.76463,17.03754],[106.7653,17.03836],[106.76599,17.03868],[106.7671,17.03629],[106.76735,17.03525],[106.76841,17.03305],[106.76903,17.0325],[106.76916,17.03136],[106.76894,17.03028],[106.76819,17.02955],[106.76728,17.02955],[106.76646,17.03],[106.76593,17.03067],[106.76534,17.03281],[106.76487,17.03337],[106.76357,17.0334],[106.76318,17.03249],[106.76334,17.03194],[106.76513,17.03019],[106.76552,17.02899],[106.76543,17.02743],[106.76496,17.02686],[106.76312,17.0261],[106.76264,17.02572],[106.76231,17.02458],[106.7618,17.02451],[106.76107,17.0251],[106.76074,17.02754],[106.76167,17.02837],[106.76139,17.02912],[106.75987,17.02936],[106.75959,17.02979],[106.75802,17.02936],[106.75684,17.02856],[106.75632,17.02796],[106.75654,17.02657],[106.75709,17.02532],[106.75685,17.02417],[106.75503,17.0233],[106.75373,17.02306],[106.753,17.02373],[106.75284,17.02524],[106.7534,17.02597],[106.75313,17.02654],[106.75213,17.02674],[106.7513,17.02605],[106.7505,17.02625],[106.74993,17.02724],[106.74816,17.0297],[106.74759,17.02981],[106.74692,17.02881],[106.74666,17.02777],[106.7458,17.02675],[106.7446,17.02436],[106.7422,17.02206],[106.74059,17.01991],[106.73955,17.01789],[106.73847,17.01774],[106.73784,17.017],[106.7374,17.01502],[106.73709,17.01424],[106.73569,17.01337],[106.73531,17.01192],[106.73528,17.01075],[106.73611,17.00971],[106.73681,17.00796],[106.73682,17.0064],[106.7361,17.00487],[106.73683,17.00364],[106.73807,17.00356],[106.73874,17.00261],[106.73777,17.00107],[106.73772,17.00039],[106.73831,17.00009],[106.74072,16.99956],[106.74085,16.99914],[106.73905,16.99745],[106.73895,16.99627],[106.73952,16.99559],[106.74051,16.99547],[106.74091,16.99489],[106.74016,16.99352],[106.7406,16.99224]]},"properties":{"kind":"river","class":"river","name":"Rào Chân"}},{"type":"Feature","geometry":{"type":"LineString","coordinates":[[106.75472,17.11024],[106.75402,17.11027],[106.75285,17.10987],[106.7519,17.1107],[106.75196,17.11135],[106.75145,17.11206],[106.7507,17.11219],[106.74947,17.11315],[106.74818,17.11305],[106.74748,17.11191],[106.74683,17.11144],[106.7467,17.11015],[106.74542,17.1074],[106.745,17.10599],[106.74452,17.10581],[106.74233,17.10689],[106.74077,17.10754],[106.74022,17.10802],[106.73936,17.10934],[106.7385,17.10993],[106.73774,17.11136],[106.73704,17.11223],[106.73561,17.1135],[106.73476,17.11389],[106.73297,17.11381],[106.731,17.1142],[106.73091,17.11487],[106.73158,17.11532],[106.73218,17.11649],[106.73152,17.11741],[106.73054,17.11812],[106.72918,17.11783],[106.72728,17.11619],[106.72685,17.11509],[106.72625,17.1152],[106.72514,17.11594],[106.72469,17.11713],[106.72291,17.11892],[106.72211,17.11925],[106.7208,17.11842],[106.72028,17.11861],[106.71965,17.11945],[106.71879,17.12001],[106.7168,17.12025],[106.71633,17.1206],[106.71613,17.12166],[106.71572,17.12231],[106.717,17.12462],[106.7167,17.125],[106.71495,17.12609],[106.71203,17.12762],[106.70896,17.12942],[106.70828,17.13071],[106.70724,17.13212],[106.70696,17.13306],[106.70737,17.13436],[106.70641,17.13601],[106.70435,17.13726],[106.70411,17.13768],[106.704,17.13907],[106.70355,17.13956],[106.70177,17.14059],[106.70174,17.14129],[106.70205,17.14203],[106.70183,17.14439],[106.70114,17.14433],[106.69997,17.14326],[106.69862,17.14175],[106.69783,17.14059],[106.6971,17.1405],[106.69652,17.14087],[106.69552,17.14223],[106.69489,17.14251],[106.69286,17.14287],[106.69215,17.14287],[106.69169,17.1433],[106.69153,17.14431],[106.68955,17.14568],[106.68898,17.14689],[106.6885,17.14718],[106.68779,17.14693],[106.6871,17.14619],[106.68666,17.14606],[106.68498,17.14642],[106.68337,17.14706],[106.68275,17.14684],[106.68282,17.14618],[106.68438,17.14381],[106.68412,17.14344],[106.6826,17.14346],[106.68181,17.14314],[106.68117,17.14392],[106.68012,17.14356],[106.67903,17.1435],[106.67808,17.14397],[106.67699,17.14558],[106.67598,17.1455],[106.67514,17.14574],[106.67457,17.14688],[106.6737,17.14784],[106.67269,17.14844]]},"properties":{"kind":"river","class":"river","name":"Khe Bang"}},{"type":"Feature","geometry":{"type":"LineString","coordinates":[[106.72942,16.6231],[106.73001,16.623],[106.73049,16.62242],[106.73039,16.62158],[106.72994,16.62057],[106.72968,16.61939],[106.72869,16.61713],[106.72985,16.61671],[106.73161,16.61578],[106.73215,16.61487],[106.73214,16.61443],[106.73116,16.61354],[106.73197,16.61308],[106.73179,16.6125],[106.73083,16.61213],[106.73056,16.61112],[106.73082,16.61039],[106.72927,16.6083],[106.72858,16.60861],[106.72847,16.60915],[106.72756,16.61004],[106.72663,16.61054],[106.72597,16.61002],[106.72622,16.60939],[106.72601,16.60879],[106.72495,16.60849],[106.72485,16.60933],[106.7242,16.60953],[106.72389,16.60888],[106.72291,16.60831],[106.72246,16.60772],[106.72304,16.60702],[106.72301,16.60599],[106.72329,16.60553],[106.72315,16.60492],[106.7223,16.60395],[106.72044,16.60363],[106.71875,16.60291],[106.71678,16.60354],[106.71574,16.6047],[106.71459,16.60445],[106.71504,16.60301],[106.71391,16.6027],[106.71301,16.60387],[106.71238,16.60369],[106.7115,16.60263],[106.71045,16.60288],[106.70967,16.60443],[106.70905,16.60481],[106.70741,16.60449],[106.7072,16.60529],[106.70558,16.60506],[106.70438,16.60635],[106.70391,16.60662],[106.70317,16.60591],[106.70238,16.6048],[106.70107,16.60492],[106.70007,16.60421],[106.69954,16.60472],[106.69804,16.60521],[106.69657,16.60536],[106.69487,16.60619],[106.69396,16.60619],[106.69314,16.60566],[106.6919,16.60564],[106.69112,16.60664],[106.69065,16.60691],[106.69004,16.60642],[106.68949,16.60653],[106.68935,16.60786],[106.68887,16.60818],[106.68732,16.60838],[106.68645,16.608]]},"properties":{"kind":"river","class":"river","name":"Suối La La"}},{"type":"Feature","geometry":{"type":"LineString","coordinates":[[105.91787,17.7305],[105.90097,17.74552]]},"properties":{"kind":"river","class":"river","name":"Hang Rục Mòn"}},{"type":"Feature","geometry":{"type":"LineString","coordinates":[[106.60842,17.48407],[106.60819,17.48422],[106.59964,17.49707],[106.59958,17.49717],[106.59764,17.50016]]},"properties":{"kind":"river","class":"canal","name":"Mương Phóng Thủy"}},{"type":"Feature","geometry":{"type":"LineString","coordinates":[[106.62459,17.47102],[106.6241,17.47089],[106.62383,17.47081],[106.62249,17.47034],[106.62181,17.47037],[106.621,17.46994],[106.61987,17.46989],[106.61953,17.46956],[106.6201,17.46837],[106.62003,17.46765],[106.62042,17.46703],[106.62052,17.46561],[106.62081,17.46545],[106.62198,17.46593],[106.62285,17.46592],[106.6237,17.46627],[106.62494,17.46633],[106.62514,17.4667],[106.62458,17.46798],[106.62462,17.4686],[106.62419,17.4694],[106.62411,17.4706],[106.62383,17.47081]]},"properties":{"kind":"river","class":"canal","name":"Hào quanh thành Đồng Hới"}},{"type":"Feature","geometry":{"type":"LineString","coordinates":[[106.42544,17.89025],[106.42429,17.89298],[106.42285,17.89724],[106.42213,17.89892],[106.4221,17.90014],[106.42265,17.90193],[106.42273,17.90376],[106.42182,17.90611],[106.42182,17.90682],[106.42231,17.90846],[106.42264,17.91075],[106.4223,17.91229],[106.42118,17.91372],[106.42069,17.91471],[106.42069,17.91569],[106.42021,17.91773]]},"properties":{"kind":"river","class":"river","name":"Sông Thai"}}]}